comm_id,appointment_id,patient_id,timestamp,channel,message,extracted_intent,model_intent,model_preferred_day,model_urgency,model_reason
C000001,APT000001,PT00865,2026-06-11T20:45:00,WhatsApp,"Haan theek hai, confirm kar do",Confirm,Confirm,,Low,
C000002,APT000005,PT00176,2026-08-13T09:15:00,Call,,No Response,No Response,,Low,
C000003,APT000006,PT01318,2026-07-16T20:00:00,Call,"Yes that works, see you then",Confirm,Confirm,,Low,
C000004,APT000009,PT01087,2026-06-16T09:15:00,WhatsApp,"Yes that works, see you then",Confirm,Confirm,,Low,
C000005,APT000010,PT00184,2026-06-21T17:00:00,Call,"Doctor visit hai usi din, reschedule possible?",Reschedule,Reschedule,,Medium,Conflicting doctor visit
C000006,APT000012,PT01819,2026-06-15T08:30:00,SMS,"Haan theek hai, confirm kar do",Confirm,Confirm,,Low,
C000007,APT000016,PT00607,2026-08-09T19:00:00,Call,"Doctor visit hai usi din, reschedule possible?",Reschedule,Reschedule,,Medium,Conflicting doctor visit
C000008,APT000017,PT01605,2026-07-22T10:15:00,WhatsApp,Ok confirmed,Confirm,Confirm,,Low,
C000009,APT000018,PT00369,2026-08-25T09:45:00,SMS,"Doctor visit hai usi din, reschedule possible?",Reschedule,Reschedule,,Medium,Conflicting doctor visit
C000010,APT000021,PT01197,2026-08-26T19:00:00,SMS,"Kal thoda late ho jayega, Saturday kar sakte ho?",Reschedule,Reschedule,Saturday,High,Provider/patient running late
C000011,APT000024,PT01889,2026-07-09T14:30:00,Call,"Doctor visit hai usi din, reschedule possible?",Reschedule,Reschedule,,Medium,Conflicting doctor visit
C000012,APT000026,PT00833,2026-08-11T12:45:00,SMS,Can we move to next week?,Reschedule,Reschedule,,Medium,
C000013,APT000028,PT01689,2026-06-01T14:45:00,SMS,"Doctor visit hai usi din, reschedule possible?",Reschedule,Reschedule,,Medium,Conflicting doctor visit
C000014,APT000029,PT00085,2026-06-21T17:15:00,WhatsApp,,No Response,No Response,,Low,
C000015,APT000031,PT00826,2026-06-29T18:30:00,Call,Ok confirmed,Confirm,Confirm,,Low,
C000016,APT000034,PT01131,2026-07-23T12:30:00,WhatsApp,Ok confirmed,Confirm,Confirm,,Low,
C000017,APT000040,PT00773,2026-07-15T10:15:00,WhatsApp,Ok confirmed,Confirm,Confirm,,Low,
C000018,APT000043,PT01727,2026-06-17T08:00:00,Call,Ok confirmed,Confirm,Confirm,,Low,
C000019,APT000046,PT00756,2026-06-25T09:00:00,WhatsApp,"Haan theek hai, confirm kar do",Confirm,Confirm,,Low,
C000020,APT000047,PT01499,2026-07-25T15:45:00,WhatsApp,Please cancel this visit,Cancel,Cancel,,Low,
C000021,APT000048,PT01056,2026-07-10T13:15:00,SMS,"Kal thoda late ho jayega, Saturday kar sakte ho?",Reschedule,Reschedule,Saturday,High,Provider/patient running late
C000022,APT000049,PT01344,2026-06-14T15:45:00,SMS,Please cancel this visit,Cancel,Cancel,,Low,
C000023,APT000052,PT01276,2026-08-11T16:45:00,SMS,Please cancel this visit,Cancel,Cancel,,Low,
C000024,APT000054,PT01483,2026-07-25T16:00:00,WhatsApp,"Kal thoda late ho jayega, Saturday kar sakte ho?",Reschedule,Reschedule,Saturday,High,Provider/patient running late
C000025,APT000058,PT00274,2026-06-27T15:00:00,Call,,No Response,No Response,,Low,
C000026,APT000059,PT00092,2026-08-23T10:45:00,SMS,"Haan theek hai, confirm kar do",Confirm,Confirm,,Low,
C000027,APT000060,PT00977,2026-08-20T20:30:00,WhatsApp,Not needed this time,Cancel,Cancel,,Low,
C000028,APT000061,PT00053,2026-06-16T15:30:00,SMS,Can we move to next week?,Reschedule,Reschedule,,Medium,
C000029,APT000069,PT00456,2026-06-10T17:45:00,SMS,,No Response,No Response,,Low,
C000030,APT000071,PT00386,2026-06-26T09:15:00,Call,"Haan theek hai, confirm kar do",Confirm,Confirm,,Low,
C000031,APT000074,PT00267,2026-07-11T18:45:00,SMS,"Haan theek hai, confirm kar do",Confirm,Confirm,,Low,
C000032,APT000075,PT01869,2026-07-04T16:45:00,SMS,"Doctor visit hai usi din, reschedule possible?",Reschedule,Reschedule,,Medium,Conflicting doctor visit
C000033,APT000076,PT01322,2026-06-28T17:00:00,WhatsApp,Please cancel this visit,Cancel,Cancel,,Low,
C000034,APT000078,PT00156,2026-06-28T19:45:00,SMS,Ok confirmed,Confirm,Confirm,,Low,
C000035,APT000079,PT00249,2026-06-28T19:30:00,SMS,"Kal thoda late ho jayega, Saturday kar sakte ho?",Reschedule,Reschedule,Saturday,High,Provider/patient running late
C000036,APT000081,PT00476,2026-06-23T19:15:00,Call,"Haan theek hai, confirm kar do",Confirm,Confirm,,Low,
C000037,APT000082,PT01385,2026-06-06T10:45:00,SMS,"Doctor visit hai usi din, reschedule possible?",Reschedule,Reschedule,,Medium,Conflicting doctor visit
C000038,APT000083,PT00143,2026-06-05T16:00:00,Call,"Yes that works, see you then",Confirm,Confirm,,Low,
C000039,APT000085,PT01969,2026-06-26T11:45:00,WhatsApp,Ok confirmed,Confirm,Confirm,,Low,
C000040,APT000087,PT00287,2026-06-15T14:00:00,WhatsApp,"Yes that works, see you then",Confirm,Confirm,,Low,
C000041,APT000090,PT01174,2026-07-17T18:45:00,Call,Ok confirmed,Confirm,Confirm,,Low,
C000042,APT000091,PT00046,2026-07-04T17:00:00,SMS,Ok confirmed,Confirm,Confirm,,Low,
C000043,APT000093,PT01774,2026-06-16T08:15:00,SMS,"Doctor visit hai usi din, reschedule possible?",Reschedule,Reschedule,,Medium,Conflicting doctor visit
C000044,APT000094,PT01457,2026-08-12T17:15:00,SMS,Ok confirmed,Confirm,Confirm,,Low,
C000045,APT000096,PT00627,2026-08-07T18:15:00,Call,Please cancel this visit,Cancel,Cancel,,Low,
C000046,APT000098,PT01140,2026-08-14T08:00:00,SMS,Not needed this time,Cancel,Cancel,,Low,
C000047,APT000102,PT00659,2026-06-14T09:30:00,Call,"Yes that works, see you then",Confirm,Confirm,,Low,
C000048,APT000106,PT01788,2026-08-28T14:15:00,SMS,,No Response,No Response,,Low,
C000049,APT000117,PT00850,2026-08-25T19:45:00,SMS,,No Response,No Response,,Low,
C000050,APT000119,PT01266,2026-06-09T20:30:00,SMS,,No Response,No Response,,Low,
C000051,APT000122,PT00420,2026-07-03T18:45:00,SMS,Ok confirmed,Confirm,Confirm,,Low,
C000052,APT000124,PT01309,2026-06-23T13:00:00,WhatsApp,Is week cancel karna padega,Cancel,Cancel,,Low,
C000053,APT000126,PT01746,2026-06-07T19:45:00,WhatsApp,"Haan theek hai, confirm kar do",Confirm,Confirm,,Low,
C000054,APT000127,PT00157,2026-06-14T12:45:00,WhatsApp,"Haan theek hai, confirm kar do",Confirm,Confirm,,Low,
C000055,APT000130,PT01328,2026-07-16T09:00:00,WhatsApp,Ok confirmed,Confirm,Confirm,,Low,
C000056,APT000132,PT01100,2026-08-09T17:45:00,Call,"Yes that works, see you then",Confirm,Confirm,,Low,
C000057,APT000134,PT00023,2026-07-17T11:15:00,Call,,No Response,No Response,,Low,
C000058,APT000135,PT00323,2026-08-14T14:45:00,Call,Can we move to next week?,Reschedule,Reschedule,,Medium,
C000059,APT000139,PT01583,2026-06-27T09:45:00,WhatsApp,"Haan theek hai, confirm kar do",Confirm,Confirm,,Low,
C000060,APT000140,PT00631,2026-06-17T11:15:00,SMS,Please cancel this visit,Cancel,Cancel,,Low,
C000061,APT000141,PT00828,2026-06-10T10:45:00,SMS,Please cancel this visit,Cancel,Cancel,,Low,
C000062,APT000143,PT00824,2026-06-16T18:00:00,SMS,"Yes that works, see you then",Confirm,Confirm,,Low,
C000063,APT000144,PT00607,2026-06-02T13:00:00,WhatsApp,"Haan theek hai, confirm kar do",Confirm,Confirm,,Low,
C000064,APT000146,PT01270,2026-06-26T13:45:00,WhatsApp,"Yes that works, see you then",Confirm,Confirm,,Low,
C000065,APT000151,PT00933,2026-08-25T08:15:00,WhatsApp,Ok confirmed,Confirm,Confirm,,Low,
C000066,APT000152,PT01967,2026-07-10T19:45:00,SMS,Can we move to next week?,Reschedule,Reschedule,,Medium,
C000067,APT000153,PT01837,2026-07-15T12:15:00,Call,Is week cancel karna padega,Cancel,Cancel,,Low,
C000068,APT000154,PT01992,2026-07-28T20:00:00,Call,Ok confirmed,Confirm,Confirm,,Low,
C000069,APT000161,PT01134,2026-08-12T13:30:00,WhatsApp,"Yes that works, see you then",Confirm,Confirm,,Low,
C000070,APT000162,PT01874,2026-08-10T20:45:00,SMS,"Haan theek hai, confirm kar do",Confirm,Confirm,,Low,
C000071,APT000168,PT01595,2026-07-06T11:15:00,WhatsApp,"Haan theek hai, confirm kar do",Confirm,Confirm,,Low,
C000072,APT000169,PT00156,2026-06-20T13:00:00,Call,Ok confirmed,Confirm,Confirm,,Low,
C000073,APT000174,PT00170,2026-07-27T12:00:00,WhatsApp,Please cancel this visit,Cancel,Cancel,,Low,
C000074,APT000175,PT01628,2026-08-14T12:45:00,WhatsApp,Ok confirmed,Confirm,Confirm,,Low,
C000075,APT000176,PT01601,2026-07-03T20:15:00,WhatsApp,Ok confirmed,Confirm,Confirm,,Low,
C000076,APT000177,PT00381,2026-07-05T13:30:00,Call,"Kal thoda late ho jayega, Saturday kar sakte ho?",Reschedule,Reschedule,Saturday,High,Provider/patient running late
C000077,APT000185,PT01965,2026-07-15T14:15:00,WhatsApp,Is week cancel karna padega,Cancel,Cancel,,Low,
C000078,APT000186,PT00935,2026-06-12T14:15:00,Call,"Haan theek hai, confirm kar do",Confirm,Confirm,,Low,
C000079,APT000187,PT00290,2026-06-20T19:45:00,WhatsApp,Ok confirmed,Confirm,Confirm,,Low,
C000080,APT000188,PT00086,2026-07-23T12:00:00,SMS,"Haan theek hai, confirm kar do",Confirm,Confirm,,Low,
C000081,APT000189,PT00147,2026-06-11T15:00:00,SMS,"Haan theek hai, confirm kar do",Confirm,Confirm,,Low,
C000082,APT000190,PT00011,2026-06-05T14:00:00,Call,"Kal thoda late ho jayega, Saturday kar sakte ho?",Reschedule,Reschedule,Saturday,High,Provider/patient running late
C000083,APT000191,PT00690,2026-08-05T15:45:00,WhatsApp,"Haan theek hai, confirm kar do",Confirm,Confirm,,Low,
C000084,APT000192,PT00600,2026-07-21T10:15:00,WhatsApp,"Yes that works, see you then",Confirm,Confirm,,Low,
C000085,APT000193,PT00721,2026-06-13T08:45:00,WhatsApp,,No Response,No Response,,Low,
C000086,APT000195,PT01342,2026-07-26T08:15:00,SMS,"Kal thoda late ho jayega, Saturday kar sakte ho?",Reschedule,Reschedule,Saturday,High,Provider/patient running late
C000087,APT000197,PT00920,2026-07-01T10:45:00,SMS,,No Response,No Response,,Low,
C000088,APT000199,PT01543,2026-06-29T12:15:00,SMS,Ok confirmed,Confirm,Confirm,,Low,
C000089,APT000200,PT01969,2026-08-12T11:45:00,SMS,"Yes that works, see you then",Confirm,Confirm,,Low,
C000090,APT000205,PT00912,2026-07-06T12:45:00,SMS,"Haan theek hai, confirm kar do",Confirm,Confirm,,Low,
C000091,APT000214,PT01293,2026-08-10T08:45:00,SMS,Can we move to next week?,Reschedule,Reschedule,,Medium,
C000092,APT000217,PT01136,2026-07-18T17:15:00,WhatsApp,Ok confirmed,Confirm,Confirm,,Low,
C000093,APT000226,PT00282,2026-07-31T10:45:00,SMS,Please cancel this visit,Cancel,Cancel,,Low,
C000094,APT000228,PT00012,2026-06-22T13:15:00,SMS,"Kal thoda late ho jayega, Saturday kar sakte ho?",Reschedule,Reschedule,Saturday,High,Provider/patient running late
C000095,APT000230,PT00676,2026-07-19T20:30:00,Call,"Yes that works, see you then",Confirm,Confirm,,Low,
C000096,APT000231,PT01771,2026-07-01T14:30:00,SMS,"Haan theek hai, confirm kar do",Confirm,Confirm,,Low,
C000097,APT000232,PT00913,2026-07-27T10:15:00,WhatsApp,"Yes that works, see you then",Confirm,Confirm,,Low,
C000098,APT000237,PT00856,2026-07-22T16:15:00,SMS,"Yes that works, see you then",Confirm,Confirm,,Low,
C000099,APT000238,PT00565,2026-07-12T08:00:00,WhatsApp,"Yes that works, see you then",Confirm,Confirm,,Low,
C000100,APT000241,PT01128,2026-06-04T18:15:00,WhatsApp,Please cancel this visit,Cancel,Cancel,,Low,
C000101,APT000253,PT01673,2026-08-06T16:30:00,WhatsApp,,No Response,No Response,,Low,
C000102,APT000262,PT01692,2026-08-15T18:15:00,Call,"Haan theek hai, confirm kar do",Confirm,Confirm,,Low,
C000103,APT000263,PT00880,2026-07-06T17:45:00,Call,"Yes that works, see you then",Confirm,Confirm,,Low,
C000104,APT000264,PT00416,2026-07-09T15:00:00,SMS,Ok confirmed,Confirm,Confirm,,Low,
C000105,APT000267,PT00954,2026-06-02T15:00:00,Call,,No Response,No Response,,Low,
C000106,APT000269,PT01638,2026-07-03T10:00:00,WhatsApp,Ok confirmed,Confirm,Confirm,,Low,
C000107,APT000271,PT01117,2026-07-17T16:45:00,WhatsApp,Can we move to next week?,Reschedule,Reschedule,,Medium,
C000108,APT000275,PT01801,2026-06-19T14:00:00,WhatsApp,,No Response,No Response,,Low,
C000109,APT000277,PT00958,2026-07-16T09:45:00,WhatsApp,Please cancel this visit,Cancel,Cancel,,Low,
C000110,APT000278,PT00139,2026-08-05T12:45:00,Call,"Kal thoda late ho jayega, Saturday kar sakte ho?",Reschedule,Reschedule,Saturday,High,Provider/patient running late
C000111,APT000279,PT00632,2026-07-15T19:00:00,SMS,"Doctor visit hai usi din, reschedule possible?",Reschedule,Reschedule,,Medium,Conflicting doctor visit
C000112,APT000280,PT01296,2026-07-26T16:15:00,Call,,No Response,No Response,,Low,
C000113,APT000282,PT00643,2026-07-30T08:30:00,Call,"Haan theek hai, confirm kar do",Confirm,Confirm,,Low,
C000114,APT000283,PT00511,2026-08-27T16:15:00,WhatsApp,"Haan theek hai, confirm kar do",Confirm,Confirm,,Low,
C000115,APT000285,PT00592,2026-08-21T09:45:00,WhatsApp,,No Response,No Response,,Low,
C000116,APT000288,PT01183,2026-08-28T20:30:00,WhatsApp,,No Response,No Response,,Low,
C000117,APT000289,PT00492,2026-08-19T14:00:00,Call,,No Response,No Response,,Low,
C000118,APT000291,PT00344,2026-06-09T12:00:00,SMS,,No Response,No Response,,Low,
C000119,APT000292,PT00926,2026-06-20T11:30:00,Call,Please cancel this visit,Cancel,Cancel,,Low,
C000120,APT000293,PT01910,2026-07-05T17:45:00,SMS,,No Response,No Response,,Low,
C000121,APT000294,PT01555,2026-07-03T19:15:00,Call,"Yes that works, see you then",Confirm,Confirm,,Low,
C000122,APT000295,PT00550,2026-06-15T17:00:00,WhatsApp,Please cancel this visit,Cancel,Cancel,,Low,
C000123,APT000297,PT00360,2026-08-15T15:45:00,SMS,Ok confirmed,Confirm,Confirm,,Low,
C000124,APT000299,PT00156,2026-08-05T14:30:00,SMS,"Doctor visit hai usi din, reschedule possible?",Reschedule,Reschedule,,Medium,Conflicting doctor visit
C000125,APT000300,PT01298,2026-07-21T16:15:00,SMS,,No Response,No Response,,Low,
C000126,APT000301,PT00527,2026-06-15T09:45:00,Call,"Yes that works, see you then",Confirm,Confirm,,Low,
C000127,APT000302,PT01777,2026-07-23T15:30:00,WhatsApp,Please cancel this visit,Cancel,Cancel,,Low,
C000128,APT000303,PT01070,2026-05-31T09:45:00,Call,"Yes that works, see you then",Confirm,Confirm,,Low,
C000129,APT000306,PT01797,2026-07-28T18:45:00,WhatsApp,"Haan theek hai, confirm kar do",Confirm,Confirm,,Low,
C000130,APT000309,PT00724,2026-06-18T20:45:00,Call,"Yes that works, see you then",Confirm,Confirm,,Low,
C000131,APT000312,PT01978,2026-06-12T08:45:00,Call,,No Response,No Response,,Low,
C000132,APT000313,PT00637,2026-08-12T09:30:00,SMS,"Yes that works, see you then",Confirm,Confirm,,Low,
C000133,APT000314,PT01782,2026-06-21T14:30:00,SMS,Can we move to next week?,Reschedule,Reschedule,,Medium,
C000134,APT000315,PT00648,2026-06-22T12:15:00,Call,,No Response,No Response,,Low,
C000135,APT000316,PT00989,2026-06-23T20:00:00,SMS,,No Response,No Response,,Low,
C000136,APT000318,PT00352,2026-06-18T10:15:00,SMS,Ok confirmed,Confirm,Confirm,,Low,
C000137,APT000321,PT01406,2026-08-17T15:00:00,SMS,"Yes that works, see you then",Confirm,Confirm,,Low,
C000138,APT000325,PT01637,2026-08-23T19:00:00,WhatsApp,"Yes that works, see you then",Confirm,Confirm,,Low,
C000139,APT000327,PT01686,2026-08-17T14:15:00,Call,Can we move to next week?,Reschedule,Reschedule,,Medium,
C000140,APT000328,PT00041,2026-07-25T18:00:00,Call,"Yes that works, see you then",Confirm,Confirm,,Low,
C000141,APT000329,PT00932,2026-08-22T13:15:00,WhatsApp,"Yes that works, see you then",Confirm,Confirm,,Low,
C000142,APT000334,PT01900,2026-07-09T18:15:00,Call,"Doctor visit hai usi din, reschedule possible?",Reschedule,Reschedule,,Medium,Conflicting doctor visit
C000143,APT000336,PT01796,2026-06-18T11:15:00,Call,"Haan theek hai, confirm kar do",Confirm,Confirm,,Low,
C000144,APT000339,PT01394,2026-08-23T08:30:00,WhatsApp,"Haan theek hai, confirm kar do",Confirm,Confirm,,Low,
C000145,APT000340,PT01344,2026-07-21T12:45:00,SMS,Is week cancel karna padega,Cancel,Cancel,,Low,
C000146,APT000341,PT00579,2026-06-27T18:15:00,WhatsApp,"Haan theek hai, confirm kar do",Confirm,Confirm,,Low,
C000147,APT000344,PT00405,2026-07-19T11:30:00,SMS,"Doctor visit hai usi din, reschedule possible?",Reschedule,Reschedule,,Medium,Conflicting doctor visit
C000148,APT000346,PT00867,2026-08-20T13:00:00,Call,"Yes that works, see you then",Confirm,Confirm,,Low,
C000149,APT000347,PT01181,2026-06-16T17:30:00,SMS,"Yes that works, see you then",Confirm,Confirm,,Low,
C000150,APT000348,PT01609,2026-07-14T08:15:00,Call,"Kal thoda late ho jayega, Saturday kar sakte ho?",Reschedule,Reschedule,Saturday,High,Provider/patient running late
C000151,APT000350,PT01403,2026-07-31T13:30:00,SMS,Ok confirmed,Confirm,Confirm,,Low,
C000152,APT000352,PT01329,2026-07-29T12:15:00,Call,"Doctor visit hai usi din, reschedule possible?",Reschedule,Reschedule,,Medium,Conflicting doctor visit
C000153,APT000354,PT00209,2026-06-27T18:00:00,Call,Ok confirmed,Confirm,Confirm,,Low,
C000154,APT000355,PT01428,2026-06-11T08:45:00,SMS,Not needed this time,Cancel,Cancel,,Low,
C000155,APT000356,PT00408,2026-08-14T08:45:00,WhatsApp,Is week cancel karna padega,Cancel,Cancel,,Low,
C000156,APT000358,PT00773,2026-06-13T19:15:00,WhatsApp,"Yes that works, see you then",Confirm,Confirm,,Low,
C000157,APT000359,PT00596,2026-08-04T10:15:00,WhatsApp,,No Response,No Response,,Low,
C000158,APT000362,PT00643,2026-07-12T12:45:00,WhatsApp,Is week cancel karna padega,Cancel,Cancel,,Low,
C000159,APT000373,PT01049,2026-07-15T15:15:00,WhatsApp,"Yes that works, see you then",Confirm,Confirm,,Low,
C000160,APT000376,PT00993,2026-07-11T12:30:00,WhatsApp,,No Response,No Response,,Low,
C000161,APT000379,PT01583,2026-07-26T10:30:00,WhatsApp,"Haan theek hai, confirm kar do",Confirm,Confirm,,Low,
C000162,APT000380,PT01887,2026-08-11T12:15:00,SMS,"Yes that works, see you then",Confirm,Confirm,,Low,
C000163,APT000382,PT01107,2026-08-16T17:00:00,WhatsApp,,No Response,No Response,,Low,
C000164,APT000385,PT00782,2026-07-04T17:00:00,SMS,,No Response,No Response,,Low,
C000165,APT000390,PT00146,2026-07-08T09:30:00,WhatsApp,"Kal thoda late ho jayega, Saturday kar sakte ho?",Reschedule,Reschedule,Saturday,High,Provider/patient running late
C000166,APT000391,PT00207,2026-06-28T10:30:00,SMS,"Yes that works, see you then",Confirm,Confirm,,Low,
C000167,APT000392,PT00181,2026-06-16T19:30:00,SMS,Can we move to next week?,Reschedule,Reschedule,,Medium,
C000168,APT000393,PT00975,2026-07-06T18:30:00,Call,Can we move to next week?,Reschedule,Reschedule,,Medium,
C000169,APT000396,PT00058,2026-06-06T16:45:00,Call,,No Response,No Response,,Low,
C000170,APT000398,PT01257,2026-08-08T18:15:00,WhatsApp,,No Response,No Response,,Low,
C000171,APT000401,PT00974,2026-06-15T15:15:00,SMS,,No Response,No Response,,Low,
C000172,APT000403,PT00559,2026-06-16T13:15:00,WhatsApp,,No Response,No Response,,Low,
C000173,APT000404,PT01960,2026-08-05T10:00:00,WhatsApp,,No Response,No Response,,Low,
C000174,APT000406,PT01228,2026-08-23T11:45:00,SMS,,No Response,No Response,,Low,
C000175,APT000407,PT00890,2026-07-11T19:00:00,SMS,Can we move to next week?,Reschedule,Reschedule,,Medium,
C000176,APT000408,PT01622,2026-08-27T08:45:00,Call,"Yes that works, see you then",Confirm,Confirm,,Low,
C000177,APT000409,PT00614,2026-07-05T12:00:00,Call,"Kal thoda late ho jayega, Saturday kar sakte ho?",Reschedule,Reschedule,Saturday,High,Provider/patient running late
C000178,APT000410,PT01344,2026-06-25T20:45:00,Call,"Haan theek hai, confirm kar do",Confirm,Confirm,,Low,
C000179,APT000412,PT00194,2026-06-16T17:00:00,WhatsApp,Can we move to next week?,Reschedule,Reschedule,,Medium,
C000180,APT000413,PT00906,2026-06-19T20:30:00,SMS,"Yes that works, see you then",Confirm,Confirm,,Low,
C000181,APT000416,PT00335,2026-06-03T10:45:00,SMS,"Haan theek hai, confirm kar do",Confirm,Confirm,,Low,
C000182,APT000417,PT00011,2026-06-29T13:00:00,WhatsApp,Is week cancel karna padega,Cancel,Cancel,,Low,
C000183,APT000418,PT00251,2026-08-14T09:00:00,WhatsApp,"Doctor visit hai usi din, reschedule possible?",Reschedule,Reschedule,,Medium,Conflicting doctor visit
C000184,APT000422,PT01161,2026-06-10T20:30:00,SMS,Ok confirmed,Confirm,Confirm,,Low,
C000185,APT000423,PT00273,2026-08-03T14:00:00,WhatsApp,,No Response,No Response,,Low,
C000186,APT000426,PT00476,2026-06-30T14:30:00,SMS,,No Response,No Response,,Low,
C000187,APT000427,PT00532,2026-06-11T15:30:00,SMS,Not needed this time,Cancel,Cancel,,Low,
C000188,APT000428,PT01817,2026-06-30T10:45:00,SMS,Can we move to next week?,Reschedule,Reschedule,,Medium,
C000189,APT000430,PT00335,2026-06-12T20:15:00,WhatsApp,"Haan theek hai, confirm kar do",Confirm,Confirm,,Low,
C000190,APT000436,PT01781,2026-06-17T10:15:00,Call,"Yes that works, see you then",Confirm,Confirm,,Low,
C000191,APT000442,PT01760,2026-07-07T11:45:00,SMS,,No Response,No Response,,Low,
C000192,APT000447,PT01400,2026-06-27T11:00:00,Call,"Yes that works, see you then",Confirm,Confirm,,Low,
C000193,APT000450,PT00690,2026-06-14T20:00:00,SMS,,No Response,No Response,,Low,
C000194,APT000451,PT01639,2026-08-01T14:00:00,SMS,Not needed this time,Cancel,Cancel,,Low,
C000195,APT000452,PT00964,2026-07-16T19:30:00,Call,,No Response,No Response,,Low,
C000196,APT000453,PT00977,2026-07-02T11:15:00,WhatsApp,,No Response,No Response,,Low,
C000197,APT000455,PT00618,2026-07-24T15:15:00,Call,"Yes that works, see you then",Confirm,Confirm,,Low,
C000198,APT000456,PT01373,2026-07-02T13:30:00,WhatsApp,,No Response,No Response,,Low,
C000199,APT000459,PT00697,2026-07-11T10:00:00,WhatsApp,,No Response,No Response,,Low,
C000200,APT000462,PT00279,2026-07-15T17:45:00,WhatsApp,"Haan theek hai, confirm kar do",Confirm,Confirm,,Low,
C000201,APT000463,PT00702,2026-06-01T11:45:00,WhatsApp,Not needed this time,Cancel,Cancel,,Low,
C000202,APT000464,PT00333,2026-08-13T15:15:00,WhatsApp,"Kal thoda late ho jayega, Saturday kar sakte ho?",Reschedule,Reschedule,Saturday,High,Provider/patient running late
C000203,APT000466,PT00029,2026-08-02T13:45:00,WhatsApp,"Kal thoda late ho jayega, Saturday kar sakte ho?",Reschedule,Reschedule,Saturday,High,Provider/patient running late
C000204,APT000468,PT01051,2026-08-02T15:15:00,Call,"Yes that works, see you then",Confirm,Confirm,,Low,
C000205,APT000469,PT00361,2026-06-17T20:00:00,SMS,Ok confirmed,Confirm,Confirm,,Low,
C000206,APT000470,PT00038,2026-08-24T20:30:00,WhatsApp,"Haan theek hai, confirm kar do",Confirm,Confirm,,Low,
C000207,APT000474,PT00884,2026-06-07T08:30:00,WhatsApp,Not needed this time,Cancel,Cancel,,Low,
C000208,APT000475,PT01046,2026-06-10T10:15:00,SMS,,No Response,No Response,,Low,
C000209,APT000482,PT01632,2026-07-27T11:45:00,Call,"Kal thoda late ho jayega, Saturday kar sakte ho?",Reschedule,Reschedule,Saturday,High,Provider/patient running late
C000210,APT000483,PT00813,2026-06-23T17:15:00,SMS,Ok confirmed,Confirm,Confirm,,Low,
C000211,APT000489,PT00865,2026-07-28T10:30:00,WhatsApp,"Haan theek hai, confirm kar do",Confirm,Confirm,,Low,
C000212,APT000490,PT00925,2026-08-01T11:45:00,WhatsApp,"Haan theek hai, confirm kar do",Confirm,Confirm,,Low,
C000213,APT000494,PT01109,2026-07-02T19:00:00,Call,Ok confirmed,Confirm,Confirm,,Low,
C000214,APT000497,PT01144,2026-07-09T17:30:00,WhatsApp,"Doctor visit hai usi din, reschedule possible?",Reschedule,Reschedule,,Medium,Conflicting doctor visit
C000215,APT000498,PT01544,2026-06-27T13:00:00,WhatsApp,"Doctor visit hai usi din, reschedule possible?",Reschedule,Reschedule,,Medium,Conflicting doctor visit
C000216,APT000499,PT00845,2026-07-15T20:15:00,WhatsApp,Ok confirmed,Confirm,Confirm,,Low,
C000217,APT000504,PT00475,2026-06-13T15:30:00,SMS,"Yes that works, see you then",Confirm,Confirm,,Low,
C000218,APT000505,PT00443,2026-07-13T09:30:00,Call,"Haan theek hai, confirm kar do",Confirm,Confirm,,Low,
C000219,APT000506,PT01593,2026-08-12T20:15:00,Call,Ok confirmed,Confirm,Confirm,,Low,
C000220,APT000508,PT00211,2026-07-31T20:45:00,SMS,"Yes that works, see you then",Confirm,Confirm,,Low,
C000221,APT000510,PT00038,2026-08-19T13:15:00,SMS,Ok confirmed,Confirm,Confirm,,Low,
C000222,APT000511,PT01091,2026-08-24T09:30:00,WhatsApp,"Kal thoda late ho jayega, Saturday kar sakte ho?",Reschedule,Reschedule,Saturday,High,Provider/patient running late
C000223,APT000512,PT00968,2026-07-21T10:45:00,Call,"Yes that works, see you then",Confirm,Confirm,,Low,
C000224,APT000513,PT01161,2026-08-15T09:15:00,Call,"Haan theek hai, confirm kar do",Confirm,Confirm,,Low,
C000225,APT000515,PT00054,2026-06-18T13:00:00,WhatsApp,Is week cancel karna padega,Cancel,Cancel,,Low,
C000226,APT000516,PT00235,2026-06-18T14:00:00,Call,"Kal thoda late ho jayega, Saturday kar sakte ho?",Reschedule,Reschedule,Saturday,High,Provider/patient running late
C000227,APT000517,PT01075,2026-06-14T17:00:00,WhatsApp,"Haan theek hai, confirm kar do",Confirm,Confirm,,Low,
C000228,APT000519,PT01557,2026-06-28T14:00:00,SMS,"Kal thoda late ho jayega, Saturday kar sakte ho?",Reschedule,Reschedule,Saturday,High,Provider/patient running late
C000229,APT000520,PT00032,2026-06-26T10:15:00,SMS,Not needed this time,Cancel,Cancel,,Low,
C000230,APT000521,PT00176,2026-07-02T14:00:00,SMS,"Yes that works, see you then",Confirm,Confirm,,Low,
C000231,APT000522,PT00418,2026-06-11T20:45:00,WhatsApp,Not needed this time,Cancel,Cancel,,Low,
C000232,APT000524,PT01911,2026-08-15T08:00:00,WhatsApp,"Haan theek hai, confirm kar do",Confirm,Confirm,,Low,
C000233,APT000525,PT01805,2026-06-07T20:30:00,WhatsApp,Is week cancel karna padega,Cancel,Cancel,,Low,
C000234,APT000526,PT00012,2026-07-18T14:45:00,SMS,,No Response,No Response,,Low,
C000235,APT000528,PT01707,2026-08-03T20:45:00,SMS,Is week cancel karna padega,Cancel,Cancel,,Low,
C000236,APT000529,PT00967,2026-08-01T11:30:00,Call,Is week cancel karna padega,Cancel,Cancel,,Low,
C000237,APT000530,PT00775,2026-07-17T14:00:00,Call,,No Response,No Response,,Low,
C000238,APT000531,PT00969,2026-07-08T12:45:00,Call,,No Response,No Response,,Low,
C000239,APT000533,PT00004,2026-07-04T10:15:00,SMS,"Haan theek hai, confirm kar do",Confirm,Confirm,,Low,
C000240,APT000534,PT01271,2026-07-20T10:00:00,SMS,,No Response,No Response,,Low,
C000241,APT000536,PT01238,2026-08-24T12:45:00,SMS,"Kal thoda late ho jayega, Saturday kar sakte ho?",Reschedule,Reschedule,Saturday,High,Provider/patient running late
C000242,APT000548,PT01302,2026-06-22T11:30:00,Call,"Kal thoda late ho jayega, Saturday kar sakte ho?",Reschedule,Reschedule,Saturday,High,Provider/patient running late
C000243,APT000549,PT01876,2026-07-09T15:45:00,SMS,Not needed this time,Cancel,Cancel,,Low,
C000244,APT000550,PT01628,2026-08-21T16:15:00,WhatsApp,Please cancel this visit,Cancel,Cancel,,Low,
C000245,APT000552,PT01602,2026-06-24T08:15:00,WhatsApp,Ok confirmed,Confirm,Confirm,,Low,
C000246,APT000554,PT01043,2026-06-24T12:30:00,Call,Not needed this time,Cancel,Cancel,,Low,
C000247,APT000555,PT00393,2026-06-19T09:00:00,SMS,,No Response,No Response,,Low,
C000248,APT000558,PT00117,2026-06-23T19:15:00,SMS,"Haan theek hai, confirm kar do",Confirm,Confirm,,Low,
C000249,APT000561,PT00805,2026-07-06T12:45:00,WhatsApp,Please cancel this visit,Cancel,Cancel,,Low,
C000250,APT000564,PT00790,2026-06-01T16:30:00,Call,Please cancel this visit,Cancel,Cancel,,Low,
C000251,APT000565,PT00676,2026-07-25T14:30:00,Call,,No Response,No Response,,Low,
C000252,APT000566,PT01978,2026-08-04T12:45:00,Call,,No Response,No Response,,Low,
C000253,APT000567,PT01070,2026-08-14T18:00:00,SMS,,No Response,No Response,,Low,
C000254,APT000569,PT00268,2026-07-21T16:45:00,SMS,"Kal thoda late ho jayega, Saturday kar sakte ho?",Reschedule,Reschedule,Saturday,High,Provider/patient running late
C000255,APT000570,PT01218,2026-07-06T17:45:00,SMS,,No Response,No Response,,Low,
C000256,APT000571,PT00759,2026-06-03T10:30:00,SMS,"Yes that works, see you then",Confirm,Confirm,,Low,
C000257,APT000574,PT01603,2026-06-30T11:00:00,WhatsApp,"Kal thoda late ho jayega, Saturday kar sakte ho?",Reschedule,Reschedule,Saturday,High,Provider/patient running late
C000258,APT000577,PT00617,2026-07-11T18:30:00,SMS,Ok confirmed,Confirm,Confirm,,Low,
C000259,APT000578,PT01989,2026-06-30T09:45:00,SMS,"Kal thoda late ho jayega, Saturday kar sakte ho?",Reschedule,Reschedule,Saturday,High,Provider/patient running late
C000260,APT000583,PT01048,2026-07-30T12:45:00,WhatsApp,"Yes that works, see you then",Confirm,Confirm,,Low,
C000261,APT000585,PT01966,2026-07-16T20:30:00,SMS,"Yes that works, see you then",Confirm,Confirm,,Low,
C000262,APT000587,PT00137,2026-07-29T20:30:00,WhatsApp,"Haan theek hai, confirm kar do",Confirm,Confirm,,Low,
C000263,APT000593,PT00054,2026-07-05T16:45:00,WhatsApp,,No Response,No Response,,Low,
C000264,APT000594,PT00742,2026-07-01T15:30:00,WhatsApp,"Haan theek hai, confirm kar do",Confirm,Confirm,,Low,
C000265,APT000596,PT00206,2026-08-26T09:15:00,WhatsApp,Ok confirmed,Confirm,Confirm,,Low,
C000266,APT000597,PT00016,2026-07-14T16:30:00,WhatsApp,"Doctor visit hai usi din, reschedule possible?",Reschedule,Reschedule,,Medium,Conflicting doctor visit
C000267,APT000599,PT00504,2026-07-19T17:15:00,SMS,"Haan theek hai, confirm kar do",Confirm,Confirm,,Low,
C000268,APT000601,PT00713,2026-06-23T13:45:00,WhatsApp,"Kal thoda late ho jayega, Saturday kar sakte ho?",Reschedule,Reschedule,Saturday,High,Provider/patient running late
C000269,APT000603,PT01860,2026-06-11T08:30:00,WhatsApp,"Yes that works, see you then",Confirm,Confirm,,Low,
C000270,APT000604,PT01336,2026-08-24T18:30:00,Call,Can we move to next week?,Reschedule,Reschedule,,Medium,
C000271,APT000605,PT00577,2026-07-09T17:30:00,WhatsApp,"Kal thoda late ho jayega, Saturday kar sakte ho?",Reschedule,Reschedule,Saturday,High,Provider/patient running late
C000272,APT000609,PT01674,2026-06-20T12:45:00,SMS,"Haan theek hai, confirm kar do",Confirm,Confirm,,Low,
C000273,APT000610,PT00052,2026-08-12T08:15:00,WhatsApp,"Kal thoda late ho jayega, Saturday kar sakte ho?",Reschedule,Reschedule,Saturday,High,Provider/patient running late
C000274,APT000613,PT01634,2026-06-19T10:30:00,Call,Please cancel this visit,Cancel,Cancel,,Low,
C000275,APT000614,PT01273,2026-07-27T18:30:00,Call,,No Response,No Response,,Low,
C000276,APT000615,PT00513,2026-06-12T19:45:00,Call,"Doctor visit hai usi din, reschedule possible?",Reschedule,Reschedule,,Medium,Conflicting doctor visit
C000277,APT000620,PT00713,2026-08-11T09:45:00,WhatsApp,Ok confirmed,Confirm,Confirm,,Low,
C000278,APT000621,PT01456,2026-06-28T19:45:00,Call,"Doctor visit hai usi din, reschedule possible?",Reschedule,Reschedule,,Medium,Conflicting doctor visit
C000279,APT000624,PT01202,2026-08-19T19:30:00,Call,,No Response,No Response,,Low,
C000280,APT000627,PT01363,2026-08-26T15:45:00,Call,"Kal thoda late ho jayega, Saturday kar sakte ho?",Reschedule,Reschedule,Saturday,High,Provider/patient running late
C000281,APT000629,PT01868,2026-06-05T08:00:00,Call,Ok confirmed,Confirm,Confirm,,Low,
C000282,APT000633,PT01989,2026-07-18T08:30:00,SMS,"Haan theek hai, confirm kar do",Confirm,Confirm,,Low,
C000283,APT000637,PT00209,2026-07-12T13:15:00,WhatsApp,"Yes that works, see you then",Confirm,Confirm,,Low,
C000284,APT000638,PT01108,2026-06-27T17:00:00,Call,"Haan theek hai, confirm kar do",Confirm,Confirm,,Low,
C000285,APT000643,PT00582,2026-08-07T20:00:00,Call,"Doctor visit hai usi din, reschedule possible?",Reschedule,Reschedule,,Medium,Conflicting doctor visit
C000286,APT000644,PT00788,2026-07-14T13:30:00,Call,"Haan theek hai, confirm kar do",Confirm,Confirm,,Low,
C000287,APT000645,PT01600,2026-06-30T13:45:00,WhatsApp,,No Response,No Response,,Low,
C000288,APT000649,PT01645,2026-06-25T08:45:00,Call,"Yes that works, see you then",Confirm,Confirm,,Low,
C000289,APT000651,PT01486,2026-06-06T11:45:00,WhatsApp,"Kal thoda late ho jayega, Saturday kar sakte ho?",Reschedule,Reschedule,Saturday,High,Provider/patient running late
C000290,APT000655,PT01027,2026-07-22T13:45:00,Call,"Kal thoda late ho jayega, Saturday kar sakte ho?",Reschedule,Reschedule,Saturday,High,Provider/patient running late
C000291,APT000660,PT00955,2026-07-15T14:15:00,Call,,No Response,No Response,,Low,
C000292,APT000661,PT01829,2026-06-19T20:15:00,Call,Ok confirmed,Confirm,Confirm,,Low,
C000293,APT000665,PT00226,2026-07-17T18:00:00,SMS,,No Response,No Response,,Low,
C000294,APT000669,PT00708,2026-08-01T10:30:00,Call,Can we move to next week?,Reschedule,Reschedule,,Medium,
C000295,APT000671,PT00938,2026-06-06T10:45:00,SMS,,No Response,No Response,,Low,
C000296,APT000673,PT01546,2026-07-18T18:00:00,SMS,"Yes that works, see you then",Confirm,Confirm,,Low,
C000297,APT000674,PT00370,2026-06-08T08:45:00,WhatsApp,"Haan theek hai, confirm kar do",Confirm,Confirm,,Low,
C000298,APT000676,PT00010,2026-06-23T12:00:00,SMS,"Haan theek hai, confirm kar do",Confirm,Confirm,,Low,
C000299,APT000677,PT01981,2026-08-09T20:30:00,Call,"Yes that works, see you then",Confirm,Confirm,,Low,
C000300,APT000680,PT01437,2026-06-01T08:30:00,SMS,"Yes that works, see you then",Confirm,Confirm,,Low,
C000301,APT000682,PT01380,2026-08-20T15:45:00,Call,Not needed this time,Cancel,Cancel,,Low,
C000302,APT000686,PT01900,2026-06-13T17:30:00,SMS,"Yes that works, see you then",Confirm,Confirm,,Low,
C000303,APT000692,PT01084,2026-07-16T15:15:00,Call,"Haan theek hai, confirm kar do",Confirm,Confirm,,Low,
C000304,APT000694,PT00773,2026-06-20T11:30:00,Call,"Kal thoda late ho jayega, Saturday kar sakte ho?",Reschedule,Reschedule,Saturday,High,Provider/patient running late
C000305,APT000695,PT01835,2026-07-17T13:45:00,Call,"Yes that works, see you then",Confirm,Confirm,,Low,
C000306,APT000698,PT01974,2026-07-03T14:30:00,Call,,No Response,No Response,,Low,
C000307,APT000701,PT00956,2026-06-27T16:45:00,SMS,"Kal thoda late ho jayega, Saturday kar sakte ho?",Reschedule,Reschedule,Saturday,High,Provider/patient running late
C000308,APT000702,PT00397,2026-08-10T11:15:00,SMS,Ok confirmed,Confirm,Confirm,,Low,
C000309,APT000704,PT00038,2026-08-26T12:00:00,Call,Ok confirmed,Confirm,Confirm,,Low,
C000310,APT000707,PT00145,2026-08-08T16:45:00,WhatsApp,,No Response,No Response,,Low,
C000311,APT000708,PT00520,2026-08-08T10:15:00,Call,,No Response,No Response,,Low,
C000312,APT000709,PT00740,2026-07-12T14:45:00,Call,Ok confirmed,Confirm,Confirm,,Low,
C000313,APT000710,PT00057,2026-07-15T17:45:00,Call,Not needed this time,Cancel,Cancel,,Low,
C000314,APT000713,PT00840,2026-07-09T11:45:00,Call,,No Response,No Response,,Low,
C000315,APT000717,PT00584,2026-08-26T08:30:00,Call,Can we move to next week?,Reschedule,Reschedule,,Medium,
C000316,APT000719,PT00773,2026-07-21T08:15:00,SMS,"Haan theek hai, confirm kar do",Confirm,Confirm,,Low,
C000317,APT000720,PT01543,2026-07-05T20:45:00,WhatsApp,Please cancel this visit,Cancel,Cancel,,Low,
C000318,APT000721,PT00154,2026-08-02T17:15:00,Call,Ok confirmed,Confirm,Confirm,,Low,
C000319,APT000727,PT01876,2026-07-24T18:45:00,WhatsApp,,No Response,No Response,,Low,
C000320,APT000729,PT00202,2026-07-01T11:45:00,WhatsApp,"Haan theek hai, confirm kar do",Confirm,Confirm,,Low,
C000321,APT000730,PT00781,2026-07-02T13:00:00,WhatsApp,"Yes that works, see you then",Confirm,Confirm,,Low,
C000322,APT000731,PT00371,2026-06-15T08:30:00,SMS,,No Response,No Response,,Low,
C000323,APT000735,PT00282,2026-08-27T16:15:00,Call,"Haan theek hai, confirm kar do",Confirm,Confirm,,Low,
C000324,APT000737,PT00846,2026-05-31T18:45:00,Call,"Doctor visit hai usi din, reschedule possible?",Reschedule,Reschedule,,Medium,Conflicting doctor visit
C000325,APT000739,PT00078,2026-06-03T16:00:00,SMS,"Haan theek hai, confirm kar do",Confirm,Confirm,,Low,
C000326,APT000740,PT00763,2026-08-22T13:00:00,SMS,Can we move to next week?,Reschedule,Reschedule,,Medium,
C000327,APT000741,PT01512,2026-07-13T15:15:00,WhatsApp,"Haan theek hai, confirm kar do",Confirm,Confirm,,Low,
C000328,APT000746,PT00951,2026-08-04T13:30:00,WhatsApp,"Yes that works, see you then",Confirm,Confirm,,Low,
C000329,APT000747,PT01945,2026-08-03T13:30:00,Call,"Haan theek hai, confirm kar do",Confirm,Confirm,,Low,
C000330,APT000751,PT01665,2026-08-15T14:15:00,WhatsApp,"Yes that works, see you then",Confirm,Confirm,,Low,
C000331,APT000753,PT00535,2026-07-31T16:45:00,WhatsApp,"Yes that works, see you then",Confirm,Confirm,,Low,
C000332,APT000754,PT01360,2026-07-19T11:00:00,WhatsApp,"Yes that works, see you then",Confirm,Confirm,,Low,
C000333,APT000756,PT01388,2026-07-04T08:00:00,WhatsApp,Ok confirmed,Confirm,Confirm,,Low,
C000334,APT000757,PT01287,2026-07-04T15:45:00,Call,Ok confirmed,Confirm,Confirm,,Low,
C000335,APT000758,PT00785,2026-06-20T11:45:00,Call,Is week cancel karna padega,Cancel,Cancel,,Low,
C000336,APT000759,PT01018,2026-06-28T18:00:00,WhatsApp,"Doctor visit hai usi din, reschedule possible?",Reschedule,Reschedule,,Medium,Conflicting doctor visit
C000337,APT000761,PT01510,2026-06-15T15:45:00,SMS,Ok confirmed,Confirm,Confirm,,Low,
C000338,APT000766,PT00658,2026-07-31T19:30:00,WhatsApp,"Haan theek hai, confirm kar do",Confirm,Confirm,,Low,
C000339,APT000767,PT00632,2026-08-19T19:30:00,WhatsApp,Ok confirmed,Confirm,Confirm,,Low,
C000340,APT000768,PT00728,2026-05-31T18:00:00,Call,"Yes that works, see you then",Confirm,Confirm,,Low,
C000341,APT000769,PT00211,2026-06-10T08:45:00,WhatsApp,"Haan theek hai, confirm kar do",Confirm,Confirm,,Low,
C000342,APT000771,PT01452,2026-08-05T20:45:00,WhatsApp,,No Response,No Response,,Low,
C000343,APT000773,PT00336,2026-07-26T09:30:00,Call,"Haan theek hai, confirm kar do",Confirm,Confirm,,Low,
C000344,APT000775,PT01024,2026-06-29T08:00:00,SMS,Ok confirmed,Confirm,Confirm,,Low,
C000345,APT000782,PT01937,2026-07-20T18:30:00,Call,,No Response,No Response,,Low,
C000346,APT000784,PT01989,2026-06-20T08:00:00,SMS,Ok confirmed,Confirm,Confirm,,Low,
C000347,APT000786,PT01593,2026-06-09T18:45:00,SMS,,No Response,No Response,,Low,
C000348,APT000788,PT01755,2026-08-20T20:15:00,WhatsApp,,No Response,No Response,,Low,
C000349,APT000790,PT00057,2026-06-24T18:00:00,Call,"Yes that works, see you then",Confirm,Confirm,,Low,
C000350,APT000791,PT00044,2026-06-18T10:45:00,WhatsApp,,No Response,No Response,,Low,
C000351,APT000794,PT01056,2026-06-14T16:00:00,SMS,Can we move to next week?,Reschedule,Reschedule,,Medium,
C000352,APT000797,PT00576,2026-06-22T13:30:00,SMS,"Haan theek hai, confirm kar do",Confirm,Confirm,,Low,
C000353,APT000799,PT01541,2026-08-02T18:00:00,WhatsApp,Can we move to next week?,Reschedule,Reschedule,,Medium,
C000354,APT000800,PT01026,2026-05-31T16:30:00,WhatsApp,"Haan theek hai, confirm kar do",Confirm,Confirm,,Low,
C000355,APT000804,PT00492,2026-07-30T18:00:00,SMS,"Doctor visit hai usi din, reschedule possible?",Reschedule,Reschedule,,Medium,Conflicting doctor visit
C000356,APT000806,PT00954,2026-06-03T10:15:00,WhatsApp,"Haan theek hai, confirm kar do",Confirm,Confirm,,Low,
C000357,APT000807,PT01110,2026-07-28T10:30:00,Call,"Yes that works, see you then",Confirm,Confirm,,Low,
C000358,APT000809,PT00534,2026-07-25T12:00:00,Call,"Haan theek hai, confirm kar do",Confirm,Confirm,,Low,
C000359,APT000810,PT00983,2026-08-13T13:00:00,Call,"Yes that works, see you then",Confirm,Confirm,,Low,
C000360,APT000811,PT01503,2026-08-26T18:45:00,SMS,,No Response,No Response,,Low,
C000361,APT000812,PT00258,2026-06-24T18:00:00,SMS,Ok confirmed,Confirm,Confirm,,Low,
C000362,APT000814,PT01304,2026-06-22T20:15:00,Call,,No Response,No Response,,Low,
C000363,APT000817,PT01131,2026-08-07T11:30:00,Call,,No Response,No Response,,Low,
C000364,APT000819,PT00318,2026-07-27T15:30:00,SMS,,No Response,No Response,,Low,
C000365,APT000821,PT00896,2026-06-23T11:30:00,Call,,No Response,No Response,,Low,
C000366,APT000824,PT01234,2026-08-21T19:30:00,SMS,Can we move to next week?,Reschedule,Reschedule,,Medium,
C000367,APT000827,PT01971,2026-07-05T08:45:00,SMS,,No Response,No Response,,Low,
C000368,APT000830,PT01901,2026-07-29T18:45:00,Call,Not needed this time,Cancel,Cancel,,Low,
C000369,APT000831,PT00141,2026-07-31T11:00:00,SMS,,No Response,No Response,,Low,
C000370,APT000832,PT01705,2026-07-28T11:45:00,WhatsApp,"Kal thoda late ho jayega, Saturday kar sakte ho?",Reschedule,Reschedule,Saturday,High,Provider/patient running late
C000371,APT000833,PT00522,2026-07-05T18:00:00,WhatsApp,"Kal thoda late ho jayega, Saturday kar sakte ho?",Reschedule,Reschedule,Saturday,High,Provider/patient running late
C000372,APT000834,PT01889,2026-08-27T12:00:00,WhatsApp,"Kal thoda late ho jayega, Saturday kar sakte ho?",Reschedule,Reschedule,Saturday,High,Provider/patient running late
C000373,APT000835,PT00710,2026-07-31T13:30:00,Call,"Haan theek hai, confirm kar do",Confirm,Confirm,,Low,
C000374,APT000837,PT00983,2026-06-20T20:00:00,Call,"Kal thoda late ho jayega, Saturday kar sakte ho?",Reschedule,Reschedule,Saturday,High,Provider/patient running late
C000375,APT000842,PT00727,2026-06-03T10:45:00,WhatsApp,"Kal thoda late ho jayega, Saturday kar sakte ho?",Reschedule,Reschedule,Saturday,High,Provider/patient running late
C000376,APT000844,PT00059,2026-06-07T15:45:00,Call,"Kal thoda late ho jayega, Saturday kar sakte ho?",Reschedule,Reschedule,Saturday,High,Provider/patient running late
C000377,APT000846,PT00376,2026-07-19T14:00:00,SMS,"Haan theek hai, confirm kar do",Confirm,Confirm,,Low,
C000378,APT000847,PT01354,2026-08-23T15:45:00,SMS,"Kal thoda late ho jayega, Saturday kar sakte ho?",Reschedule,Reschedule,Saturday,High,Provider/patient running late
C000379,APT000848,PT01025,2026-06-19T16:00:00,Call,,No Response,No Response,,Low,
C000380,APT000849,PT00926,2026-08-13T08:45:00,Call,"Kal thoda late ho jayega, Saturday kar sakte ho?",Reschedule,Reschedule,Saturday,High,Provider/patient running late
C000381,APT000850,PT00911,2026-07-16T19:30:00,Call,"Yes that works, see you then",Confirm,Confirm,,Low,
C000382,APT000852,PT01058,2026-08-15T08:00:00,WhatsApp,"Yes that works, see you then",Confirm,Confirm,,Low,
C000383,APT000854,PT01712,2026-07-19T10:30:00,SMS,Ok confirmed,Confirm,Confirm,,Low,
C000384,APT000863,PT01679,2026-08-15T13:15:00,SMS,Not needed this time,Cancel,Cancel,,Low,
C000385,APT000866,PT01175,2026-07-19T14:00:00,Call,Can we move to next week?,Reschedule,Reschedule,,Medium,
C000386,APT000867,PT00244,2026-07-07T12:30:00,SMS,"Kal thoda late ho jayega, Saturday kar sakte ho?",Reschedule,Reschedule,Saturday,High,Provider/patient running late
C000387,APT000872,PT00297,2026-08-25T16:00:00,WhatsApp,,No Response,No Response,,Low,
C000388,APT000873,PT00632,2026-07-13T17:45:00,WhatsApp,,No Response,No Response,,Low,
C000389,APT000875,PT00272,2026-08-08T15:30:00,WhatsApp,Can we move to next week?,Reschedule,Reschedule,,Medium,
C000390,APT000877,PT01086,2026-08-09T12:00:00,Call,"Kal thoda late ho jayega, Saturday kar sakte ho?",Reschedule,Reschedule,Saturday,High,Provider/patient running late
C000391,APT000880,PT00433,2026-08-06T09:30:00,SMS,"Yes that works, see you then",Confirm,Confirm,,Low,
C000392,APT000881,PT01788,2026-08-29T13:15:00,Call,"Haan theek hai, confirm kar do",Confirm,Confirm,,Low,
C000393,APT000883,PT01661,2026-06-09T20:00:00,SMS,,No Response,No Response,,Low,
C000394,APT000886,PT00194,2026-06-03T18:45:00,SMS,"Haan theek hai, confirm kar do",Confirm,Confirm,,Low,
C000395,APT000888,PT01761,2026-07-28T16:45:00,SMS,"Kal thoda late ho jayega, Saturday kar sakte ho?",Reschedule,Reschedule,Saturday,High,Provider/patient running late
C000396,APT000893,PT01276,2026-07-12T11:30:00,Call,Ok confirmed,Confirm,Confirm,,Low,
C000397,APT000894,PT01128,2026-06-08T20:45:00,Call,Ok confirmed,Confirm,Confirm,,Low,
C000398,APT000896,PT01143,2026-06-04T18:30:00,SMS,Can we move to next week?,Reschedule,Reschedule,,Medium,
C000399,APT000898,PT01989,2026-06-25T13:45:00,Call,"Kal thoda late ho jayega, Saturday kar sakte ho?",Reschedule,Reschedule,Saturday,High,Provider/patient running late
C000400,APT000899,PT01654,2026-06-21T15:45:00,SMS,Ok confirmed,Confirm,Confirm,,Low,
C000401,APT000901,PT01719,2026-06-30T16:00:00,SMS,"Haan theek hai, confirm kar do",Confirm,Confirm,,Low,
C000402,APT000902,PT01400,2026-06-13T15:15:00,Call,"Kal thoda late ho jayega, Saturday kar sakte ho?",Reschedule,Reschedule,Saturday,High,Provider/patient running late
C000403,APT000904,PT01303,2026-08-12T19:45:00,SMS,"Doctor visit hai usi din, reschedule possible?",Reschedule,Reschedule,,Medium,Conflicting doctor visit
C000404,APT000905,PT01135,2026-07-09T10:30:00,SMS,"Doctor visit hai usi din, reschedule possible?",Reschedule,Reschedule,,Medium,Conflicting doctor visit
C000405,APT000906,PT00356,2026-07-29T09:15:00,Call,"Yes that works, see you then",Confirm,Confirm,,Low,
C000406,APT000914,PT01047,2026-07-28T09:15:00,WhatsApp,"Haan theek hai, confirm kar do",Confirm,Confirm,,Low,
C000407,APT000920,PT00703,2026-07-11T17:30:00,WhatsApp,Please cancel this visit,Cancel,Cancel,,Low,
C000408,APT000925,PT01512,2026-07-21T08:45:00,SMS,"Doctor visit hai usi din, reschedule possible?",Reschedule,Reschedule,,Medium,Conflicting doctor visit
C000409,APT000926,PT01353,2026-06-03T08:45:00,SMS,"Yes that works, see you then",Confirm,Confirm,,Low,
C000410,APT000927,PT00746,2026-08-28T17:45:00,WhatsApp,Not needed this time,Cancel,Cancel,,Low,
C000411,APT000928,PT01392,2026-08-27T17:45:00,WhatsApp,Please cancel this visit,Cancel,Cancel,,Low,
C000412,APT000933,PT01854,2026-07-03T14:00:00,Call,"Yes that works, see you then",Confirm,Confirm,,Low,
C000413,APT000934,PT00586,2026-06-09T12:45:00,Call,Is week cancel karna padega,Cancel,Cancel,,Low,
C000414,APT000935,PT01248,2026-07-17T12:30:00,SMS,"Yes that works, see you then",Confirm,Confirm,,Low,
C000415,APT000937,PT01559,2026-08-20T12:15:00,WhatsApp,"Doctor visit hai usi din, reschedule possible?",Reschedule,Reschedule,,Medium,Conflicting doctor visit
C000416,APT000938,PT01967,2026-07-19T17:15:00,WhatsApp,,No Response,No Response,,Low,
C000417,APT000939,PT01417,2026-07-23T12:00:00,Call,"Doctor visit hai usi din, reschedule possible?",Reschedule,Reschedule,,Medium,Conflicting doctor visit
C000418,APT000941,PT00791,2026-07-11T10:00:00,SMS,"Yes that works, see you then",Confirm,Confirm,,Low,
C000419,APT000944,PT00843,2026-07-23T08:00:00,Call,,No Response,No Response,,Low,
C000420,APT000955,PT00211,2026-08-09T16:45:00,SMS,"Haan theek hai, confirm kar do",Confirm,Confirm,,Low,
C000421,APT000957,PT01893,2026-05-31T15:00:00,SMS,,No Response,No Response,,Low,
C000422,APT000958,PT01877,2026-07-25T16:15:00,SMS,,No Response,No Response,,Low,
C000423,APT000960,PT01750,2026-07-12T16:15:00,WhatsApp,Please cancel this visit,Cancel,Cancel,,Low,
C000424,APT000961,PT00626,2026-08-01T10:00:00,Call,"Haan theek hai, confirm kar do",Confirm,Confirm,,Low,
C000425,APT000962,PT01551,2026-06-06T11:00:00,SMS,"Haan theek hai, confirm kar do",Confirm,Confirm,,Low,
C000426,APT000964,PT01252,2026-07-30T11:45:00,Call,Not needed this time,Cancel,Cancel,,Low,
C000427,APT000967,PT00137,2026-06-28T12:15:00,WhatsApp,Can we move to next week?,Reschedule,Reschedule,,Medium,
C000428,APT000970,PT00740,2026-06-27T17:45:00,WhatsApp,,No Response,No Response,,Low,
C000429,APT000972,PT01998,2026-07-28T11:45:00,SMS,,No Response,No Response,,Low,
C000430,APT000973,PT00495,2026-06-15T15:15:00,WhatsApp,,No Response,No Response,,Low,
C000431,APT000976,PT01033,2026-06-27T13:00:00,WhatsApp,"Kal thoda late ho jayega, Saturday kar sakte ho?",Reschedule,Reschedule,Saturday,High,Provider/patient running late
C000432,APT000978,PT00585,2026-07-27T17:30:00,WhatsApp,Ok confirmed,Confirm,Confirm,,Low,
C000433,APT000979,PT00829,2026-07-07T11:00:00,WhatsApp,"Doctor visit hai usi din, reschedule possible?",Reschedule,Reschedule,,Medium,Conflicting doctor visit
C000434,APT000980,PT00071,2026-07-30T20:45:00,SMS,Ok confirmed,Confirm,Confirm,,Low,
C000435,APT000981,PT00463,2026-07-06T17:00:00,SMS,Ok confirmed,Confirm,Confirm,,Low,
C000436,APT000982,PT00991,2026-06-01T20:15:00,Call,Not needed this time,Cancel,Cancel,,Low,
C000437,APT000985,PT00218,2026-07-05T11:15:00,Call,"Doctor visit hai usi din, reschedule possible?",Reschedule,Reschedule,,Medium,Conflicting doctor visit
C000438,APT000988,PT00121,2026-07-21T08:45:00,Call,Ok confirmed,Confirm,Confirm,,Low,
C000439,APT000989,PT00694,2026-07-09T13:45:00,WhatsApp,Ok confirmed,Confirm,Confirm,,Low,
C000440,APT000990,PT00187,2026-08-05T11:45:00,Call,,No Response,No Response,,Low,
C000441,APT000991,PT01241,2026-08-12T20:15:00,SMS,Ok confirmed,Confirm,Confirm,,Low,
C000442,APT000993,PT00172,2026-06-16T14:00:00,WhatsApp,Not needed this time,Cancel,Cancel,,Low,
C000443,APT000994,PT00820,2026-06-04T08:00:00,Call,,No Response,No Response,,Low,
C000444,APT000997,PT00529,2026-07-21T18:30:00,WhatsApp,"Doctor visit hai usi din, reschedule possible?",Reschedule,Reschedule,,Medium,Conflicting doctor visit
C000445,APT000998,PT01795,2026-08-11T10:15:00,WhatsApp,"Haan theek hai, confirm kar do",Confirm,Confirm,,Low,
C000446,APT001000,PT01256,2026-07-31T14:00:00,SMS,"Haan theek hai, confirm kar do",Confirm,Confirm,,Low,
C000447,APT001002,PT00784,2026-08-24T09:15:00,SMS,Ok confirmed,Confirm,Confirm,,Low,
C000448,APT001003,PT01726,2026-06-25T11:00:00,SMS,Please cancel this visit,Cancel,Cancel,,Low,
C000449,APT001011,PT00794,2026-07-15T20:30:00,Call,"Yes that works, see you then",Confirm,Confirm,,Low,
C000450,APT001012,PT00175,2026-07-13T12:45:00,Call,"Doctor visit hai usi din, reschedule possible?",Reschedule,Reschedule,,Medium,Conflicting doctor visit
C000451,APT001013,PT00383,2026-06-16T16:45:00,WhatsApp,Is week cancel karna padega,Cancel,Cancel,,Low,
C000452,APT001015,PT01201,2026-06-06T15:15:00,WhatsApp,,No Response,No Response,,Low,
C000453,APT001016,PT00858,2026-07-04T16:30:00,Call,"Haan theek hai, confirm kar do",Confirm,Confirm,,Low,
C000454,APT001018,PT01867,2026-08-05T11:15:00,SMS,"Doctor visit hai usi din, reschedule possible?",Reschedule,Reschedule,,Medium,Conflicting doctor visit
C000455,APT001019,PT00039,2026-06-10T12:00:00,WhatsApp,Ok confirmed,Confirm,Confirm,,Low,
C000456,APT001021,PT01740,2026-06-04T17:00:00,WhatsApp,"Doctor visit hai usi din, reschedule possible?",Reschedule,Reschedule,,Medium,Conflicting doctor visit
C000457,APT001024,PT00508,2026-07-09T10:30:00,Call,Is week cancel karna padega,Cancel,Cancel,,Low,
C000458,APT001025,PT01213,2026-08-24T16:15:00,Call,"Haan theek hai, confirm kar do",Confirm,Confirm,,Low,
C000459,APT001027,PT00728,2026-08-27T11:45:00,Call,Ok confirmed,Confirm,Confirm,,Low,
C000460,APT001033,PT00924,2026-08-09T15:45:00,SMS,"Kal thoda late ho jayega, Saturday kar sakte ho?",Reschedule,Reschedule,Saturday,High,Provider/patient running late
C000461,APT001037,PT00523,2026-08-10T20:30:00,WhatsApp,,No Response,No Response,,Low,
C000462,APT001043,PT01383,2026-06-14T09:00:00,SMS,"Haan theek hai, confirm kar do",Confirm,Confirm,,Low,
C000463,APT001046,PT01487,2026-06-21T11:45:00,SMS,,No Response,No Response,,Low,
C000464,APT001047,PT01288,2026-07-29T09:45:00,SMS,Is week cancel karna padega,Cancel,Cancel,,Low,
C000465,APT001049,PT00526,2026-08-25T09:30:00,SMS,"Haan theek hai, confirm kar do",Confirm,Confirm,,Low,
C000466,APT001052,PT00028,2026-08-19T17:45:00,SMS,"Kal thoda late ho jayega, Saturday kar sakte ho?",Reschedule,Reschedule,Saturday,High,Provider/patient running late
C000467,APT001053,PT01139,2026-06-05T11:15:00,Call,Ok confirmed,Confirm,Confirm,,Low,
C000468,APT001056,PT01765,2026-06-12T14:30:00,SMS,,No Response,No Response,,Low,
C000469,APT001057,PT01634,2026-07-24T17:30:00,SMS,,No Response,No Response,,Low,
C000470,APT001059,PT01550,2026-07-03T09:30:00,SMS,Ok confirmed,Confirm,Confirm,,Low,
C000471,APT001060,PT00732,2026-07-01T17:00:00,SMS,Can we move to next week?,Reschedule,Reschedule,,Medium,
C000472,APT001064,PT00091,2026-06-29T19:30:00,Call,,No Response,No Response,,Low,
C000473,APT001065,PT01978,2026-07-22T14:45:00,SMS,,No Response,No Response,,Low,
C000474,APT001067,PT00267,2026-08-15T10:45:00,WhatsApp,"Yes that works, see you then",Confirm,Confirm,,Low,
C000475,APT001068,PT00223,2026-07-11T11:00:00,WhatsApp,"Yes that works, see you then",Confirm,Confirm,,Low,
C000476,APT001073,PT01729,2026-07-02T15:00:00,SMS,,No Response,No Response,,Low,
C000477,APT001075,PT01188,2026-07-03T13:30:00,SMS,"Haan theek hai, confirm kar do",Confirm,Confirm,,Low,
C000478,APT001077,PT00562,2026-07-01T12:00:00,SMS,Ok confirmed,Confirm,Confirm,,Low,
C000479,APT001079,PT00011,2026-07-14T18:00:00,SMS,,No Response,No Response,,Low,
C000480,APT001080,PT00956,2026-06-26T13:30:00,WhatsApp,,No Response,No Response,,Low,
C000481,APT001086,PT01906,2026-07-05T10:45:00,SMS,"Haan theek hai, confirm kar do",Confirm,Confirm,,Low,
C000482,APT001090,PT00044,2026-08-05T14:30:00,WhatsApp,"Yes that works, see you then",Confirm,Confirm,,Low,
C000483,APT001091,PT01137,2026-08-16T16:00:00,SMS,Ok confirmed,Confirm,Confirm,,Low,
C000484,APT001092,PT01689,2026-07-26T13:30:00,WhatsApp,,No Response,No Response,,Low,
C000485,APT001094,PT01282,2026-07-06T19:00:00,Call,"Haan theek hai, confirm kar do",Confirm,Confirm,,Low,
C000486,APT001095,PT01726,2026-07-23T10:45:00,Call,"Yes that works, see you then",Confirm,Confirm,,Low,
C000487,APT001096,PT01879,2026-07-19T13:15:00,Call,Can we move to next week?,Reschedule,Reschedule,,Medium,
C000488,APT001097,PT01719,2026-07-05T16:15:00,Call,"Yes that works, see you then",Confirm,Confirm,,Low,
C000489,APT001099,PT01825,2026-07-24T17:00:00,SMS,,No Response,No Response,,Low,
C000490,APT001101,PT01592,2026-07-27T08:30:00,SMS,"Kal thoda late ho jayega, Saturday kar sakte ho?",Reschedule,Reschedule,Saturday,High,Provider/patient running late
C000491,APT001102,PT00128,2026-07-18T12:00:00,SMS,Ok confirmed,Confirm,Confirm,,Low,
C000492,APT001110,PT01482,2026-06-30T08:15:00,Call,"Doctor visit hai usi din, reschedule possible?",Reschedule,Reschedule,,Medium,Conflicting doctor visit
C000493,APT001111,PT01444,2026-07-19T18:15:00,SMS,,No Response,No Response,,Low,
C000494,APT001112,PT01696,2026-07-05T16:30:00,Call,"Doctor visit hai usi din, reschedule possible?",Reschedule,Reschedule,,Medium,Conflicting doctor visit
C000495,APT001114,PT00868,2026-07-19T20:30:00,SMS,,No Response,No Response,,Low,
C000496,APT001115,PT01775,2026-06-07T17:30:00,Call,"Haan theek hai, confirm kar do",Confirm,Confirm,,Low,
C000497,APT001119,PT00943,2026-06-13T11:15:00,SMS,Ok confirmed,Confirm,Confirm,,Low,
C000498,APT001120,PT01145,2026-07-23T08:45:00,SMS,"Doctor visit hai usi din, reschedule possible?",Reschedule,Reschedule,,Medium,Conflicting doctor visit
C000499,APT001122,PT01508,2026-07-17T20:30:00,Call,,No Response,No Response,,Low,
C000500,APT001123,PT00105,2026-06-01T08:15:00,WhatsApp,"Yes that works, see you then",Confirm,Confirm,,Low,
C000501,APT001124,PT01447,2026-07-07T08:30:00,WhatsApp,,No Response,No Response,,Low,
C000502,APT001125,PT01175,2026-06-30T13:30:00,WhatsApp,"Yes that works, see you then",Confirm,Confirm,,Low,
C000503,APT001130,PT01968,2026-06-02T14:30:00,WhatsApp,"Yes that works, see you then",Confirm,Confirm,,Low,
C000504,APT001133,PT00857,2026-08-09T19:15:00,Call,Is week cancel karna padega,Cancel,Cancel,,Low,
C000505,APT001135,PT01034,2026-06-30T12:45:00,WhatsApp,,No Response,No Response,,Low,
C000506,APT001137,PT00247,2026-08-22T11:15:00,SMS,,No Response,No Response,,Low,
C000507,APT001140,PT00990,2026-08-20T13:45:00,SMS,"Yes that works, see you then",Confirm,Confirm,,Low,
C000508,APT001144,PT01152,2026-08-15T08:15:00,Call,"Doctor visit hai usi din, reschedule possible?",Reschedule,Reschedule,,Medium,Conflicting doctor visit
C000509,APT001145,PT01708,2026-08-07T15:00:00,Call,,No Response,No Response,,Low,
C000510,APT001148,PT00391,2026-06-04T19:45:00,SMS,,No Response,No Response,,Low,
C000511,APT001149,PT00399,2026-06-04T16:15:00,WhatsApp,Can we move to next week?,Reschedule,Reschedule,,Medium,
C000512,APT001151,PT01710,2026-07-10T09:15:00,SMS,"Yes that works, see you then",Confirm,Confirm,,Low,
C000513,APT001154,PT00090,2026-08-21T13:15:00,SMS,"Haan theek hai, confirm kar do",Confirm,Confirm,,Low,
C000514,APT001155,PT00386,2026-08-25T17:15:00,SMS,,No Response,No Response,,Low,
C000515,APT001156,PT01176,2026-08-11T08:15:00,SMS,"Yes that works, see you then",Confirm,Confirm,,Low,
C000516,APT001158,PT00155,2026-07-09T16:00:00,SMS,"Yes that works, see you then",Confirm,Confirm,,Low,
C000517,APT001159,PT00889,2026-08-13T13:45:00,Call,Please cancel this visit,Cancel,Cancel,,Low,
C000518,APT001165,PT00539,2026-07-09T15:30:00,WhatsApp,Ok confirmed,Confirm,Confirm,,Low,
C000519,APT001166,PT01043,2026-08-27T08:15:00,WhatsApp,,No Response,No Response,,Low,
C000520,APT001168,PT01701,2026-06-29T19:00:00,WhatsApp,"Kal thoda late ho jayega, Saturday kar sakte ho?",Reschedule,Reschedule,Saturday,High,Provider/patient running late
C000521,APT001169,PT01275,2026-06-05T20:00:00,WhatsApp,"Haan theek hai, confirm kar do",Confirm,Confirm,,Low,
C000522,APT001172,PT01371,2026-08-14T15:15:00,WhatsApp,Ok confirmed,Confirm,Confirm,,Low,
C000523,APT001173,PT00456,2026-08-13T17:30:00,WhatsApp,"Yes that works, see you then",Confirm,Confirm,,Low,
C000524,APT001176,PT00130,2026-08-27T16:00:00,SMS,"Kal thoda late ho jayega, Saturday kar sakte ho?",Reschedule,Reschedule,Saturday,High,Provider/patient running late
C000525,APT001177,PT00449,2026-06-15T18:00:00,WhatsApp,"Haan theek hai, confirm kar do",Confirm,Confirm,,Low,
C000526,APT001178,PT01453,2026-06-13T16:15:00,Call,,No Response,No Response,,Low,
C000527,APT001182,PT01913,2026-08-02T19:45:00,WhatsApp,,No Response,No Response,,Low,
C000528,APT001184,PT01707,2026-08-01T09:45:00,SMS,Ok confirmed,Confirm,Confirm,,Low,
C000529,APT001187,PT01990,2026-08-09T11:30:00,SMS,"Kal thoda late ho jayega, Saturday kar sakte ho?",Reschedule,Reschedule,Saturday,High,Provider/patient running late
C000530,APT001188,PT01359,2026-08-15T11:30:00,Call,Ok confirmed,Confirm,Confirm,,Low,
C000531,APT001190,PT01470,2026-08-24T19:45:00,WhatsApp,"Kal thoda late ho jayega, Saturday kar sakte ho?",Reschedule,Reschedule,Saturday,High,Provider/patient running late
C000532,APT001191,PT00017,2026-08-12T10:30:00,Call,Please cancel this visit,Cancel,Cancel,,Low,
C000533,APT001192,PT00578,2026-06-05T09:00:00,SMS,Can we move to next week?,Reschedule,Reschedule,,Medium,
C000534,APT001193,PT00744,2026-06-13T19:00:00,WhatsApp,,No Response,No Response,,Low,
C000535,APT001195,PT00086,2026-06-25T20:15:00,Call,Ok confirmed,Confirm,Confirm,,Low,
C000536,APT001198,PT01211,2026-06-19T16:00:00,WhatsApp,"Haan theek hai, confirm kar do",Confirm,Confirm,,Low,
C000537,APT001199,PT00726,2026-07-16T12:00:00,WhatsApp,"Yes that works, see you then",Confirm,Confirm,,Low,
C000538,APT001201,PT00492,2026-07-06T18:45:00,WhatsApp,"Doctor visit hai usi din, reschedule possible?",Reschedule,Reschedule,,Medium,Conflicting doctor visit
C000539,APT001202,PT00811,2026-06-15T09:00:00,Call,"Haan theek hai, confirm kar do",Confirm,Confirm,,Low,
C000540,APT001204,PT01737,2026-08-24T09:45:00,SMS,Please cancel this visit,Cancel,Cancel,,Low,
C000541,APT001205,PT01057,2026-07-25T16:00:00,SMS,"Haan theek hai, confirm kar do",Confirm,Confirm,,Low,
C000542,APT001208,PT01864,2026-06-30T17:00:00,SMS,Can we move to next week?,Reschedule,Reschedule,,Medium,
C000543,APT001211,PT01612,2026-07-16T19:30:00,SMS,Can we move to next week?,Reschedule,Reschedule,,Medium,
C000544,APT001213,PT01447,2026-08-20T12:00:00,Call,Can we move to next week?,Reschedule,Reschedule,,Medium,
C000545,APT001214,PT00370,2026-07-06T09:00:00,Call,,No Response,No Response,,Low,
C000546,APT001217,PT00042,2026-07-02T15:15:00,Call,Please cancel this visit,Cancel,Cancel,,Low,
C000547,APT001218,PT01333,2026-08-17T11:00:00,Call,Not needed this time,Cancel,Cancel,,Low,
C000548,APT001219,PT01901,2026-08-13T09:00:00,WhatsApp,,No Response,No Response,,Low,
C000549,APT001220,PT01342,2026-07-07T16:00:00,Call,"Yes that works, see you then",Confirm,Confirm,,Low,
C000550,APT001222,PT00722,2026-08-28T13:30:00,SMS,"Haan theek hai, confirm kar do",Confirm,Confirm,,Low,
C000551,APT001231,PT01801,2026-06-27T15:45:00,Call,Please cancel this visit,Cancel,Cancel,,Low,
C000552,APT001234,PT01153,2026-06-29T12:00:00,WhatsApp,,No Response,No Response,,Low,
C000553,APT001237,PT01745,2026-07-08T19:30:00,SMS,,No Response,No Response,,Low,
C000554,APT001238,PT01225,2026-07-02T15:30:00,Call,Not needed this time,Cancel,Cancel,,Low,
C000555,APT001240,PT00506,2026-06-25T10:30:00,WhatsApp,"Haan theek hai, confirm kar do",Confirm,Confirm,,Low,
C000556,APT001244,PT01522,2026-06-22T13:30:00,WhatsApp,"Doctor visit hai usi din, reschedule possible?",Reschedule,Reschedule,,Medium,Conflicting doctor visit
C000557,APT001246,PT00892,2026-06-04T18:30:00,SMS,,No Response,No Response,,Low,
C000558,APT001247,PT01744,2026-07-12T10:00:00,SMS,Ok confirmed,Confirm,Confirm,,Low,
C000559,APT001248,PT00159,2026-06-29T15:15:00,WhatsApp,Ok confirmed,Confirm,Confirm,,Low,
C000560,APT001250,PT01572,2026-08-07T18:45:00,WhatsApp,"Haan theek hai, confirm kar do",Confirm,Confirm,,Low,
C000561,APT001254,PT01564,2026-06-08T16:45:00,SMS,Can we move to next week?,Reschedule,Reschedule,,Medium,
C000562,APT001256,PT00815,2026-06-05T14:15:00,WhatsApp,Ok confirmed,Confirm,Confirm,,Low,
C000563,APT001259,PT01490,2026-06-12T16:45:00,SMS,,No Response,No Response,,Low,
C000564,APT001265,PT01062,2026-06-23T13:45:00,WhatsApp,,No Response,No Response,,Low,
C000565,APT001267,PT00829,2026-06-14T16:00:00,Call,Ok confirmed,Confirm,Confirm,,Low,
C000566,APT001274,PT01061,2026-06-16T09:30:00,SMS,Ok confirmed,Confirm,Confirm,,Low,
C000567,APT001276,PT00530,2026-08-13T09:15:00,SMS,"Doctor visit hai usi din, reschedule possible?",Reschedule,Reschedule,,Medium,Conflicting doctor visit
C000568,APT001277,PT00794,2026-08-05T18:30:00,SMS,,No Response,No Response,,Low,
C000569,APT001278,PT00975,2026-07-06T14:45:00,Call,"Yes that works, see you then",Confirm,Confirm,,Low,
C000570,APT001279,PT01266,2026-07-18T19:30:00,WhatsApp,"Doctor visit hai usi din, reschedule possible?",Reschedule,Reschedule,,Medium,Conflicting doctor visit
C000571,APT001281,PT00322,2026-08-10T13:00:00,SMS,"Kal thoda late ho jayega, Saturday kar sakte ho?",Reschedule,Reschedule,Saturday,High,Provider/patient running late
C000572,APT001282,PT01298,2026-08-25T12:45:00,WhatsApp,"Doctor visit hai usi din, reschedule possible?",Reschedule,Reschedule,,Medium,Conflicting doctor visit
C000573,APT001284,PT00327,2026-08-03T13:15:00,Call,Can we move to next week?,Reschedule,Reschedule,,Medium,
C000574,APT001286,PT00179,2026-08-11T14:45:00,Call,"Haan theek hai, confirm kar do",Confirm,Confirm,,Low,
C000575,APT001289,PT01662,2026-07-23T13:00:00,SMS,"Yes that works, see you then",Confirm,Confirm,,Low,
C000576,APT001290,PT01144,2026-08-10T15:00:00,WhatsApp,,No Response,No Response,,Low,
C000577,APT001291,PT00757,2026-05-31T13:00:00,WhatsApp,,No Response,No Response,,Low,
C000578,APT001292,PT00948,2026-06-20T20:15:00,WhatsApp,Ok confirmed,Confirm,Confirm,,Low,
C000579,APT001293,PT00106,2026-06-20T08:15:00,SMS,,No Response,No Response,,Low,
C000580,APT001296,PT00492,2026-08-14T20:15:00,WhatsApp,Ok confirmed,Confirm,Confirm,,Low,
C000581,APT001298,PT01599,2026-06-28T11:30:00,Call,Ok confirmed,Confirm,Confirm,,Low,
C000582,APT001303,PT00138,2026-08-15T13:15:00,SMS,,No Response,No Response,,Low,
C000583,APT001305,PT01676,2026-08-25T11:45:00,Call,"Yes that works, see you then",Confirm,Confirm,,Low,
C000584,APT001306,PT00440,2026-08-15T18:15:00,Call,"Yes that works, see you then",Confirm,Confirm,,Low,
C000585,APT001310,PT01092,2026-08-10T11:15:00,SMS,"Yes that works, see you then",Confirm,Confirm,,Low,
C000586,APT001311,PT00898,2026-08-24T19:15:00,WhatsApp,Please cancel this visit,Cancel,Cancel,,Low,
C000587,APT001312,PT01303,2026-07-10T13:45:00,Call,,No Response,No Response,,Low,
C000588,APT001313,PT01939,2026-06-29T10:00:00,SMS,"Haan theek hai, confirm kar do",Confirm,Confirm,,Low,
C000589,APT001315,PT01285,2026-07-21T15:00:00,WhatsApp,"Kal thoda late ho jayega, Saturday kar sakte ho?",Reschedule,Reschedule,Saturday,High,Provider/patient running late
C000590,APT001319,PT01117,2026-06-27T15:15:00,Call,,No Response,No Response,,Low,
C000591,APT001320,PT00983,2026-08-15T16:15:00,SMS,Can we move to next week?,Reschedule,Reschedule,,Medium,
C000592,APT001322,PT00951,2026-06-17T12:45:00,SMS,"Doctor visit hai usi din, reschedule possible?",Reschedule,Reschedule,,Medium,Conflicting doctor visit
C000593,APT001327,PT00842,2026-08-04T16:15:00,SMS,"Haan theek hai, confirm kar do",Confirm,Confirm,,Low,
C000594,APT001332,PT01726,2026-07-08T14:45:00,WhatsApp,"Kal thoda late ho jayega, Saturday kar sakte ho?",Reschedule,Reschedule,Saturday,High,Provider/patient running late
C000595,APT001334,PT00039,2026-08-27T11:15:00,Call,Ok confirmed,Confirm,Confirm,,Low,
C000596,APT001335,PT00671,2026-08-03T09:45:00,WhatsApp,"Doctor visit hai usi din, reschedule possible?",Reschedule,Reschedule,,Medium,Conflicting doctor visit
C000597,APT001336,PT01085,2026-06-16T18:00:00,SMS,"Kal thoda late ho jayega, Saturday kar sakte ho?",Reschedule,Reschedule,Saturday,High,Provider/patient running late
C000598,APT001339,PT00385,2026-06-19T19:30:00,SMS,"Doctor visit hai usi din, reschedule possible?",Reschedule,Reschedule,,Medium,Conflicting doctor visit
C000599,APT001340,PT00452,2026-08-01T15:45:00,WhatsApp,,No Response,No Response,,Low,
C000600,APT001341,PT00516,2026-06-13T17:30:00,Call,Ok confirmed,Confirm,Confirm,,Low,
C000601,APT001345,PT00045,2026-07-20T08:00:00,WhatsApp,Please cancel this visit,Cancel,Cancel,,Low,
C000602,APT001347,PT00339,2026-07-17T14:00:00,SMS,Ok confirmed,Confirm,Confirm,,Low,
C000603,APT001352,PT00308,2026-07-13T14:00:00,Call,"Haan theek hai, confirm kar do",Confirm,Confirm,,Low,
C000604,APT001354,PT00380,2026-08-25T10:30:00,SMS,"Kal thoda late ho jayega, Saturday kar sakte ho?",Reschedule,Reschedule,Saturday,High,Provider/patient running late
C000605,APT001355,PT01581,2026-08-21T19:45:00,Call,"Haan theek hai, confirm kar do",Confirm,Confirm,,Low,
C000606,APT001356,PT01536,2026-06-26T11:45:00,Call,,No Response,No Response,,Low,
C000607,APT001358,PT01860,2026-08-25T15:15:00,WhatsApp,,No Response,No Response,,Low,
C000608,APT001360,PT00727,2026-06-12T11:45:00,SMS,,No Response,No Response,,Low,
C000609,APT001362,PT00513,2026-07-06T13:45:00,Call,,No Response,No Response,,Low,
C000610,APT001365,PT01721,2026-07-06T17:45:00,SMS,,No Response,No Response,,Low,
C000611,APT001366,PT00939,2026-05-30T12:45:00,WhatsApp,"Doctor visit hai usi din, reschedule possible?",Reschedule,Reschedule,,Medium,Conflicting doctor visit
C000612,APT001367,PT00113,2026-07-28T11:45:00,SMS,,No Response,No Response,,Low,
C000613,APT001368,PT00407,2026-06-27T19:45:00,SMS,"Haan theek hai, confirm kar do",Confirm,Confirm,,Low,
C000614,APT001370,PT01358,2026-08-16T10:30:00,WhatsApp,Ok confirmed,Confirm,Confirm,,Low,
C000615,APT001371,PT00183,2026-06-04T17:45:00,WhatsApp,,No Response,No Response,,Low,
C000616,APT001373,PT00938,2026-08-18T18:00:00,WhatsApp,,No Response,No Response,,Low,
C000617,APT001375,PT00193,2026-07-14T18:45:00,Call,,No Response,No Response,,Low,
C000618,APT001376,PT01828,2026-08-03T18:15:00,Call,,No Response,No Response,,Low,
C000619,APT001380,PT00047,2026-07-10T14:30:00,Call,"Kal thoda late ho jayega, Saturday kar sakte ho?",Reschedule,Reschedule,Saturday,High,Provider/patient running late
C000620,APT001382,PT01106,2026-06-29T19:45:00,Call,,No Response,No Response,,Low,
C000621,APT001383,PT00541,2026-07-01T10:30:00,SMS,"Yes that works, see you then",Confirm,Confirm,,Low,
C000622,APT001387,PT00705,2026-07-25T10:45:00,SMS,"Yes that works, see you then",Confirm,Confirm,,Low,
C000623,APT001388,PT00798,2026-08-28T12:45:00,Call,"Haan theek hai, confirm kar do",Confirm,Confirm,,Low,
C000624,APT001389,PT01989,2026-06-01T09:00:00,SMS,,No Response,No Response,,Low,
C000625,APT001390,PT01192,2026-07-26T12:00:00,SMS,"Kal thoda late ho jayega, Saturday kar sakte ho?",Reschedule,Reschedule,Saturday,High,Provider/patient running late
C000626,APT001392,PT00764,2026-06-12T11:00:00,Call,"Doctor visit hai usi din, reschedule possible?",Reschedule,Reschedule,,Medium,Conflicting doctor visit
C000627,APT001396,PT00327,2026-06-18T11:00:00,Call,"Doctor visit hai usi din, reschedule possible?",Reschedule,Reschedule,,Medium,Conflicting doctor visit
C000628,APT001397,PT00835,2026-07-11T20:45:00,Call,"Yes that works, see you then",Confirm,Confirm,,Low,
C000629,APT001398,PT01845,2026-07-09T14:30:00,WhatsApp,Ok confirmed,Confirm,Confirm,,Low,
C000630,APT001403,PT00641,2026-07-20T13:15:00,WhatsApp,Ok confirmed,Confirm,Confirm,,Low,
C000631,APT001406,PT01212,2026-08-21T18:00:00,Call,"Doctor visit hai usi din, reschedule possible?",Reschedule,Reschedule,,Medium,Conflicting doctor visit
C000632,APT001407,PT01617,2026-06-29T17:15:00,SMS,"Kal thoda late ho jayega, Saturday kar sakte ho?",Reschedule,Reschedule,Saturday,High,Provider/patient running late
C000633,APT001408,PT00646,2026-07-30T11:15:00,Call,,No Response,No Response,,Low,
C000634,APT001411,PT00558,2026-06-29T11:15:00,Call,,No Response,No Response,,Low,
C000635,APT001412,PT00496,2026-07-02T10:45:00,Call,Ok confirmed,Confirm,Confirm,,Low,
C000636,APT001414,PT01467,2026-06-28T10:15:00,SMS,,No Response,No Response,,Low,
C000637,APT001415,PT01094,2026-06-16T09:00:00,SMS,"Yes that works, see you then",Confirm,Confirm,,Low,
C000638,APT001416,PT01234,2026-08-06T11:30:00,Call,"Haan theek hai, confirm kar do",Confirm,Confirm,,Low,
C000639,APT001419,PT01796,2026-07-09T14:00:00,SMS,Ok confirmed,Confirm,Confirm,,Low,
C000640,APT001421,PT01744,2026-06-17T16:00:00,Call,,No Response,No Response,,Low,
C000641,APT001422,PT00605,2026-07-25T18:15:00,Call,Can we move to next week?,Reschedule,Reschedule,,Medium,
C000642,APT001423,PT01243,2026-07-13T11:45:00,WhatsApp,,No Response,No Response,,Low,
C000643,APT001424,PT01701,2026-08-24T14:45:00,SMS,"Doctor visit hai usi din, reschedule possible?",Reschedule,Reschedule,,Medium,Conflicting doctor visit
C000644,APT001425,PT00125,2026-06-07T14:30:00,Call,,No Response,No Response,,Low,
C000645,APT001427,PT00867,2026-07-05T13:45:00,Call,"Haan theek hai, confirm kar do",Confirm,Confirm,,Low,
C000646,APT001431,PT01746,2026-06-10T17:30:00,WhatsApp,,No Response,No Response,,Low,
C000647,APT001432,PT00343,2026-07-06T15:00:00,WhatsApp,Is week cancel karna padega,Cancel,Cancel,,Low,
C000648,APT001433,PT00057,2026-08-20T17:45:00,Call,,No Response,No Response,,Low,
C000649,APT001435,PT00923,2026-07-31T11:45:00,Call,"Haan theek hai, confirm kar do",Confirm,Confirm,,Low,
C000650,APT001437,PT00712,2026-08-09T08:15:00,WhatsApp,"Kal thoda late ho jayega, Saturday kar sakte ho?",Reschedule,Reschedule,Saturday,High,Provider/patient running late
C000651,APT001442,PT01490,2026-08-10T11:15:00,WhatsApp,"Haan theek hai, confirm kar do",Confirm,Confirm,,Low,
C000652,APT001443,PT00767,2026-08-24T17:00:00,Call,Ok confirmed,Confirm,Confirm,,Low,
C000653,APT001445,PT00072,2026-06-18T18:45:00,SMS,Ok confirmed,Confirm,Confirm,,Low,
C000654,APT001446,PT00765,2026-06-26T18:15:00,SMS,"Kal thoda late ho jayega, Saturday kar sakte ho?",Reschedule,Reschedule,Saturday,High,Provider/patient running late
C000655,APT001448,PT00528,2026-07-18T09:00:00,SMS,"Yes that works, see you then",Confirm,Confirm,,Low,
C000656,APT001450,PT01343,2026-06-16T08:30:00,SMS,"Haan theek hai, confirm kar do",Confirm,Confirm,,Low,
C000657,APT001452,PT01690,2026-07-17T15:30:00,Call,,No Response,No Response,,Low,
C000658,APT001454,PT01296,2026-07-11T09:00:00,SMS,"Yes that works, see you then",Confirm,Confirm,,Low,
C000659,APT001457,PT00688,2026-07-12T13:45:00,SMS,Is week cancel karna padega,Cancel,Cancel,,Low,
C000660,APT001458,PT01995,2026-06-30T13:30:00,Call,Ok confirmed,Confirm,Confirm,,Low,
C000661,APT001462,PT01702,2026-07-29T11:00:00,WhatsApp,,No Response,No Response,,Low,
C000662,APT001463,PT00655,2026-06-21T17:30:00,WhatsApp,Ok confirmed,Confirm,Confirm,,Low,
C000663,APT001469,PT00788,2026-07-20T13:45:00,SMS,"Doctor visit hai usi din, reschedule possible?",Reschedule,Reschedule,,Medium,Conflicting doctor visit
C000664,APT001470,PT01073,2026-08-23T15:15:00,Call,"Haan theek hai, confirm kar do",Confirm,Confirm,,Low,
C000665,APT001474,PT00822,2026-06-08T09:00:00,Call,Not needed this time,Cancel,Cancel,,Low,
C000666,APT001475,PT00213,2026-07-18T08:30:00,SMS,"Haan theek hai, confirm kar do",Confirm,Confirm,,Low,
C000667,APT001483,PT00778,2026-06-19T10:00:00,SMS,Not needed this time,Cancel,Cancel,,Low,
C000668,APT001484,PT00351,2026-07-27T08:30:00,Call,Ok confirmed,Confirm,Confirm,,Low,
C000669,APT001488,PT00615,2026-08-11T18:15:00,SMS,"Doctor visit hai usi din, reschedule possible?",Reschedule,Reschedule,,Medium,Conflicting doctor visit
C000670,APT001490,PT01518,2026-07-09T17:15:00,WhatsApp,Ok confirmed,Confirm,Confirm,,Low,
C000671,APT001491,PT01230,2026-07-31T16:30:00,Call,Can we move to next week?,Reschedule,Reschedule,,Medium,
C000672,APT001492,PT02000,2026-07-31T12:45:00,WhatsApp,"Haan theek hai, confirm kar do",Confirm,Confirm,,Low,
C000673,APT001493,PT01446,2026-08-09T20:30:00,Call,,No Response,No Response,,Low,
C000674,APT001495,PT01048,2026-07-08T15:30:00,Call,"Doctor visit hai usi din, reschedule possible?",Reschedule,Reschedule,,Medium,Conflicting doctor visit
C000675,APT001496,PT00131,2026-07-12T08:15:00,Call,"Kal thoda late ho jayega, Saturday kar sakte ho?",Reschedule,Reschedule,Saturday,High,Provider/patient running late
C000676,APT001498,PT01117,2026-07-08T19:45:00,SMS,Ok confirmed,Confirm,Confirm,,Low,
C000677,APT001500,PT01059,2026-08-11T11:45:00,SMS,Ok confirmed,Confirm,Confirm,,Low,
C000678,APT001503,PT01691,2026-08-12T09:00:00,SMS,Please cancel this visit,Cancel,Cancel,,Low,
C000679,APT001506,PT01225,2026-08-21T09:30:00,SMS,Can we move to next week?,Reschedule,Reschedule,,Medium,
C000680,APT001508,PT00058,2026-06-14T08:00:00,SMS,"Yes that works, see you then",Confirm,Confirm,,Low,
C000681,APT001515,PT01151,2026-08-10T10:30:00,WhatsApp,"Haan theek hai, confirm kar do",Confirm,Confirm,,Low,
C000682,APT001517,PT01125,2026-06-20T20:30:00,SMS,"Yes that works, see you then",Confirm,Confirm,,Low,
C000683,APT001518,PT01482,2026-08-28T10:45:00,WhatsApp,Ok confirmed,Confirm,Confirm,,Low,
C000684,APT001519,PT00806,2026-06-09T15:15:00,Call,"Haan theek hai, confirm kar do",Confirm,Confirm,,Low,
C000685,APT001521,PT00096,2026-07-19T10:00:00,Call,,No Response,No Response,,Low,
C000686,APT001522,PT01075,2026-07-12T17:30:00,Call,,No Response,No Response,,Low,
C000687,APT001525,PT00971,2026-07-17T15:00:00,WhatsApp,Ok confirmed,Confirm,Confirm,,Low,
C000688,APT001526,PT00106,2026-07-20T17:45:00,WhatsApp,Can we move to next week?,Reschedule,Reschedule,,Medium,
C000689,APT001527,PT00949,2026-06-18T20:45:00,Call,"Kal thoda late ho jayega, Saturday kar sakte ho?",Reschedule,Reschedule,Saturday,High,Provider/patient running late
C000690,APT001532,PT00748,2026-08-28T16:30:00,Call,Please cancel this visit,Cancel,Cancel,,Low,
C000691,APT001533,PT01744,2026-06-17T20:00:00,SMS,"Doctor visit hai usi din, reschedule possible?",Reschedule,Reschedule,,Medium,Conflicting doctor visit
C000692,APT001535,PT01719,2026-07-12T17:00:00,WhatsApp,,No Response,No Response,,Low,
C000693,APT001538,PT01040,2026-06-07T10:45:00,SMS,"Haan theek hai, confirm kar do",Confirm,Confirm,,Low,
C000694,APT001539,PT00662,2026-06-10T09:45:00,Call,Please cancel this visit,Cancel,Cancel,,Low,
C000695,APT001544,PT00601,2026-08-08T08:15:00,Call,Ok confirmed,Confirm,Confirm,,Low,
C000696,APT001545,PT00353,2026-08-03T13:45:00,WhatsApp,"Kal thoda late ho jayega, Saturday kar sakte ho?",Reschedule,Reschedule,Saturday,High,Provider/patient running late
C000697,APT001546,PT01731,2026-07-24T15:30:00,Call,,No Response,No Response,,Low,
C000698,APT001548,PT00451,2026-08-05T13:00:00,SMS,Can we move to next week?,Reschedule,Reschedule,,Medium,
C000699,APT001549,PT00678,2026-07-27T09:00:00,WhatsApp,"Haan theek hai, confirm kar do",Confirm,Confirm,,Low,
C000700,APT001550,PT01903,2026-08-06T19:30:00,Call,"Doctor visit hai usi din, reschedule possible?",Reschedule,Reschedule,,Medium,Conflicting doctor visit
C000701,APT001551,PT01945,2026-06-12T16:15:00,WhatsApp,Is week cancel karna padega,Cancel,Cancel,,Low,
C000702,APT001552,PT01076,2026-07-31T17:15:00,Call,"Kal thoda late ho jayega, Saturday kar sakte ho?",Reschedule,Reschedule,Saturday,High,Provider/patient running late
C000703,APT001553,PT01985,2026-08-01T09:30:00,WhatsApp,"Haan theek hai, confirm kar do",Confirm,Confirm,,Low,
C000704,APT001556,PT01962,2026-06-30T19:15:00,SMS,"Haan theek hai, confirm kar do",Confirm,Confirm,,Low,
C000705,APT001557,PT00818,2026-06-15T19:45:00,Call,,No Response,No Response,,Low,
C000706,APT001560,PT00342,2026-07-12T15:15:00,Call,"Doctor visit hai usi din, reschedule possible?",Reschedule,Reschedule,,Medium,Conflicting doctor visit
C000707,APT001562,PT01763,2026-08-12T18:00:00,WhatsApp,"Kal thoda late ho jayega, Saturday kar sakte ho?",Reschedule,Reschedule,Saturday,High,Provider/patient running late
C000708,APT001563,PT00458,2026-07-21T09:30:00,WhatsApp,"Doctor visit hai usi din, reschedule possible?",Reschedule,Reschedule,,Medium,Conflicting doctor visit
C000709,APT001564,PT01124,2026-08-20T13:45:00,Call,"Haan theek hai, confirm kar do",Confirm,Confirm,,Low,
C000710,APT001566,PT00105,2026-06-15T11:30:00,Call,Please cancel this visit,Cancel,Cancel,,Low,
C000711,APT001567,PT01758,2026-08-26T13:45:00,WhatsApp,,No Response,No Response,,Low,
C000712,APT001569,PT00062,2026-06-09T14:45:00,Call,Please cancel this visit,Cancel,Cancel,,Low,
C000713,APT001570,PT01941,2026-07-29T11:00:00,WhatsApp,Can we move to next week?,Reschedule,Reschedule,,Medium,
C000714,APT001571,PT01013,2026-06-17T15:00:00,WhatsApp,Not needed this time,Cancel,Cancel,,Low,
C000715,APT001575,PT01603,2026-07-14T19:00:00,Call,Ok confirmed,Confirm,Confirm,,Low,
C000716,APT001578,PT01542,2026-07-16T14:45:00,Call,Not needed this time,Cancel,Cancel,,Low,
C000717,APT001581,PT01990,2026-06-28T14:30:00,Call,"Yes that works, see you then",Confirm,Confirm,,Low,
C000718,APT001583,PT01762,2026-07-14T13:15:00,SMS,Can we move to next week?,Reschedule,Reschedule,,Medium,
C000719,APT001584,PT01180,2026-07-25T20:15:00,WhatsApp,,No Response,No Response,,Low,
C000720,APT001588,PT01338,2026-08-07T08:30:00,WhatsApp,"Haan theek hai, confirm kar do",Confirm,Confirm,,Low,
C000721,APT001589,PT01455,2026-08-26T15:45:00,WhatsApp,Can we move to next week?,Reschedule,Reschedule,,Medium,
C000722,APT001590,PT01055,2026-07-02T15:15:00,SMS,"Yes that works, see you then",Confirm,Confirm,,Low,
C000723,APT001591,PT01325,2026-08-18T13:15:00,SMS,"Yes that works, see you then",Confirm,Confirm,,Low,
C000724,APT001594,PT01508,2026-08-15T17:45:00,SMS,Ok confirmed,Confirm,Confirm,,Low,
C000725,APT001596,PT01298,2026-07-03T10:30:00,Call,Can we move to next week?,Reschedule,Reschedule,,Medium,
C000726,APT001599,PT00332,2026-08-16T09:45:00,Call,"Yes that works, see you then",Confirm,Confirm,,Low,
C000727,APT001600,PT00875,2026-06-05T18:45:00,WhatsApp,"Haan theek hai, confirm kar do",Confirm,Confirm,,Low,
C000728,APT001601,PT00544,2026-06-06T13:00:00,Call,,No Response,No Response,,Low,
C000729,APT001603,PT00355,2026-06-24T16:15:00,Call,Can we move to next week?,Reschedule,Reschedule,,Medium,
C000730,APT001606,PT01705,2026-06-02T10:30:00,Call,"Haan theek hai, confirm kar do",Confirm,Confirm,,Low,
C000731,APT001607,PT00874,2026-07-09T16:45:00,Call,Ok confirmed,Confirm,Confirm,,Low,
C000732,APT001608,PT01410,2026-08-14T16:00:00,WhatsApp,Ok confirmed,Confirm,Confirm,,Low,
C000733,APT001609,PT00852,2026-08-19T19:00:00,WhatsApp,"Kal thoda late ho jayega, Saturday kar sakte ho?",Reschedule,Reschedule,Saturday,High,Provider/patient running late
C000734,APT001611,PT01082,2026-06-23T19:15:00,WhatsApp,"Haan theek hai, confirm kar do",Confirm,Confirm,,Low,
C000735,APT001612,PT00268,2026-06-29T14:30:00,SMS,"Haan theek hai, confirm kar do",Confirm,Confirm,,Low,
C000736,APT001614,PT01464,2026-07-27T18:45:00,SMS,Is week cancel karna padega,Cancel,Cancel,,Low,
C000737,APT001615,PT00036,2026-06-04T13:30:00,Call,"Kal thoda late ho jayega, Saturday kar sakte ho?",Reschedule,Reschedule,Saturday,High,Provider/patient running late
C000738,APT001616,PT00908,2026-08-03T09:00:00,WhatsApp,"Yes that works, see you then",Confirm,Confirm,,Low,
C000739,APT001617,PT01943,2026-07-08T13:45:00,WhatsApp,"Haan theek hai, confirm kar do",Confirm,Confirm,,Low,
C000740,APT001618,PT00054,2026-07-27T18:15:00,SMS,"Yes that works, see you then",Confirm,Confirm,,Low,
C000741,APT001620,PT00076,2026-08-22T16:00:00,WhatsApp,Ok confirmed,Confirm,Confirm,,Low,
C000742,APT001622,PT00999,2026-07-01T19:00:00,SMS,,No Response,No Response,,Low,
C000743,APT001628,PT00991,2026-06-21T18:45:00,Call,"Kal thoda late ho jayega, Saturday kar sakte ho?",Reschedule,Reschedule,Saturday,High,Provider/patient running late
C000744,APT001629,PT00212,2026-08-03T12:45:00,Call,,No Response,No Response,,Low,
C000745,APT001631,PT01539,2026-08-15T15:00:00,SMS,Not needed this time,Cancel,Cancel,,Low,
C000746,APT001632,PT01068,2026-06-03T10:30:00,Call,Ok confirmed,Confirm,Confirm,,Low,
C000747,APT001633,PT00010,2026-08-02T19:00:00,Call,"Haan theek hai, confirm kar do",Confirm,Confirm,,Low,
C000748,APT001635,PT00603,2026-07-02T13:15:00,Call,,No Response,No Response,,Low,
C000749,APT001638,PT01822,2026-06-19T19:45:00,Call,"Yes that works, see you then",Confirm,Confirm,,Low,
C000750,APT001640,PT01999,2026-08-12T15:15:00,Call,Can we move to next week?,Reschedule,Reschedule,,Medium,
C000751,APT001642,PT00068,2026-06-10T11:15:00,WhatsApp,"Haan theek hai, confirm kar do",Confirm,Confirm,,Low,
C000752,APT001643,PT01731,2026-08-03T08:00:00,WhatsApp,Ok confirmed,Confirm,Confirm,,Low,
C000753,APT001647,PT00400,2026-08-02T19:15:00,SMS,Is week cancel karna padega,Cancel,Cancel,,Low,
C000754,APT001649,PT01195,2026-07-20T14:45:00,Call,"Haan theek hai, confirm kar do",Confirm,Confirm,,Low,
C000755,APT001651,PT00468,2026-08-07T10:00:00,Call,Ok confirmed,Confirm,Confirm,,Low,
C000756,APT001653,PT01587,2026-08-06T10:15:00,WhatsApp,"Haan theek hai, confirm kar do",Confirm,Confirm,,Low,
C000757,APT001658,PT01190,2026-06-05T09:00:00,Call,Not needed this time,Cancel,Cancel,,Low,
C000758,APT001659,PT00006,2026-06-24T08:00:00,Call,"Haan theek hai, confirm kar do",Confirm,Confirm,,Low,
C000759,APT001661,PT00139,2026-08-11T11:00:00,WhatsApp,,No Response,No Response,,Low,
C000760,APT001662,PT01431,2026-06-25T08:30:00,SMS,Not needed this time,Cancel,Cancel,,Low,
C000761,APT001663,PT00847,2026-08-08T20:15:00,Call,"Haan theek hai, confirm kar do",Confirm,Confirm,,Low,
C000762,APT001664,PT00543,2026-08-15T20:45:00,WhatsApp,Is week cancel karna padega,Cancel,Cancel,,Low,
C000763,APT001665,PT01039,2026-07-23T18:30:00,WhatsApp,"Yes that works, see you then",Confirm,Confirm,,Low,
C000764,APT001669,PT00291,2026-07-02T11:00:00,WhatsApp,"Yes that works, see you then",Confirm,Confirm,,Low,
C000765,APT001670,PT01843,2026-07-02T13:00:00,Call,,No Response,No Response,,Low,
C000766,APT001671,PT00568,2026-05-30T09:00:00,WhatsApp,,No Response,No Response,,Low,
C000767,APT001674,PT00756,2026-07-21T12:15:00,SMS,Ok confirmed,Confirm,Confirm,,Low,
C000768,APT001678,PT00364,2026-07-05T09:45:00,SMS,,No Response,No Response,,Low,
C000769,APT001680,PT00627,2026-08-20T17:00:00,Call,"Doctor visit hai usi din, reschedule possible?",Reschedule,Reschedule,,Medium,Conflicting doctor visit
C000770,APT001681,PT01460,2026-07-10T18:30:00,Call,Can we move to next week?,Reschedule,Reschedule,,Medium,
C000771,APT001684,PT00798,2026-07-02T14:45:00,SMS,"Haan theek hai, confirm kar do",Confirm,Confirm,,Low,
C000772,APT001685,PT00839,2026-08-10T10:00:00,Call,,No Response,No Response,,Low,
C000773,APT001688,PT00427,2026-08-02T11:00:00,WhatsApp,"Doctor visit hai usi din, reschedule possible?",Reschedule,Reschedule,,Medium,Conflicting doctor visit
C000774,APT001689,PT01197,2026-07-12T10:30:00,Call,,No Response,No Response,,Low,
C000775,APT001691,PT00719,2026-06-24T11:45:00,WhatsApp,"Kal thoda late ho jayega, Saturday kar sakte ho?",Reschedule,Reschedule,Saturday,High,Provider/patient running late
C000776,APT001692,PT01859,2026-06-02T16:45:00,SMS,Ok confirmed,Confirm,Confirm,,Low,
C000777,APT001693,PT00686,2026-07-12T18:00:00,Call,,No Response,No Response,,Low,
C000778,APT001695,PT01374,2026-07-25T18:00:00,SMS,"Haan theek hai, confirm kar do",Confirm,Confirm,,Low,
C000779,APT001696,PT00318,2026-07-29T16:30:00,SMS,"Kal thoda late ho jayega, Saturday kar sakte ho?",Reschedule,Reschedule,Saturday,High,Provider/patient running late
C000780,APT001707,PT00581,2026-06-08T20:00:00,Call,"Yes that works, see you then",Confirm,Confirm,,Low,
C000781,APT001709,PT01757,2026-08-29T11:00:00,Call,Ok confirmed,Confirm,Confirm,,Low,
C000782,APT001710,PT00644,2026-08-03T16:15:00,WhatsApp,"Yes that works, see you then",Confirm,Confirm,,Low,
C000783,APT001712,PT00315,2026-07-25T18:00:00,SMS,"Haan theek hai, confirm kar do",Confirm,Confirm,,Low,
C000784,APT001717,PT01792,2026-07-22T15:30:00,SMS,Ok confirmed,Confirm,Confirm,,Low,
C000785,APT001718,PT00083,2026-06-09T08:00:00,Call,Can we move to next week?,Reschedule,Reschedule,,Medium,
C000786,APT001721,PT00438,2026-07-21T11:00:00,Call,Ok confirmed,Confirm,Confirm,,Low,
C000787,APT001722,PT01909,2026-06-10T13:00:00,SMS,"Kal thoda late ho jayega, Saturday kar sakte ho?",Reschedule,Reschedule,Saturday,High,Provider/patient running late
C000788,APT001725,PT01592,2026-08-27T13:30:00,WhatsApp,"Yes that works, see you then",Confirm,Confirm,,Low,
C000789,APT001734,PT01999,2026-08-28T17:15:00,Call,Can we move to next week?,Reschedule,Reschedule,,Medium,
C000790,APT001739,PT00766,2026-07-11T19:45:00,SMS,Please cancel this visit,Cancel,Cancel,,Low,
C000791,APT001744,PT00698,2026-06-21T08:45:00,Call,"Haan theek hai, confirm kar do",Confirm,Confirm,,Low,
C000792,APT001748,PT01587,2026-06-19T08:15:00,Call,Please cancel this visit,Cancel,Cancel,,Low,
C000793,APT001749,PT00479,2026-08-11T18:30:00,SMS,"Kal thoda late ho jayega, Saturday kar sakte ho?",Reschedule,Reschedule,Saturday,High,Provider/patient running late
C000794,APT001756,PT00495,2026-07-20T10:30:00,SMS,Can we move to next week?,Reschedule,Reschedule,,Medium,
C000795,APT001761,PT01665,2026-06-07T20:30:00,SMS,"Kal thoda late ho jayega, Saturday kar sakte ho?",Reschedule,Reschedule,Saturday,High,Provider/patient running late
C000796,APT001768,PT01573,2026-06-20T12:45:00,WhatsApp,"Haan theek hai, confirm kar do",Confirm,Confirm,,Low,
C000797,APT001772,PT01202,2026-07-25T10:15:00,Call,,No Response,No Response,,Low,
C000798,APT001775,PT00985,2026-07-17T16:15:00,Call,"Doctor visit hai usi din, reschedule possible?",Reschedule,Reschedule,,Medium,Conflicting doctor visit
C000799,APT001777,PT01941,2026-08-01T11:45:00,SMS,,No Response,No Response,,Low,
C000800,APT001778,PT00427,2026-08-04T17:00:00,WhatsApp,"Haan theek hai, confirm kar do",Confirm,Confirm,,Low,
C000801,APT001779,PT00961,2026-08-06T15:15:00,WhatsApp,Ok confirmed,Confirm,Confirm,,Low,
C000802,APT001780,PT00983,2026-06-14T15:45:00,WhatsApp,Ok confirmed,Confirm,Confirm,,Low,
C000803,APT001781,PT00865,2026-08-07T16:45:00,Call,"Haan theek hai, confirm kar do",Confirm,Confirm,,Low,
C000804,APT001783,PT01522,2026-07-02T19:30:00,Call,,No Response,No Response,,Low,
C000805,APT001784,PT00521,2026-07-28T12:30:00,Call,"Doctor visit hai usi din, reschedule possible?",Reschedule,Reschedule,,Medium,Conflicting doctor visit
C000806,APT001787,PT01955,2026-07-20T13:30:00,Call,Ok confirmed,Confirm,Confirm,,Low,
C000807,APT001795,PT00084,2026-07-04T17:00:00,Call,"Doctor visit hai usi din, reschedule possible?",Reschedule,Reschedule,,Medium,Conflicting doctor visit
C000808,APT001797,PT00623,2026-06-14T13:45:00,Call,Can we move to next week?,Reschedule,Reschedule,,Medium,
C000809,APT001799,PT01137,2026-07-15T13:00:00,WhatsApp,"Yes that works, see you then",Confirm,Confirm,,Low,
C000810,APT001800,PT00664,2026-06-09T11:00:00,SMS,"Yes that works, see you then",Confirm,Confirm,,Low,
C000811,APT001804,PT00611,2026-06-28T08:30:00,WhatsApp,"Yes that works, see you then",Confirm,Confirm,,Low,
C000812,APT001806,PT00177,2026-08-21T11:45:00,WhatsApp,"Yes that works, see you then",Confirm,Confirm,,Low,
C000813,APT001808,PT01934,2026-07-16T18:00:00,Call,Ok confirmed,Confirm,Confirm,,Low,
C000814,APT001809,PT01427,2026-07-23T11:15:00,SMS,,No Response,No Response,,Low,
C000815,APT001818,PT01287,2026-07-08T14:00:00,Call,,No Response,No Response,,Low,
C000816,APT001819,PT00429,2026-06-11T16:00:00,SMS,"Yes that works, see you then",Confirm,Confirm,,Low,
C000817,APT001820,PT00682,2026-07-27T20:30:00,Call,Ok confirmed,Confirm,Confirm,,Low,
C000818,APT001821,PT01929,2026-06-17T12:00:00,SMS,Not needed this time,Cancel,Cancel,,Low,
C000819,APT001822,PT01145,2026-06-27T18:30:00,WhatsApp,Can we move to next week?,Reschedule,Reschedule,,Medium,
C000820,APT001826,PT00381,2026-06-27T15:30:00,Call,"Yes that works, see you then",Confirm,Confirm,,Low,
C000821,APT001828,PT01277,2026-07-10T20:45:00,Call,"Haan theek hai, confirm kar do",Confirm,Confirm,,Low,
C000822,APT001829,PT00410,2026-08-17T20:30:00,WhatsApp,Ok confirmed,Confirm,Confirm,,Low,
C000823,APT001833,PT01453,2026-06-26T18:45:00,WhatsApp,Ok confirmed,Confirm,Confirm,,Low,
C000824,APT001834,PT00428,2026-07-23T08:00:00,WhatsApp,"Doctor visit hai usi din, reschedule possible?",Reschedule,Reschedule,,Medium,Conflicting doctor visit
C000825,APT001835,PT01102,2026-07-16T12:45:00,SMS,"Doctor visit hai usi din, reschedule possible?",Reschedule,Reschedule,,Medium,Conflicting doctor visit
C000826,APT001838,PT01087,2026-06-14T11:30:00,SMS,"Kal thoda late ho jayega, Saturday kar sakte ho?",Reschedule,Reschedule,Saturday,High,Provider/patient running late
C000827,APT001839,PT00100,2026-07-21T18:30:00,Call,,No Response,No Response,,Low,
C000828,APT001840,PT01127,2026-06-08T19:30:00,SMS,"Doctor visit hai usi din, reschedule possible?",Reschedule,Reschedule,,Medium,Conflicting doctor visit
C000829,APT001842,PT00151,2026-06-08T20:00:00,Call,Ok confirmed,Confirm,Confirm,,Low,
C000830,APT001845,PT01829,2026-07-06T19:15:00,Call,,No Response,No Response,,Low,
C000831,APT001846,PT00017,2026-07-26T12:15:00,SMS,"Kal thoda late ho jayega, Saturday kar sakte ho?",Reschedule,Reschedule,Saturday,High,Provider/patient running late
C000832,APT001847,PT01412,2026-06-09T17:45:00,WhatsApp,"Yes that works, see you then",Confirm,Confirm,,Low,
C000833,APT001852,PT00500,2026-06-15T09:00:00,Call,Can we move to next week?,Reschedule,Reschedule,,Medium,
C000834,APT001853,PT01419,2026-08-12T08:30:00,SMS,"Haan theek hai, confirm kar do",Confirm,Confirm,,Low,
C000835,APT001855,PT00339,2026-07-12T20:15:00,SMS,"Doctor visit hai usi din, reschedule possible?",Reschedule,Reschedule,,Medium,Conflicting doctor visit
C000836,APT001858,PT01216,2026-06-18T09:30:00,SMS,,No Response,No Response,,Low,
C000837,APT001859,PT00423,2026-07-05T09:45:00,WhatsApp,,No Response,No Response,,Low,
C000838,APT001860,PT01642,2026-08-03T13:00:00,WhatsApp,"Kal thoda late ho jayega, Saturday kar sakte ho?",Reschedule,Reschedule,Saturday,High,Provider/patient running late
C000839,APT001862,PT00145,2026-07-15T14:15:00,SMS,"Doctor visit hai usi din, reschedule possible?",Reschedule,Reschedule,,Medium,Conflicting doctor visit
C000840,APT001864,PT00696,2026-07-18T13:15:00,Call,"Haan theek hai, confirm kar do",Confirm,Confirm,,Low,
C000841,APT001866,PT00278,2026-08-10T18:15:00,Call,"Kal thoda late ho jayega, Saturday kar sakte ho?",Reschedule,Reschedule,Saturday,High,Provider/patient running late
C000842,APT001867,PT01847,2026-08-01T08:30:00,WhatsApp,"Doctor visit hai usi din, reschedule possible?",Reschedule,Reschedule,,Medium,Conflicting doctor visit
C000843,APT001870,PT00029,2026-07-12T18:30:00,Call,"Yes that works, see you then",Confirm,Confirm,,Low,
C000844,APT001873,PT00639,2026-06-06T18:00:00,WhatsApp,Please cancel this visit,Cancel,Cancel,,Low,
C000845,APT001875,PT01617,2026-06-19T09:00:00,Call,"Haan theek hai, confirm kar do",Confirm,Confirm,,Low,
C000846,APT001877,PT01115,2026-07-24T14:00:00,Call,,No Response,No Response,,Low,
C000847,APT001880,PT01901,2026-08-06T08:00:00,SMS,Can we move to next week?,Reschedule,Reschedule,,Medium,
C000848,APT001882,PT01000,2026-06-19T16:15:00,Call,"Yes that works, see you then",Confirm,Confirm,,Low,
C000849,APT001884,PT01689,2026-08-23T18:00:00,WhatsApp,Ok confirmed,Confirm,Confirm,,Low,
C000850,APT001885,PT01749,2026-07-19T12:30:00,Call,Not needed this time,Cancel,Cancel,,Low,
C000851,APT001887,PT01743,2026-08-17T18:45:00,WhatsApp,Can we move to next week?,Reschedule,Reschedule,,Medium,
C000852,APT001889,PT00652,2026-05-31T18:00:00,SMS,Ok confirmed,Confirm,Confirm,,Low,
C000853,APT001890,PT01202,2026-08-27T09:30:00,SMS,Ok confirmed,Confirm,Confirm,,Low,
C000854,APT001892,PT01048,2026-08-22T08:00:00,WhatsApp,Can we move to next week?,Reschedule,Reschedule,,Medium,
C000855,APT001893,PT00555,2026-08-18T12:15:00,SMS,"Haan theek hai, confirm kar do",Confirm,Confirm,,Low,
C000856,APT001894,PT01561,2026-07-17T13:45:00,SMS,"Yes that works, see you then",Confirm,Confirm,,Low,
C000857,APT001895,PT01677,2026-06-14T15:30:00,SMS,,No Response,No Response,,Low,
C000858,APT001896,PT01192,2026-06-16T12:15:00,SMS,"Haan theek hai, confirm kar do",Confirm,Confirm,,Low,
C000859,APT001898,PT00055,2026-07-22T20:15:00,Call,,No Response,No Response,,Low,
C000860,APT001900,PT00058,2026-06-19T13:30:00,WhatsApp,"Doctor visit hai usi din, reschedule possible?",Reschedule,Reschedule,,Medium,Conflicting doctor visit
C000861,APT001904,PT01131,2026-08-07T16:00:00,SMS,,No Response,No Response,,Low,
C000862,APT001907,PT00749,2026-07-03T08:45:00,SMS,Ok confirmed,Confirm,Confirm,,Low,
C000863,APT001909,PT00484,2026-06-18T10:45:00,Call,Ok confirmed,Confirm,Confirm,,Low,
C000864,APT001910,PT00276,2026-06-30T18:00:00,SMS,"Yes that works, see you then",Confirm,Confirm,,Low,
C000865,APT001913,PT01553,2026-06-26T16:30:00,Call,"Haan theek hai, confirm kar do",Confirm,Confirm,,Low,
C000866,APT001916,PT00111,2026-08-12T16:00:00,SMS,"Doctor visit hai usi din, reschedule possible?",Reschedule,Reschedule,,Medium,Conflicting doctor visit
C000867,APT001917,PT00680,2026-06-21T17:45:00,Call,"Haan theek hai, confirm kar do",Confirm,Confirm,,Low,
C000868,APT001918,PT00144,2026-08-26T10:45:00,SMS,Not needed this time,Cancel,Cancel,,Low,
C000869,APT001919,PT00182,2026-08-07T15:15:00,WhatsApp,Ok confirmed,Confirm,Confirm,,Low,
C000870,APT001920,PT00215,2026-08-11T11:45:00,WhatsApp,"Haan theek hai, confirm kar do",Confirm,Confirm,,Low,
C000871,APT001922,PT00180,2026-07-09T14:00:00,Call,Is week cancel karna padega,Cancel,Cancel,,Low,
C000872,APT001924,PT00631,2026-06-26T12:30:00,WhatsApp,"Yes that works, see you then",Confirm,Confirm,,Low,
C000873,APT001928,PT01278,2026-06-25T18:45:00,Call,"Haan theek hai, confirm kar do",Confirm,Confirm,,Low,
C000874,APT001929,PT01753,2026-07-25T18:30:00,SMS,Ok confirmed,Confirm,Confirm,,Low,
C000875,APT001930,PT01055,2026-08-20T13:00:00,SMS,Ok confirmed,Confirm,Confirm,,Low,
C000876,APT001931,PT00008,2026-06-02T17:15:00,Call,,No Response,No Response,,Low,
C000877,APT001934,PT00395,2026-06-18T11:30:00,Call,Can we move to next week?,Reschedule,Reschedule,,Medium,
C000878,APT001937,PT01895,2026-07-15T10:30:00,Call,Ok confirmed,Confirm,Confirm,,Low,
C000879,APT001938,PT00146,2026-06-03T18:30:00,WhatsApp,Is week cancel karna padega,Cancel,Cancel,,Low,
C000880,APT001939,PT01110,2026-07-27T11:00:00,Call,Ok confirmed,Confirm,Confirm,,Low,
C000881,APT001940,PT01155,2026-06-23T15:00:00,SMS,"Yes that works, see you then",Confirm,Confirm,,Low,
C000882,APT001941,PT00390,2026-06-13T09:00:00,WhatsApp,"Doctor visit hai usi din, reschedule possible?",Reschedule,Reschedule,,Medium,Conflicting doctor visit
C000883,APT001942,PT01668,2026-07-15T15:45:00,Call,,No Response,No Response,,Low,
C000884,APT001944,PT00672,2026-08-14T13:30:00,Call,"Haan theek hai, confirm kar do",Confirm,Confirm,,Low,
C000885,APT001947,PT01397,2026-08-17T18:15:00,WhatsApp,Ok confirmed,Confirm,Confirm,,Low,
C000886,APT001949,PT01823,2026-07-12T20:30:00,SMS,Can we move to next week?,Reschedule,Reschedule,,Medium,
C000887,APT001954,PT00153,2026-07-09T16:45:00,SMS,"Doctor visit hai usi din, reschedule possible?",Reschedule,Reschedule,,Medium,Conflicting doctor visit
C000888,APT001955,PT01624,2026-06-03T11:45:00,WhatsApp,"Yes that works, see you then",Confirm,Confirm,,Low,
C000889,APT001956,PT01866,2026-07-28T13:45:00,WhatsApp,"Yes that works, see you then",Confirm,Confirm,,Low,
C000890,APT001960,PT01409,2026-08-16T09:45:00,Call,"Kal thoda late ho jayega, Saturday kar sakte ho?",Reschedule,Reschedule,Saturday,High,Provider/patient running late
C000891,APT001961,PT01294,2026-08-24T14:15:00,SMS,"Haan theek hai, confirm kar do",Confirm,Confirm,,Low,
C000892,APT001969,PT01778,2026-08-04T19:30:00,SMS,"Haan theek hai, confirm kar do",Confirm,Confirm,,Low,
C000893,APT001974,PT00613,2026-08-28T12:00:00,SMS,,No Response,No Response,,Low,
C000894,APT001975,PT00767,2026-06-12T15:45:00,WhatsApp,"Yes that works, see you then",Confirm,Confirm,,Low,
C000895,APT001977,PT01745,2026-07-21T17:30:00,WhatsApp,Can we move to next week?,Reschedule,Reschedule,,Medium,
C000896,APT001979,PT00628,2026-06-29T11:45:00,SMS,Ok confirmed,Confirm,Confirm,,Low,
C000897,APT001981,PT00084,2026-06-15T09:45:00,WhatsApp,Ok confirmed,Confirm,Confirm,,Low,
C000898,APT001982,PT01522,2026-08-07T20:15:00,Call,"Haan theek hai, confirm kar do",Confirm,Confirm,,Low,
C000899,APT001983,PT01347,2026-07-07T09:00:00,Call,"Haan theek hai, confirm kar do",Confirm,Confirm,,Low,
C000900,APT001986,PT01033,2026-07-27T15:00:00,Call,,No Response,No Response,,Low,
C000901,APT001989,PT00174,2026-07-17T17:00:00,WhatsApp,Can we move to next week?,Reschedule,Reschedule,,Medium,
C000902,APT001990,PT00610,2026-08-19T10:45:00,Call,Is week cancel karna padega,Cancel,Cancel,,Low,
C000903,APT001993,PT01110,2026-07-10T08:15:00,SMS,"Doctor visit hai usi din, reschedule possible?",Reschedule,Reschedule,,Medium,Conflicting doctor visit
C000904,APT001994,PT00501,2026-08-15T12:30:00,Call,Not needed this time,Cancel,Cancel,,Low,
C000905,APT001995,PT01477,2026-06-05T14:30:00,SMS,"Kal thoda late ho jayega, Saturday kar sakte ho?",Reschedule,Reschedule,Saturday,High,Provider/patient running late
C000906,APT001996,PT01821,2026-08-20T14:45:00,Call,"Doctor visit hai usi din, reschedule possible?",Reschedule,Reschedule,,Medium,Conflicting doctor visit
C000907,APT001997,PT01932,2026-06-15T20:45:00,WhatsApp,"Haan theek hai, confirm kar do",Confirm,Confirm,,Low,
C000908,APT001999,PT00329,2026-08-13T16:45:00,SMS,Ok confirmed,Confirm,Confirm,,Low,
C000909,APT002000,PT01532,2026-08-04T13:00:00,SMS,"Doctor visit hai usi din, reschedule possible?",Reschedule,Reschedule,,Medium,Conflicting doctor visit
C000910,APT002002,PT00780,2026-07-13T10:45:00,WhatsApp,,No Response,No Response,,Low,
C000911,APT002008,PT00987,2026-07-21T14:15:00,SMS,Not needed this time,Cancel,Cancel,,Low,
C000912,APT002009,PT01011,2026-06-03T13:15:00,Call,"Yes that works, see you then",Confirm,Confirm,,Low,
C000913,APT002013,PT00271,2026-06-20T09:30:00,Call,"Yes that works, see you then",Confirm,Confirm,,Low,
C000914,APT002015,PT01132,2026-08-13T12:15:00,WhatsApp,,No Response,No Response,,Low,
C000915,APT002018,PT00590,2026-06-23T13:30:00,SMS,,No Response,No Response,,Low,
C000916,APT002019,PT01682,2026-06-27T20:15:00,SMS,"Doctor visit hai usi din, reschedule possible?",Reschedule,Reschedule,,Medium,Conflicting doctor visit
C000917,APT002022,PT00674,2026-07-13T19:30:00,Call,Ok confirmed,Confirm,Confirm,,Low,
C000918,APT002023,PT00329,2026-06-05T17:00:00,SMS,Ok confirmed,Confirm,Confirm,,Low,
C000919,APT002024,PT00279,2026-08-18T12:45:00,WhatsApp,Ok confirmed,Confirm,Confirm,,Low,
C000920,APT002026,PT00275,2026-06-06T08:15:00,SMS,Ok confirmed,Confirm,Confirm,,Low,
C000921,APT002030,PT01402,2026-08-05T16:15:00,Call,Ok confirmed,Confirm,Confirm,,Low,
C000922,APT002031,PT00020,2026-08-10T20:00:00,Call,"Yes that works, see you then",Confirm,Confirm,,Low,
C000923,APT002034,PT01257,2026-08-22T14:30:00,Call,"Yes that works, see you then",Confirm,Confirm,,Low,
C000924,APT002035,PT00459,2026-06-20T18:00:00,Call,"Kal thoda late ho jayega, Saturday kar sakte ho?",Reschedule,Reschedule,Saturday,High,Provider/patient running late
C000925,APT002037,PT01548,2026-07-21T12:45:00,WhatsApp,Can we move to next week?,Reschedule,Reschedule,,Medium,
C000926,APT002039,PT01700,2026-06-01T08:00:00,Call,"Kal thoda late ho jayega, Saturday kar sakte ho?",Reschedule,Reschedule,Saturday,High,Provider/patient running late
C000927,APT002040,PT00945,2026-08-28T11:00:00,Call,,No Response,No Response,,Low,
C000928,APT002042,PT01102,2026-08-22T09:00:00,Call,"Haan theek hai, confirm kar do",Confirm,Confirm,,Low,
C000929,APT002044,PT01986,2026-07-05T15:00:00,SMS,Is week cancel karna padega,Cancel,Cancel,,Low,
C000930,APT002046,PT01515,2026-08-17T20:00:00,WhatsApp,"Yes that works, see you then",Confirm,Confirm,,Low,
C000931,APT002054,PT01654,2026-07-23T15:00:00,SMS,"Yes that works, see you then",Confirm,Confirm,,Low,
C000932,APT002055,PT01639,2026-07-04T12:45:00,SMS,Can we move to next week?,Reschedule,Reschedule,,Medium,
C000933,APT002059,PT01692,2026-08-21T18:30:00,Call,"Haan theek hai, confirm kar do",Confirm,Confirm,,Low,
C000934,APT002060,PT01845,2026-07-22T11:15:00,Call,"Kal thoda late ho jayega, Saturday kar sakte ho?",Reschedule,Reschedule,Saturday,High,Provider/patient running late
C000935,APT002063,PT00206,2026-06-27T19:45:00,SMS,"Doctor visit hai usi din, reschedule possible?",Reschedule,Reschedule,,Medium,Conflicting doctor visit
C000936,APT002064,PT00762,2026-06-19T15:30:00,WhatsApp,,No Response,No Response,,Low,
C000937,APT002066,PT01507,2026-06-14T10:45:00,Call,Can we move to next week?,Reschedule,Reschedule,,Medium,
C000938,APT002069,PT01841,2026-06-17T15:30:00,Call,"Haan theek hai, confirm kar do",Confirm,Confirm,,Low,
C000939,APT002071,PT01592,2026-07-16T11:15:00,WhatsApp,"Yes that works, see you then",Confirm,Confirm,,Low,
C000940,APT002074,PT00255,2026-07-25T18:00:00,SMS,Is week cancel karna padega,Cancel,Cancel,,Low,
C000941,APT002076,PT01348,2026-07-06T15:00:00,Call,,No Response,No Response,,Low,
C000942,APT002079,PT01033,2026-06-12T15:45:00,Call,"Kal thoda late ho jayega, Saturday kar sakte ho?",Reschedule,Reschedule,Saturday,High,Provider/patient running late
C000943,APT002080,PT01632,2026-08-11T14:00:00,SMS,"Haan theek hai, confirm kar do",Confirm,Confirm,,Low,
C000944,APT002081,PT01500,2026-06-02T15:15:00,Call,,No Response,No Response,,Low,
C000945,APT002082,PT01599,2026-08-22T16:00:00,SMS,,No Response,No Response,,Low,
C000946,APT002083,PT00452,2026-08-13T19:00:00,SMS,,No Response,No Response,,Low,
C000947,APT002086,PT01163,2026-08-17T13:30:00,WhatsApp,Ok confirmed,Confirm,Confirm,,Low,
C000948,APT002088,PT00903,2026-08-09T17:00:00,SMS,Please cancel this visit,Cancel,Cancel,,Low,
C000949,APT002095,PT01670,2026-08-04T19:00:00,WhatsApp,"Yes that works, see you then",Confirm,Confirm,,Low,
C000950,APT002096,PT00724,2026-07-06T13:00:00,SMS,,No Response,No Response,,Low,
C000951,APT002100,PT00700,2026-07-09T11:00:00,SMS,"Yes that works, see you then",Confirm,Confirm,,Low,
C000952,APT002101,PT01221,2026-06-26T10:30:00,Call,Ok confirmed,Confirm,Confirm,,Low,
C000953,APT002103,PT01673,2026-07-10T12:30:00,WhatsApp,"Yes that works, see you then",Confirm,Confirm,,Low,
C000954,APT002104,PT01586,2026-07-14T13:00:00,SMS,"Doctor visit hai usi din, reschedule possible?",Reschedule,Reschedule,,Medium,Conflicting doctor visit
C000955,APT002106,PT00933,2026-06-24T10:00:00,WhatsApp,"Haan theek hai, confirm kar do",Confirm,Confirm,,Low,
C000956,APT002107,PT00773,2026-08-17T15:45:00,WhatsApp,Can we move to next week?,Reschedule,Reschedule,,Medium,
C000957,APT002111,PT00962,2026-07-09T19:00:00,Call,Ok confirmed,Confirm,Confirm,,Low,
C000958,APT002113,PT00728,2026-06-16T15:45:00,Call,Please cancel this visit,Cancel,Cancel,,Low,
C000959,APT002114,PT00186,2026-07-23T19:15:00,SMS,Can we move to next week?,Reschedule,Reschedule,,Medium,
C000960,APT002115,PT00504,2026-07-04T15:00:00,Call,"Haan theek hai, confirm kar do",Confirm,Confirm,,Low,
C000961,APT002116,PT00650,2026-07-13T08:15:00,WhatsApp,Can we move to next week?,Reschedule,Reschedule,,Medium,
C000962,APT002118,PT00574,2026-07-05T11:30:00,Call,,No Response,No Response,,Low,
C000963,APT002119,PT01630,2026-08-13T09:30:00,SMS,Not needed this time,Cancel,Cancel,,Low,
C000964,APT002121,PT00875,2026-07-19T10:15:00,WhatsApp,Can we move to next week?,Reschedule,Reschedule,,Medium,
C000965,APT002128,PT00874,2026-08-24T14:45:00,SMS,"Doctor visit hai usi din, reschedule possible?",Reschedule,Reschedule,,Medium,Conflicting doctor visit
C000966,APT002132,PT00429,2026-08-26T19:15:00,Call,"Haan theek hai, confirm kar do",Confirm,Confirm,,Low,
C000967,APT002133,PT00428,2026-08-27T10:15:00,SMS,,No Response,No Response,,Low,
C000968,APT002135,PT00296,2026-08-01T20:45:00,SMS,"Yes that works, see you then",Confirm,Confirm,,Low,
C000969,APT002136,PT00979,2026-07-06T11:45:00,WhatsApp,,No Response,No Response,,Low,
C000970,APT002137,PT00323,2026-07-23T12:30:00,SMS,"Doctor visit hai usi din, reschedule possible?",Reschedule,Reschedule,,Medium,Conflicting doctor visit
C000971,APT002138,PT01128,2026-07-27T10:15:00,WhatsApp,"Haan theek hai, confirm kar do",Confirm,Confirm,,Low,
C000972,APT002141,PT00181,2026-07-08T16:15:00,SMS,"Kal thoda late ho jayega, Saturday kar sakte ho?",Reschedule,Reschedule,Saturday,High,Provider/patient running late
C000973,APT002142,PT00100,2026-07-22T11:30:00,SMS,"Haan theek hai, confirm kar do",Confirm,Confirm,,Low,
C000974,APT002143,PT01816,2026-08-04T08:30:00,SMS,"Yes that works, see you then",Confirm,Confirm,,Low,
C000975,APT002146,PT01062,2026-07-05T13:00:00,SMS,Can we move to next week?,Reschedule,Reschedule,,Medium,
C000976,APT002147,PT00325,2026-07-27T18:30:00,WhatsApp,,No Response,No Response,,Low,
C000977,APT002154,PT01581,2026-07-01T15:45:00,Call,"Yes that works, see you then",Confirm,Confirm,,Low,
C000978,APT002156,PT01328,2026-06-06T14:30:00,WhatsApp,"Haan theek hai, confirm kar do",Confirm,Confirm,,Low,
C000979,APT002158,PT01125,2026-08-29T17:15:00,SMS,"Yes that works, see you then",Confirm,Confirm,,Low,
C000980,APT002160,PT00032,2026-06-10T15:30:00,WhatsApp,Please cancel this visit,Cancel,Cancel,,Low,
C000981,APT002162,PT01700,2026-06-09T19:45:00,SMS,"Yes that works, see you then",Confirm,Confirm,,Low,
C000982,APT002164,PT01605,2026-08-29T09:15:00,WhatsApp,"Yes that works, see you then",Confirm,Confirm,,Low,
C000983,APT002166,PT01895,2026-08-18T19:15:00,SMS,,No Response,No Response,,Low,
C000984,APT002167,PT00150,2026-08-14T20:15:00,SMS,Not needed this time,Cancel,Cancel,,Low,
C000985,APT002170,PT01590,2026-07-19T17:15:00,Call,Is week cancel karna padega,Cancel,Cancel,,Low,
C000986,APT002174,PT00034,2026-07-26T14:00:00,SMS,,No Response,No Response,,Low,
C000987,APT002177,PT00121,2026-07-19T18:00:00,WhatsApp,"Yes that works, see you then",Confirm,Confirm,,Low,
C000988,APT002185,PT00766,2026-08-07T12:45:00,Call,"Yes that works, see you then",Confirm,Confirm,,Low,
C000989,APT002186,PT00927,2026-07-12T09:15:00,Call,Ok confirmed,Confirm,Confirm,,Low,
C000990,APT002187,PT01880,2026-06-27T16:15:00,Call,,No Response,No Response,,Low,
C000991,APT002190,PT00763,2026-08-14T10:15:00,SMS,Can we move to next week?,Reschedule,Reschedule,,Medium,
C000992,APT002196,PT00124,2026-07-11T16:15:00,Call,"Haan theek hai, confirm kar do",Confirm,Confirm,,Low,
C000993,APT002197,PT00025,2026-06-21T09:30:00,WhatsApp,,No Response,No Response,,Low,
C000994,APT002199,PT01589,2026-08-02T17:15:00,Call,"Yes that works, see you then",Confirm,Confirm,,Low,
C000995,APT002200,PT01597,2026-07-07T11:30:00,Call,,No Response,No Response,,Low,
C000996,APT002201,PT01360,2026-07-01T11:15:00,SMS,Ok confirmed,Confirm,Confirm,,Low,
C000997,APT002203,PT01814,2026-08-29T12:30:00,WhatsApp,,No Response,No Response,,Low,
C000998,APT002205,PT01265,2026-07-07T12:15:00,WhatsApp,,No Response,No Response,,Low,
C000999,APT002206,PT01521,2026-08-25T11:30:00,SMS,Not needed this time,Cancel,Cancel,,Low,
C001000,APT002207,PT01877,2026-08-23T15:30:00,Call,,No Response,No Response,,Low,
C001001,APT002213,PT00687,2026-06-18T12:00:00,SMS,Ok confirmed,Confirm,Confirm,,Low,
C001002,APT002214,PT01110,2026-08-22T18:30:00,WhatsApp,"Yes that works, see you then",Confirm,Confirm,,Low,
C001003,APT002216,PT00483,2026-08-12T19:15:00,SMS,,No Response,No Response,,Low,
C001004,APT002217,PT00228,2026-08-21T16:30:00,WhatsApp,,No Response,No Response,,Low,
C001005,APT002219,PT01887,2026-08-08T20:30:00,WhatsApp,,No Response,No Response,,Low,
C001006,APT002220,PT01286,2026-07-19T12:15:00,WhatsApp,"Yes that works, see you then",Confirm,Confirm,,Low,
C001007,APT002221,PT01161,2026-06-15T09:45:00,WhatsApp,,No Response,No Response,,Low,
C001008,APT002222,PT00507,2026-07-29T11:00:00,SMS,"Kal thoda late ho jayega, Saturday kar sakte ho?",Reschedule,Reschedule,Saturday,High,Provider/patient running late
C001009,APT002225,PT00671,2026-07-20T15:00:00,Call,Ok confirmed,Confirm,Confirm,,Low,
C001010,APT002227,PT01211,2026-06-04T12:45:00,WhatsApp,"Yes that works, see you then",Confirm,Confirm,,Low,
C001011,APT002229,PT01155,2026-07-24T13:15:00,WhatsApp,,No Response,No Response,,Low,
C001012,APT002231,PT01899,2026-06-03T17:30:00,Call,Can we move to next week?,Reschedule,Reschedule,,Medium,
C001013,APT002234,PT01801,2026-07-26T17:00:00,SMS,"Yes that works, see you then",Confirm,Confirm,,Low,
C001014,APT002237,PT01208,2026-06-28T11:45:00,WhatsApp,"Kal thoda late ho jayega, Saturday kar sakte ho?",Reschedule,Reschedule,Saturday,High,Provider/patient running late
C001015,APT002239,PT00313,2026-05-30T14:00:00,SMS,"Yes that works, see you then",Confirm,Confirm,,Low,
C001016,APT002241,PT00025,2026-08-29T15:30:00,WhatsApp,,No Response,No Response,,Low,
C001017,APT002243,PT01505,2026-06-13T15:45:00,SMS,Ok confirmed,Confirm,Confirm,,Low,
C001018,APT002249,PT00025,2026-08-14T09:45:00,SMS,,No Response,No Response,,Low,
C001019,APT002250,PT01848,2026-06-05T11:30:00,SMS,"Kal thoda late ho jayega, Saturday kar sakte ho?",Reschedule,Reschedule,Saturday,High,Provider/patient running late
C001020,APT002252,PT01783,2026-06-18T12:15:00,Call,Is week cancel karna padega,Cancel,Cancel,,Low,
C001021,APT002254,PT01546,2026-06-23T20:45:00,SMS,,No Response,No Response,,Low,
C001022,APT002255,PT01341,2026-06-26T19:00:00,WhatsApp,Can we move to next week?,Reschedule,Reschedule,,Medium,
C001023,APT002256,PT01846,2026-08-09T16:30:00,SMS,,No Response,No Response,,Low,
C001024,APT002258,PT00423,2026-07-12T10:45:00,WhatsApp,"Haan theek hai, confirm kar do",Confirm,Confirm,,Low,
C001025,APT002259,PT00453,2026-06-14T10:30:00,WhatsApp,,No Response,No Response,,Low,
C001026,APT002261,PT00714,2026-06-11T08:00:00,Call,,No Response,No Response,,Low,
C001027,APT002263,PT01013,2026-06-12T18:00:00,WhatsApp,"Doctor visit hai usi din, reschedule possible?",Reschedule,Reschedule,,Medium,Conflicting doctor visit
C001028,APT002265,PT01390,2026-07-25T09:00:00,SMS,"Kal thoda late ho jayega, Saturday kar sakte ho?",Reschedule,Reschedule,Saturday,High,Provider/patient running late
C001029,APT002266,PT01916,2026-08-13T13:30:00,SMS,"Yes that works, see you then",Confirm,Confirm,,Low,
C001030,APT002270,PT01926,2026-07-01T08:15:00,WhatsApp,"Haan theek hai, confirm kar do",Confirm,Confirm,,Low,
C001031,APT002273,PT01123,2026-07-08T14:45:00,Call,"Haan theek hai, confirm kar do",Confirm,Confirm,,Low,
C001032,APT002274,PT00608,2026-06-02T14:15:00,SMS,"Yes that works, see you then",Confirm,Confirm,,Low,
C001033,APT002277,PT00333,2026-08-11T11:00:00,WhatsApp,"Yes that works, see you then",Confirm,Confirm,,Low,
C001034,APT002279,PT01850,2026-07-13T11:45:00,Call,"Doctor visit hai usi din, reschedule possible?",Reschedule,Reschedule,,Medium,Conflicting doctor visit
C001035,APT002281,PT01839,2026-08-13T18:00:00,SMS,Ok confirmed,Confirm,Confirm,,Low,
C001036,APT002283,PT01317,2026-07-01T20:45:00,Call,"Haan theek hai, confirm kar do",Confirm,Confirm,,Low,
C001037,APT002284,PT01393,2026-06-08T15:30:00,Call,,No Response,No Response,,Low,
C001038,APT002286,PT00216,2026-07-23T18:30:00,SMS,Please cancel this visit,Cancel,Cancel,,Low,
C001039,APT002288,PT00895,2026-06-02T18:15:00,SMS,Ok confirmed,Confirm,Confirm,,Low,
C001040,APT002289,PT01050,2026-08-27T09:45:00,Call,,No Response,No Response,,Low,
C001041,APT002290,PT00836,2026-07-12T10:15:00,WhatsApp,"Haan theek hai, confirm kar do",Confirm,Confirm,,Low,
C001042,APT002291,PT00130,2026-06-08T08:00:00,Call,Ok confirmed,Confirm,Confirm,,Low,
C001043,APT002293,PT00819,2026-08-17T17:45:00,WhatsApp,Ok confirmed,Confirm,Confirm,,Low,
C001044,APT002294,PT01380,2026-07-01T08:00:00,WhatsApp,,No Response,No Response,,Low,
C001045,APT002296,PT01724,2026-07-11T14:30:00,WhatsApp,"Yes that works, see you then",Confirm,Confirm,,Low,
C001046,APT002297,PT00720,2026-06-23T10:15:00,SMS,Can we move to next week?,Reschedule,Reschedule,,Medium,
C001047,APT002298,PT01614,2026-07-11T19:45:00,SMS,Please cancel this visit,Cancel,Cancel,,Low,
C001048,APT002301,PT01019,2026-08-20T10:45:00,Call,,No Response,No Response,,Low,
C001049,APT002302,PT00866,2026-06-17T12:45:00,SMS,,No Response,No Response,,Low,
C001050,APT002304,PT00767,2026-08-14T15:00:00,WhatsApp,"Kal thoda late ho jayega, Saturday kar sakte ho?",Reschedule,Reschedule,Saturday,High,Provider/patient running late
C001051,APT002308,PT00434,2026-06-10T16:30:00,SMS,"Yes that works, see you then",Confirm,Confirm,,Low,
C001052,APT002310,PT01348,2026-06-30T19:15:00,SMS,"Kal thoda late ho jayega, Saturday kar sakte ho?",Reschedule,Reschedule,Saturday,High,Provider/patient running late
C001053,APT002315,PT00537,2026-06-22T12:15:00,Call,"Doctor visit hai usi din, reschedule possible?",Reschedule,Reschedule,,Medium,Conflicting doctor visit
C001054,APT002318,PT01527,2026-06-03T15:15:00,Call,Please cancel this visit,Cancel,Cancel,,Low,
C001055,APT002322,PT00852,2026-06-07T14:00:00,Call,Can we move to next week?,Reschedule,Reschedule,,Medium,
C001056,APT002323,PT00368,2026-07-21T10:00:00,WhatsApp,"Haan theek hai, confirm kar do",Confirm,Confirm,,Low,
C001057,APT002325,PT01138,2026-06-07T20:00:00,Call,Can we move to next week?,Reschedule,Reschedule,,Medium,
C001058,APT002326,PT01069,2026-06-07T12:15:00,SMS,"Haan theek hai, confirm kar do",Confirm,Confirm,,Low,
C001059,APT002329,PT01154,2026-08-05T15:30:00,WhatsApp,Ok confirmed,Confirm,Confirm,,Low,
C001060,APT002330,PT01517,2026-08-09T13:00:00,Call,Ok confirmed,Confirm,Confirm,,Low,
C001061,APT002336,PT00175,2026-06-23T16:45:00,WhatsApp,"Yes that works, see you then",Confirm,Confirm,,Low,
C001062,APT002337,PT01798,2026-07-19T15:15:00,Call,"Kal thoda late ho jayega, Saturday kar sakte ho?",Reschedule,Reschedule,Saturday,High,Provider/patient running late
C001063,APT002339,PT00275,2026-08-07T15:15:00,Call,"Kal thoda late ho jayega, Saturday kar sakte ho?",Reschedule,Reschedule,Saturday,High,Provider/patient running late
C001064,APT002343,PT00132,2026-08-17T08:30:00,Call,"Kal thoda late ho jayega, Saturday kar sakte ho?",Reschedule,Reschedule,Saturday,High,Provider/patient running late
C001065,APT002344,PT01715,2026-08-18T16:15:00,WhatsApp,"Haan theek hai, confirm kar do",Confirm,Confirm,,Low,
C001066,APT002345,PT01585,2026-07-31T13:00:00,Call,Can we move to next week?,Reschedule,Reschedule,,Medium,
C001067,APT002349,PT01098,2026-08-04T08:45:00,WhatsApp,Not needed this time,Cancel,Cancel,,Low,
C001068,APT002351,PT00401,2026-07-14T12:15:00,Call,"Yes that works, see you then",Confirm,Confirm,,Low,
C001069,APT002355,PT01584,2026-06-01T12:00:00,SMS,Is week cancel karna padega,Cancel,Cancel,,Low,
C001070,APT002359,PT00060,2026-08-18T14:15:00,WhatsApp,"Haan theek hai, confirm kar do",Confirm,Confirm,,Low,
C001071,APT002360,PT01337,2026-07-24T10:30:00,WhatsApp,"Haan theek hai, confirm kar do",Confirm,Confirm,,Low,
C001072,APT002364,PT00222,2026-08-23T15:00:00,WhatsApp,,No Response,No Response,,Low,
C001073,APT002367,PT01565,2026-07-15T08:15:00,SMS,Ok confirmed,Confirm,Confirm,,Low,
C001074,APT002368,PT01628,2026-06-06T18:00:00,WhatsApp,Ok confirmed,Confirm,Confirm,,Low,
C001075,APT002370,PT00094,2026-07-30T10:30:00,Call,Can we move to next week?,Reschedule,Reschedule,,Medium,
C001076,APT002371,PT01573,2026-06-20T09:30:00,Call,"Yes that works, see you then",Confirm,Confirm,,Low,
C001077,APT002373,PT00556,2026-06-20T19:15:00,WhatsApp,Is week cancel karna padega,Cancel,Cancel,,Low,
C001078,APT002374,PT00478,2026-08-28T17:45:00,SMS,Please cancel this visit,Cancel,Cancel,,Low,
C001079,APT002375,PT00816,2026-06-15T18:15:00,SMS,,No Response,No Response,,Low,
C001080,APT002376,PT00430,2026-06-14T12:45:00,WhatsApp,"Haan theek hai, confirm kar do",Confirm,Confirm,,Low,
C001081,APT002377,PT00804,2026-08-11T17:30:00,WhatsApp,,No Response,No Response,,Low,
C001082,APT002380,PT01764,2026-08-01T20:45:00,Call,"Kal thoda late ho jayega, Saturday kar sakte ho?",Reschedule,Reschedule,Saturday,High,Provider/patient running late
C001083,APT002383,PT00012,2026-08-20T15:30:00,SMS,Ok confirmed,Confirm,Confirm,,Low,
C001084,APT002384,PT00057,2026-06-23T18:30:00,SMS,Can we move to next week?,Reschedule,Reschedule,,Medium,
C001085,APT002385,PT01300,2026-07-01T10:30:00,Call,"Doctor visit hai usi din, reschedule possible?",Reschedule,Reschedule,,Medium,Conflicting doctor visit
C001086,APT002386,PT00559,2026-07-10T17:00:00,SMS,Can we move to next week?,Reschedule,Reschedule,,Medium,
C001087,APT002388,PT01810,2026-06-08T11:15:00,WhatsApp,"Doctor visit hai usi din, reschedule possible?",Reschedule,Reschedule,,Medium,Conflicting doctor visit
C001088,APT002393,PT00862,2026-06-04T15:00:00,SMS,"Yes that works, see you then",Confirm,Confirm,,Low,
C001089,APT002394,PT01694,2026-06-11T20:15:00,SMS,Can we move to next week?,Reschedule,Reschedule,,Medium,
C001090,APT002395,PT01525,2026-08-07T09:30:00,SMS,,No Response,No Response,,Low,
C001091,APT002396,PT01555,2026-07-24T13:00:00,WhatsApp,Is week cancel karna padega,Cancel,Cancel,,Low,
C001092,APT002397,PT01936,2026-07-15T12:15:00,Call,Ok confirmed,Confirm,Confirm,,Low,
C001093,APT002400,PT01762,2026-06-28T12:00:00,Call,"Haan theek hai, confirm kar do",Confirm,Confirm,,Low,
C001094,APT002403,PT00483,2026-07-09T20:00:00,Call,"Doctor visit hai usi din, reschedule possible?",Reschedule,Reschedule,,Medium,Conflicting doctor visit
C001095,APT002407,PT01454,2026-07-13T16:15:00,WhatsApp,"Haan theek hai, confirm kar do",Confirm,Confirm,,Low,
C001096,APT002408,PT00393,2026-08-26T15:00:00,WhatsApp,"Yes that works, see you then",Confirm,Confirm,,Low,
C001097,APT002409,PT00105,2026-06-12T14:15:00,WhatsApp,,No Response,No Response,,Low,
C001098,APT002410,PT01876,2026-06-06T17:30:00,SMS,,No Response,No Response,,Low,
C001099,APT002414,PT00249,2026-07-08T19:45:00,Call,"Yes that works, see you then",Confirm,Confirm,,Low,
C001100,APT002415,PT01453,2026-06-30T17:00:00,Call,Ok confirmed,Confirm,Confirm,,Low,
C001101,APT002418,PT01775,2026-07-06T15:30:00,Call,"Haan theek hai, confirm kar do",Confirm,Confirm,,Low,
C001102,APT002420,PT00500,2026-07-17T20:15:00,WhatsApp,,No Response,No Response,,Low,
C001103,APT002424,PT00899,2026-07-10T17:15:00,Call,,No Response,No Response,,Low,
C001104,APT002425,PT00489,2026-06-02T10:30:00,WhatsApp,"Haan theek hai, confirm kar do",Confirm,Confirm,,Low,
C001105,APT002426,PT01717,2026-06-21T10:30:00,SMS,,No Response,No Response,,Low,
C001106,APT002427,PT01047,2026-06-08T12:30:00,SMS,Please cancel this visit,Cancel,Cancel,,Low,
C001107,APT002428,PT00089,2026-07-19T20:45:00,SMS,Ok confirmed,Confirm,Confirm,,Low,
C001108,APT002430,PT01234,2026-07-20T09:00:00,WhatsApp,"Kal thoda late ho jayega, Saturday kar sakte ho?",Reschedule,Reschedule,Saturday,High,Provider/patient running late
C001109,APT002432,PT01445,2026-07-28T11:00:00,WhatsApp,,No Response,No Response,,Low,
C001110,APT002434,PT00069,2026-06-10T12:15:00,Call,"Kal thoda late ho jayega, Saturday kar sakte ho?",Reschedule,Reschedule,Saturday,High,Provider/patient running late
C001111,APT002436,PT00944,2026-06-10T12:15:00,Call,Is week cancel karna padega,Cancel,Cancel,,Low,
C001112,APT002437,PT01183,2026-07-26T18:45:00,WhatsApp,Can we move to next week?,Reschedule,Reschedule,,Medium,
C001113,APT002440,PT00086,2026-08-20T13:15:00,SMS,"Yes that works, see you then",Confirm,Confirm,,Low,
C001114,APT002441,PT00222,2026-08-19T12:15:00,Call,"Doctor visit hai usi din, reschedule possible?",Reschedule,Reschedule,,Medium,Conflicting doctor visit
C001115,APT002446,PT01713,2026-08-05T16:45:00,SMS,"Doctor visit hai usi din, reschedule possible?",Reschedule,Reschedule,,Medium,Conflicting doctor visit
C001116,APT002448,PT01198,2026-08-20T08:00:00,WhatsApp,,No Response,No Response,,Low,
C001117,APT002449,PT01998,2026-08-17T17:15:00,WhatsApp,"Haan theek hai, confirm kar do",Confirm,Confirm,,Low,
C001118,APT002453,PT00067,2026-07-28T18:00:00,SMS,"Haan theek hai, confirm kar do",Confirm,Confirm,,Low,
C001119,APT002455,PT01169,2026-06-06T20:45:00,SMS,"Kal thoda late ho jayega, Saturday kar sakte ho?",Reschedule,Reschedule,Saturday,High,Provider/patient running late
C001120,APT002456,PT00009,2026-06-13T10:15:00,SMS,"Haan theek hai, confirm kar do",Confirm,Confirm,,Low,
C001121,APT002457,PT01780,2026-08-09T09:00:00,Call,,No Response,No Response,,Low,
C001122,APT002458,PT00710,2026-06-01T12:30:00,WhatsApp,,No Response,No Response,,Low,
C001123,APT002460,PT01607,2026-06-15T20:45:00,Call,,No Response,No Response,,Low,
C001124,APT002462,PT01670,2026-06-06T18:15:00,WhatsApp,,No Response,No Response,,Low,
C001125,APT002469,PT00726,2026-07-10T09:15:00,SMS,Please cancel this visit,Cancel,Cancel,,Low,
C001126,APT002473,PT01760,2026-06-20T11:15:00,WhatsApp,,No Response,No Response,,Low,
C001127,APT002474,PT00891,2026-06-27T15:30:00,SMS,Ok confirmed,Confirm,Confirm,,Low,
C001128,APT002481,PT00767,2026-05-31T14:15:00,WhatsApp,Ok confirmed,Confirm,Confirm,,Low,
C001129,APT002483,PT00834,2026-06-09T10:45:00,Call,,No Response,No Response,,Low,
C001130,APT002484,PT00529,2026-07-18T19:00:00,Call,"Yes that works, see you then",Confirm,Confirm,,Low,
C001131,APT002493,PT00077,2026-06-28T16:15:00,WhatsApp,"Yes that works, see you then",Confirm,Confirm,,Low,
C001132,APT002494,PT01607,2026-06-16T09:45:00,WhatsApp,Can we move to next week?,Reschedule,Reschedule,,Medium,
C001133,APT002499,PT00113,2026-07-14T13:45:00,Call,Not needed this time,Cancel,Cancel,,Low,
C001134,APT002504,PT01595,2026-06-10T08:00:00,SMS,,No Response,No Response,,Low,
C001135,APT002507,PT00090,2026-07-28T13:00:00,SMS,"Yes that works, see you then",Confirm,Confirm,,Low,
C001136,APT002508,PT01066,2026-07-19T14:30:00,SMS,"Kal thoda late ho jayega, Saturday kar sakte ho?",Reschedule,Reschedule,Saturday,High,Provider/patient running late
C001137,APT002509,PT01006,2026-08-01T12:15:00,Call,"Doctor visit hai usi din, reschedule possible?",Reschedule,Reschedule,,Medium,Conflicting doctor visit
C001138,APT002510,PT01323,2026-07-11T08:45:00,Call,"Doctor visit hai usi din, reschedule possible?",Reschedule,Reschedule,,Medium,Conflicting doctor visit
C001139,APT002512,PT01468,2026-06-27T08:00:00,WhatsApp,"Yes that works, see you then",Confirm,Confirm,,Low,
C001140,APT002513,PT01221,2026-06-01T17:00:00,WhatsApp,Ok confirmed,Confirm,Confirm,,Low,
C001141,APT002514,PT01571,2026-06-22T15:45:00,WhatsApp,Is week cancel karna padega,Cancel,Cancel,,Low,
C001142,APT002516,PT00443,2026-07-14T14:30:00,Call,Is week cancel karna padega,Cancel,Cancel,,Low,
C001143,APT002517,PT00223,2026-06-21T19:15:00,WhatsApp,"Haan theek hai, confirm kar do",Confirm,Confirm,,Low,
C001144,APT002522,PT01409,2026-07-11T09:15:00,WhatsApp,,No Response,No Response,,Low,
C001145,APT002524,PT00102,2026-07-17T10:00:00,Call,Ok confirmed,Confirm,Confirm,,Low,
C001146,APT002526,PT01823,2026-07-03T18:30:00,SMS,Ok confirmed,Confirm,Confirm,,Low,
C001147,APT002528,PT00608,2026-08-23T12:45:00,SMS,,No Response,No Response,,Low,
C001148,APT002529,PT01117,2026-08-09T09:00:00,SMS,"Kal thoda late ho jayega, Saturday kar sakte ho?",Reschedule,Reschedule,Saturday,High,Provider/patient running late
C001149,APT002532,PT00949,2026-08-05T10:45:00,WhatsApp,Ok confirmed,Confirm,Confirm,,Low,
C001150,APT002534,PT00237,2026-06-26T18:45:00,WhatsApp,Is week cancel karna padega,Cancel,Cancel,,Low,
C001151,APT002535,PT00626,2026-06-21T20:45:00,Call,"Yes that works, see you then",Confirm,Confirm,,Low,
C001152,APT002536,PT00283,2026-07-11T13:15:00,SMS,,No Response,No Response,,Low,
C001153,APT002537,PT01737,2026-08-09T08:00:00,Call,,No Response,No Response,,Low,
C001154,APT002539,PT00643,2026-07-01T09:45:00,WhatsApp,"Kal thoda late ho jayega, Saturday kar sakte ho?",Reschedule,Reschedule,Saturday,High,Provider/patient running late
C001155,APT002543,PT01522,2026-06-10T15:00:00,Call,Ok confirmed,Confirm,Confirm,,Low,
C001156,APT002544,PT01802,2026-08-02T15:00:00,Call,Is week cancel karna padega,Cancel,Cancel,,Low,
C001157,APT002548,PT01079,2026-07-23T12:45:00,Call,"Doctor visit hai usi din, reschedule possible?",Reschedule,Reschedule,,Medium,Conflicting doctor visit
C001158,APT002553,PT01871,2026-08-11T20:15:00,Call,"Yes that works, see you then",Confirm,Confirm,,Low,
C001159,APT002555,PT00191,2026-07-01T18:15:00,SMS,Can we move to next week?,Reschedule,Reschedule,,Medium,
C001160,APT002564,PT01567,2026-07-16T15:30:00,SMS,"Yes that works, see you then",Confirm,Confirm,,Low,
C001161,APT002567,PT00219,2026-06-18T11:30:00,WhatsApp,Can we move to next week?,Reschedule,Reschedule,,Medium,
C001162,APT002568,PT00770,2026-06-02T20:00:00,SMS,Not needed this time,Cancel,Cancel,,Low,
C001163,APT002571,PT00715,2026-07-06T15:45:00,WhatsApp,"Haan theek hai, confirm kar do",Confirm,Confirm,,Low,
C001164,APT002572,PT00396,2026-07-08T15:30:00,WhatsApp,"Yes that works, see you then",Confirm,Confirm,,Low,
C001165,APT002573,PT01551,2026-08-26T16:45:00,SMS,Ok confirmed,Confirm,Confirm,,Low,
C001166,APT002576,PT00400,2026-07-02T16:30:00,WhatsApp,Is week cancel karna padega,Cancel,Cancel,,Low,
C001167,APT002582,PT01389,2026-06-17T08:30:00,WhatsApp,"Doctor visit hai usi din, reschedule possible?",Reschedule,Reschedule,,Medium,Conflicting doctor visit
C001168,APT002583,PT01932,2026-08-12T17:45:00,Call,,No Response,No Response,,Low,
C001169,APT002584,PT00131,2026-07-03T15:00:00,Call,Please cancel this visit,Cancel,Cancel,,Low,
C001170,APT002585,PT01093,2026-08-06T08:30:00,SMS,"Yes that works, see you then",Confirm,Confirm,,Low,
C001171,APT002586,PT00939,2026-06-13T14:45:00,Call,"Haan theek hai, confirm kar do",Confirm,Confirm,,Low,
C001172,APT002588,PT01253,2026-08-12T10:00:00,SMS,Ok confirmed,Confirm,Confirm,,Low,
C001173,APT002591,PT00622,2026-07-28T16:15:00,Call,,No Response,No Response,,Low,
C001174,APT002598,PT01166,2026-06-12T13:45:00,Call,,No Response,No Response,,Low,
C001175,APT002600,PT01313,2026-07-25T12:15:00,SMS,"Haan theek hai, confirm kar do",Confirm,Confirm,,Low,
C001176,APT002601,PT00441,2026-07-18T16:15:00,WhatsApp,Ok confirmed,Confirm,Confirm,,Low,
C001177,APT002602,PT01379,2026-08-23T11:30:00,WhatsApp,"Kal thoda late ho jayega, Saturday kar sakte ho?",Reschedule,Reschedule,Saturday,High,Provider/patient running late
C001178,APT002605,PT01353,2026-07-12T20:30:00,SMS,"Doctor visit hai usi din, reschedule possible?",Reschedule,Reschedule,,Medium,Conflicting doctor visit
C001179,APT002607,PT01594,2026-06-13T19:30:00,WhatsApp,,No Response,No Response,,Low,
C001180,APT002608,PT00285,2026-06-05T10:45:00,Call,Ok confirmed,Confirm,Confirm,,Low,
C001181,APT002609,PT00026,2026-07-23T11:45:00,Call,"Haan theek hai, confirm kar do",Confirm,Confirm,,Low,
C001182,APT002612,PT00700,2026-08-19T18:30:00,WhatsApp,Can we move to next week?,Reschedule,Reschedule,,Medium,
C001183,APT002613,PT00839,2026-07-05T14:00:00,WhatsApp,,No Response,No Response,,Low,
C001184,APT002614,PT01066,2026-06-10T19:15:00,SMS,,No Response,No Response,,Low,
C001185,APT002615,PT01509,2026-07-27T08:45:00,WhatsApp,"Yes that works, see you then",Confirm,Confirm,,Low,
C001186,APT002616,PT01840,2026-08-25T11:15:00,WhatsApp,,No Response,No Response,,Low,
C001187,APT002617,PT01313,2026-07-24T17:00:00,Call,"Haan theek hai, confirm kar do",Confirm,Confirm,,Low,
C001188,APT002618,PT00539,2026-06-19T20:30:00,SMS,,No Response,No Response,,Low,
C001189,APT002623,PT01126,2026-06-04T17:15:00,SMS,"Doctor visit hai usi din, reschedule possible?",Reschedule,Reschedule,,Medium,Conflicting doctor visit
C001190,APT002626,PT01759,2026-07-26T08:00:00,WhatsApp,Ok confirmed,Confirm,Confirm,,Low,
C001191,APT002627,PT00662,2026-08-21T11:30:00,SMS,Please cancel this visit,Cancel,Cancel,,Low,
C001192,APT002629,PT00953,2026-07-18T09:45:00,SMS,"Yes that works, see you then",Confirm,Confirm,,Low,
C001193,APT002634,PT00574,2026-06-17T13:00:00,Call,"Kal thoda late ho jayega, Saturday kar sakte ho?",Reschedule,Reschedule,Saturday,High,Provider/patient running late
C001194,APT002636,PT01961,2026-06-13T14:00:00,WhatsApp,Not needed this time,Cancel,Cancel,,Low,
C001195,APT002637,PT01929,2026-06-24T19:00:00,Call,"Yes that works, see you then",Confirm,Confirm,,Low,
C001196,APT002638,PT00349,2026-08-11T18:15:00,SMS,Ok confirmed,Confirm,Confirm,,Low,
C001197,APT002639,PT01297,2026-08-03T14:15:00,SMS,,No Response,No Response,,Low,
C001198,APT002641,PT01554,2026-06-05T11:45:00,Call,"Haan theek hai, confirm kar do",Confirm,Confirm,,Low,
C001199,APT002642,PT00450,2026-06-03T16:30:00,SMS,,No Response,No Response,,Low,
C001200,APT002643,PT00163,2026-07-18T15:15:00,Call,"Doctor visit hai usi din, reschedule possible?",Reschedule,Reschedule,,Medium,Conflicting doctor visit
C001201,APT002648,PT01047,2026-07-24T19:00:00,WhatsApp,Can we move to next week?,Reschedule,Reschedule,,Medium,
C001202,APT002649,PT00796,2026-07-14T19:15:00,SMS,Can we move to next week?,Reschedule,Reschedule,,Medium,
C001203,APT002650,PT01105,2026-06-09T17:15:00,Call,"Haan theek hai, confirm kar do",Confirm,Confirm,,Low,
C001204,APT002653,PT01074,2026-06-23T14:45:00,Call,,No Response,No Response,,Low,
C001205,APT002654,PT00076,2026-08-02T11:30:00,SMS,"Yes that works, see you then",Confirm,Confirm,,Low,
C001206,APT002656,PT00638,2026-08-16T20:30:00,Call,"Kal thoda late ho jayega, Saturday kar sakte ho?",Reschedule,Reschedule,Saturday,High,Provider/patient running late
C001207,APT002657,PT00328,2026-08-26T20:45:00,Call,"Yes that works, see you then",Confirm,Confirm,,Low,
C001208,APT002659,PT00397,2026-07-21T18:30:00,SMS,"Haan theek hai, confirm kar do",Confirm,Confirm,,Low,
C001209,APT002660,PT00170,2026-07-18T14:15:00,WhatsApp,Ok confirmed,Confirm,Confirm,,Low,
C001210,APT002662,PT01816,2026-08-17T18:15:00,WhatsApp,"Kal thoda late ho jayega, Saturday kar sakte ho?",Reschedule,Reschedule,Saturday,High,Provider/patient running late
C001211,APT002664,PT00857,2026-06-06T18:00:00,SMS,"Yes that works, see you then",Confirm,Confirm,,Low,
C001212,APT002665,PT00239,2026-06-13T12:15:00,WhatsApp,,No Response,No Response,,Low,
C001213,APT002667,PT01194,2026-07-08T20:00:00,WhatsApp,"Haan theek hai, confirm kar do",Confirm,Confirm,,Low,
C001214,APT002670,PT00832,2026-07-15T19:15:00,WhatsApp,,No Response,No Response,,Low,
C001215,APT002671,PT00425,2026-08-02T13:15:00,WhatsApp,"Haan theek hai, confirm kar do",Confirm,Confirm,,Low,
C001216,APT002673,PT00143,2026-07-07T18:15:00,SMS,Ok confirmed,Confirm,Confirm,,Low,
C001217,APT002674,PT01674,2026-07-13T15:15:00,WhatsApp,,No Response,No Response,,Low,
C001218,APT002675,PT00643,2026-08-08T11:45:00,Call,"Haan theek hai, confirm kar do",Confirm,Confirm,,Low,
C001219,APT002676,PT01735,2026-08-17T12:15:00,SMS,Can we move to next week?,Reschedule,Reschedule,,Medium,
C001220,APT002677,PT00824,2026-07-08T10:00:00,SMS,,No Response,No Response,,Low,
C001221,APT002680,PT00226,2026-08-09T08:45:00,SMS,"Yes that works, see you then",Confirm,Confirm,,Low,
C001222,APT002683,PT00518,2026-06-23T16:00:00,Call,"Haan theek hai, confirm kar do",Confirm,Confirm,,Low,
C001223,APT002684,PT01279,2026-06-10T19:30:00,Call,Ok confirmed,Confirm,Confirm,,Low,
C001224,APT002688,PT00887,2026-06-09T11:30:00,SMS,Please cancel this visit,Cancel,Cancel,,Low,
C001225,APT002689,PT00388,2026-08-14T15:45:00,WhatsApp,"Haan theek hai, confirm kar do",Confirm,Confirm,,Low,
C001226,APT002691,PT01958,2026-06-10T09:00:00,SMS,Ok confirmed,Confirm,Confirm,,Low,
C001227,APT002692,PT01266,2026-05-30T19:30:00,WhatsApp,Please cancel this visit,Cancel,Cancel,,Low,
C001228,APT002695,PT00535,2026-07-05T11:00:00,Call,Can we move to next week?,Reschedule,Reschedule,,Medium,
C001229,APT002698,PT01344,2026-08-07T12:45:00,WhatsApp,"Haan theek hai, confirm kar do",Confirm,Confirm,,Low,
C001230,APT002699,PT01996,2026-06-26T12:30:00,Call,"Doctor visit hai usi din, reschedule possible?",Reschedule,Reschedule,,Medium,Conflicting doctor visit
C001231,APT002705,PT01973,2026-08-11T13:15:00,Call,Please cancel this visit,Cancel,Cancel,,Low,
C001232,APT002708,PT00749,2026-06-21T19:00:00,SMS,,No Response,No Response,,Low,
C001233,APT002711,PT01402,2026-06-04T08:30:00,WhatsApp,Can we move to next week?,Reschedule,Reschedule,,Medium,
C001234,APT002715,PT01740,2026-08-18T09:15:00,Call,"Kal thoda late ho jayega, Saturday kar sakte ho?",Reschedule,Reschedule,Saturday,High,Provider/patient running late
C001235,APT002716,PT01999,2026-06-03T12:30:00,WhatsApp,Ok confirmed,Confirm,Confirm,,Low,
C001236,APT002717,PT01296,2026-07-27T16:45:00,Call,Can we move to next week?,Reschedule,Reschedule,,Medium,
C001237,APT002719,PT01461,2026-08-07T16:45:00,SMS,"Haan theek hai, confirm kar do",Confirm,Confirm,,Low,
C001238,APT002721,PT00660,2026-07-10T08:30:00,SMS,Please cancel this visit,Cancel,Cancel,,Low,
C001239,APT002723,PT01478,2026-06-09T12:45:00,Call,Is week cancel karna padega,Cancel,Cancel,,Low,
C001240,APT002725,PT00854,2026-08-27T17:30:00,WhatsApp,Is week cancel karna padega,Cancel,Cancel,,Low,
C001241,APT002727,PT00969,2026-06-19T16:15:00,SMS,"Kal thoda late ho jayega, Saturday kar sakte ho?",Reschedule,Reschedule,Saturday,High,Provider/patient running late
C001242,APT002728,PT00488,2026-06-04T15:15:00,SMS,,No Response,No Response,,Low,
C001243,APT002729,PT01888,2026-08-04T14:45:00,Call,,No Response,No Response,,Low,
C001244,APT002731,PT01258,2026-07-16T12:30:00,SMS,Ok confirmed,Confirm,Confirm,,Low,
C001245,APT002733,PT00847,2026-07-20T15:45:00,Call,"Haan theek hai, confirm kar do",Confirm,Confirm,,Low,
C001246,APT002737,PT00873,2026-08-25T14:30:00,SMS,Ok confirmed,Confirm,Confirm,,Low,
C001247,APT002739,PT01618,2026-08-18T18:30:00,Call,"Haan theek hai, confirm kar do",Confirm,Confirm,,Low,
C001248,APT002740,PT01284,2026-07-14T10:15:00,Call,"Kal thoda late ho jayega, Saturday kar sakte ho?",Reschedule,Reschedule,Saturday,High,Provider/patient running late
C001249,APT002743,PT00612,2026-08-03T16:30:00,SMS,Please cancel this visit,Cancel,Cancel,,Low,
C001250,APT002744,PT00994,2026-08-25T11:15:00,SMS,"Kal thoda late ho jayega, Saturday kar sakte ho?",Reschedule,Reschedule,Saturday,High,Provider/patient running late
C001251,APT002745,PT01998,2026-07-24T17:45:00,WhatsApp,Ok confirmed,Confirm,Confirm,,Low,
C001252,APT002746,PT00777,2026-07-03T12:45:00,SMS,"Yes that works, see you then",Confirm,Confirm,,Low,
C001253,APT002747,PT01464,2026-08-17T14:15:00,Call,"Yes that works, see you then",Confirm,Confirm,,Low,
C001254,APT002748,PT01312,2026-08-12T11:00:00,SMS,,No Response,No Response,,Low,
C001255,APT002751,PT00605,2026-08-05T15:00:00,SMS,,No Response,No Response,,Low,
C001256,APT002752,PT01179,2026-06-08T12:45:00,SMS,Can we move to next week?,Reschedule,Reschedule,,Medium,
C001257,APT002755,PT00576,2026-07-14T17:45:00,WhatsApp,"Haan theek hai, confirm kar do",Confirm,Confirm,,Low,
C001258,APT002759,PT01839,2026-07-07T09:30:00,Call,Ok confirmed,Confirm,Confirm,,Low,
C001259,APT002762,PT01783,2026-08-02T15:00:00,WhatsApp,,No Response,No Response,,Low,
C001260,APT002770,PT00065,2026-07-05T15:15:00,WhatsApp,"Yes that works, see you then",Confirm,Confirm,,Low,
C001261,APT002772,PT01234,2026-06-16T08:45:00,WhatsApp,,No Response,No Response,,Low,
C001262,APT002776,PT00608,2026-07-04T11:15:00,Call,,No Response,No Response,,Low,
C001263,APT002777,PT01808,2026-06-28T09:30:00,WhatsApp,"Yes that works, see you then",Confirm,Confirm,,Low,
C001264,APT002778,PT01002,2026-07-30T13:00:00,SMS,"Yes that works, see you then",Confirm,Confirm,,Low,
C001265,APT002780,PT00175,2026-06-06T19:30:00,Call,Ok confirmed,Confirm,Confirm,,Low,
C001266,APT002783,PT00054,2026-08-23T12:15:00,WhatsApp,"Haan theek hai, confirm kar do",Confirm,Confirm,,Low,
C001267,APT002786,PT01245,2026-06-10T20:00:00,SMS,"Haan theek hai, confirm kar do",Confirm,Confirm,,Low,
C001268,APT002788,PT00437,2026-08-13T16:15:00,SMS,"Yes that works, see you then",Confirm,Confirm,,Low,
C001269,APT002793,PT01964,2026-07-16T11:30:00,SMS,"Kal thoda late ho jayega, Saturday kar sakte ho?",Reschedule,Reschedule,Saturday,High,Provider/patient running late
C001270,APT002795,PT00773,2026-08-03T14:45:00,Call,Can we move to next week?,Reschedule,Reschedule,,Medium,
C001271,APT002796,PT00359,2026-06-28T12:00:00,SMS,Not needed this time,Cancel,Cancel,,Low,
C001272,APT002797,PT01314,2026-08-19T18:15:00,WhatsApp,"Yes that works, see you then",Confirm,Confirm,,Low,
C001273,APT002808,PT00322,2026-08-22T18:15:00,Call,Ok confirmed,Confirm,Confirm,,Low,
C001274,APT002809,PT00973,2026-07-28T19:30:00,WhatsApp,"Yes that works, see you then",Confirm,Confirm,,Low,
C001275,APT002811,PT00480,2026-08-14T08:15:00,SMS,Is week cancel karna padega,Cancel,Cancel,,Low,
C001276,APT002813,PT00893,2026-06-28T12:45:00,WhatsApp,"Kal thoda late ho jayega, Saturday kar sakte ho?",Reschedule,Reschedule,Saturday,High,Provider/patient running late
C001277,APT002816,PT00700,2026-08-03T13:45:00,Call,,No Response,No Response,,Low,
C001278,APT002818,PT01233,2026-08-06T17:45:00,Call,,No Response,No Response,,Low,
C001279,APT002820,PT00233,2026-07-21T14:30:00,SMS,"Kal thoda late ho jayega, Saturday kar sakte ho?",Reschedule,Reschedule,Saturday,High,Provider/patient running late
C001280,APT002825,PT00732,2026-08-08T13:00:00,Call,"Haan theek hai, confirm kar do",Confirm,Confirm,,Low,
C001281,APT002826,PT00497,2026-06-19T08:00:00,SMS,"Doctor visit hai usi din, reschedule possible?",Reschedule,Reschedule,,Medium,Conflicting doctor visit
C001282,APT002827,PT00216,2026-07-24T18:00:00,WhatsApp,,No Response,No Response,,Low,
C001283,APT002828,PT00989,2026-06-29T11:15:00,Call,Can we move to next week?,Reschedule,Reschedule,,Medium,
C001284,APT002830,PT01354,2026-05-31T18:15:00,Call,,No Response,No Response,,Low,
C001285,APT002831,PT01227,2026-06-12T10:15:00,SMS,"Yes that works, see you then",Confirm,Confirm,,Low,
C001286,APT002833,PT01095,2026-07-08T12:45:00,Call,"Haan theek hai, confirm kar do",Confirm,Confirm,,Low,
C001287,APT002834,PT01411,2026-08-08T09:45:00,Call,"Kal thoda late ho jayega, Saturday kar sakte ho?",Reschedule,Reschedule,Saturday,High,Provider/patient running late
C001288,APT002835,PT01163,2026-06-28T10:15:00,WhatsApp,,No Response,No Response,,Low,
C001289,APT002836,PT01138,2026-07-26T10:45:00,Call,"Yes that works, see you then",Confirm,Confirm,,Low,
C001290,APT002837,PT01582,2026-07-04T13:45:00,Call,Ok confirmed,Confirm,Confirm,,Low,
C001291,APT002840,PT01201,2026-07-04T19:00:00,SMS,"Yes that works, see you then",Confirm,Confirm,,Low,
C001292,APT002844,PT01770,2026-08-20T09:00:00,SMS,Ok confirmed,Confirm,Confirm,,Low,
C001293,APT002847,PT01261,2026-07-17T19:30:00,WhatsApp,Please cancel this visit,Cancel,Cancel,,Low,
C001294,APT002851,PT00962,2026-06-03T20:45:00,Call,Ok confirmed,Confirm,Confirm,,Low,
C001295,APT002852,PT00653,2026-07-06T13:45:00,Call,Ok confirmed,Confirm,Confirm,,Low,
C001296,APT002853,PT00710,2026-08-27T13:30:00,WhatsApp,"Doctor visit hai usi din, reschedule possible?",Reschedule,Reschedule,,Medium,Conflicting doctor visit
C001297,APT002854,PT01808,2026-08-26T15:00:00,Call,,No Response,No Response,,Low,
C001298,APT002855,PT00167,2026-06-30T15:15:00,Call,"Kal thoda late ho jayega, Saturday kar sakte ho?",Reschedule,Reschedule,Saturday,High,Provider/patient running late
C001299,APT002856,PT01942,2026-07-16T12:15:00,Call,"Kal thoda late ho jayega, Saturday kar sakte ho?",Reschedule,Reschedule,Saturday,High,Provider/patient running late
C001300,APT002858,PT01579,2026-08-17T13:00:00,WhatsApp,"Kal thoda late ho jayega, Saturday kar sakte ho?",Reschedule,Reschedule,Saturday,High,Provider/patient running late
C001301,APT002863,PT00154,2026-08-16T12:15:00,Call,"Doctor visit hai usi din, reschedule possible?",Reschedule,Reschedule,,Medium,Conflicting doctor visit
C001302,APT002864,PT00132,2026-06-06T17:15:00,WhatsApp,"Kal thoda late ho jayega, Saturday kar sakte ho?",Reschedule,Reschedule,Saturday,High,Provider/patient running late
C001303,APT002865,PT01169,2026-06-20T17:00:00,Call,"Yes that works, see you then",Confirm,Confirm,,Low,
C001304,APT002866,PT01352,2026-06-06T20:30:00,WhatsApp,"Haan theek hai, confirm kar do",Confirm,Confirm,,Low,
C001305,APT002867,PT00909,2026-06-27T19:45:00,SMS,Ok confirmed,Confirm,Confirm,,Low,
C001306,APT002868,PT00682,2026-07-01T09:00:00,SMS,"Doctor visit hai usi din, reschedule possible?",Reschedule,Reschedule,,Medium,Conflicting doctor visit
C001307,APT002869,PT00904,2026-06-21T10:15:00,WhatsApp,Please cancel this visit,Cancel,Cancel,,Low,
C001308,APT002871,PT01048,2026-07-16T08:00:00,SMS,"Kal thoda late ho jayega, Saturday kar sakte ho?",Reschedule,Reschedule,Saturday,High,Provider/patient running late
C001309,APT002874,PT00091,2026-06-03T13:15:00,Call,Please cancel this visit,Cancel,Cancel,,Low,
C001310,APT002875,PT01461,2026-06-28T12:30:00,WhatsApp,"Haan theek hai, confirm kar do",Confirm,Confirm,,Low,
C001311,APT002876,PT01891,2026-08-01T12:30:00,Call,,No Response,No Response,,Low,
C001312,APT002879,PT00281,2026-08-19T09:15:00,SMS,,No Response,No Response,,Low,
C001313,APT002880,PT01191,2026-06-11T18:15:00,Call,Ok confirmed,Confirm,Confirm,,Low,
C001314,APT002883,PT00852,2026-08-26T10:00:00,WhatsApp,Ok confirmed,Confirm,Confirm,,Low,
C001315,APT002884,PT00995,2026-07-17T10:15:00,Call,Ok confirmed,Confirm,Confirm,,Low,
C001316,APT002886,PT00383,2026-06-11T09:45:00,SMS,,No Response,No Response,,Low,
C001317,APT002888,PT00921,2026-07-21T19:45:00,Call,,No Response,No Response,,Low,
C001318,APT002889,PT00853,2026-07-14T10:15:00,WhatsApp,,No Response,No Response,,Low,
C001319,APT002891,PT01590,2026-06-19T20:15:00,WhatsApp,,No Response,No Response,,Low,
C001320,APT002893,PT00170,2026-06-08T13:15:00,WhatsApp,"Yes that works, see you then",Confirm,Confirm,,Low,
C001321,APT002897,PT01520,2026-07-26T12:45:00,WhatsApp,"Kal thoda late ho jayega, Saturday kar sakte ho?",Reschedule,Reschedule,Saturday,High,Provider/patient running late
C001322,APT002901,PT00836,2026-08-19T09:30:00,Call,Not needed this time,Cancel,Cancel,,Low,
C001323,APT002903,PT01722,2026-06-15T17:00:00,Call,"Haan theek hai, confirm kar do",Confirm,Confirm,,Low,
C001324,APT002904,PT01044,2026-07-26T17:15:00,Call,Ok confirmed,Confirm,Confirm,,Low,
C001325,APT002906,PT00453,2026-06-19T17:30:00,SMS,"Yes that works, see you then",Confirm,Confirm,,Low,
C001326,APT002907,PT00033,2026-06-03T13:45:00,Call,,No Response,No Response,,Low,
C001327,APT002909,PT00705,2026-07-22T09:30:00,Call,"Doctor visit hai usi din, reschedule possible?",Reschedule,Reschedule,,Medium,Conflicting doctor visit
C001328,APT002910,PT00643,2026-07-10T18:30:00,WhatsApp,,No Response,No Response,,Low,
C001329,APT002911,PT00379,2026-07-16T10:00:00,SMS,,No Response,No Response,,Low,
C001330,APT002914,PT01736,2026-08-02T09:15:00,WhatsApp,"Yes that works, see you then",Confirm,Confirm,,Low,
C001331,APT002915,PT00475,2026-06-16T11:45:00,Call,"Yes that works, see you then",Confirm,Confirm,,Low,
C001332,APT002916,PT01181,2026-07-06T20:30:00,Call,Is week cancel karna padega,Cancel,Cancel,,Low,
C001333,APT002918,PT00948,2026-06-01T11:45:00,Call,"Kal thoda late ho jayega, Saturday kar sakte ho?",Reschedule,Reschedule,Saturday,High,Provider/patient running late
C001334,APT002920,PT00965,2026-08-14T12:15:00,Call,"Haan theek hai, confirm kar do",Confirm,Confirm,,Low,
C001335,APT002922,PT00620,2026-06-17T12:00:00,SMS,"Doctor visit hai usi din, reschedule possible?",Reschedule,Reschedule,,Medium,Conflicting doctor visit
C001336,APT002923,PT01541,2026-07-30T19:30:00,WhatsApp,Can we move to next week?,Reschedule,Reschedule,,Medium,
C001337,APT002924,PT01931,2026-08-05T20:45:00,SMS,Can we move to next week?,Reschedule,Reschedule,,Medium,
C001338,APT002925,PT00857,2026-08-16T16:30:00,WhatsApp,"Yes that works, see you then",Confirm,Confirm,,Low,
C001339,APT002931,PT01102,2026-08-03T09:00:00,SMS,Ok confirmed,Confirm,Confirm,,Low,
C001340,APT002934,PT01527,2026-06-16T10:30:00,SMS,"Kal thoda late ho jayega, Saturday kar sakte ho?",Reschedule,Reschedule,Saturday,High,Provider/patient running late
C001341,APT002937,PT01087,2026-07-24T10:15:00,WhatsApp,"Doctor visit hai usi din, reschedule possible?",Reschedule,Reschedule,,Medium,Conflicting doctor visit
C001342,APT002939,PT00941,2026-08-13T16:30:00,SMS,Ok confirmed,Confirm,Confirm,,Low,
C001343,APT002940,PT00093,2026-08-09T19:30:00,Call,,No Response,No Response,,Low,
C001344,APT002943,PT01694,2026-06-01T10:30:00,Call,Not needed this time,Cancel,Cancel,,Low,
C001345,APT002944,PT00505,2026-08-16T11:30:00,WhatsApp,"Kal thoda late ho jayega, Saturday kar sakte ho?",Reschedule,Reschedule,Saturday,High,Provider/patient running late
C001346,APT002946,PT00518,2026-08-07T11:15:00,WhatsApp,"Doctor visit hai usi din, reschedule possible?",Reschedule,Reschedule,,Medium,Conflicting doctor visit
C001347,APT002948,PT00468,2026-06-14T18:30:00,Call,"Yes that works, see you then",Confirm,Confirm,,Low,
C001348,APT002953,PT00837,2026-08-05T11:15:00,WhatsApp,,No Response,No Response,,Low,
C001349,APT002954,PT01320,2026-06-23T18:45:00,WhatsApp,Not needed this time,Cancel,Cancel,,Low,
C001350,APT002955,PT01228,2026-06-20T17:30:00,WhatsApp,"Yes that works, see you then",Confirm,Confirm,,Low,
C001351,APT002958,PT00267,2026-07-23T09:45:00,SMS,Please cancel this visit,Cancel,Cancel,,Low,
C001352,APT002961,PT00578,2026-08-20T11:00:00,Call,Ok confirmed,Confirm,Confirm,,Low,
C001353,APT002967,PT00086,2026-08-23T09:00:00,Call,Can we move to next week?,Reschedule,Reschedule,,Medium,
C001354,APT002972,PT01513,2026-06-16T19:30:00,SMS,"Yes that works, see you then",Confirm,Confirm,,Low,
C001355,APT002973,PT00696,2026-08-18T12:45:00,SMS,"Haan theek hai, confirm kar do",Confirm,Confirm,,Low,
C001356,APT002974,PT00182,2026-08-01T16:00:00,WhatsApp,,No Response,No Response,,Low,
C001357,APT002977,PT01588,2026-06-28T18:30:00,Call,"Yes that works, see you then",Confirm,Confirm,,Low,
C001358,APT002979,PT00201,2026-07-09T09:15:00,Call,Not needed this time,Cancel,Cancel,,Low,
C001359,APT002981,PT00066,2026-08-05T13:00:00,Call,"Yes that works, see you then",Confirm,Confirm,,Low,
C001360,APT002982,PT00128,2026-07-19T10:30:00,WhatsApp,"Yes that works, see you then",Confirm,Confirm,,Low,
C001361,APT002983,PT01430,2026-08-04T11:15:00,SMS,"Haan theek hai, confirm kar do",Confirm,Confirm,,Low,
C001362,APT002984,PT00376,2026-08-22T11:00:00,WhatsApp,Ok confirmed,Confirm,Confirm,,Low,
C001363,APT002991,PT01613,2026-06-15T20:30:00,SMS,"Haan theek hai, confirm kar do",Confirm,Confirm,,Low,
C001364,APT002993,PT01708,2026-08-05T14:15:00,Call,Ok confirmed,Confirm,Confirm,,Low,
C001365,APT002994,PT00036,2026-08-27T19:00:00,Call,Can we move to next week?,Reschedule,Reschedule,,Medium,
C001366,APT002995,PT00023,2026-07-21T13:45:00,WhatsApp,,No Response,No Response,,Low,
C001367,APT002997,PT01840,2026-06-05T16:45:00,Call,,No Response,No Response,,Low,
C001368,APT002998,PT01422,2026-07-14T09:45:00,SMS,"Kal thoda late ho jayega, Saturday kar sakte ho?",Reschedule,Reschedule,Saturday,High,Provider/patient running late
C001369,APT002999,PT01125,2026-07-24T09:30:00,SMS,,No Response,No Response,,Low,
C001370,APT003000,PT00272,2026-07-22T17:45:00,SMS,,No Response,No Response,,Low,
C001371,APT003003,PT01944,2026-07-06T18:30:00,Call,"Doctor visit hai usi din, reschedule possible?",Reschedule,Reschedule,,Medium,Conflicting doctor visit
C001372,APT003009,PT01803,2026-06-25T16:30:00,SMS,,No Response,No Response,,Low,
C001373,APT003011,PT00128,2026-06-02T14:45:00,WhatsApp,"Yes that works, see you then",Confirm,Confirm,,Low,
C001374,APT003013,PT01815,2026-07-21T10:15:00,WhatsApp,Please cancel this visit,Cancel,Cancel,,Low,
C001375,APT003014,PT00959,2026-07-29T10:30:00,SMS,"Haan theek hai, confirm kar do",Confirm,Confirm,,Low,
C001376,APT003015,PT01397,2026-06-14T12:30:00,WhatsApp,Not needed this time,Cancel,Cancel,,Low,
C001377,APT003016,PT00783,2026-07-03T13:15:00,SMS,"Yes that works, see you then",Confirm,Confirm,,Low,
C001378,APT003017,PT00415,2026-08-01T09:45:00,SMS,Ok confirmed,Confirm,Confirm,,Low,
C001379,APT003018,PT01815,2026-08-06T11:15:00,SMS,,No Response,No Response,,Low,
C001380,APT003019,PT00447,2026-07-08T18:00:00,WhatsApp,"Haan theek hai, confirm kar do",Confirm,Confirm,,Low,
C001381,APT003022,PT00994,2026-08-12T16:45:00,SMS,Please cancel this visit,Cancel,Cancel,,Low,
C001382,APT003023,PT00670,2026-06-02T15:45:00,WhatsApp,"Haan theek hai, confirm kar do",Confirm,Confirm,,Low,
C001383,APT003025,PT00910,2026-06-23T09:00:00,Call,"Yes that works, see you then",Confirm,Confirm,,Low,
C001384,APT003026,PT01540,2026-08-19T18:45:00,SMS,"Kal thoda late ho jayega, Saturday kar sakte ho?",Reschedule,Reschedule,Saturday,High,Provider/patient running late
C001385,APT003027,PT01960,2026-06-25T18:15:00,Call,,No Response,No Response,,Low,
C001386,APT003028,PT00058,2026-07-09T16:15:00,SMS,"Yes that works, see you then",Confirm,Confirm,,Low,
C001387,APT003029,PT01472,2026-06-18T11:30:00,WhatsApp,,No Response,No Response,,Low,
C001388,APT003030,PT01938,2026-06-28T08:15:00,WhatsApp,Not needed this time,Cancel,Cancel,,Low,
C001389,APT003031,PT01909,2026-06-11T12:30:00,WhatsApp,,No Response,No Response,,Low,
C001390,APT003032,PT01982,2026-08-14T14:00:00,SMS,"Doctor visit hai usi din, reschedule possible?",Reschedule,Reschedule,,Medium,Conflicting doctor visit
C001391,APT003035,PT00399,2026-08-03T10:15:00,Call,"Yes that works, see you then",Confirm,Confirm,,Low,
C001392,APT003036,PT01570,2026-06-21T19:00:00,SMS,"Haan theek hai, confirm kar do",Confirm,Confirm,,Low,
C001393,APT003037,PT01221,2026-07-27T11:00:00,Call,Ok confirmed,Confirm,Confirm,,Low,
C001394,APT003038,PT00513,2026-07-29T19:45:00,SMS,,No Response,No Response,,Low,
C001395,APT003042,PT00844,2026-06-09T20:00:00,SMS,,No Response,No Response,,Low,
C001396,APT003049,PT00792,2026-07-11T18:30:00,WhatsApp,"Haan theek hai, confirm kar do",Confirm,Confirm,,Low,
C001397,APT003050,PT01361,2026-07-28T12:30:00,SMS,"Kal thoda late ho jayega, Saturday kar sakte ho?",Reschedule,Reschedule,Saturday,High,Provider/patient running late
C001398,APT003052,PT00671,2026-06-30T14:30:00,WhatsApp,,No Response,No Response,,Low,
C001399,APT003053,PT01793,2026-08-26T11:30:00,SMS,,No Response,No Response,,Low,
C001400,APT003054,PT00324,2026-07-27T08:15:00,WhatsApp,Can we move to next week?,Reschedule,Reschedule,,Medium,
C001401,APT003058,PT01694,2026-07-03T11:30:00,SMS,"Yes that works, see you then",Confirm,Confirm,,Low,
C001402,APT003059,PT01088,2026-07-09T13:15:00,WhatsApp,"Haan theek hai, confirm kar do",Confirm,Confirm,,Low,
C001403,APT003060,PT01184,2026-07-03T15:00:00,SMS,"Yes that works, see you then",Confirm,Confirm,,Low,
C001404,APT003061,PT01907,2026-06-16T08:00:00,Call,Is week cancel karna padega,Cancel,Cancel,,Low,
C001405,APT003064,PT01437,2026-08-21T13:00:00,SMS,"Doctor visit hai usi din, reschedule possible?",Reschedule,Reschedule,,Medium,Conflicting doctor visit
C001406,APT003066,PT00755,2026-08-07T10:00:00,WhatsApp,,No Response,No Response,,Low,
C001407,APT003071,PT00588,2026-08-23T11:00:00,Call,Please cancel this visit,Cancel,Cancel,,Low,
C001408,APT003074,PT01347,2026-07-16T11:30:00,SMS,"Doctor visit hai usi din, reschedule possible?",Reschedule,Reschedule,,Medium,Conflicting doctor visit
C001409,APT003075,PT01552,2026-08-04T20:45:00,Call,,No Response,No Response,,Low,
C001410,APT003076,PT00473,2026-05-31T16:15:00,SMS,"Yes that works, see you then",Confirm,Confirm,,Low,
C001411,APT003077,PT01319,2026-08-25T09:00:00,SMS,Not needed this time,Cancel,Cancel,,Low,
C001412,APT003078,PT01845,2026-08-08T12:15:00,Call,"Yes that works, see you then",Confirm,Confirm,,Low,
C001413,APT003083,PT01643,2026-06-05T10:30:00,Call,"Doctor visit hai usi din, reschedule possible?",Reschedule,Reschedule,,Medium,Conflicting doctor visit
C001414,APT003084,PT00612,2026-07-04T13:30:00,SMS,"Yes that works, see you then",Confirm,Confirm,,Low,
C001415,APT003086,PT00428,2026-07-07T15:15:00,Call,"Haan theek hai, confirm kar do",Confirm,Confirm,,Low,
C001416,APT003087,PT00650,2026-06-25T14:15:00,SMS,,No Response,No Response,,Low,
C001417,APT003088,PT01922,2026-07-07T14:30:00,WhatsApp,Ok confirmed,Confirm,Confirm,,Low,
C001418,APT003092,PT01605,2026-07-26T08:15:00,WhatsApp,Please cancel this visit,Cancel,Cancel,,Low,
C001419,APT003096,PT00548,2026-07-06T15:15:00,SMS,"Kal thoda late ho jayega, Saturday kar sakte ho?",Reschedule,Reschedule,Saturday,High,Provider/patient running late
C001420,APT003097,PT00510,2026-06-24T15:30:00,WhatsApp,"Kal thoda late ho jayega, Saturday kar sakte ho?",Reschedule,Reschedule,Saturday,High,Provider/patient running late
C001421,APT003098,PT01540,2026-08-14T12:30:00,Call,Ok confirmed,Confirm,Confirm,,Low,
C001422,APT003100,PT00374,2026-06-16T20:45:00,WhatsApp,,No Response,No Response,,Low,
C001423,APT003108,PT00811,2026-07-02T13:30:00,SMS,Can we move to next week?,Reschedule,Reschedule,,Medium,
C001424,APT003109,PT00436,2026-08-14T17:00:00,Call,,No Response,No Response,,Low,
C001425,APT003110,PT01915,2026-08-13T10:30:00,Call,Is week cancel karna padega,Cancel,Cancel,,Low,
C001426,APT003111,PT01572,2026-06-26T16:45:00,Call,,No Response,No Response,,Low,
C001427,APT003114,PT00153,2026-06-03T09:00:00,Call,Ok confirmed,Confirm,Confirm,,Low,
C001428,APT003115,PT00862,2026-07-10T08:30:00,Call,,No Response,No Response,,Low,
C001429,APT003118,PT00309,2026-06-29T13:00:00,SMS,"Kal thoda late ho jayega, Saturday kar sakte ho?",Reschedule,Reschedule,Saturday,High,Provider/patient running late
C001430,APT003119,PT00617,2026-08-01T08:45:00,Call,,No Response,No Response,,Low,
C001431,APT003122,PT01754,2026-08-12T11:00:00,WhatsApp,"Haan theek hai, confirm kar do",Confirm,Confirm,,Low,
C001432,APT003123,PT01669,2026-08-08T14:15:00,WhatsApp,,No Response,No Response,,Low,
C001433,APT003124,PT01736,2026-08-14T10:15:00,SMS,"Yes that works, see you then",Confirm,Confirm,,Low,
C001434,APT003127,PT00608,2026-07-06T18:15:00,WhatsApp,Ok confirmed,Confirm,Confirm,,Low,
C001435,APT003132,PT00668,2026-08-21T16:15:00,WhatsApp,"Doctor visit hai usi din, reschedule possible?",Reschedule,Reschedule,,Medium,Conflicting doctor visit
C001436,APT003137,PT01585,2026-05-30T19:15:00,SMS,"Haan theek hai, confirm kar do",Confirm,Confirm,,Low,
C001437,APT003140,PT00408,2026-06-02T15:30:00,SMS,"Yes that works, see you then",Confirm,Confirm,,Low,
C001438,APT003142,PT00635,2026-07-11T11:15:00,SMS,"Doctor visit hai usi din, reschedule possible?",Reschedule,Reschedule,,Medium,Conflicting doctor visit
C001439,APT003145,PT00508,2026-08-09T10:45:00,Call,Ok confirmed,Confirm,Confirm,,Low,
C001440,APT003151,PT00647,2026-07-15T19:45:00,Call,,No Response,No Response,,Low,
C001441,APT003152,PT00260,2026-06-15T12:15:00,SMS,"Doctor visit hai usi din, reschedule possible?",Reschedule,Reschedule,,Medium,Conflicting doctor visit
C001442,APT003153,PT01585,2026-07-23T20:15:00,Call,"Yes that works, see you then",Confirm,Confirm,,Low,
C001443,APT003154,PT00669,2026-07-22T11:15:00,SMS,"Haan theek hai, confirm kar do",Confirm,Confirm,,Low,
C001444,APT003155,PT00701,2026-07-18T16:15:00,Call,,No Response,No Response,,Low,
C001445,APT003156,PT00925,2026-06-19T12:15:00,Call,"Yes that works, see you then",Confirm,Confirm,,Low,
C001446,APT003161,PT01929,2026-06-06T09:45:00,Call,Please cancel this visit,Cancel,Cancel,,Low,
C001447,APT003163,PT01489,2026-08-16T08:45:00,WhatsApp,"Haan theek hai, confirm kar do",Confirm,Confirm,,Low,
C001448,APT003167,PT01782,2026-07-29T17:30:00,SMS,Ok confirmed,Confirm,Confirm,,Low,
C001449,APT003169,PT00076,2026-07-27T15:45:00,SMS,Please cancel this visit,Cancel,Cancel,,Low,
C001450,APT003170,PT00564,2026-06-17T18:30:00,SMS,"Haan theek hai, confirm kar do",Confirm,Confirm,,Low,
C001451,APT003172,PT01624,2026-08-15T10:30:00,SMS,,No Response,No Response,,Low,
C001452,APT003173,PT01066,2026-06-05T10:30:00,Call,,No Response,No Response,,Low,
C001453,APT003174,PT01724,2026-07-12T08:30:00,SMS,"Doctor visit hai usi din, reschedule possible?",Reschedule,Reschedule,,Medium,Conflicting doctor visit
C001454,APT003175,PT00521,2026-06-25T17:00:00,Call,"Yes that works, see you then",Confirm,Confirm,,Low,
C001455,APT003176,PT01372,2026-07-26T15:00:00,Call,Can we move to next week?,Reschedule,Reschedule,,Medium,
C001456,APT003178,PT01151,2026-08-14T19:00:00,WhatsApp,"Haan theek hai, confirm kar do",Confirm,Confirm,,Low,
C001457,APT003179,PT01148,2026-07-30T11:45:00,WhatsApp,"Kal thoda late ho jayega, Saturday kar sakte ho?",Reschedule,Reschedule,Saturday,High,Provider/patient running late
C001458,APT003182,PT01504,2026-06-13T09:45:00,Call,Can we move to next week?,Reschedule,Reschedule,,Medium,
C001459,APT003185,PT01794,2026-06-01T18:00:00,SMS,Ok confirmed,Confirm,Confirm,,Low,
C001460,APT003189,PT01577,2026-07-12T13:15:00,Call,,No Response,No Response,,Low,
C001461,APT003190,PT01085,2026-06-30T08:30:00,Call,"Doctor visit hai usi din, reschedule possible?",Reschedule,Reschedule,,Medium,Conflicting doctor visit
C001462,APT003192,PT00536,2026-06-02T19:15:00,Call,Ok confirmed,Confirm,Confirm,,Low,
C001463,APT003193,PT01328,2026-08-17T15:30:00,WhatsApp,"Haan theek hai, confirm kar do",Confirm,Confirm,,Low,
C001464,APT003194,PT00226,2026-06-13T17:15:00,Call,"Doctor visit hai usi din, reschedule possible?",Reschedule,Reschedule,,Medium,Conflicting doctor visit
C001465,APT003196,PT01305,2026-06-14T14:15:00,SMS,Is week cancel karna padega,Cancel,Cancel,,Low,
C001466,APT003197,PT01984,2026-06-08T09:15:00,Call,"Haan theek hai, confirm kar do",Confirm,Confirm,,Low,
C001467,APT003198,PT01733,2026-08-28T15:15:00,Call,"Haan theek hai, confirm kar do",Confirm,Confirm,,Low,
C001468,APT003199,PT01490,2026-06-15T17:15:00,Call,"Haan theek hai, confirm kar do",Confirm,Confirm,,Low,
C001469,APT003202,PT00137,2026-07-12T09:15:00,WhatsApp,"Haan theek hai, confirm kar do",Confirm,Confirm,,Low,
C001470,APT003203,PT01546,2026-08-19T18:15:00,Call,"Doctor visit hai usi din, reschedule possible?",Reschedule,Reschedule,,Medium,Conflicting doctor visit
C001471,APT003207,PT00084,2026-07-18T10:00:00,SMS,"Doctor visit hai usi din, reschedule possible?",Reschedule,Reschedule,,Medium,Conflicting doctor visit
C001472,APT003210,PT00325,2026-06-30T20:15:00,Call,"Kal thoda late ho jayega, Saturday kar sakte ho?",Reschedule,Reschedule,Saturday,High,Provider/patient running late
C001473,APT003211,PT00378,2026-08-06T10:15:00,WhatsApp,"Doctor visit hai usi din, reschedule possible?",Reschedule,Reschedule,,Medium,Conflicting doctor visit
C001474,APT003212,PT00288,2026-07-09T14:00:00,SMS,Ok confirmed,Confirm,Confirm,,Low,
C001475,APT003213,PT01007,2026-06-12T18:30:00,SMS,Can we move to next week?,Reschedule,Reschedule,,Medium,
C001476,APT003215,PT00779,2026-06-02T12:15:00,WhatsApp,Can we move to next week?,Reschedule,Reschedule,,Medium,
C001477,APT003217,PT01027,2026-07-27T10:00:00,Call,Not needed this time,Cancel,Cancel,,Low,
C001478,APT003220,PT00293,2026-07-20T08:15:00,WhatsApp,"Yes that works, see you then",Confirm,Confirm,,Low,
C001479,APT003222,PT01293,2026-07-03T08:45:00,SMS,"Yes that works, see you then",Confirm,Confirm,,Low,
C001480,APT003223,PT01639,2026-07-20T13:45:00,Call,Ok confirmed,Confirm,Confirm,,Low,
C001481,APT003224,PT00391,2026-06-11T16:00:00,Call,Please cancel this visit,Cancel,Cancel,,Low,
C001482,APT003225,PT00207,2026-07-04T19:45:00,Call,"Haan theek hai, confirm kar do",Confirm,Confirm,,Low,
C001483,APT003226,PT00197,2026-06-06T14:45:00,WhatsApp,Can we move to next week?,Reschedule,Reschedule,,Medium,
C001484,APT003227,PT00166,2026-08-17T20:15:00,Call,Not needed this time,Cancel,Cancel,,Low,
C001485,APT003229,PT00383,2026-06-17T17:30:00,SMS,"Kal thoda late ho jayega, Saturday kar sakte ho?",Reschedule,Reschedule,Saturday,High,Provider/patient running late
C001486,APT003230,PT00755,2026-07-22T11:15:00,SMS,"Yes that works, see you then",Confirm,Confirm,,Low,
C001487,APT003231,PT00615,2026-06-09T11:45:00,WhatsApp,"Haan theek hai, confirm kar do",Confirm,Confirm,,Low,
C001488,APT003238,PT01009,2026-07-17T18:00:00,SMS,"Doctor visit hai usi din, reschedule possible?",Reschedule,Reschedule,,Medium,Conflicting doctor visit
C001489,APT003240,PT01697,2026-06-20T14:30:00,SMS,"Doctor visit hai usi din, reschedule possible?",Reschedule,Reschedule,,Medium,Conflicting doctor visit
C001490,APT003249,PT00265,2026-07-06T16:45:00,Call,"Yes that works, see you then",Confirm,Confirm,,Low,
C001491,APT003254,PT00986,2026-07-29T09:45:00,WhatsApp,Please cancel this visit,Cancel,Cancel,,Low,
C001492,APT003255,PT01510,2026-06-13T20:30:00,WhatsApp,,No Response,No Response,,Low,
C001493,APT003257,PT01008,2026-06-21T15:15:00,SMS,,No Response,No Response,,Low,
C001494,APT003258,PT00399,2026-06-25T19:45:00,Call,Can we move to next week?,Reschedule,Reschedule,,Medium,
C001495,APT003259,PT00966,2026-08-12T16:15:00,SMS,"Doctor visit hai usi din, reschedule possible?",Reschedule,Reschedule,,Medium,Conflicting doctor visit
C001496,APT003260,PT01782,2026-07-07T14:45:00,WhatsApp,Ok confirmed,Confirm,Confirm,,Low,
C001497,APT003263,PT00741,2026-06-15T19:45:00,WhatsApp,Please cancel this visit,Cancel,Cancel,,Low,
C001498,APT003266,PT00535,2026-07-17T13:00:00,Call,Can we move to next week?,Reschedule,Reschedule,,Medium,
C001499,APT003269,PT01719,2026-07-19T19:45:00,SMS,"Yes that works, see you then",Confirm,Confirm,,Low,
C001500,APT003270,PT00831,2026-07-05T10:15:00,WhatsApp,Ok confirmed,Confirm,Confirm,,Low,
C001501,APT003272,PT00852,2026-05-30T16:15:00,WhatsApp,Ok confirmed,Confirm,Confirm,,Low,
C001502,APT003274,PT00561,2026-07-04T20:45:00,Call,"Yes that works, see you then",Confirm,Confirm,,Low,
C001503,APT003275,PT00449,2026-07-06T12:00:00,WhatsApp,,No Response,No Response,,Low,
C001504,APT003277,PT01757,2026-07-24T14:30:00,Call,"Kal thoda late ho jayega, Saturday kar sakte ho?",Reschedule,Reschedule,Saturday,High,Provider/patient running late
C001505,APT003278,PT00439,2026-06-22T09:45:00,Call,"Yes that works, see you then",Confirm,Confirm,,Low,
C001506,APT003279,PT01929,2026-07-13T16:00:00,Call,,No Response,No Response,,Low,
C001507,APT003281,PT01249,2026-06-27T20:45:00,SMS,Not needed this time,Cancel,Cancel,,Low,
C001508,APT003284,PT01212,2026-07-20T10:45:00,WhatsApp,"Haan theek hai, confirm kar do",Confirm,Confirm,,Low,
C001509,APT003286,PT00554,2026-07-03T17:15:00,WhatsApp,,No Response,No Response,,Low,
C001510,APT003287,PT00174,2026-08-14T19:00:00,WhatsApp,,No Response,No Response,,Low,
C001511,APT003289,PT01029,2026-06-21T20:00:00,SMS,,No Response,No Response,,Low,
C001512,APT003290,PT00156,2026-06-15T20:30:00,Call,"Kal thoda late ho jayega, Saturday kar sakte ho?",Reschedule,Reschedule,Saturday,High,Provider/patient running late
C001513,APT003294,PT01453,2026-08-25T20:00:00,Call,,No Response,No Response,,Low,
C001514,APT003296,PT00357,2026-08-16T11:00:00,SMS,Not needed this time,Cancel,Cancel,,Low,
C001515,APT003298,PT00284,2026-08-28T09:00:00,Call,,No Response,No Response,,Low,
C001516,APT003299,PT01341,2026-06-20T14:30:00,WhatsApp,Ok confirmed,Confirm,Confirm,,Low,
C001517,APT003300,PT00046,2026-08-01T19:30:00,WhatsApp,"Kal thoda late ho jayega, Saturday kar sakte ho?",Reschedule,Reschedule,Saturday,High,Provider/patient running late
C001518,APT003303,PT01198,2026-06-05T19:45:00,SMS,,No Response,No Response,,Low,
C001519,APT003304,PT01130,2026-07-15T12:45:00,SMS,,No Response,No Response,,Low,
C001520,APT003305,PT01916,2026-08-26T11:45:00,WhatsApp,"Haan theek hai, confirm kar do",Confirm,Confirm,,Low,
C001521,APT003307,PT01884,2026-06-20T10:15:00,Call,,No Response,No Response,,Low,
C001522,APT003312,PT00960,2026-06-28T19:00:00,SMS,Ok confirmed,Confirm,Confirm,,Low,
C001523,APT003313,PT00265,2026-08-10T18:00:00,Call,Ok confirmed,Confirm,Confirm,,Low,
C001524,APT003315,PT01001,2026-08-06T13:30:00,WhatsApp,"Yes that works, see you then",Confirm,Confirm,,Low,
C001525,APT003316,PT00659,2026-05-31T11:30:00,WhatsApp,,No Response,No Response,,Low,
C001526,APT003317,PT01935,2026-06-14T09:15:00,Call,"Haan theek hai, confirm kar do",Confirm,Confirm,,Low,
C001527,APT003318,PT01258,2026-06-14T11:45:00,Call,"Haan theek hai, confirm kar do",Confirm,Confirm,,Low,
C001528,APT003319,PT01986,2026-08-20T19:30:00,SMS,"Haan theek hai, confirm kar do",Confirm,Confirm,,Low,
C001529,APT003320,PT00424,2026-07-28T09:15:00,WhatsApp,,No Response,No Response,,Low,
C001530,APT003323,PT01037,2026-07-30T09:30:00,WhatsApp,Ok confirmed,Confirm,Confirm,,Low,
C001531,APT003325,PT00326,2026-06-05T09:30:00,Call,,No Response,No Response,,Low,
C001532,APT003327,PT00543,2026-08-03T17:30:00,SMS,"Doctor visit hai usi din, reschedule possible?",Reschedule,Reschedule,,Medium,Conflicting doctor visit
C001533,APT003328,PT00420,2026-08-08T11:45:00,Call,,No Response,No Response,,Low,
C001534,APT003330,PT00623,2026-06-15T20:45:00,SMS,"Yes that works, see you then",Confirm,Confirm,,Low,
C001535,APT003331,PT01793,2026-06-12T12:30:00,Call,"Haan theek hai, confirm kar do",Confirm,Confirm,,Low,
C001536,APT003333,PT00124,2026-08-09T10:45:00,Call,,No Response,No Response,,Low,
C001537,APT003334,PT01755,2026-06-15T14:15:00,WhatsApp,"Kal thoda late ho jayega, Saturday kar sakte ho?",Reschedule,Reschedule,Saturday,High,Provider/patient running late
C001538,APT003335,PT00370,2026-07-04T13:15:00,SMS,Ok confirmed,Confirm,Confirm,,Low,
C001539,APT003339,PT00269,2026-08-25T15:45:00,SMS,Ok confirmed,Confirm,Confirm,,Low,
C001540,APT003341,PT00212,2026-07-12T12:00:00,Call,"Haan theek hai, confirm kar do",Confirm,Confirm,,Low,
C001541,APT003344,PT01348,2026-08-12T19:15:00,SMS,Ok confirmed,Confirm,Confirm,,Low,
C001542,APT003345,PT00171,2026-07-31T09:45:00,Call,"Kal thoda late ho jayega, Saturday kar sakte ho?",Reschedule,Reschedule,Saturday,High,Provider/patient running late
C001543,APT003349,PT00214,2026-08-01T15:15:00,WhatsApp,,No Response,No Response,,Low,
C001544,APT003350,PT01345,2026-06-10T20:00:00,Call,"Yes that works, see you then",Confirm,Confirm,,Low,
C001545,APT003351,PT00067,2026-07-21T12:30:00,WhatsApp,Please cancel this visit,Cancel,Cancel,,Low,
C001546,APT003353,PT01423,2026-08-10T20:00:00,WhatsApp,,No Response,No Response,,Low,
C001547,APT003354,PT01748,2026-07-28T20:15:00,WhatsApp,"Doctor visit hai usi din, reschedule possible?",Reschedule,Reschedule,,Medium,Conflicting doctor visit
C001548,APT003355,PT01150,2026-06-28T18:15:00,Call,Can we move to next week?,Reschedule,Reschedule,,Medium,
C001549,APT003356,PT00500,2026-07-07T08:00:00,WhatsApp,"Haan theek hai, confirm kar do",Confirm,Confirm,,Low,
C001550,APT003359,PT00231,2026-08-22T15:45:00,SMS,"Haan theek hai, confirm kar do",Confirm,Confirm,,Low,
C001551,APT003360,PT00285,2026-06-20T11:45:00,Call,"Yes that works, see you then",Confirm,Confirm,,Low,
C001552,APT003361,PT01773,2026-07-16T13:30:00,Call,"Yes that works, see you then",Confirm,Confirm,,Low,
C001553,APT003362,PT01210,2026-06-11T20:45:00,WhatsApp,"Haan theek hai, confirm kar do",Confirm,Confirm,,Low,
C001554,APT003365,PT00198,2026-07-05T16:30:00,WhatsApp,Ok confirmed,Confirm,Confirm,,Low,
C001555,APT003367,PT01111,2026-08-07T08:45:00,SMS,,No Response,No Response,,Low,
C001556,APT003369,PT01170,2026-08-26T11:30:00,SMS,Ok confirmed,Confirm,Confirm,,Low,
C001557,APT003370,PT01260,2026-07-07T08:45:00,SMS,Ok confirmed,Confirm,Confirm,,Low,
C001558,APT003371,PT00233,2026-08-09T08:30:00,SMS,Can we move to next week?,Reschedule,Reschedule,,Medium,
C001559,APT003372,PT00972,2026-07-26T09:15:00,Call,"Haan theek hai, confirm kar do",Confirm,Confirm,,Low,
C001560,APT003375,PT00510,2026-08-05T12:45:00,WhatsApp,"Yes that works, see you then",Confirm,Confirm,,Low,
C001561,APT003377,PT00505,2026-07-25T10:45:00,WhatsApp,Please cancel this visit,Cancel,Cancel,,Low,
C001562,APT003378,PT01157,2026-07-04T13:00:00,SMS,Not needed this time,Cancel,Cancel,,Low,
C001563,APT003379,PT00005,2026-08-11T14:45:00,SMS,Can we move to next week?,Reschedule,Reschedule,,Medium,
C001564,APT003382,PT01163,2026-08-11T12:30:00,WhatsApp,"Haan theek hai, confirm kar do",Confirm,Confirm,,Low,
C001565,APT003383,PT01595,2026-06-19T20:30:00,Call,Is week cancel karna padega,Cancel,Cancel,,Low,
C001566,APT003386,PT00922,2026-08-09T17:45:00,SMS,"Doctor visit hai usi din, reschedule possible?",Reschedule,Reschedule,,Medium,Conflicting doctor visit
C001567,APT003388,PT00423,2026-06-02T16:30:00,Call,"Yes that works, see you then",Confirm,Confirm,,Low,
C001568,APT003391,PT01672,2026-07-22T11:00:00,WhatsApp,"Haan theek hai, confirm kar do",Confirm,Confirm,,Low,
C001569,APT003396,PT00473,2026-08-29T16:00:00,Call,"Doctor visit hai usi din, reschedule possible?",Reschedule,Reschedule,,Medium,Conflicting doctor visit
C001570,APT003401,PT01171,2026-07-21T15:30:00,SMS,Ok confirmed,Confirm,Confirm,,Low,
C001571,APT003403,PT00945,2026-07-27T20:30:00,WhatsApp,"Kal thoda late ho jayega, Saturday kar sakte ho?",Reschedule,Reschedule,Saturday,High,Provider/patient running late
C001572,APT003405,PT00314,2026-07-20T16:00:00,SMS,"Haan theek hai, confirm kar do",Confirm,Confirm,,Low,
C001573,APT003412,PT01567,2026-06-15T18:45:00,WhatsApp,"Haan theek hai, confirm kar do",Confirm,Confirm,,Low,
C001574,APT003413,PT00087,2026-06-19T19:00:00,SMS,,No Response,No Response,,Low,
C001575,APT003414,PT01652,2026-07-12T12:45:00,Call,,No Response,No Response,,Low,
C001576,APT003415,PT00296,2026-08-02T17:45:00,WhatsApp,"Kal thoda late ho jayega, Saturday kar sakte ho?",Reschedule,Reschedule,Saturday,High,Provider/patient running late
C001577,APT003417,PT00828,2026-07-03T19:45:00,WhatsApp,"Yes that works, see you then",Confirm,Confirm,,Low,
C001578,APT003420,PT00185,2026-08-01T17:30:00,Call,"Yes that works, see you then",Confirm,Confirm,,Low,
C001579,APT003424,PT00124,2026-06-17T11:00:00,SMS,Ok confirmed,Confirm,Confirm,,Low,
C001580,APT003425,PT01992,2026-08-26T11:30:00,SMS,"Haan theek hai, confirm kar do",Confirm,Confirm,,Low,
C001581,APT003427,PT01226,2026-07-14T15:00:00,Call,Ok confirmed,Confirm,Confirm,,Low,
C001582,APT003428,PT00600,2026-07-13T10:15:00,WhatsApp,Please cancel this visit,Cancel,Cancel,,Low,
C001583,APT003429,PT01247,2026-06-28T16:15:00,SMS,"Haan theek hai, confirm kar do",Confirm,Confirm,,Low,
C001584,APT003430,PT00329,2026-07-06T13:45:00,SMS,Ok confirmed,Confirm,Confirm,,Low,
C001585,APT003433,PT01222,2026-06-15T14:30:00,SMS,Please cancel this visit,Cancel,Cancel,,Low,
C001586,APT003441,PT00959,2026-06-29T18:45:00,WhatsApp,Not needed this time,Cancel,Cancel,,Low,
C001587,APT003447,PT01989,2026-06-19T15:45:00,WhatsApp,,No Response,No Response,,Low,
C001588,APT003448,PT01699,2026-07-20T14:15:00,Call,Can we move to next week?,Reschedule,Reschedule,,Medium,
C001589,APT003450,PT01693,2026-07-13T13:30:00,WhatsApp,"Doctor visit hai usi din, reschedule possible?",Reschedule,Reschedule,,Medium,Conflicting doctor visit
C001590,APT003451,PT01629,2026-07-19T09:00:00,SMS,,No Response,No Response,,Low,
C001591,APT003452,PT01396,2026-06-04T08:45:00,Call,"Yes that works, see you then",Confirm,Confirm,,Low,
C001592,APT003453,PT00132,2026-08-24T13:30:00,Call,Ok confirmed,Confirm,Confirm,,Low,
C001593,APT003454,PT01955,2026-07-25T08:15:00,Call,"Haan theek hai, confirm kar do",Confirm,Confirm,,Low,
C001594,APT003455,PT00259,2026-08-20T11:30:00,WhatsApp,Not needed this time,Cancel,Cancel,,Low,
C001595,APT003457,PT00124,2026-06-02T09:15:00,SMS,Ok confirmed,Confirm,Confirm,,Low,
C001596,APT003459,PT01927,2026-07-12T13:15:00,Call,,No Response,No Response,,Low,
C001597,APT003462,PT00982,2026-08-08T16:30:00,WhatsApp,Not needed this time,Cancel,Cancel,,Low,
C001598,APT003463,PT00183,2026-07-31T12:30:00,WhatsApp,Is week cancel karna padega,Cancel,Cancel,,Low,
C001599,APT003466,PT01644,2026-08-09T09:00:00,WhatsApp,"Doctor visit hai usi din, reschedule possible?",Reschedule,Reschedule,,Medium,Conflicting doctor visit
C001600,APT003467,PT01330,2026-08-27T18:30:00,SMS,"Yes that works, see you then",Confirm,Confirm,,Low,
C001601,APT003468,PT00820,2026-08-24T09:00:00,Call,,No Response,No Response,,Low,
C001602,APT003472,PT00174,2026-08-10T19:00:00,SMS,,No Response,No Response,,Low,
C001603,APT003475,PT01492,2026-06-06T20:00:00,SMS,"Doctor visit hai usi din, reschedule possible?",Reschedule,Reschedule,,Medium,Conflicting doctor visit
C001604,APT003480,PT01033,2026-06-24T08:30:00,Call,"Doctor visit hai usi din, reschedule possible?",Reschedule,Reschedule,,Medium,Conflicting doctor visit
C001605,APT003481,PT01909,2026-07-06T17:30:00,SMS,"Doctor visit hai usi din, reschedule possible?",Reschedule,Reschedule,,Medium,Conflicting doctor visit
C001606,APT003484,PT00806,2026-06-22T14:15:00,Call,,No Response,No Response,,Low,
C001607,APT003485,PT01999,2026-06-11T09:15:00,WhatsApp,Please cancel this visit,Cancel,Cancel,,Low,
C001608,APT003487,PT01876,2026-08-20T15:30:00,WhatsApp,,No Response,No Response,,Low,
C001609,APT003488,PT01153,2026-06-20T16:45:00,WhatsApp,"Doctor visit hai usi din, reschedule possible?",Reschedule,Reschedule,,Medium,Conflicting doctor visit
C001610,APT003490,PT00879,2026-07-25T13:15:00,WhatsApp,Can we move to next week?,Reschedule,Reschedule,,Medium,
C001611,APT003492,PT01908,2026-07-01T16:00:00,SMS,"Doctor visit hai usi din, reschedule possible?",Reschedule,Reschedule,,Medium,Conflicting doctor visit
C001612,APT003494,PT01442,2026-08-23T20:00:00,Call,Ok confirmed,Confirm,Confirm,,Low,
C001613,APT003505,PT01531,2026-07-03T17:30:00,WhatsApp,,No Response,No Response,,Low,
C001614,APT003506,PT00169,2026-06-12T11:15:00,Call,"Yes that works, see you then",Confirm,Confirm,,Low,
C001615,APT003511,PT01383,2026-06-01T18:00:00,WhatsApp,Can we move to next week?,Reschedule,Reschedule,,Medium,
C001616,APT003518,PT01656,2026-07-12T12:30:00,Call,"Yes that works, see you then",Confirm,Confirm,,Low,
C001617,APT003519,PT01118,2026-08-12T16:00:00,Call,"Yes that works, see you then",Confirm,Confirm,,Low,
C001618,APT003520,PT00906,2026-06-11T16:30:00,WhatsApp,"Kal thoda late ho jayega, Saturday kar sakte ho?",Reschedule,Reschedule,Saturday,High,Provider/patient running late
C001619,APT003524,PT01377,2026-06-07T14:00:00,WhatsApp,Ok confirmed,Confirm,Confirm,,Low,
C001620,APT003529,PT01308,2026-07-15T13:15:00,WhatsApp,"Kal thoda late ho jayega, Saturday kar sakte ho?",Reschedule,Reschedule,Saturday,High,Provider/patient running late
C001621,APT003530,PT00207,2026-07-27T12:45:00,WhatsApp,Can we move to next week?,Reschedule,Reschedule,,Medium,
C001622,APT003531,PT00338,2026-08-28T16:00:00,SMS,"Yes that works, see you then",Confirm,Confirm,,Low,
C001623,APT003532,PT01897,2026-06-14T20:00:00,WhatsApp,Ok confirmed,Confirm,Confirm,,Low,
C001624,APT003534,PT01173,2026-07-17T11:45:00,Call,"Yes that works, see you then",Confirm,Confirm,,Low,
C001625,APT003535,PT00835,2026-06-23T17:00:00,WhatsApp,"Kal thoda late ho jayega, Saturday kar sakte ho?",Reschedule,Reschedule,Saturday,High,Provider/patient running late
C001626,APT003537,PT00590,2026-08-27T13:45:00,WhatsApp,,No Response,No Response,,Low,
C001627,APT003538,PT00488,2026-07-01T15:30:00,Call,"Doctor visit hai usi din, reschedule possible?",Reschedule,Reschedule,,Medium,Conflicting doctor visit
C001628,APT003540,PT01494,2026-08-04T18:45:00,Call,Ok confirmed,Confirm,Confirm,,Low,
C001629,APT003543,PT01226,2026-08-27T09:30:00,WhatsApp,Not needed this time,Cancel,Cancel,,Low,
C001630,APT003549,PT00376,2026-08-08T13:15:00,Call,Can we move to next week?,Reschedule,Reschedule,,Medium,
C001631,APT003550,PT00515,2026-06-02T13:45:00,WhatsApp,,No Response,No Response,,Low,
C001632,APT003551,PT00710,2026-08-22T08:00:00,SMS,Can we move to next week?,Reschedule,Reschedule,,Medium,
C001633,APT003552,PT01578,2026-07-06T17:15:00,WhatsApp,"Haan theek hai, confirm kar do",Confirm,Confirm,,Low,
C001634,APT003554,PT01714,2026-06-06T09:00:00,WhatsApp,"Haan theek hai, confirm kar do",Confirm,Confirm,,Low,
C001635,APT003555,PT00773,2026-06-27T10:15:00,WhatsApp,Ok confirmed,Confirm,Confirm,,Low,
C001636,APT003556,PT00621,2026-08-13T08:15:00,WhatsApp,Ok confirmed,Confirm,Confirm,,Low,
C001637,APT003557,PT01614,2026-07-20T09:00:00,SMS,Can we move to next week?,Reschedule,Reschedule,,Medium,
C001638,APT003562,PT01267,2026-06-02T16:15:00,WhatsApp,Ok confirmed,Confirm,Confirm,,Low,
C001639,APT003563,PT00459,2026-07-18T19:15:00,SMS,,No Response,No Response,,Low,
C001640,APT003564,PT01037,2026-07-21T10:45:00,Call,,No Response,No Response,,Low,
C001641,APT003569,PT01782,2026-06-12T20:00:00,WhatsApp,"Yes that works, see you then",Confirm,Confirm,,Low,
C001642,APT003570,PT01688,2026-08-08T18:00:00,WhatsApp,Not needed this time,Cancel,Cancel,,Low,
C001643,APT003571,PT00504,2026-08-10T11:00:00,SMS,"Kal thoda late ho jayega, Saturday kar sakte ho?",Reschedule,Reschedule,Saturday,High,Provider/patient running late
C001644,APT003572,PT01530,2026-08-03T08:30:00,Call,Can we move to next week?,Reschedule,Reschedule,,Medium,
C001645,APT003575,PT01812,2026-06-18T11:00:00,Call,Not needed this time,Cancel,Cancel,,Low,
C001646,APT003580,PT00056,2026-08-11T09:00:00,Call,"Yes that works, see you then",Confirm,Confirm,,Low,
C001647,APT003582,PT00854,2026-06-10T12:00:00,Call,Ok confirmed,Confirm,Confirm,,Low,
C001648,APT003585,PT01249,2026-07-08T08:45:00,Call,"Yes that works, see you then",Confirm,Confirm,,Low,
C001649,APT003586,PT00920,2026-06-29T10:30:00,Call,"Yes that works, see you then",Confirm,Confirm,,Low,
C001650,APT003588,PT01779,2026-07-24T19:30:00,WhatsApp,"Yes that works, see you then",Confirm,Confirm,,Low,
C001651,APT003590,PT01594,2026-08-19T13:45:00,Call,Can we move to next week?,Reschedule,Reschedule,,Medium,
C001652,APT003591,PT00598,2026-06-26T17:15:00,Call,"Kal thoda late ho jayega, Saturday kar sakte ho?",Reschedule,Reschedule,Saturday,High,Provider/patient running late
C001653,APT003593,PT01269,2026-08-02T19:45:00,Call,Ok confirmed,Confirm,Confirm,,Low,
C001654,APT003597,PT01506,2026-07-12T18:15:00,WhatsApp,"Yes that works, see you then",Confirm,Confirm,,Low,
C001655,APT003598,PT01046,2026-05-31T17:15:00,SMS,"Yes that works, see you then",Confirm,Confirm,,Low,
C001656,APT003599,PT01019,2026-07-21T08:45:00,SMS,,No Response,No Response,,Low,
C001657,APT003600,PT01466,2026-07-04T18:00:00,WhatsApp,Can we move to next week?,Reschedule,Reschedule,,Medium,
C001658,APT003601,PT00870,2026-08-05T08:30:00,Call,Can we move to next week?,Reschedule,Reschedule,,Medium,
C001659,APT003602,PT01267,2026-07-17T16:45:00,WhatsApp,"Doctor visit hai usi din, reschedule possible?",Reschedule,Reschedule,,Medium,Conflicting doctor visit
C001660,APT003604,PT00043,2026-07-25T12:30:00,Call,Ok confirmed,Confirm,Confirm,,Low,
C001661,APT003605,PT00394,2026-07-18T15:45:00,WhatsApp,"Yes that works, see you then",Confirm,Confirm,,Low,
C001662,APT003606,PT00521,2026-08-11T19:00:00,Call,Ok confirmed,Confirm,Confirm,,Low,
C001663,APT003607,PT01745,2026-07-04T11:15:00,Call,"Haan theek hai, confirm kar do",Confirm,Confirm,,Low,
C001664,APT003608,PT00034,2026-08-02T16:45:00,SMS,"Doctor visit hai usi din, reschedule possible?",Reschedule,Reschedule,,Medium,Conflicting doctor visit
C001665,APT003609,PT01078,2026-06-18T17:00:00,WhatsApp,"Haan theek hai, confirm kar do",Confirm,Confirm,,Low,
C001666,APT003612,PT00494,2026-07-20T10:15:00,WhatsApp,"Haan theek hai, confirm kar do",Confirm,Confirm,,Low,
C001667,APT003616,PT01886,2026-08-14T16:45:00,WhatsApp,"Doctor visit hai usi din, reschedule possible?",Reschedule,Reschedule,,Medium,Conflicting doctor visit
C001668,APT003617,PT01053,2026-07-31T16:45:00,Call,"Yes that works, see you then",Confirm,Confirm,,Low,
C001669,APT003618,PT00634,2026-08-23T19:30:00,Call,"Haan theek hai, confirm kar do",Confirm,Confirm,,Low,
C001670,APT003619,PT00562,2026-08-20T16:00:00,Call,Ok confirmed,Confirm,Confirm,,Low,
C001671,APT003620,PT01494,2026-07-03T20:45:00,SMS,"Kal thoda late ho jayega, Saturday kar sakte ho?",Reschedule,Reschedule,Saturday,High,Provider/patient running late
C001672,APT003623,PT00716,2026-08-26T14:15:00,Call,,No Response,No Response,,Low,
C001673,APT003630,PT00524,2026-06-23T14:45:00,Call,"Kal thoda late ho jayega, Saturday kar sakte ho?",Reschedule,Reschedule,Saturday,High,Provider/patient running late
C001674,APT003631,PT00067,2026-06-17T12:45:00,SMS,Ok confirmed,Confirm,Confirm,,Low,
C001675,APT003632,PT00698,2026-08-07T10:00:00,WhatsApp,Is week cancel karna padega,Cancel,Cancel,,Low,
C001676,APT003635,PT01902,2026-06-12T09:30:00,Call,"Yes that works, see you then",Confirm,Confirm,,Low,
C001677,APT003638,PT01997,2026-06-04T19:45:00,SMS,"Doctor visit hai usi din, reschedule possible?",Reschedule,Reschedule,,Medium,Conflicting doctor visit
C001678,APT003645,PT01479,2026-06-10T17:00:00,WhatsApp,"Yes that works, see you then",Confirm,Confirm,,Low,
C001679,APT003646,PT01999,2026-06-20T15:45:00,SMS,"Haan theek hai, confirm kar do",Confirm,Confirm,,Low,
C001680,APT003647,PT01098,2026-07-15T15:00:00,WhatsApp,,No Response,No Response,,Low,
C001681,APT003650,PT01804,2026-08-17T20:30:00,WhatsApp,Can we move to next week?,Reschedule,Reschedule,,Medium,
C001682,APT003651,PT01448,2026-08-05T15:00:00,Call,Can we move to next week?,Reschedule,Reschedule,,Medium,
C001683,APT003657,PT01080,2026-08-14T12:45:00,WhatsApp,,No Response,No Response,,Low,
C001684,APT003665,PT01758,2026-06-02T14:00:00,Call,"Yes that works, see you then",Confirm,Confirm,,Low,
C001685,APT003666,PT00911,2026-08-17T19:30:00,Call,,No Response,No Response,,Low,
C001686,APT003667,PT00806,2026-08-11T18:15:00,SMS,"Haan theek hai, confirm kar do",Confirm,Confirm,,Low,
C001687,APT003669,PT00383,2026-08-01T09:15:00,Call,Ok confirmed,Confirm,Confirm,,Low,
C001688,APT003670,PT00925,2026-08-11T13:15:00,SMS,"Haan theek hai, confirm kar do",Confirm,Confirm,,Low,
C001689,APT003677,PT00001,2026-08-13T16:45:00,Call,"Yes that works, see you then",Confirm,Confirm,,Low,
C001690,APT003684,PT00175,2026-07-30T14:00:00,WhatsApp,"Haan theek hai, confirm kar do",Confirm,Confirm,,Low,
C001691,APT003690,PT01645,2026-06-11T13:00:00,WhatsApp,"Haan theek hai, confirm kar do",Confirm,Confirm,,Low,
C001692,APT003699,PT01135,2026-07-17T19:45:00,WhatsApp,,No Response,No Response,,Low,
C001693,APT003700,PT01995,2026-07-01T16:00:00,SMS,"Yes that works, see you then",Confirm,Confirm,,Low,
C001694,APT003702,PT00691,2026-07-11T20:30:00,Call,Ok confirmed,Confirm,Confirm,,Low,
C001695,APT003704,PT01407,2026-06-24T10:15:00,Call,"Yes that works, see you then",Confirm,Confirm,,Low,
C001696,APT003705,PT00244,2026-07-16T20:45:00,Call,"Haan theek hai, confirm kar do",Confirm,Confirm,,Low,
C001697,APT003706,PT01131,2026-07-29T20:45:00,WhatsApp,"Yes that works, see you then",Confirm,Confirm,,Low,
C001698,APT003707,PT00714,2026-06-05T12:45:00,Call,,No Response,No Response,,Low,
C001699,APT003709,PT01331,2026-06-24T09:45:00,WhatsApp,"Yes that works, see you then",Confirm,Confirm,,Low,
C001700,APT003710,PT00326,2026-08-03T11:00:00,SMS,Ok confirmed,Confirm,Confirm,,Low,
C001701,APT003711,PT00871,2026-08-05T20:30:00,Call,"Yes that works, see you then",Confirm,Confirm,,Low,
C001702,APT003720,PT01234,2026-06-01T15:30:00,Call,Ok confirmed,Confirm,Confirm,,Low,
C001703,APT003721,PT01548,2026-08-24T12:15:00,WhatsApp,"Kal thoda late ho jayega, Saturday kar sakte ho?",Reschedule,Reschedule,Saturday,High,Provider/patient running late
C001704,APT003722,PT01267,2026-08-26T14:45:00,SMS,"Haan theek hai, confirm kar do",Confirm,Confirm,,Low,
C001705,APT003723,PT01295,2026-05-30T15:15:00,SMS,Ok confirmed,Confirm,Confirm,,Low,
C001706,APT003726,PT01174,2026-08-26T09:30:00,WhatsApp,Ok confirmed,Confirm,Confirm,,Low,
C001707,APT003727,PT01981,2026-07-12T14:30:00,Call,Ok confirmed,Confirm,Confirm,,Low,
C001708,APT003732,PT00491,2026-06-21T20:00:00,Call,,No Response,No Response,,Low,
C001709,APT003733,PT00503,2026-07-22T14:45:00,Call,Can we move to next week?,Reschedule,Reschedule,,Medium,
C001710,APT003734,PT00454,2026-07-06T10:45:00,Call,"Haan theek hai, confirm kar do",Confirm,Confirm,,Low,
C001711,APT003736,PT00715,2026-06-23T18:30:00,SMS,Ok confirmed,Confirm,Confirm,,Low,
C001712,APT003737,PT01263,2026-06-21T20:15:00,WhatsApp,"Haan theek hai, confirm kar do",Confirm,Confirm,,Low,
C001713,APT003739,PT01401,2026-06-27T12:00:00,SMS,"Doctor visit hai usi din, reschedule possible?",Reschedule,Reschedule,,Medium,Conflicting doctor visit
C001714,APT003742,PT00580,2026-06-10T10:45:00,Call,"Kal thoda late ho jayega, Saturday kar sakte ho?",Reschedule,Reschedule,Saturday,High,Provider/patient running late
C001715,APT003743,PT00123,2026-07-06T13:15:00,WhatsApp,Ok confirmed,Confirm,Confirm,,Low,
C001716,APT003749,PT00361,2026-08-01T18:15:00,Call,,No Response,No Response,,Low,
C001717,APT003752,PT01817,2026-08-05T10:45:00,Call,Ok confirmed,Confirm,Confirm,,Low,
C001718,APT003754,PT01614,2026-06-03T13:30:00,SMS,,No Response,No Response,,Low,
C001719,APT003756,PT00613,2026-07-01T11:45:00,Call,"Kal thoda late ho jayega, Saturday kar sakte ho?",Reschedule,Reschedule,Saturday,High,Provider/patient running late
C001720,APT003758,PT00604,2026-07-18T15:00:00,SMS,"Doctor visit hai usi din, reschedule possible?",Reschedule,Reschedule,,Medium,Conflicting doctor visit
C001721,APT003759,PT01643,2026-06-29T20:30:00,WhatsApp,Ok confirmed,Confirm,Confirm,,Low,
C001722,APT003765,PT00285,2026-06-16T11:15:00,Call,,No Response,No Response,,Low,
C001723,APT003766,PT01585,2026-08-16T20:00:00,Call,"Haan theek hai, confirm kar do",Confirm,Confirm,,Low,
C001724,APT003770,PT01138,2026-06-05T16:30:00,WhatsApp,Not needed this time,Cancel,Cancel,,Low,
C001725,APT003771,PT00593,2026-08-19T18:15:00,WhatsApp,"Doctor visit hai usi din, reschedule possible?",Reschedule,Reschedule,,Medium,Conflicting doctor visit
C001726,APT003772,PT00835,2026-06-19T15:15:00,SMS,,No Response,No Response,,Low,
C001727,APT003776,PT01560,2026-07-12T11:45:00,SMS,"Haan theek hai, confirm kar do",Confirm,Confirm,,Low,
C001728,APT003782,PT01372,2026-06-12T11:30:00,Call,"Kal thoda late ho jayega, Saturday kar sakte ho?",Reschedule,Reschedule,Saturday,High,Provider/patient running late
C001729,APT003783,PT00732,2026-08-24T12:30:00,WhatsApp,"Haan theek hai, confirm kar do",Confirm,Confirm,,Low,
C001730,APT003784,PT01050,2026-07-14T12:15:00,WhatsApp,Ok confirmed,Confirm,Confirm,,Low,
C001731,APT003785,PT00640,2026-08-07T17:45:00,Call,"Yes that works, see you then",Confirm,Confirm,,Low,
C001732,APT003786,PT00017,2026-07-21T18:45:00,WhatsApp,,No Response,No Response,,Low,
C001733,APT003788,PT00376,2026-07-17T19:30:00,SMS,,No Response,No Response,,Low,
C001734,APT003793,PT00455,2026-06-05T15:00:00,WhatsApp,Not needed this time,Cancel,Cancel,,Low,
C001735,APT003798,PT01271,2026-07-05T20:45:00,WhatsApp,"Haan theek hai, confirm kar do",Confirm,Confirm,,Low,
C001736,APT003799,PT01294,2026-07-05T09:15:00,Call,,No Response,No Response,,Low,
C001737,APT003800,PT01663,2026-07-26T18:45:00,Call,,No Response,No Response,,Low,
C001738,APT003804,PT01474,2026-08-16T12:00:00,Call,Ok confirmed,Confirm,Confirm,,Low,
C001739,APT003805,PT01662,2026-08-06T09:45:00,Call,"Doctor visit hai usi din, reschedule possible?",Reschedule,Reschedule,,Medium,Conflicting doctor visit
C001740,APT003806,PT00330,2026-06-25T14:30:00,Call,Please cancel this visit,Cancel,Cancel,,Low,
C001741,APT003811,PT01403,2026-08-29T08:00:00,WhatsApp,Not needed this time,Cancel,Cancel,,Low,
C001742,APT003812,PT01904,2026-08-17T19:45:00,WhatsApp,"Kal thoda late ho jayega, Saturday kar sakte ho?",Reschedule,Reschedule,Saturday,High,Provider/patient running late
C001743,APT003813,PT00853,2026-06-07T20:15:00,SMS,Ok confirmed,Confirm,Confirm,,Low,
C001744,APT003814,PT00510,2026-06-12T17:45:00,Call,"Haan theek hai, confirm kar do",Confirm,Confirm,,Low,
C001745,APT003816,PT00172,2026-07-26T08:30:00,SMS,Ok confirmed,Confirm,Confirm,,Low,
C001746,APT003821,PT00707,2026-08-19T10:00:00,SMS,,No Response,No Response,,Low,
C001747,APT003822,PT00631,2026-07-12T20:15:00,Call,"Doctor visit hai usi din, reschedule possible?",Reschedule,Reschedule,,Medium,Conflicting doctor visit
C001748,APT003825,PT00185,2026-08-21T16:00:00,Call,Ok confirmed,Confirm,Confirm,,Low,
C001749,APT003828,PT01158,2026-07-18T09:45:00,Call,,No Response,No Response,,Low,
C001750,APT003832,PT01572,2026-06-20T16:30:00,WhatsApp,Ok confirmed,Confirm,Confirm,,Low,
C001751,APT003834,PT00999,2026-07-16T11:30:00,SMS,"Kal thoda late ho jayega, Saturday kar sakte ho?",Reschedule,Reschedule,Saturday,High,Provider/patient running late
C001752,APT003838,PT01604,2026-07-04T16:00:00,Call,,No Response,No Response,,Low,
C001753,APT003841,PT01583,2026-07-19T14:15:00,SMS,"Yes that works, see you then",Confirm,Confirm,,Low,
C001754,APT003842,PT01999,2026-08-05T11:15:00,SMS,,No Response,No Response,,Low,
C001755,APT003843,PT00187,2026-08-28T09:00:00,WhatsApp,,No Response,No Response,,Low,
C001756,APT003844,PT01426,2026-07-25T13:15:00,WhatsApp,,No Response,No Response,,Low,
C001757,APT003847,PT00682,2026-06-22T19:00:00,WhatsApp,,No Response,No Response,,Low,
C001758,APT003848,PT00666,2026-08-16T18:15:00,Call,,No Response,No Response,,Low,
C001759,APT003850,PT01609,2026-08-12T14:45:00,SMS,"Kal thoda late ho jayega, Saturday kar sakte ho?",Reschedule,Reschedule,Saturday,High,Provider/patient running late
C001760,APT003851,PT01628,2026-06-08T15:30:00,Call,"Yes that works, see you then",Confirm,Confirm,,Low,
C001761,APT003852,PT00501,2026-08-27T19:15:00,SMS,"Kal thoda late ho jayega, Saturday kar sakte ho?",Reschedule,Reschedule,Saturday,High,Provider/patient running late
C001762,APT003854,PT01723,2026-08-04T13:45:00,Call,Can we move to next week?,Reschedule,Reschedule,,Medium,
C001763,APT003856,PT00569,2026-08-22T12:45:00,SMS,Can we move to next week?,Reschedule,Reschedule,,Medium,
C001764,APT003857,PT00100,2026-06-18T17:45:00,Call,"Doctor visit hai usi din, reschedule possible?",Reschedule,Reschedule,,Medium,Conflicting doctor visit
C001765,APT003861,PT01013,2026-08-22T09:15:00,Call,"Haan theek hai, confirm kar do",Confirm,Confirm,,Low,
C001766,APT003868,PT00032,2026-07-09T16:45:00,Call,Is week cancel karna padega,Cancel,Cancel,,Low,
C001767,APT003871,PT01848,2026-08-13T19:15:00,Call,"Haan theek hai, confirm kar do",Confirm,Confirm,,Low,
C001768,APT003872,PT01524,2026-06-17T16:15:00,Call,"Doctor visit hai usi din, reschedule possible?",Reschedule,Reschedule,,Medium,Conflicting doctor visit
C001769,APT003873,PT00551,2026-07-23T18:15:00,SMS,Ok confirmed,Confirm,Confirm,,Low,
C001770,APT003875,PT00619,2026-08-07T09:15:00,SMS,,No Response,No Response,,Low,
C001771,APT003876,PT00999,2026-06-05T19:30:00,WhatsApp,Ok confirmed,Confirm,Confirm,,Low,
C001772,APT003879,PT00880,2026-06-26T19:15:00,WhatsApp,"Yes that works, see you then",Confirm,Confirm,,Low,
C001773,APT003880,PT00495,2026-07-12T20:00:00,SMS,"Haan theek hai, confirm kar do",Confirm,Confirm,,Low,
C001774,APT003881,PT01854,2026-07-17T17:30:00,WhatsApp,"Yes that works, see you then",Confirm,Confirm,,Low,
C001775,APT003882,PT01608,2026-08-02T14:30:00,SMS,Can we move to next week?,Reschedule,Reschedule,,Medium,
C001776,APT003886,PT00376,2026-07-18T16:00:00,SMS,"Doctor visit hai usi din, reschedule possible?",Reschedule,Reschedule,,Medium,Conflicting doctor visit
C001777,APT003892,PT01785,2026-06-20T12:00:00,Call,"Yes that works, see you then",Confirm,Confirm,,Low,
C001778,APT003893,PT01818,2026-08-23T16:30:00,WhatsApp,"Haan theek hai, confirm kar do",Confirm,Confirm,,Low,
C001779,APT003895,PT01022,2026-06-18T13:15:00,SMS,"Yes that works, see you then",Confirm,Confirm,,Low,
C001780,APT003898,PT00675,2026-06-26T16:45:00,Call,"Yes that works, see you then",Confirm,Confirm,,Low,
C001781,APT003900,PT01076,2026-06-23T19:30:00,WhatsApp,"Haan theek hai, confirm kar do",Confirm,Confirm,,Low,
C001782,APT003901,PT01634,2026-08-07T17:30:00,SMS,"Doctor visit hai usi din, reschedule possible?",Reschedule,Reschedule,,Medium,Conflicting doctor visit
C001783,APT003903,PT00330,2026-06-01T15:30:00,WhatsApp,Please cancel this visit,Cancel,Cancel,,Low,
C001784,APT003905,PT00127,2026-07-12T08:30:00,SMS,Is week cancel karna padega,Cancel,Cancel,,Low,
C001785,APT003910,PT01229,2026-06-22T12:15:00,SMS,,No Response,No Response,,Low,
C001786,APT003911,PT00203,2026-06-05T11:15:00,Call,,No Response,No Response,,Low,
C001787,APT003914,PT00225,2026-06-17T08:30:00,WhatsApp,Ok confirmed,Confirm,Confirm,,Low,
C001788,APT003915,PT01449,2026-07-16T20:15:00,WhatsApp,"Haan theek hai, confirm kar do",Confirm,Confirm,,Low,
C001789,APT003916,PT01510,2026-08-26T09:45:00,WhatsApp,"Kal thoda late ho jayega, Saturday kar sakte ho?",Reschedule,Reschedule,Saturday,High,Provider/patient running late
C001790,APT003918,PT01110,2026-08-11T08:15:00,SMS,Ok confirmed,Confirm,Confirm,,Low,
C001791,APT003920,PT01037,2026-07-09T13:45:00,SMS,"Yes that works, see you then",Confirm,Confirm,,Low,
C001792,APT003921,PT01107,2026-06-25T09:30:00,Call,"Haan theek hai, confirm kar do",Confirm,Confirm,,Low,
C001793,APT003923,PT01320,2026-08-17T10:45:00,WhatsApp,"Kal thoda late ho jayega, Saturday kar sakte ho?",Reschedule,Reschedule,Saturday,High,Provider/patient running late
C001794,APT003925,PT01707,2026-08-12T09:30:00,WhatsApp,"Doctor visit hai usi din, reschedule possible?",Reschedule,Reschedule,,Medium,Conflicting doctor visit
C001795,APT003929,PT00854,2026-07-30T12:15:00,WhatsApp,"Yes that works, see you then",Confirm,Confirm,,Low,
C001796,APT003931,PT00202,2026-08-12T13:30:00,SMS,"Doctor visit hai usi din, reschedule possible?",Reschedule,Reschedule,,Medium,Conflicting doctor visit
C001797,APT003933,PT00266,2026-07-28T18:00:00,SMS,"Doctor visit hai usi din, reschedule possible?",Reschedule,Reschedule,,Medium,Conflicting doctor visit
C001798,APT003934,PT01247,2026-06-26T15:30:00,SMS,,No Response,No Response,,Low,
C001799,APT003936,PT01017,2026-08-04T11:15:00,WhatsApp,,No Response,No Response,,Low,
C001800,APT003937,PT01171,2026-07-15T16:30:00,Call,"Kal thoda late ho jayega, Saturday kar sakte ho?",Reschedule,Reschedule,Saturday,High,Provider/patient running late
C001801,APT003939,PT01105,2026-07-17T10:30:00,Call,"Kal thoda late ho jayega, Saturday kar sakte ho?",Reschedule,Reschedule,Saturday,High,Provider/patient running late
C001802,APT003940,PT00386,2026-06-02T13:15:00,Call,Ok confirmed,Confirm,Confirm,,Low,
C001803,APT003945,PT01892,2026-06-05T12:30:00,Call,Ok confirmed,Confirm,Confirm,,Low,
C001804,APT003946,PT01212,2026-08-19T19:00:00,SMS,"Doctor visit hai usi din, reschedule possible?",Reschedule,Reschedule,,Medium,Conflicting doctor visit
C001805,APT003952,PT01886,2026-07-29T16:00:00,SMS,"Yes that works, see you then",Confirm,Confirm,,Low,
C001806,APT003954,PT00021,2026-08-26T15:15:00,Call,Can we move to next week?,Reschedule,Reschedule,,Medium,
C001807,APT003955,PT01402,2026-07-20T15:00:00,Call,,No Response,No Response,,Low,
C001808,APT003958,PT01130,2026-06-29T10:30:00,Call,"Haan theek hai, confirm kar do",Confirm,Confirm,,Low,
C001809,APT003959,PT01736,2026-06-14T17:00:00,WhatsApp,"Haan theek hai, confirm kar do",Confirm,Confirm,,Low,
C001810,APT003960,PT01600,2026-08-20T18:15:00,WhatsApp,"Doctor visit hai usi din, reschedule possible?",Reschedule,Reschedule,,Medium,Conflicting doctor visit
C001811,APT003961,PT00600,2026-08-01T19:30:00,Call,"Haan theek hai, confirm kar do",Confirm,Confirm,,Low,
C001812,APT003962,PT01620,2026-08-22T09:45:00,WhatsApp,"Haan theek hai, confirm kar do",Confirm,Confirm,,Low,
C001813,APT003963,PT01844,2026-08-14T08:15:00,WhatsApp,"Yes that works, see you then",Confirm,Confirm,,Low,
C001814,APT003967,PT01253,2026-07-17T09:45:00,Call,"Haan theek hai, confirm kar do",Confirm,Confirm,,Low,
C001815,APT003969,PT01853,2026-07-06T10:30:00,Call,"Haan theek hai, confirm kar do",Confirm,Confirm,,Low,
C001816,APT003971,PT00547,2026-08-20T16:30:00,Call,"Haan theek hai, confirm kar do",Confirm,Confirm,,Low,
C001817,APT003972,PT01794,2026-08-02T13:15:00,SMS,Not needed this time,Cancel,Cancel,,Low,
C001818,APT003974,PT00834,2026-06-13T18:00:00,SMS,"Kal thoda late ho jayega, Saturday kar sakte ho?",Reschedule,Reschedule,Saturday,High,Provider/patient running late
C001819,APT003975,PT01746,2026-08-13T09:45:00,SMS,Not needed this time,Cancel,Cancel,,Low,
C001820,APT003977,PT00221,2026-07-26T19:30:00,SMS,"Yes that works, see you then",Confirm,Confirm,,Low,
C001821,APT003979,PT01013,2026-07-03T09:30:00,WhatsApp,"Yes that works, see you then",Confirm,Confirm,,Low,
C001822,APT003980,PT01422,2026-06-06T13:15:00,SMS,"Doctor visit hai usi din, reschedule possible?",Reschedule,Reschedule,,Medium,Conflicting doctor visit
C001823,APT003986,PT00082,2026-07-11T12:15:00,SMS,"Kal thoda late ho jayega, Saturday kar sakte ho?",Reschedule,Reschedule,Saturday,High,Provider/patient running late
C001824,APT003987,PT00409,2026-06-14T12:00:00,Call,"Kal thoda late ho jayega, Saturday kar sakte ho?",Reschedule,Reschedule,Saturday,High,Provider/patient running late
C001825,APT003988,PT01578,2026-06-19T14:15:00,WhatsApp,"Yes that works, see you then",Confirm,Confirm,,Low,
C001826,APT003991,PT01697,2026-06-16T13:30:00,WhatsApp,Ok confirmed,Confirm,Confirm,,Low,
C001827,APT003993,PT01572,2026-06-28T10:15:00,WhatsApp,"Doctor visit hai usi din, reschedule possible?",Reschedule,Reschedule,,Medium,Conflicting doctor visit
C001828,APT003995,PT01409,2026-08-04T20:45:00,SMS,"Haan theek hai, confirm kar do",Confirm,Confirm,,Low,
C001829,APT003997,PT00012,2026-08-17T19:15:00,WhatsApp,Ok confirmed,Confirm,Confirm,,Low,
C001830,APT004005,PT01532,2026-07-01T15:45:00,Call,Ok confirmed,Confirm,Confirm,,Low,
C001831,APT004011,PT01805,2026-07-20T08:30:00,Call,,No Response,No Response,,Low,
C001832,APT004014,PT01013,2026-07-08T17:00:00,SMS,Is week cancel karna padega,Cancel,Cancel,,Low,
C001833,APT004016,PT01012,2026-07-30T15:00:00,Call,"Haan theek hai, confirm kar do",Confirm,Confirm,,Low,
C001834,APT004017,PT01687,2026-05-31T19:15:00,SMS,Please cancel this visit,Cancel,Cancel,,Low,
C001835,APT004018,PT01577,2026-06-11T10:15:00,SMS,,No Response,No Response,,Low,
C001836,APT004020,PT00016,2026-08-23T12:15:00,SMS,"Yes that works, see you then",Confirm,Confirm,,Low,
C001837,APT004021,PT00416,2026-07-29T10:30:00,WhatsApp,Ok confirmed,Confirm,Confirm,,Low,
C001838,APT004022,PT00554,2026-06-07T17:15:00,Call,Ok confirmed,Confirm,Confirm,,Low,
C001839,APT004025,PT00020,2026-07-29T15:30:00,Call,"Doctor visit hai usi din, reschedule possible?",Reschedule,Reschedule,,Medium,Conflicting doctor visit
C001840,APT004028,PT00008,2026-06-22T12:45:00,Call,Ok confirmed,Confirm,Confirm,,Low,
C001841,APT004029,PT00771,2026-06-05T17:15:00,Call,,No Response,No Response,,Low,
C001842,APT004031,PT00375,2026-08-10T20:30:00,SMS,Ok confirmed,Confirm,Confirm,,Low,
C001843,APT004032,PT01052,2026-06-17T19:15:00,SMS,,No Response,No Response,,Low,
C001844,APT004034,PT00169,2026-08-13T10:15:00,WhatsApp,Is week cancel karna padega,Cancel,Cancel,,Low,
C001845,APT004036,PT01536,2026-06-08T20:00:00,SMS,"Yes that works, see you then",Confirm,Confirm,,Low,
C001846,APT004037,PT00094,2026-08-14T15:45:00,Call,"Doctor visit hai usi din, reschedule possible?",Reschedule,Reschedule,,Medium,Conflicting doctor visit
C001847,APT004041,PT01231,2026-07-09T08:15:00,WhatsApp,,No Response,No Response,,Low,
C001848,APT004044,PT00030,2026-07-24T08:00:00,Call,"Yes that works, see you then",Confirm,Confirm,,Low,
C001849,APT004045,PT00033,2026-08-01T09:45:00,Call,,No Response,No Response,,Low,
C001850,APT004046,PT00043,2026-08-18T15:45:00,SMS,"Haan theek hai, confirm kar do",Confirm,Confirm,,Low,
C001851,APT004053,PT00092,2026-06-14T10:15:00,WhatsApp,"Yes that works, see you then",Confirm,Confirm,,Low,
C001852,APT004060,PT01603,2026-07-20T11:15:00,WhatsApp,,No Response,No Response,,Low,
C001853,APT004063,PT00198,2026-06-08T13:15:00,WhatsApp,"Yes that works, see you then",Confirm,Confirm,,Low,
C001854,APT004068,PT00568,2026-06-06T12:00:00,Call,"Yes that works, see you then",Confirm,Confirm,,Low,
C001855,APT004069,PT01449,2026-08-09T17:45:00,Call,"Yes that works, see you then",Confirm,Confirm,,Low,
C001856,APT004071,PT00028,2026-07-29T11:00:00,Call,"Haan theek hai, confirm kar do",Confirm,Confirm,,Low,
C001857,APT004073,PT00464,2026-08-22T14:00:00,Call,"Yes that works, see you then",Confirm,Confirm,,Low,
C001858,APT004074,PT00391,2026-06-20T13:15:00,SMS,"Kal thoda late ho jayega, Saturday kar sakte ho?",Reschedule,Reschedule,Saturday,High,Provider/patient running late
C001859,APT004076,PT01228,2026-08-18T19:15:00,SMS,"Doctor visit hai usi din, reschedule possible?",Reschedule,Reschedule,,Medium,Conflicting doctor visit
C001860,APT004077,PT00847,2026-08-06T14:15:00,SMS,Ok confirmed,Confirm,Confirm,,Low,
C001861,APT004078,PT01363,2026-08-08T09:00:00,Call,"Haan theek hai, confirm kar do",Confirm,Confirm,,Low,
C001862,APT004080,PT01267,2026-08-28T16:15:00,Call,,No Response,No Response,,Low,
C001863,APT004083,PT01183,2026-07-17T11:45:00,Call,"Doctor visit hai usi din, reschedule possible?",Reschedule,Reschedule,,Medium,Conflicting doctor visit
C001864,APT004084,PT01859,2026-06-11T15:15:00,WhatsApp,Please cancel this visit,Cancel,Cancel,,Low,
C001865,APT004090,PT01588,2026-06-09T16:30:00,SMS,Can we move to next week?,Reschedule,Reschedule,,Medium,
C001866,APT004092,PT01420,2026-06-19T18:15:00,SMS,Ok confirmed,Confirm,Confirm,,Low,
C001867,APT004097,PT01468,2026-08-21T10:00:00,Call,"Yes that works, see you then",Confirm,Confirm,,Low,
C001868,APT004098,PT00331,2026-07-31T13:15:00,Call,Please cancel this visit,Cancel,Cancel,,Low,
C001869,APT004101,PT01460,2026-07-17T15:15:00,WhatsApp,Can we move to next week?,Reschedule,Reschedule,,Medium,
C001870,APT004105,PT01904,2026-06-20T08:30:00,WhatsApp,Ok confirmed,Confirm,Confirm,,Low,
C001871,APT004110,PT00307,2026-06-29T10:15:00,Call,"Kal thoda late ho jayega, Saturday kar sakte ho?",Reschedule,Reschedule,Saturday,High,Provider/patient running late
C001872,APT004111,PT01659,2026-07-13T17:00:00,Call,"Doctor visit hai usi din, reschedule possible?",Reschedule,Reschedule,,Medium,Conflicting doctor visit
C001873,APT004115,PT01225,2026-07-04T09:00:00,SMS,Ok confirmed,Confirm,Confirm,,Low,
C001874,APT004119,PT00810,2026-06-14T14:30:00,Call,"Yes that works, see you then",Confirm,Confirm,,Low,
C001875,APT004120,PT01624,2026-07-05T09:15:00,WhatsApp,"Yes that works, see you then",Confirm,Confirm,,Low,
C001876,APT004122,PT00389,2026-07-05T13:00:00,WhatsApp,Can we move to next week?,Reschedule,Reschedule,,Medium,
C001877,APT004123,PT01508,2026-06-24T12:45:00,Call,"Yes that works, see you then",Confirm,Confirm,,Low,
C001878,APT004124,PT01432,2026-08-24T10:30:00,SMS,Ok confirmed,Confirm,Confirm,,Low,
C001879,APT004129,PT01561,2026-06-02T09:30:00,Call,Can we move to next week?,Reschedule,Reschedule,,Medium,
C001880,APT004132,PT00358,2026-07-20T12:30:00,WhatsApp,"Kal thoda late ho jayega, Saturday kar sakte ho?",Reschedule,Reschedule,Saturday,High,Provider/patient running late
C001881,APT004136,PT01676,2026-06-02T14:15:00,WhatsApp,Can we move to next week?,Reschedule,Reschedule,,Medium,
C001882,APT004142,PT00149,2026-08-07T08:30:00,SMS,"Yes that works, see you then",Confirm,Confirm,,Low,
C001883,APT004145,PT00129,2026-06-11T15:45:00,SMS,"Doctor visit hai usi din, reschedule possible?",Reschedule,Reschedule,,Medium,Conflicting doctor visit
C001884,APT004146,PT01998,2026-06-27T18:45:00,SMS,"Doctor visit hai usi din, reschedule possible?",Reschedule,Reschedule,,Medium,Conflicting doctor visit
C001885,APT004148,PT01732,2026-07-26T16:15:00,WhatsApp,"Haan theek hai, confirm kar do",Confirm,Confirm,,Low,
C001886,APT004149,PT00029,2026-08-26T10:30:00,Call,"Yes that works, see you then",Confirm,Confirm,,Low,
C001887,APT004150,PT01617,2026-06-27T09:30:00,Call,Is week cancel karna padega,Cancel,Cancel,,Low,
C001888,APT004151,PT00168,2026-08-13T09:30:00,WhatsApp,Ok confirmed,Confirm,Confirm,,Low,
C001889,APT004155,PT01917,2026-07-11T15:15:00,WhatsApp,Ok confirmed,Confirm,Confirm,,Low,
C001890,APT004157,PT00591,2026-05-30T20:30:00,WhatsApp,"Kal thoda late ho jayega, Saturday kar sakte ho?",Reschedule,Reschedule,Saturday,High,Provider/patient running late
C001891,APT004158,PT01830,2026-06-23T19:45:00,WhatsApp,"Doctor visit hai usi din, reschedule possible?",Reschedule,Reschedule,,Medium,Conflicting doctor visit
C001892,APT004159,PT00715,2026-06-09T18:45:00,SMS,Please cancel this visit,Cancel,Cancel,,Low,
C001893,APT004167,PT01025,2026-08-27T11:15:00,WhatsApp,,No Response,No Response,,Low,
C001894,APT004168,PT00186,2026-07-09T15:00:00,SMS,Ok confirmed,Confirm,Confirm,,Low,
C001895,APT004169,PT01758,2026-07-07T15:00:00,Call,,No Response,No Response,,Low,
C001896,APT004172,PT01371,2026-08-22T10:00:00,Call,"Yes that works, see you then",Confirm,Confirm,,Low,
C001897,APT004173,PT01418,2026-07-19T19:15:00,Call,"Doctor visit hai usi din, reschedule possible?",Reschedule,Reschedule,,Medium,Conflicting doctor visit
C001898,APT004174,PT00175,2026-06-30T16:15:00,Call,"Haan theek hai, confirm kar do",Confirm,Confirm,,Low,
C001899,APT004179,PT01534,2026-07-27T12:45:00,Call,"Doctor visit hai usi din, reschedule possible?",Reschedule,Reschedule,,Medium,Conflicting doctor visit
C001900,APT004180,PT01279,2026-08-20T16:45:00,Call,Can we move to next week?,Reschedule,Reschedule,,Medium,
C001901,APT004181,PT01375,2026-07-29T16:00:00,SMS,"Yes that works, see you then",Confirm,Confirm,,Low,
C001902,APT004182,PT00651,2026-07-04T15:30:00,SMS,Ok confirmed,Confirm,Confirm,,Low,
C001903,APT004183,PT01078,2026-08-27T17:15:00,SMS,,No Response,No Response,,Low,
C001904,APT004184,PT00909,2026-07-23T14:30:00,WhatsApp,"Yes that works, see you then",Confirm,Confirm,,Low,
C001905,APT004186,PT01049,2026-08-21T08:00:00,Call,,No Response,No Response,,Low,
C001906,APT004188,PT01995,2026-07-24T09:00:00,WhatsApp,,No Response,No Response,,Low,
C001907,APT004189,PT01707,2026-06-13T13:45:00,WhatsApp,"Haan theek hai, confirm kar do",Confirm,Confirm,,Low,
C001908,APT004190,PT00501,2026-08-05T13:30:00,SMS,Is week cancel karna padega,Cancel,Cancel,,Low,
C001909,APT004191,PT01082,2026-08-14T18:30:00,SMS,"Haan theek hai, confirm kar do",Confirm,Confirm,,Low,
C001910,APT004192,PT01574,2026-08-27T13:15:00,SMS,"Haan theek hai, confirm kar do",Confirm,Confirm,,Low,
C001911,APT004194,PT01678,2026-07-07T18:00:00,SMS,Please cancel this visit,Cancel,Cancel,,Low,
C001912,APT004195,PT00951,2026-08-05T18:45:00,Call,"Haan theek hai, confirm kar do",Confirm,Confirm,,Low,
C001913,APT004197,PT00598,2026-06-28T13:00:00,Call,,No Response,No Response,,Low,
C001914,APT004198,PT01421,2026-07-15T08:15:00,SMS,,No Response,No Response,,Low,
C001915,APT004200,PT01111,2026-06-17T09:00:00,SMS,,No Response,No Response,,Low,
C001916,APT004201,PT01601,2026-06-01T13:00:00,WhatsApp,,No Response,No Response,,Low,
C001917,APT004202,PT00625,2026-08-15T11:15:00,WhatsApp,"Haan theek hai, confirm kar do",Confirm,Confirm,,Low,
C001918,APT004203,PT01973,2026-06-06T08:30:00,Call,Ok confirmed,Confirm,Confirm,,Low,
C001919,APT004204,PT00049,2026-06-04T09:45:00,Call,"Doctor visit hai usi din, reschedule possible?",Reschedule,Reschedule,,Medium,Conflicting doctor visit
C001920,APT004205,PT00592,2026-07-05T13:45:00,Call,"Yes that works, see you then",Confirm,Confirm,,Low,
C001921,APT004207,PT01202,2026-08-08T20:45:00,Call,"Kal thoda late ho jayega, Saturday kar sakte ho?",Reschedule,Reschedule,Saturday,High,Provider/patient running late
C001922,APT004208,PT00673,2026-07-09T11:45:00,SMS,Not needed this time,Cancel,Cancel,,Low,
C001923,APT004209,PT01942,2026-08-08T16:00:00,SMS,"Doctor visit hai usi din, reschedule possible?",Reschedule,Reschedule,,Medium,Conflicting doctor visit
C001924,APT004214,PT00138,2026-07-13T14:15:00,Call,Can we move to next week?,Reschedule,Reschedule,,Medium,
C001925,APT004218,PT00756,2026-08-25T08:15:00,SMS,"Yes that works, see you then",Confirm,Confirm,,Low,
C001926,APT004220,PT00946,2026-08-10T09:30:00,Call,,No Response,No Response,,Low,
C001927,APT004222,PT01098,2026-06-09T13:15:00,WhatsApp,Not needed this time,Cancel,Cancel,,Low,
C001928,APT004223,PT01070,2026-08-04T19:30:00,Call,"Doctor visit hai usi din, reschedule possible?",Reschedule,Reschedule,,Medium,Conflicting doctor visit
C001929,APT004226,PT01104,2026-06-28T14:00:00,Call,"Haan theek hai, confirm kar do",Confirm,Confirm,,Low,
C001930,APT004232,PT01950,2026-06-15T17:15:00,SMS,"Haan theek hai, confirm kar do",Confirm,Confirm,,Low,
C001931,APT004233,PT01500,2026-06-19T18:00:00,SMS,Can we move to next week?,Reschedule,Reschedule,,Medium,
C001932,APT004235,PT00831,2026-06-23T09:00:00,WhatsApp,"Kal thoda late ho jayega, Saturday kar sakte ho?",Reschedule,Reschedule,Saturday,High,Provider/patient running late
C001933,APT004242,PT01601,2026-08-07T11:15:00,WhatsApp,,No Response,No Response,,Low,
C001934,APT004244,PT01488,2026-07-05T17:00:00,WhatsApp,,No Response,No Response,,Low,
C001935,APT004246,PT01278,2026-07-25T13:30:00,SMS,"Yes that works, see you then",Confirm,Confirm,,Low,
C001936,APT004248,PT01972,2026-07-09T11:15:00,WhatsApp,"Yes that works, see you then",Confirm,Confirm,,Low,
C001937,APT004249,PT01284,2026-08-17T08:30:00,SMS,Ok confirmed,Confirm,Confirm,,Low,
C001938,APT004250,PT00091,2026-07-21T17:00:00,WhatsApp,"Kal thoda late ho jayega, Saturday kar sakte ho?",Reschedule,Reschedule,Saturday,High,Provider/patient running late
C001939,APT004256,PT00091,2026-08-08T20:45:00,Call,Please cancel this visit,Cancel,Cancel,,Low,
C001940,APT004257,PT01395,2026-07-31T19:45:00,WhatsApp,Ok confirmed,Confirm,Confirm,,Low,
C001941,APT004259,PT01072,2026-08-19T19:30:00,WhatsApp,"Yes that works, see you then",Confirm,Confirm,,Low,
C001942,APT004261,PT00502,2026-08-23T09:45:00,Call,"Haan theek hai, confirm kar do",Confirm,Confirm,,Low,
C001943,APT004263,PT01729,2026-08-14T20:15:00,Call,Is week cancel karna padega,Cancel,Cancel,,Low,
C001944,APT004265,PT00757,2026-08-12T12:30:00,SMS,,No Response,No Response,,Low,
C001945,APT004267,PT00353,2026-06-29T16:30:00,WhatsApp,"Doctor visit hai usi din, reschedule possible?",Reschedule,Reschedule,,Medium,Conflicting doctor visit
C001946,APT004268,PT00164,2026-06-28T08:30:00,WhatsApp,,No Response,No Response,,Low,
C001947,APT004273,PT00385,2026-07-30T08:00:00,SMS,"Haan theek hai, confirm kar do",Confirm,Confirm,,Low,
C001948,APT004274,PT01201,2026-07-29T17:00:00,WhatsApp,"Doctor visit hai usi din, reschedule possible?",Reschedule,Reschedule,,Medium,Conflicting doctor visit
C001949,APT004280,PT01822,2026-07-21T10:00:00,WhatsApp,,No Response,No Response,,Low,
C001950,APT004281,PT01737,2026-06-04T15:00:00,Call,,No Response,No Response,,Low,
C001951,APT004285,PT00801,2026-07-31T17:15:00,WhatsApp,,No Response,No Response,,Low,
C001952,APT004286,PT01298,2026-06-02T14:00:00,Call,"Haan theek hai, confirm kar do",Confirm,Confirm,,Low,
C001953,APT004289,PT00725,2026-08-13T20:45:00,Call,Ok confirmed,Confirm,Confirm,,Low,
C001954,APT004293,PT00592,2026-07-19T20:30:00,SMS,"Haan theek hai, confirm kar do",Confirm,Confirm,,Low,
C001955,APT004295,PT00703,2026-08-18T13:30:00,Call,"Yes that works, see you then",Confirm,Confirm,,Low,
C001956,APT004298,PT01546,2026-07-09T09:45:00,WhatsApp,,No Response,No Response,,Low,
C001957,APT004300,PT00969,2026-07-24T10:30:00,Call,Can we move to next week?,Reschedule,Reschedule,,Medium,
C001958,APT004302,PT01298,2026-07-29T16:00:00,SMS,,No Response,No Response,,Low,
C001959,APT004303,PT00430,2026-06-21T11:15:00,WhatsApp,Ok confirmed,Confirm,Confirm,,Low,
C001960,APT004305,PT00581,2026-07-06T18:30:00,WhatsApp,Ok confirmed,Confirm,Confirm,,Low,
C001961,APT004307,PT01888,2026-08-26T14:15:00,SMS,,No Response,No Response,,Low,
C001962,APT004309,PT01390,2026-08-14T13:30:00,Call,Not needed this time,Cancel,Cancel,,Low,
C001963,APT004314,PT01214,2026-06-28T09:15:00,SMS,,No Response,No Response,,Low,
C001964,APT004315,PT00023,2026-06-24T20:45:00,SMS,Ok confirmed,Confirm,Confirm,,Low,
C001965,APT004318,PT01396,2026-07-23T18:00:00,Call,"Haan theek hai, confirm kar do",Confirm,Confirm,,Low,
C001966,APT004319,PT00621,2026-06-10T20:15:00,SMS,"Kal thoda late ho jayega, Saturday kar sakte ho?",Reschedule,Reschedule,Saturday,High,Provider/patient running late
C001967,APT004323,PT01348,2026-08-09T16:30:00,Call,,No Response,No Response,,Low,
C001968,APT004325,PT01530,2026-07-28T09:45:00,WhatsApp,"Kal thoda late ho jayega, Saturday kar sakte ho?",Reschedule,Reschedule,Saturday,High,Provider/patient running late
C001969,APT004327,PT01253,2026-08-05T11:45:00,SMS,"Kal thoda late ho jayega, Saturday kar sakte ho?",Reschedule,Reschedule,Saturday,High,Provider/patient running late
C001970,APT004331,PT01658,2026-07-03T16:45:00,SMS,"Yes that works, see you then",Confirm,Confirm,,Low,
C001971,APT004334,PT00212,2026-06-19T16:30:00,SMS,,No Response,No Response,,Low,
C001972,APT004336,PT01144,2026-07-09T10:30:00,WhatsApp,"Yes that works, see you then",Confirm,Confirm,,Low,
C001973,APT004337,PT01253,2026-07-11T12:45:00,WhatsApp,Please cancel this visit,Cancel,Cancel,,Low,
C001974,APT004340,PT01144,2026-06-20T13:15:00,Call,"Doctor visit hai usi din, reschedule possible?",Reschedule,Reschedule,,Medium,Conflicting doctor visit
C001975,APT004341,PT01773,2026-08-15T12:00:00,SMS,Ok confirmed,Confirm,Confirm,,Low,
C001976,APT004343,PT01985,2026-08-21T17:15:00,WhatsApp,"Yes that works, see you then",Confirm,Confirm,,Low,
C001977,APT004344,PT00247,2026-07-25T12:45:00,WhatsApp,Please cancel this visit,Cancel,Cancel,,Low,
C001978,APT004345,PT01085,2026-08-04T18:30:00,Call,,No Response,No Response,,Low,
C001979,APT004346,PT01195,2026-08-08T10:00:00,Call,,No Response,No Response,,Low,
C001980,APT004348,PT01646,2026-08-22T13:30:00,WhatsApp,,No Response,No Response,,Low,
C001981,APT004349,PT01475,2026-07-29T17:00:00,Call,,No Response,No Response,,Low,
C001982,APT004351,PT01929,2026-06-08T19:00:00,Call,Ok confirmed,Confirm,Confirm,,Low,
C001983,APT004358,PT00817,2026-07-22T09:15:00,SMS,,No Response,No Response,,Low,
C001984,APT004359,PT00642,2026-06-03T14:00:00,SMS,Can we move to next week?,Reschedule,Reschedule,,Medium,
C001985,APT004365,PT01988,2026-07-22T09:00:00,Call,"Doctor visit hai usi din, reschedule possible?",Reschedule,Reschedule,,Medium,Conflicting doctor visit
C001986,APT004366,PT00852,2026-08-14T10:00:00,SMS,Ok confirmed,Confirm,Confirm,,Low,
C001987,APT004367,PT01960,2026-06-27T08:30:00,Call,"Doctor visit hai usi din, reschedule possible?",Reschedule,Reschedule,,Medium,Conflicting doctor visit
C001988,APT004368,PT00779,2026-06-15T11:30:00,Call,,No Response,No Response,,Low,
C001989,APT004369,PT00083,2026-07-14T11:00:00,Call,"Haan theek hai, confirm kar do",Confirm,Confirm,,Low,
C001990,APT004370,PT00328,2026-08-14T18:15:00,Call,,No Response,No Response,,Low,
C001991,APT004371,PT00841,2026-06-05T16:45:00,WhatsApp,"Yes that works, see you then",Confirm,Confirm,,Low,
C001992,APT004375,PT01447,2026-08-01T09:00:00,Call,"Doctor visit hai usi din, reschedule possible?",Reschedule,Reschedule,,Medium,Conflicting doctor visit
C001993,APT004377,PT01492,2026-06-27T09:45:00,WhatsApp,,No Response,No Response,,Low,
C001994,APT004378,PT01807,2026-06-01T12:00:00,SMS,Ok confirmed,Confirm,Confirm,,Low,
C001995,APT004379,PT01999,2026-07-22T16:00:00,Call,Ok confirmed,Confirm,Confirm,,Low,
C001996,APT004381,PT01375,2026-06-02T15:30:00,SMS,"Kal thoda late ho jayega, Saturday kar sakte ho?",Reschedule,Reschedule,Saturday,High,Provider/patient running late
C001997,APT004382,PT01638,2026-07-03T10:15:00,WhatsApp,"Yes that works, see you then",Confirm,Confirm,,Low,
C001998,APT004383,PT00956,2026-07-04T19:15:00,WhatsApp,Can we move to next week?,Reschedule,Reschedule,,Medium,
C001999,APT004384,PT00431,2026-08-25T08:15:00,Call,Ok confirmed,Confirm,Confirm,,Low,
C002000,APT004386,PT01716,2026-07-25T17:00:00,WhatsApp,Ok confirmed,Confirm,Confirm,,Low,
C002001,APT004387,PT00813,2026-07-13T17:00:00,SMS,,No Response,No Response,,Low,
C002002,APT004388,PT00036,2026-06-06T12:30:00,Call,"Haan theek hai, confirm kar do",Confirm,Confirm,,Low,
C002003,APT004390,PT00806,2026-07-17T10:15:00,SMS,Ok confirmed,Confirm,Confirm,,Low,
C002004,APT004392,PT01783,2026-06-17T13:45:00,SMS,"Yes that works, see you then",Confirm,Confirm,,Low,
C002005,APT004393,PT01512,2026-06-28T10:00:00,SMS,,No Response,No Response,,Low,
C002006,APT004395,PT01615,2026-06-25T18:45:00,Call,Ok confirmed,Confirm,Confirm,,Low,
C002007,APT004396,PT01497,2026-08-09T10:30:00,Call,"Haan theek hai, confirm kar do",Confirm,Confirm,,Low,
C002008,APT004398,PT00460,2026-08-22T20:15:00,SMS,"Kal thoda late ho jayega, Saturday kar sakte ho?",Reschedule,Reschedule,Saturday,High,Provider/patient running late
C002009,APT004399,PT01731,2026-08-16T14:00:00,Call,Please cancel this visit,Cancel,Cancel,,Low,
C002010,APT004402,PT01760,2026-06-09T19:15:00,SMS,Ok confirmed,Confirm,Confirm,,Low,
C002011,APT004406,PT01658,2026-08-22T09:45:00,Call,Ok confirmed,Confirm,Confirm,,Low,
C002012,APT004408,PT01428,2026-07-09T17:30:00,SMS,"Yes that works, see you then",Confirm,Confirm,,Low,
C002013,APT004409,PT00019,2026-07-21T10:30:00,Call,"Haan theek hai, confirm kar do",Confirm,Confirm,,Low,
C002014,APT004411,PT01846,2026-06-30T12:15:00,SMS,"Yes that works, see you then",Confirm,Confirm,,Low,
C002015,APT004418,PT00537,2026-07-01T10:00:00,SMS,,No Response,No Response,,Low,
C002016,APT004419,PT01363,2026-06-14T18:45:00,Call,Not needed this time,Cancel,Cancel,,Low,
C002017,APT004420,PT01387,2026-06-26T17:15:00,WhatsApp,"Yes that works, see you then",Confirm,Confirm,,Low,
C002018,APT004422,PT00426,2026-07-17T10:45:00,SMS,Can we move to next week?,Reschedule,Reschedule,,Medium,
C002019,APT004424,PT00168,2026-07-15T12:00:00,Call,"Kal thoda late ho jayega, Saturday kar sakte ho?",Reschedule,Reschedule,Saturday,High,Provider/patient running late
C002020,APT004425,PT01163,2026-06-24T10:00:00,SMS,,No Response,No Response,,Low,
C002021,APT004426,PT01896,2026-08-03T09:15:00,Call,Not needed this time,Cancel,Cancel,,Low,
C002022,APT004433,PT01309,2026-07-19T16:45:00,SMS,"Kal thoda late ho jayega, Saturday kar sakte ho?",Reschedule,Reschedule,Saturday,High,Provider/patient running late
C002023,APT004434,PT01352,2026-07-11T14:15:00,WhatsApp,Can we move to next week?,Reschedule,Reschedule,,Medium,
C002024,APT004435,PT00575,2026-06-12T13:30:00,WhatsApp,Ok confirmed,Confirm,Confirm,,Low,
C002025,APT004438,PT00858,2026-08-02T13:45:00,SMS,Ok confirmed,Confirm,Confirm,,Low,
C002026,APT004441,PT01939,2026-07-14T11:45:00,Call,"Yes that works, see you then",Confirm,Confirm,,Low,
C002027,APT004442,PT01567,2026-06-14T09:00:00,WhatsApp,"Yes that works, see you then",Confirm,Confirm,,Low,
C002028,APT004443,PT01659,2026-07-10T08:00:00,SMS,Not needed this time,Cancel,Cancel,,Low,
C002029,APT004446,PT00573,2026-08-13T10:45:00,Call,Ok confirmed,Confirm,Confirm,,Low,
C002030,APT004449,PT01000,2026-07-27T11:45:00,SMS,"Doctor visit hai usi din, reschedule possible?",Reschedule,Reschedule,,Medium,Conflicting doctor visit
C002031,APT004452,PT00040,2026-06-09T15:30:00,WhatsApp,"Doctor visit hai usi din, reschedule possible?",Reschedule,Reschedule,,Medium,Conflicting doctor visit
C002032,APT004455,PT01241,2026-05-31T15:00:00,Call,Ok confirmed,Confirm,Confirm,,Low,
C002033,APT004456,PT01716,2026-06-16T16:30:00,Call,"Haan theek hai, confirm kar do",Confirm,Confirm,,Low,
C002034,APT004458,PT01790,2026-07-03T09:30:00,SMS,"Doctor visit hai usi din, reschedule possible?",Reschedule,Reschedule,,Medium,Conflicting doctor visit
C002035,APT004460,PT00190,2026-08-25T12:30:00,WhatsApp,Is week cancel karna padega,Cancel,Cancel,,Low,
C002036,APT004461,PT01612,2026-07-06T08:30:00,SMS,"Haan theek hai, confirm kar do",Confirm,Confirm,,Low,
C002037,APT004462,PT01865,2026-06-08T19:45:00,WhatsApp,,No Response,No Response,,Low,
C002038,APT004465,PT00451,2026-06-17T20:30:00,WhatsApp,"Haan theek hai, confirm kar do",Confirm,Confirm,,Low,
C002039,APT004466,PT00510,2026-06-12T17:00:00,Call,"Yes that works, see you then",Confirm,Confirm,,Low,
C002040,APT004471,PT00360,2026-07-09T16:30:00,WhatsApp,Ok confirmed,Confirm,Confirm,,Low,
C002041,APT004473,PT01560,2026-06-03T11:00:00,SMS,"Haan theek hai, confirm kar do",Confirm,Confirm,,Low,
C002042,APT004474,PT01680,2026-06-07T20:15:00,WhatsApp,"Haan theek hai, confirm kar do",Confirm,Confirm,,Low,
C002043,APT004475,PT00679,2026-08-23T15:45:00,SMS,Ok confirmed,Confirm,Confirm,,Low,
C002044,APT004476,PT00016,2026-08-22T19:00:00,SMS,"Haan theek hai, confirm kar do",Confirm,Confirm,,Low,
C002045,APT004482,PT00925,2026-07-04T15:45:00,Call,Is week cancel karna padega,Cancel,Cancel,,Low,
C002046,APT004483,PT01749,2026-07-09T12:45:00,SMS,Ok confirmed,Confirm,Confirm,,Low,
C002047,APT004486,PT01485,2026-06-06T14:00:00,Call,"Haan theek hai, confirm kar do",Confirm,Confirm,,Low,
C002048,APT004488,PT00021,2026-08-08T18:45:00,WhatsApp,Ok confirmed,Confirm,Confirm,,Low,
C002049,APT004490,PT01624,2026-07-02T19:15:00,SMS,Please cancel this visit,Cancel,Cancel,,Low,
C002050,APT004493,PT00798,2026-07-21T08:15:00,SMS,"Haan theek hai, confirm kar do",Confirm,Confirm,,Low,
C002051,APT004494,PT01105,2026-07-13T08:15:00,WhatsApp,,No Response,No Response,,Low,
C002052,APT004498,PT00355,2026-06-06T20:15:00,Call,"Haan theek hai, confirm kar do",Confirm,Confirm,,Low,
C002053,APT004502,PT00478,2026-06-20T17:15:00,WhatsApp,"Yes that works, see you then",Confirm,Confirm,,Low,
C002054,APT004504,PT01871,2026-08-08T09:00:00,WhatsApp,Ok confirmed,Confirm,Confirm,,Low,
C002055,APT004505,PT00153,2026-06-26T18:00:00,Call,"Yes that works, see you then",Confirm,Confirm,,Low,
C002056,APT004507,PT00637,2026-05-31T17:15:00,WhatsApp,"Doctor visit hai usi din, reschedule possible?",Reschedule,Reschedule,,Medium,Conflicting doctor visit
C002057,APT004508,PT01973,2026-06-15T16:30:00,Call,"Doctor visit hai usi din, reschedule possible?",Reschedule,Reschedule,,Medium,Conflicting doctor visit
C002058,APT004511,PT00700,2026-07-06T09:30:00,WhatsApp,,No Response,No Response,,Low,
C002059,APT004517,PT01765,2026-07-28T12:00:00,SMS,,No Response,No Response,,Low,
C002060,APT004519,PT01786,2026-08-11T18:30:00,WhatsApp,"Kal thoda late ho jayega, Saturday kar sakte ho?",Reschedule,Reschedule,Saturday,High,Provider/patient running late
C002061,APT004520,PT00620,2026-08-22T08:30:00,SMS,,No Response,No Response,,Low,
C002062,APT004521,PT00874,2026-08-11T11:15:00,Call,,No Response,No Response,,Low,
C002063,APT004522,PT00446,2026-07-27T11:00:00,WhatsApp,"Doctor visit hai usi din, reschedule possible?",Reschedule,Reschedule,,Medium,Conflicting doctor visit
C002064,APT004523,PT01406,2026-07-10T08:15:00,SMS,Is week cancel karna padega,Cancel,Cancel,,Low,
C002065,APT004525,PT00914,2026-06-05T09:00:00,SMS,,No Response,No Response,,Low,
C002066,APT004526,PT01489,2026-08-25T15:45:00,Call,,No Response,No Response,,Low,
C002067,APT004528,PT00347,2026-05-30T12:00:00,SMS,"Doctor visit hai usi din, reschedule possible?",Reschedule,Reschedule,,Medium,Conflicting doctor visit
C002068,APT004530,PT00870,2026-07-25T10:45:00,Call,Can we move to next week?,Reschedule,Reschedule,,Medium,
C002069,APT004531,PT01407,2026-07-17T17:15:00,Call,,No Response,No Response,,Low,
C002070,APT004533,PT00111,2026-08-24T16:00:00,Call,"Haan theek hai, confirm kar do",Confirm,Confirm,,Low,
C002071,APT004534,PT00216,2026-07-06T15:00:00,SMS,Can we move to next week?,Reschedule,Reschedule,,Medium,
C002072,APT004538,PT00738,2026-07-18T15:15:00,WhatsApp,"Doctor visit hai usi din, reschedule possible?",Reschedule,Reschedule,,Medium,Conflicting doctor visit
C002073,APT004539,PT01410,2026-08-15T08:15:00,WhatsApp,"Kal thoda late ho jayega, Saturday kar sakte ho?",Reschedule,Reschedule,Saturday,High,Provider/patient running late
C002074,APT004541,PT00391,2026-07-31T12:15:00,Call,"Kal thoda late ho jayega, Saturday kar sakte ho?",Reschedule,Reschedule,Saturday,High,Provider/patient running late
C002075,APT004542,PT01384,2026-05-31T09:00:00,SMS,"Haan theek hai, confirm kar do",Confirm,Confirm,,Low,
C002076,APT004543,PT01357,2026-08-01T14:45:00,SMS,"Yes that works, see you then",Confirm,Confirm,,Low,
C002077,APT004545,PT00337,2026-06-01T12:15:00,SMS,,No Response,No Response,,Low,
C002078,APT004546,PT00957,2026-06-16T12:30:00,SMS,,No Response,No Response,,Low,
C002079,APT004548,PT01276,2026-07-23T18:45:00,WhatsApp,,No Response,No Response,,Low,
C002080,APT004549,PT00958,2026-08-24T09:45:00,SMS,"Kal thoda late ho jayega, Saturday kar sakte ho?",Reschedule,Reschedule,Saturday,High,Provider/patient running late
C002081,APT004553,PT00716,2026-06-02T08:30:00,SMS,"Kal thoda late ho jayega, Saturday kar sakte ho?",Reschedule,Reschedule,Saturday,High,Provider/patient running late
C002082,APT004556,PT01405,2026-06-29T17:45:00,SMS,"Haan theek hai, confirm kar do",Confirm,Confirm,,Low,
C002083,APT004557,PT00767,2026-08-15T10:15:00,SMS,"Doctor visit hai usi din, reschedule possible?",Reschedule,Reschedule,,Medium,Conflicting doctor visit
C002084,APT004558,PT00095,2026-06-14T14:45:00,WhatsApp,"Doctor visit hai usi din, reschedule possible?",Reschedule,Reschedule,,Medium,Conflicting doctor visit
C002085,APT004561,PT00530,2026-08-26T12:00:00,SMS,Please cancel this visit,Cancel,Cancel,,Low,
C002086,APT004566,PT01122,2026-08-24T16:15:00,WhatsApp,"Yes that works, see you then",Confirm,Confirm,,Low,
C002087,APT004567,PT01599,2026-07-30T15:15:00,Call,"Doctor visit hai usi din, reschedule possible?",Reschedule,Reschedule,,Medium,Conflicting doctor visit
C002088,APT004568,PT01737,2026-07-22T12:15:00,Call,"Kal thoda late ho jayega, Saturday kar sakte ho?",Reschedule,Reschedule,Saturday,High,Provider/patient running late
C002089,APT004571,PT01807,2026-07-08T08:30:00,SMS,,No Response,No Response,,Low,
C002090,APT004573,PT01442,2026-07-12T12:00:00,SMS,Ok confirmed,Confirm,Confirm,,Low,
C002091,APT004575,PT01974,2026-06-26T18:30:00,WhatsApp,,No Response,No Response,,Low,
C002092,APT004576,PT01235,2026-08-21T12:30:00,SMS,"Kal thoda late ho jayega, Saturday kar sakte ho?",Reschedule,Reschedule,Saturday,High,Provider/patient running late
C002093,APT004577,PT01177,2026-08-03T11:00:00,SMS,Ok confirmed,Confirm,Confirm,,Low,
C002094,APT004585,PT00857,2026-08-15T16:45:00,WhatsApp,"Haan theek hai, confirm kar do",Confirm,Confirm,,Low,
C002095,APT004587,PT00665,2026-08-29T18:45:00,WhatsApp,,No Response,No Response,,Low,
C002096,APT004593,PT01371,2026-06-19T13:00:00,WhatsApp,"Yes that works, see you then",Confirm,Confirm,,Low,
C002097,APT004594,PT00435,2026-07-27T20:00:00,SMS,,No Response,No Response,,Low,
C002098,APT004596,PT01573,2026-06-16T20:45:00,Call,Not needed this time,Cancel,Cancel,,Low,
C002099,APT004599,PT00484,2026-08-23T15:00:00,WhatsApp,,No Response,No Response,,Low,
C002100,APT004602,PT00848,2026-07-24T16:15:00,Call,"Doctor visit hai usi din, reschedule possible?",Reschedule,Reschedule,,Medium,Conflicting doctor visit
C002101,APT004603,PT01927,2026-07-28T13:00:00,WhatsApp,Ok confirmed,Confirm,Confirm,,Low,
C002102,APT004606,PT01270,2026-07-29T10:30:00,SMS,Can we move to next week?,Reschedule,Reschedule,,Medium,
C002103,APT004608,PT00307,2026-06-04T15:15:00,SMS,Can we move to next week?,Reschedule,Reschedule,,Medium,
C002104,APT004609,PT01472,2026-07-10T09:30:00,Call,,No Response,No Response,,Low,
C002105,APT004610,PT01238,2026-07-01T16:30:00,SMS,Ok confirmed,Confirm,Confirm,,Low,
C002106,APT004611,PT01357,2026-06-21T15:15:00,WhatsApp,Ok confirmed,Confirm,Confirm,,Low,
C002107,APT004612,PT00057,2026-07-18T16:45:00,SMS,Ok confirmed,Confirm,Confirm,,Low,
C002108,APT004616,PT01215,2026-06-07T16:30:00,SMS,"Haan theek hai, confirm kar do",Confirm,Confirm,,Low,
C002109,APT004617,PT00967,2026-08-15T14:45:00,SMS,"Kal thoda late ho jayega, Saturday kar sakte ho?",Reschedule,Reschedule,Saturday,High,Provider/patient running late
C002110,APT004618,PT00360,2026-06-26T09:15:00,Call,"Haan theek hai, confirm kar do",Confirm,Confirm,,Low,
C002111,APT004619,PT01443,2026-08-15T08:15:00,SMS,,No Response,No Response,,Low,
C002112,APT004620,PT01302,2026-06-02T16:15:00,WhatsApp,"Doctor visit hai usi din, reschedule possible?",Reschedule,Reschedule,,Medium,Conflicting doctor visit
C002113,APT004621,PT01642,2026-07-14T11:30:00,WhatsApp,Please cancel this visit,Cancel,Cancel,,Low,
C002114,APT004622,PT00467,2026-08-05T09:45:00,SMS,Not needed this time,Cancel,Cancel,,Low,
C002115,APT004628,PT00855,2026-07-27T19:30:00,SMS,,No Response,No Response,,Low,
C002116,APT004629,PT01945,2026-06-29T13:45:00,WhatsApp,Not needed this time,Cancel,Cancel,,Low,
C002117,APT004630,PT00572,2026-08-14T15:45:00,WhatsApp,Can we move to next week?,Reschedule,Reschedule,,Medium,
C002118,APT004637,PT01790,2026-06-07T08:15:00,WhatsApp,,No Response,No Response,,Low,
C002119,APT004640,PT00639,2026-08-12T16:30:00,WhatsApp,"Haan theek hai, confirm kar do",Confirm,Confirm,,Low,
C002120,APT004641,PT00032,2026-07-19T18:15:00,Call,,No Response,No Response,,Low,
C002121,APT004644,PT00311,2026-08-09T19:45:00,Call,"Kal thoda late ho jayega, Saturday kar sakte ho?",Reschedule,Reschedule,Saturday,High,Provider/patient running late
C002122,APT004645,PT00636,2026-06-08T20:30:00,WhatsApp,"Haan theek hai, confirm kar do",Confirm,Confirm,,Low,
C002123,APT004646,PT00692,2026-08-07T18:30:00,WhatsApp,"Haan theek hai, confirm kar do",Confirm,Confirm,,Low,
C002124,APT004647,PT00614,2026-07-17T11:15:00,SMS,Can we move to next week?,Reschedule,Reschedule,,Medium,
C002125,APT004648,PT00716,2026-06-17T15:15:00,SMS,Ok confirmed,Confirm,Confirm,,Low,
C002126,APT004650,PT00817,2026-06-04T14:45:00,SMS,Please cancel this visit,Cancel,Cancel,,Low,
C002127,APT004652,PT00459,2026-06-03T17:00:00,WhatsApp,"Haan theek hai, confirm kar do",Confirm,Confirm,,Low,
C002128,APT004654,PT01156,2026-06-13T08:00:00,WhatsApp,Ok confirmed,Confirm,Confirm,,Low,
C002129,APT004655,PT00351,2026-07-14T10:15:00,SMS,"Kal thoda late ho jayega, Saturday kar sakte ho?",Reschedule,Reschedule,Saturday,High,Provider/patient running late
C002130,APT004657,PT00806,2026-08-18T12:15:00,WhatsApp,Ok confirmed,Confirm,Confirm,,Low,
C002131,APT004659,PT01069,2026-07-25T17:15:00,WhatsApp,,No Response,No Response,,Low,
C002132,APT004661,PT01861,2026-07-02T17:00:00,WhatsApp,Please cancel this visit,Cancel,Cancel,,Low,
C002133,APT004665,PT00765,2026-06-30T12:45:00,SMS,Is week cancel karna padega,Cancel,Cancel,,Low,
C002134,APT004669,PT00613,2026-08-18T16:00:00,SMS,Not needed this time,Cancel,Cancel,,Low,
C002135,APT004671,PT00582,2026-07-12T13:45:00,WhatsApp,Please cancel this visit,Cancel,Cancel,,Low,
C002136,APT004674,PT00010,2026-08-10T15:30:00,Call,,No Response,No Response,,Low,
C002137,APT004675,PT00785,2026-07-22T13:00:00,WhatsApp,"Doctor visit hai usi din, reschedule possible?",Reschedule,Reschedule,,Medium,Conflicting doctor visit
C002138,APT004678,PT00203,2026-06-06T19:45:00,SMS,Ok confirmed,Confirm,Confirm,,Low,
C002139,APT004680,PT01699,2026-08-11T08:00:00,SMS,"Haan theek hai, confirm kar do",Confirm,Confirm,,Low,
C002140,APT004683,PT00843,2026-08-17T14:15:00,SMS,"Yes that works, see you then",Confirm,Confirm,,Low,
C002141,APT004686,PT01922,2026-06-24T13:30:00,WhatsApp,Ok confirmed,Confirm,Confirm,,Low,
C002142,APT004687,PT01983,2026-06-13T12:15:00,WhatsApp,"Yes that works, see you then",Confirm,Confirm,,Low,
C002143,APT004688,PT01728,2026-07-10T17:30:00,Call,"Haan theek hai, confirm kar do",Confirm,Confirm,,Low,
C002144,APT004689,PT00457,2026-06-29T11:00:00,Call,Can we move to next week?,Reschedule,Reschedule,,Medium,
C002145,APT004691,PT01683,2026-07-24T12:15:00,SMS,,No Response,No Response,,Low,
C002146,APT004693,PT00743,2026-07-07T12:15:00,Call,Ok confirmed,Confirm,Confirm,,Low,
C002147,APT004695,PT01245,2026-08-25T09:00:00,Call,Can we move to next week?,Reschedule,Reschedule,,Medium,
C002148,APT004697,PT00113,2026-08-22T18:15:00,Call,Not needed this time,Cancel,Cancel,,Low,
C002149,APT004698,PT00833,2026-08-17T08:15:00,Call,Ok confirmed,Confirm,Confirm,,Low,
C002150,APT004706,PT01238,2026-06-04T08:00:00,WhatsApp,Ok confirmed,Confirm,Confirm,,Low,
C002151,APT004707,PT00212,2026-08-27T14:15:00,Call,Ok confirmed,Confirm,Confirm,,Low,
C002152,APT004708,PT00574,2026-06-09T18:15:00,SMS,"Doctor visit hai usi din, reschedule possible?",Reschedule,Reschedule,,Medium,Conflicting doctor visit
C002153,APT004711,PT01254,2026-07-23T11:30:00,Call,,No Response,No Response,,Low,
C002154,APT004715,PT01744,2026-07-04T09:30:00,SMS,"Haan theek hai, confirm kar do",Confirm,Confirm,,Low,
C002155,APT004719,PT01022,2026-07-10T08:00:00,Call,,No Response,No Response,,Low,
C002156,APT004720,PT00047,2026-07-25T10:00:00,WhatsApp,Can we move to next week?,Reschedule,Reschedule,,Medium,
C002157,APT004721,PT01412,2026-08-20T09:15:00,Call,,No Response,No Response,,Low,
C002158,APT004723,PT01507,2026-08-02T15:45:00,Call,Ok confirmed,Confirm,Confirm,,Low,
C002159,APT004724,PT01180,2026-07-29T10:00:00,SMS,Can we move to next week?,Reschedule,Reschedule,,Medium,
C002160,APT004725,PT01821,2026-07-05T19:00:00,WhatsApp,"Kal thoda late ho jayega, Saturday kar sakte ho?",Reschedule,Reschedule,Saturday,High,Provider/patient running late
C002161,APT004727,PT00619,2026-06-06T09:15:00,Call,Ok confirmed,Confirm,Confirm,,Low,
C002162,APT004732,PT00094,2026-06-27T20:30:00,Call,"Haan theek hai, confirm kar do",Confirm,Confirm,,Low,
C002163,APT004733,PT01240,2026-06-30T13:30:00,SMS,Ok confirmed,Confirm,Confirm,,Low,
C002164,APT004739,PT01083,2026-08-16T18:45:00,Call,Ok confirmed,Confirm,Confirm,,Low,
C002165,APT004744,PT01132,2026-07-01T17:45:00,SMS,"Haan theek hai, confirm kar do",Confirm,Confirm,,Low,
C002166,APT004745,PT00066,2026-06-22T13:00:00,Call,"Haan theek hai, confirm kar do",Confirm,Confirm,,Low,
C002167,APT004748,PT00400,2026-08-03T09:45:00,WhatsApp,"Haan theek hai, confirm kar do",Confirm,Confirm,,Low,
C002168,APT004753,PT00122,2026-07-23T08:00:00,WhatsApp,"Haan theek hai, confirm kar do",Confirm,Confirm,,Low,
C002169,APT004754,PT00940,2026-07-31T11:45:00,SMS,,No Response,No Response,,Low,
C002170,APT004755,PT00452,2026-06-05T10:00:00,WhatsApp,Can we move to next week?,Reschedule,Reschedule,,Medium,
C002171,APT004756,PT00058,2026-08-16T17:15:00,WhatsApp,"Kal thoda late ho jayega, Saturday kar sakte ho?",Reschedule,Reschedule,Saturday,High,Provider/patient running late
C002172,APT004760,PT01507,2026-07-16T09:30:00,WhatsApp,"Doctor visit hai usi din, reschedule possible?",Reschedule,Reschedule,,Medium,Conflicting doctor visit
C002173,APT004761,PT00392,2026-08-18T12:15:00,Call,Please cancel this visit,Cancel,Cancel,,Low,
C002174,APT004762,PT01468,2026-07-29T17:45:00,SMS,Please cancel this visit,Cancel,Cancel,,Low,
C002175,APT004765,PT00318,2026-06-05T14:30:00,Call,Can we move to next week?,Reschedule,Reschedule,,Medium,
C002176,APT004767,PT00545,2026-06-10T17:00:00,WhatsApp,"Yes that works, see you then",Confirm,Confirm,,Low,
C002177,APT004769,PT01043,2026-06-01T20:00:00,WhatsApp,Ok confirmed,Confirm,Confirm,,Low,
C002178,APT004773,PT00862,2026-07-13T14:15:00,Call,Is week cancel karna padega,Cancel,Cancel,,Low,
C002179,APT004776,PT00068,2026-08-15T08:00:00,WhatsApp,"Yes that works, see you then",Confirm,Confirm,,Low,
C002180,APT004778,PT01114,2026-07-19T08:45:00,WhatsApp,,No Response,No Response,,Low,
C002181,APT004780,PT01219,2026-06-30T19:15:00,SMS,Please cancel this visit,Cancel,Cancel,,Low,
C002182,APT004786,PT00250,2026-06-02T15:00:00,SMS,"Kal thoda late ho jayega, Saturday kar sakte ho?",Reschedule,Reschedule,Saturday,High,Provider/patient running late
C002183,APT004789,PT00929,2026-06-02T08:15:00,WhatsApp,,No Response,No Response,,Low,
C002184,APT004794,PT00525,2026-08-06T11:15:00,SMS,,No Response,No Response,,Low,
C002185,APT004795,PT01612,2026-07-20T17:15:00,WhatsApp,,No Response,No Response,,Low,
C002186,APT004799,PT01958,2026-07-17T08:30:00,SMS,"Haan theek hai, confirm kar do",Confirm,Confirm,,Low,
C002187,APT004800,PT00361,2026-08-26T14:30:00,SMS,"Yes that works, see you then",Confirm,Confirm,,Low,
C002188,APT004802,PT00258,2026-07-03T15:00:00,WhatsApp,,No Response,No Response,,Low,
C002189,APT004806,PT00571,2026-07-19T19:30:00,WhatsApp,"Haan theek hai, confirm kar do",Confirm,Confirm,,Low,
C002190,APT004807,PT00060,2026-07-11T19:45:00,SMS,"Haan theek hai, confirm kar do",Confirm,Confirm,,Low,
C002191,APT004808,PT00279,2026-07-15T15:00:00,Call,"Kal thoda late ho jayega, Saturday kar sakte ho?",Reschedule,Reschedule,Saturday,High,Provider/patient running late
C002192,APT004810,PT00638,2026-06-26T10:00:00,WhatsApp,"Haan theek hai, confirm kar do",Confirm,Confirm,,Low,
C002193,APT004813,PT00588,2026-06-11T18:45:00,WhatsApp,"Doctor visit hai usi din, reschedule possible?",Reschedule,Reschedule,,Medium,Conflicting doctor visit
C002194,APT004814,PT00059,2026-07-13T17:00:00,Call,Ok confirmed,Confirm,Confirm,,Low,
C002195,APT004816,PT01979,2026-07-13T12:30:00,WhatsApp,Ok confirmed,Confirm,Confirm,,Low,
C002196,APT004817,PT00236,2026-07-03T12:30:00,Call,,No Response,No Response,,Low,
C002197,APT004818,PT01117,2026-07-26T08:15:00,SMS,"Kal thoda late ho jayega, Saturday kar sakte ho?",Reschedule,Reschedule,Saturday,High,Provider/patient running late
C002198,APT004820,PT00358,2026-08-24T15:45:00,WhatsApp,Please cancel this visit,Cancel,Cancel,,Low,
C002199,APT004821,PT01160,2026-08-24T17:45:00,WhatsApp,Can we move to next week?,Reschedule,Reschedule,,Medium,
C002200,APT004823,PT01554,2026-07-11T15:00:00,WhatsApp,Please cancel this visit,Cancel,Cancel,,Low,
C002201,APT004826,PT00016,2026-08-25T08:30:00,WhatsApp,Can we move to next week?,Reschedule,Reschedule,,Medium,
C002202,APT004827,PT00718,2026-06-23T11:15:00,Call,"Yes that works, see you then",Confirm,Confirm,,Low,
C002203,APT004829,PT01635,2026-07-12T13:30:00,SMS,Can we move to next week?,Reschedule,Reschedule,,Medium,
C002204,APT004830,PT01606,2026-08-26T20:45:00,WhatsApp,Please cancel this visit,Cancel,Cancel,,Low,
C002205,APT004832,PT01924,2026-07-18T08:15:00,WhatsApp,Can we move to next week?,Reschedule,Reschedule,,Medium,
C002206,APT004833,PT01657,2026-07-04T10:45:00,WhatsApp,,No Response,No Response,,Low,
C002207,APT004834,PT00802,2026-08-16T18:30:00,Call,"Haan theek hai, confirm kar do",Confirm,Confirm,,Low,
C002208,APT004835,PT01264,2026-07-05T10:15:00,SMS,"Doctor visit hai usi din, reschedule possible?",Reschedule,Reschedule,,Medium,Conflicting doctor visit
C002209,APT004836,PT00156,2026-07-17T08:00:00,SMS,"Haan theek hai, confirm kar do",Confirm,Confirm,,Low,
C002210,APT004838,PT01460,2026-08-05T17:00:00,SMS,"Haan theek hai, confirm kar do",Confirm,Confirm,,Low,
C002211,APT004839,PT00319,2026-07-04T13:00:00,Call,"Haan theek hai, confirm kar do",Confirm,Confirm,,Low,
C002212,APT004847,PT01137,2026-08-09T12:30:00,SMS,"Haan theek hai, confirm kar do",Confirm,Confirm,,Low,
C002213,APT004849,PT01392,2026-06-04T19:00:00,Call,Not needed this time,Cancel,Cancel,,Low,
C002214,APT004851,PT00433,2026-06-14T14:00:00,SMS,,No Response,No Response,,Low,
C002215,APT004852,PT00001,2026-08-22T09:45:00,SMS,Ok confirmed,Confirm,Confirm,,Low,
C002216,APT004853,PT01288,2026-06-17T08:30:00,WhatsApp,,No Response,No Response,,Low,
C002217,APT004859,PT01344,2026-06-18T12:30:00,Call,Can we move to next week?,Reschedule,Reschedule,,Medium,
C002218,APT004860,PT01123,2026-07-14T13:30:00,Call,Ok confirmed,Confirm,Confirm,,Low,
C002219,APT004861,PT01981,2026-06-15T15:00:00,Call,"Yes that works, see you then",Confirm,Confirm,,Low,
C002220,APT004862,PT00032,2026-07-31T19:30:00,SMS,,No Response,No Response,,Low,
C002221,APT004863,PT00066,2026-08-17T14:15:00,SMS,"Doctor visit hai usi din, reschedule possible?",Reschedule,Reschedule,,Medium,Conflicting doctor visit
C002222,APT004867,PT00481,2026-06-13T14:45:00,WhatsApp,Is week cancel karna padega,Cancel,Cancel,,Low,
C002223,APT004868,PT00810,2026-06-22T15:45:00,WhatsApp,"Yes that works, see you then",Confirm,Confirm,,Low,
C002224,APT004871,PT00234,2026-08-05T13:45:00,WhatsApp,"Yes that works, see you then",Confirm,Confirm,,Low,
C002225,APT004874,PT00444,2026-06-28T08:30:00,SMS,"Doctor visit hai usi din, reschedule possible?",Reschedule,Reschedule,,Medium,Conflicting doctor visit
C002226,APT004880,PT00287,2026-06-27T10:15:00,SMS,"Doctor visit hai usi din, reschedule possible?",Reschedule,Reschedule,,Medium,Conflicting doctor visit
C002227,APT004881,PT00265,2026-08-14T08:45:00,Call,,No Response,No Response,,Low,
C002228,APT004883,PT01373,2026-06-07T11:45:00,SMS,,No Response,No Response,,Low,
C002229,APT004885,PT01155,2026-08-04T17:00:00,WhatsApp,"Haan theek hai, confirm kar do",Confirm,Confirm,,Low,
C002230,APT004886,PT01504,2026-07-26T08:00:00,SMS,,No Response,No Response,,Low,
C002231,APT004889,PT00803,2026-06-28T08:45:00,WhatsApp,Can we move to next week?,Reschedule,Reschedule,,Medium,
C002232,APT004890,PT00940,2026-08-27T17:00:00,SMS,"Doctor visit hai usi din, reschedule possible?",Reschedule,Reschedule,,Medium,Conflicting doctor visit
C002233,APT004891,PT01000,2026-06-23T12:45:00,SMS,"Doctor visit hai usi din, reschedule possible?",Reschedule,Reschedule,,Medium,Conflicting doctor visit
C002234,APT004892,PT00681,2026-06-28T15:15:00,WhatsApp,"Yes that works, see you then",Confirm,Confirm,,Low,
C002235,APT004893,PT01356,2026-06-09T15:00:00,Call,Please cancel this visit,Cancel,Cancel,,Low,
C002236,APT004894,PT00784,2026-06-05T11:00:00,Call,Ok confirmed,Confirm,Confirm,,Low,
C002237,APT004895,PT01139,2026-08-19T10:15:00,Call,,No Response,No Response,,Low,
C002238,APT004900,PT01552,2026-07-20T12:45:00,SMS,Ok confirmed,Confirm,Confirm,,Low,
C002239,APT004906,PT00704,2026-07-24T19:30:00,WhatsApp,Can we move to next week?,Reschedule,Reschedule,,Medium,
C002240,APT004907,PT01562,2026-06-14T08:45:00,SMS,Can we move to next week?,Reschedule,Reschedule,,Medium,
C002241,APT004908,PT00424,2026-08-24T19:45:00,Call,"Doctor visit hai usi din, reschedule possible?",Reschedule,Reschedule,,Medium,Conflicting doctor visit
C002242,APT004909,PT01725,2026-06-26T19:15:00,Call,Can we move to next week?,Reschedule,Reschedule,,Medium,
C002243,APT004910,PT01398,2026-08-17T09:30:00,WhatsApp,,No Response,No Response,,Low,
C002244,APT004916,PT01128,2026-06-26T20:30:00,WhatsApp,"Haan theek hai, confirm kar do",Confirm,Confirm,,Low,
C002245,APT004917,PT01929,2026-06-16T08:00:00,SMS,"Haan theek hai, confirm kar do",Confirm,Confirm,,Low,
C002246,APT004919,PT00451,2026-06-16T17:45:00,Call,Ok confirmed,Confirm,Confirm,,Low,
C002247,APT004920,PT00457,2026-07-22T20:45:00,WhatsApp,Can we move to next week?,Reschedule,Reschedule,,Medium,
C002248,APT004924,PT00524,2026-08-26T18:30:00,SMS,Is week cancel karna padega,Cancel,Cancel,,Low,
C002249,APT004926,PT01111,2026-07-18T17:15:00,SMS,Can we move to next week?,Reschedule,Reschedule,,Medium,
C002250,APT004928,PT01502,2026-08-02T15:00:00,Call,"Haan theek hai, confirm kar do",Confirm,Confirm,,Low,
C002251,APT004935,PT00123,2026-06-04T15:30:00,Call,"Yes that works, see you then",Confirm,Confirm,,Low,
C002252,APT004939,PT01453,2026-06-18T12:45:00,Call,"Yes that works, see you then",Confirm,Confirm,,Low,
C002253,APT004943,PT01114,2026-07-15T18:45:00,Call,"Haan theek hai, confirm kar do",Confirm,Confirm,,Low,
C002254,APT004944,PT01815,2026-07-05T09:15:00,WhatsApp,"Haan theek hai, confirm kar do",Confirm,Confirm,,Low,
C002255,APT004946,PT00088,2026-06-13T11:15:00,Call,"Yes that works, see you then",Confirm,Confirm,,Low,
C002256,APT004947,PT00963,2026-07-26T14:15:00,WhatsApp,"Doctor visit hai usi din, reschedule possible?",Reschedule,Reschedule,,Medium,Conflicting doctor visit
C002257,APT004948,PT01317,2026-08-22T16:30:00,Call,"Yes that works, see you then",Confirm,Confirm,,Low,
C002258,APT004950,PT00753,2026-06-29T16:00:00,WhatsApp,,No Response,No Response,,Low,
C002259,APT004957,PT00483,2026-06-16T16:30:00,Call,"Doctor visit hai usi din, reschedule possible?",Reschedule,Reschedule,,Medium,Conflicting doctor visit
C002260,APT004959,PT01025,2026-06-12T09:30:00,SMS,"Doctor visit hai usi din, reschedule possible?",Reschedule,Reschedule,,Medium,Conflicting doctor visit
C002261,APT004964,PT01738,2026-06-07T16:15:00,WhatsApp,"Yes that works, see you then",Confirm,Confirm,,Low,
C002262,APT004967,PT01247,2026-07-12T18:00:00,WhatsApp,"Haan theek hai, confirm kar do",Confirm,Confirm,,Low,
C002263,APT004968,PT00016,2026-07-28T13:15:00,SMS,,No Response,No Response,,Low,
C002264,APT004969,PT00335,2026-08-07T17:30:00,SMS,"Haan theek hai, confirm kar do",Confirm,Confirm,,Low,
C002265,APT004971,PT01781,2026-06-10T10:15:00,SMS,"Yes that works, see you then",Confirm,Confirm,,Low,
C002266,APT004974,PT01501,2026-07-17T14:00:00,Call,"Haan theek hai, confirm kar do",Confirm,Confirm,,Low,
C002267,APT004976,PT01260,2026-07-31T18:45:00,WhatsApp,,No Response,No Response,,Low,
C002268,APT004978,PT01046,2026-07-30T11:00:00,SMS,Can we move to next week?,Reschedule,Reschedule,,Medium,
C002269,APT004979,PT01665,2026-06-11T18:15:00,WhatsApp,Can we move to next week?,Reschedule,Reschedule,,Medium,
C002270,APT004985,PT00558,2026-07-24T13:45:00,Call,"Kal thoda late ho jayega, Saturday kar sakte ho?",Reschedule,Reschedule,Saturday,High,Provider/patient running late
C002271,APT004986,PT01018,2026-07-25T17:15:00,WhatsApp,Ok confirmed,Confirm,Confirm,,Low,
C002272,APT004987,PT01886,2026-07-09T11:00:00,SMS,,No Response,No Response,,Low,
C002273,APT004988,PT00335,2026-07-14T14:45:00,Call,Is week cancel karna padega,Cancel,Cancel,,Low,
C002274,APT004991,PT01642,2026-08-16T16:45:00,SMS,"Doctor visit hai usi din, reschedule possible?",Reschedule,Reschedule,,Medium,Conflicting doctor visit
C002275,APT004995,PT01048,2026-08-15T08:30:00,WhatsApp,Ok confirmed,Confirm,Confirm,,Low,
C002276,APT004998,PT00068,2026-07-09T16:00:00,SMS,Can we move to next week?,Reschedule,Reschedule,,Medium,
C002277,APT005000,PT01824,2026-08-16T14:00:00,Call,"Yes that works, see you then",Confirm,Confirm,,Low,
C002278,APT005001,PT00233,2026-06-26T19:30:00,SMS,Ok confirmed,Confirm,Confirm,,Low,
C002279,APT005004,PT00466,2026-07-27T10:30:00,SMS,Ok confirmed,Confirm,Confirm,,Low,
C002280,APT005006,PT00889,2026-06-19T17:30:00,WhatsApp,"Yes that works, see you then",Confirm,Confirm,,Low,
C002281,APT005009,PT01191,2026-06-06T18:15:00,WhatsApp,"Kal thoda late ho jayega, Saturday kar sakte ho?",Reschedule,Reschedule,Saturday,High,Provider/patient running late
C002282,APT005011,PT00293,2026-08-28T17:00:00,WhatsApp,,No Response,No Response,,Low,
C002283,APT005012,PT01884,2026-06-03T18:30:00,Call,,No Response,No Response,,Low,
C002284,APT005013,PT00882,2026-06-26T20:00:00,Call,"Yes that works, see you then",Confirm,Confirm,,Low,
C002285,APT005016,PT01990,2026-07-02T13:45:00,SMS,"Doctor visit hai usi din, reschedule possible?",Reschedule,Reschedule,,Medium,Conflicting doctor visit
C002286,APT005023,PT00071,2026-06-30T09:00:00,SMS,,No Response,No Response,,Low,
C002287,APT005024,PT00747,2026-07-03T20:45:00,Call,"Haan theek hai, confirm kar do",Confirm,Confirm,,Low,
C002288,APT005035,PT01844,2026-06-24T19:15:00,Call,Can we move to next week?,Reschedule,Reschedule,,Medium,
C002289,APT005036,PT01116,2026-06-26T08:00:00,SMS,"Haan theek hai, confirm kar do",Confirm,Confirm,,Low,
C002290,APT005043,PT00807,2026-08-09T12:30:00,SMS,Not needed this time,Cancel,Cancel,,Low,
C002291,APT005045,PT00822,2026-06-14T11:15:00,SMS,"Doctor visit hai usi din, reschedule possible?",Reschedule,Reschedule,,Medium,Conflicting doctor visit
C002292,APT005047,PT01895,2026-07-04T15:15:00,WhatsApp,Ok confirmed,Confirm,Confirm,,Low,
C002293,APT005050,PT01675,2026-07-29T14:30:00,SMS,"Doctor visit hai usi din, reschedule possible?",Reschedule,Reschedule,,Medium,Conflicting doctor visit
C002294,APT005054,PT01144,2026-07-08T12:45:00,SMS,,No Response,No Response,,Low,
C002295,APT005058,PT00721,2026-06-27T20:45:00,WhatsApp,,No Response,No Response,,Low,
C002296,APT005061,PT00717,2026-06-04T16:45:00,SMS,,No Response,No Response,,Low,
C002297,APT005062,PT01260,2026-08-11T08:00:00,WhatsApp,"Doctor visit hai usi din, reschedule possible?",Reschedule,Reschedule,,Medium,Conflicting doctor visit
C002298,APT005063,PT01581,2026-08-17T20:45:00,Call,"Yes that works, see you then",Confirm,Confirm,,Low,
C002299,APT005064,PT00015,2026-08-17T17:45:00,SMS,"Haan theek hai, confirm kar do",Confirm,Confirm,,Low,
C002300,APT005067,PT01026,2026-08-23T09:00:00,WhatsApp,Can we move to next week?,Reschedule,Reschedule,,Medium,
C002301,APT005068,PT01530,2026-07-08T16:15:00,SMS,,No Response,No Response,,Low,
C002302,APT005069,PT00552,2026-08-23T17:30:00,Call,"Yes that works, see you then",Confirm,Confirm,,Low,
C002303,APT005070,PT00459,2026-06-29T14:45:00,Call,"Haan theek hai, confirm kar do",Confirm,Confirm,,Low,
C002304,APT005071,PT00087,2026-06-25T08:45:00,Call,Not needed this time,Cancel,Cancel,,Low,
C002305,APT005072,PT00745,2026-06-21T16:45:00,SMS,"Kal thoda late ho jayega, Saturday kar sakte ho?",Reschedule,Reschedule,Saturday,High,Provider/patient running late
C002306,APT005073,PT01143,2026-07-19T18:00:00,SMS,Ok confirmed,Confirm,Confirm,,Low,
C002307,APT005074,PT01902,2026-08-24T11:30:00,Call,"Kal thoda late ho jayega, Saturday kar sakte ho?",Reschedule,Reschedule,Saturday,High,Provider/patient running late
C002308,APT005075,PT00168,2026-07-01T20:00:00,SMS,Not needed this time,Cancel,Cancel,,Low,
C002309,APT005086,PT00970,2026-07-05T09:00:00,WhatsApp,,No Response,No Response,,Low,
C002310,APT005090,PT01119,2026-08-22T12:45:00,WhatsApp,"Yes that works, see you then",Confirm,Confirm,,Low,
C002311,APT005091,PT01330,2026-07-17T10:00:00,WhatsApp,Ok confirmed,Confirm,Confirm,,Low,
C002312,APT005092,PT01596,2026-08-28T18:30:00,WhatsApp,"Yes that works, see you then",Confirm,Confirm,,Low,
C002313,APT005095,PT01066,2026-06-20T16:45:00,Call,"Yes that works, see you then",Confirm,Confirm,,Low,
C002314,APT005097,PT00457,2026-06-30T20:00:00,Call,"Haan theek hai, confirm kar do",Confirm,Confirm,,Low,
C002315,APT005098,PT01210,2026-07-07T14:00:00,Call,"Yes that works, see you then",Confirm,Confirm,,Low,
C002316,APT005099,PT00592,2026-07-09T15:15:00,Call,"Kal thoda late ho jayega, Saturday kar sakte ho?",Reschedule,Reschedule,Saturday,High,Provider/patient running late
C002317,APT005102,PT00511,2026-08-13T18:45:00,Call,,No Response,No Response,,Low,
C002318,APT005103,PT00404,2026-08-01T11:00:00,SMS,"Yes that works, see you then",Confirm,Confirm,,Low,
C002319,APT005104,PT01549,2026-06-16T12:45:00,Call,"Yes that works, see you then",Confirm,Confirm,,Low,
C002320,APT005106,PT00897,2026-08-24T15:45:00,SMS,"Kal thoda late ho jayega, Saturday kar sakte ho?",Reschedule,Reschedule,Saturday,High,Provider/patient running late
C002321,APT005108,PT00203,2026-06-11T12:00:00,WhatsApp,"Yes that works, see you then",Confirm,Confirm,,Low,
C002322,APT005109,PT00402,2026-06-06T18:15:00,WhatsApp,"Yes that works, see you then",Confirm,Confirm,,Low,
C002323,APT005115,PT01093,2026-07-23T11:30:00,SMS,Is week cancel karna padega,Cancel,Cancel,,Low,
C002324,APT005116,PT01491,2026-07-21T16:15:00,WhatsApp,Ok confirmed,Confirm,Confirm,,Low,
C002325,APT005119,PT00158,2026-06-03T11:45:00,Call,,No Response,No Response,,Low,
C002326,APT005121,PT00442,2026-08-21T14:15:00,SMS,Ok confirmed,Confirm,Confirm,,Low,
C002327,APT005123,PT01533,2026-07-06T17:30:00,WhatsApp,"Kal thoda late ho jayega, Saturday kar sakte ho?",Reschedule,Reschedule,Saturday,High,Provider/patient running late
C002328,APT005124,PT00498,2026-08-19T13:30:00,WhatsApp,,No Response,No Response,,Low,
C002329,APT005127,PT01903,2026-08-01T14:30:00,WhatsApp,"Haan theek hai, confirm kar do",Confirm,Confirm,,Low,
C002330,APT005130,PT01335,2026-08-11T11:30:00,SMS,"Yes that works, see you then",Confirm,Confirm,,Low,
C002331,APT005131,PT00494,2026-07-02T15:15:00,WhatsApp,"Doctor visit hai usi din, reschedule possible?",Reschedule,Reschedule,,Medium,Conflicting doctor visit
C002332,APT005132,PT01099,2026-07-20T10:30:00,SMS,"Haan theek hai, confirm kar do",Confirm,Confirm,,Low,
C002333,APT005134,PT00471,2026-08-14T11:30:00,Call,Can we move to next week?,Reschedule,Reschedule,,Medium,
C002334,APT005135,PT00113,2026-07-23T17:00:00,WhatsApp,"Yes that works, see you then",Confirm,Confirm,,Low,
C002335,APT005138,PT01912,2026-06-03T13:00:00,Call,"Yes that works, see you then",Confirm,Confirm,,Low,
C002336,APT005139,PT00818,2026-08-17T09:00:00,SMS,,No Response,No Response,,Low,
C002337,APT005141,PT00696,2026-06-21T14:15:00,SMS,,No Response,No Response,,Low,
C002338,APT005142,PT01712,2026-07-30T12:45:00,WhatsApp,"Doctor visit hai usi din, reschedule possible?",Reschedule,Reschedule,,Medium,Conflicting doctor visit
C002339,APT005144,PT00836,2026-07-29T15:00:00,Call,"Doctor visit hai usi din, reschedule possible?",Reschedule,Reschedule,,Medium,Conflicting doctor visit
C002340,APT005145,PT00247,2026-06-09T11:30:00,WhatsApp,Please cancel this visit,Cancel,Cancel,,Low,
C002341,APT005149,PT01009,2026-07-12T18:00:00,Call,,No Response,No Response,,Low,
C002342,APT005152,PT01294,2026-08-05T16:45:00,SMS,"Yes that works, see you then",Confirm,Confirm,,Low,
C002343,APT005157,PT01853,2026-08-18T12:15:00,WhatsApp,"Haan theek hai, confirm kar do",Confirm,Confirm,,Low,
C002344,APT005160,PT00489,2026-06-16T11:30:00,WhatsApp,"Yes that works, see you then",Confirm,Confirm,,Low,
C002345,APT005161,PT00071,2026-08-27T08:30:00,Call,,No Response,No Response,,Low,
C002346,APT005162,PT01491,2026-06-30T09:45:00,Call,Ok confirmed,Confirm,Confirm,,Low,
C002347,APT005167,PT01537,2026-08-22T10:30:00,SMS,"Haan theek hai, confirm kar do",Confirm,Confirm,,Low,
C002348,APT005169,PT01052,2026-06-12T11:15:00,WhatsApp,,No Response,No Response,,Low,
C002349,APT005170,PT01967,2026-07-03T18:00:00,Call,,No Response,No Response,,Low,
C002350,APT005176,PT01121,2026-05-30T12:30:00,SMS,Ok confirmed,Confirm,Confirm,,Low,
C002351,APT005178,PT01842,2026-07-03T10:45:00,SMS,"Haan theek hai, confirm kar do",Confirm,Confirm,,Low,
C002352,APT005181,PT00880,2026-06-01T10:30:00,WhatsApp,Not needed this time,Cancel,Cancel,,Low,
C002353,APT005182,PT01889,2026-08-14T10:30:00,SMS,"Doctor visit hai usi din, reschedule possible?",Reschedule,Reschedule,,Medium,Conflicting doctor visit
C002354,APT005184,PT01496,2026-08-04T13:15:00,Call,"Kal thoda late ho jayega, Saturday kar sakte ho?",Reschedule,Reschedule,Saturday,High,Provider/patient running late
C002355,APT005189,PT00780,2026-07-23T10:15:00,SMS,Not needed this time,Cancel,Cancel,,Low,
C002356,APT005190,PT01739,2026-07-14T15:00:00,SMS,Please cancel this visit,Cancel,Cancel,,Low,
C002357,APT005193,PT01928,2026-07-30T16:15:00,Call,Not needed this time,Cancel,Cancel,,Low,
C002358,APT005198,PT01189,2026-06-20T18:00:00,Call,Can we move to next week?,Reschedule,Reschedule,,Medium,
C002359,APT005201,PT00650,2026-06-16T11:00:00,Call,"Yes that works, see you then",Confirm,Confirm,,Low,
C002360,APT005202,PT01138,2026-08-13T18:30:00,Call,"Yes that works, see you then",Confirm,Confirm,,Low,
C002361,APT005204,PT00920,2026-07-14T09:00:00,WhatsApp,Can we move to next week?,Reschedule,Reschedule,,Medium,
C002362,APT005205,PT00829,2026-06-01T19:15:00,SMS,Ok confirmed,Confirm,Confirm,,Low,
C002363,APT005206,PT00433,2026-07-11T13:00:00,SMS,Can we move to next week?,Reschedule,Reschedule,,Medium,
C002364,APT005210,PT00490,2026-08-05T08:45:00,SMS,,No Response,No Response,,Low,
C002365,APT005211,PT01440,2026-07-01T16:15:00,Call,,No Response,No Response,,Low,
C002366,APT005215,PT00077,2026-07-18T20:45:00,Call,"Doctor visit hai usi din, reschedule possible?",Reschedule,Reschedule,,Medium,Conflicting doctor visit
C002367,APT005216,PT01066,2026-08-26T12:30:00,WhatsApp,,No Response,No Response,,Low,
C002368,APT005217,PT01605,2026-08-10T09:45:00,WhatsApp,"Yes that works, see you then",Confirm,Confirm,,Low,
C002369,APT005218,PT00313,2026-08-22T10:45:00,Call,"Haan theek hai, confirm kar do",Confirm,Confirm,,Low,
C002370,APT005219,PT00383,2026-07-03T11:30:00,SMS,"Yes that works, see you then",Confirm,Confirm,,Low,
C002371,APT005220,PT01303,2026-06-27T12:45:00,Call,"Kal thoda late ho jayega, Saturday kar sakte ho?",Reschedule,Reschedule,Saturday,High,Provider/patient running late
C002372,APT005221,PT01987,2026-07-30T13:45:00,SMS,Can we move to next week?,Reschedule,Reschedule,,Medium,
C002373,APT005222,PT00951,2026-06-24T18:15:00,Call,,No Response,No Response,,Low,
C002374,APT005227,PT00513,2026-07-21T10:30:00,SMS,,No Response,No Response,,Low,
C002375,APT005233,PT01510,2026-07-02T19:15:00,WhatsApp,,No Response,No Response,,Low,
C002376,APT005234,PT00279,2026-06-10T08:45:00,Call,"Haan theek hai, confirm kar do",Confirm,Confirm,,Low,
C002377,APT005235,PT01106,2026-06-11T18:15:00,SMS,"Doctor visit hai usi din, reschedule possible?",Reschedule,Reschedule,,Medium,Conflicting doctor visit
C002378,APT005236,PT01910,2026-08-12T20:30:00,Call,Please cancel this visit,Cancel,Cancel,,Low,
C002379,APT005240,PT01230,2026-08-22T13:30:00,SMS,Can we move to next week?,Reschedule,Reschedule,,Medium,
C002380,APT005241,PT00012,2026-08-01T16:15:00,Call,"Kal thoda late ho jayega, Saturday kar sakte ho?",Reschedule,Reschedule,Saturday,High,Provider/patient running late
C002381,APT005242,PT00023,2026-06-12T09:45:00,SMS,"Haan theek hai, confirm kar do",Confirm,Confirm,,Low,
C002382,APT005247,PT00390,2026-08-05T09:00:00,SMS,,No Response,No Response,,Low,
C002383,APT005248,PT01868,2026-07-11T09:30:00,WhatsApp,"Kal thoda late ho jayega, Saturday kar sakte ho?",Reschedule,Reschedule,Saturday,High,Provider/patient running late
C002384,APT005249,PT01950,2026-07-10T09:45:00,WhatsApp,"Haan theek hai, confirm kar do",Confirm,Confirm,,Low,
C002385,APT005251,PT01788,2026-06-17T17:30:00,WhatsApp,"Kal thoda late ho jayega, Saturday kar sakte ho?",Reschedule,Reschedule,Saturday,High,Provider/patient running late
C002386,APT005252,PT01781,2026-07-13T18:15:00,Call,"Kal thoda late ho jayega, Saturday kar sakte ho?",Reschedule,Reschedule,Saturday,High,Provider/patient running late
C002387,APT005254,PT01259,2026-08-08T14:45:00,SMS,Ok confirmed,Confirm,Confirm,,Low,
C002388,APT005255,PT00743,2026-07-31T11:15:00,SMS,,No Response,No Response,,Low,
C002389,APT005256,PT00614,2026-07-24T14:30:00,Call,,No Response,No Response,,Low,
C002390,APT005257,PT00866,2026-06-07T19:30:00,WhatsApp,"Doctor visit hai usi din, reschedule possible?",Reschedule,Reschedule,,Medium,Conflicting doctor visit
C002391,APT005258,PT01281,2026-06-23T18:45:00,SMS,"Haan theek hai, confirm kar do",Confirm,Confirm,,Low,
C002392,APT005259,PT00335,2026-08-24T13:15:00,WhatsApp,Not needed this time,Cancel,Cancel,,Low,
C002393,APT005260,PT01288,2026-08-01T13:00:00,WhatsApp,"Kal thoda late ho jayega, Saturday kar sakte ho?",Reschedule,Reschedule,Saturday,High,Provider/patient running late
C002394,APT005262,PT00037,2026-07-27T20:30:00,WhatsApp,,No Response,No Response,,Low,
C002395,APT005264,PT01506,2026-05-31T20:15:00,Call,"Haan theek hai, confirm kar do",Confirm,Confirm,,Low,
C002396,APT005270,PT01612,2026-06-21T08:45:00,Call,,No Response,No Response,,Low,
C002397,APT005271,PT01113,2026-06-02T15:00:00,WhatsApp,Not needed this time,Cancel,Cancel,,Low,
C002398,APT005275,PT01731,2026-08-10T08:30:00,WhatsApp,,No Response,No Response,,Low,
C002399,APT005276,PT01839,2026-07-19T13:00:00,WhatsApp,Ok confirmed,Confirm,Confirm,,Low,
C002400,APT005282,PT01141,2026-08-04T08:00:00,WhatsApp,Not needed this time,Cancel,Cancel,,Low,
C002401,APT005283,PT00259,2026-06-24T20:45:00,SMS,,No Response,No Response,,Low,
C002402,APT005287,PT00345,2026-06-12T12:15:00,WhatsApp,"Yes that works, see you then",Confirm,Confirm,,Low,
C002403,APT005288,PT00122,2026-08-10T16:00:00,SMS,,No Response,No Response,,Low,
C002404,APT005289,PT00832,2026-07-23T14:45:00,Call,"Yes that works, see you then",Confirm,Confirm,,Low,
C002405,APT005290,PT00431,2026-08-07T16:45:00,SMS,"Haan theek hai, confirm kar do",Confirm,Confirm,,Low,
C002406,APT005295,PT01539,2026-08-04T10:30:00,Call,,No Response,No Response,,Low,
C002407,APT005303,PT00692,2026-07-30T10:00:00,WhatsApp,,No Response,No Response,,Low,
C002408,APT005305,PT01049,2026-07-14T16:00:00,WhatsApp,Please cancel this visit,Cancel,Cancel,,Low,
C002409,APT005306,PT00427,2026-07-29T15:15:00,SMS,"Haan theek hai, confirm kar do",Confirm,Confirm,,Low,
C002410,APT005308,PT01936,2026-06-02T10:45:00,SMS,,No Response,No Response,,Low,
C002411,APT005311,PT01895,2026-08-01T17:00:00,SMS,Please cancel this visit,Cancel,Cancel,,Low,
C002412,APT005312,PT00543,2026-06-01T15:30:00,Call,"Yes that works, see you then",Confirm,Confirm,,Low,
C002413,APT005314,PT00080,2026-06-24T08:00:00,WhatsApp,"Yes that works, see you then",Confirm,Confirm,,Low,
C002414,APT005315,PT00701,2026-06-25T16:15:00,SMS,"Doctor visit hai usi din, reschedule possible?",Reschedule,Reschedule,,Medium,Conflicting doctor visit
C002415,APT005317,PT00553,2026-08-25T19:45:00,SMS,"Haan theek hai, confirm kar do",Confirm,Confirm,,Low,
C002416,APT005318,PT01554,2026-06-24T10:30:00,Call,Not needed this time,Cancel,Cancel,,Low,
C002417,APT005320,PT00029,2026-08-08T11:45:00,Call,"Haan theek hai, confirm kar do",Confirm,Confirm,,Low,
C002418,APT005321,PT00469,2026-07-16T18:30:00,WhatsApp,,No Response,No Response,,Low,
C002419,APT005323,PT00185,2026-06-24T16:30:00,WhatsApp,Ok confirmed,Confirm,Confirm,,Low,
C002420,APT005324,PT01005,2026-08-11T10:00:00,WhatsApp,Ok confirmed,Confirm,Confirm,,Low,
C002421,APT005328,PT01711,2026-06-08T17:30:00,SMS,Can we move to next week?,Reschedule,Reschedule,,Medium,
C002422,APT005331,PT00407,2026-07-07T20:30:00,Call,"Haan theek hai, confirm kar do",Confirm,Confirm,,Low,
C002423,APT005336,PT01631,2026-07-04T14:00:00,Call,Can we move to next week?,Reschedule,Reschedule,,Medium,
C002424,APT005337,PT00273,2026-07-03T16:45:00,SMS,"Kal thoda late ho jayega, Saturday kar sakte ho?",Reschedule,Reschedule,Saturday,High,Provider/patient running late
C002425,APT005338,PT00440,2026-07-25T11:00:00,SMS,,No Response,No Response,,Low,
C002426,APT005341,PT01135,2026-07-27T16:45:00,Call,"Haan theek hai, confirm kar do",Confirm,Confirm,,Low,
C002427,APT005342,PT01909,2026-06-17T19:45:00,WhatsApp,Ok confirmed,Confirm,Confirm,,Low,
C002428,APT005346,PT01235,2026-06-14T08:00:00,Call,"Doctor visit hai usi din, reschedule possible?",Reschedule,Reschedule,,Medium,Conflicting doctor visit
C002429,APT005347,PT00992,2026-07-08T14:30:00,Call,Ok confirmed,Confirm,Confirm,,Low,
C002430,APT005351,PT01671,2026-08-02T08:15:00,WhatsApp,"Kal thoda late ho jayega, Saturday kar sakte ho?",Reschedule,Reschedule,Saturday,High,Provider/patient running late
C002431,APT005352,PT00026,2026-06-05T09:00:00,Call,,No Response,No Response,,Low,
C002432,APT005355,PT01957,2026-08-25T14:15:00,Call,Please cancel this visit,Cancel,Cancel,,Low,
C002433,APT005357,PT01606,2026-08-12T17:45:00,Call,Ok confirmed,Confirm,Confirm,,Low,
C002434,APT005360,PT01285,2026-07-11T18:00:00,Call,"Doctor visit hai usi din, reschedule possible?",Reschedule,Reschedule,,Medium,Conflicting doctor visit
C002435,APT005366,PT00085,2026-07-05T17:15:00,WhatsApp,"Yes that works, see you then",Confirm,Confirm,,Low,
C002436,APT005367,PT01653,2026-07-25T16:45:00,WhatsApp,Ok confirmed,Confirm,Confirm,,Low,
C002437,APT005369,PT01204,2026-07-20T13:30:00,SMS,Can we move to next week?,Reschedule,Reschedule,,Medium,
C002438,APT005375,PT01571,2026-06-16T08:00:00,SMS,Ok confirmed,Confirm,Confirm,,Low,
C002439,APT005376,PT00589,2026-06-10T11:00:00,Call,"Haan theek hai, confirm kar do",Confirm,Confirm,,Low,
C002440,APT005377,PT00807,2026-08-27T16:15:00,Call,Ok confirmed,Confirm,Confirm,,Low,
C002441,APT005378,PT00422,2026-07-06T13:30:00,SMS,Can we move to next week?,Reschedule,Reschedule,,Medium,
C002442,APT005380,PT00371,2026-06-27T19:15:00,Call,,No Response,No Response,,Low,
C002443,APT005382,PT01313,2026-07-19T08:00:00,SMS,"Kal thoda late ho jayega, Saturday kar sakte ho?",Reschedule,Reschedule,Saturday,High,Provider/patient running late
C002444,APT005383,PT00417,2026-08-15T12:00:00,WhatsApp,"Kal thoda late ho jayega, Saturday kar sakte ho?",Reschedule,Reschedule,Saturday,High,Provider/patient running late
C002445,APT005385,PT01578,2026-07-10T20:30:00,WhatsApp,Ok confirmed,Confirm,Confirm,,Low,
C002446,APT005388,PT00443,2026-07-31T14:15:00,SMS,Ok confirmed,Confirm,Confirm,,Low,
C002447,APT005391,PT00390,2026-07-05T20:15:00,Call,,No Response,No Response,,Low,
C002448,APT005394,PT00373,2026-07-14T18:45:00,Call,Is week cancel karna padega,Cancel,Cancel,,Low,
C002449,APT005395,PT01391,2026-07-21T20:00:00,SMS,Can we move to next week?,Reschedule,Reschedule,,Medium,
C002450,APT005399,PT01208,2026-08-18T19:15:00,SMS,"Yes that works, see you then",Confirm,Confirm,,Low,
C002451,APT005401,PT01557,2026-08-25T08:00:00,WhatsApp,Please cancel this visit,Cancel,Cancel,,Low,
C002452,APT005402,PT01875,2026-08-23T15:00:00,SMS,Can we move to next week?,Reschedule,Reschedule,,Medium,
C002453,APT005403,PT00005,2026-07-27T12:00:00,WhatsApp,"Haan theek hai, confirm kar do",Confirm,Confirm,,Low,
C002454,APT005404,PT01044,2026-08-15T12:15:00,Call,"Haan theek hai, confirm kar do",Confirm,Confirm,,Low,
C002455,APT005405,PT01542,2026-06-20T11:30:00,WhatsApp,"Yes that works, see you then",Confirm,Confirm,,Low,
C002456,APT005406,PT01897,2026-08-18T10:30:00,WhatsApp,"Kal thoda late ho jayega, Saturday kar sakte ho?",Reschedule,Reschedule,Saturday,High,Provider/patient running late
C002457,APT005409,PT01583,2026-08-26T16:15:00,WhatsApp,,No Response,No Response,,Low,
C002458,APT005414,PT00207,2026-08-13T12:30:00,Call,"Kal thoda late ho jayega, Saturday kar sakte ho?",Reschedule,Reschedule,Saturday,High,Provider/patient running late
C002459,APT005415,PT00650,2026-08-01T10:15:00,SMS,Can we move to next week?,Reschedule,Reschedule,,Medium,
C002460,APT005416,PT01901,2026-06-03T15:30:00,WhatsApp,Can we move to next week?,Reschedule,Reschedule,,Medium,
C002461,APT005417,PT01284,2026-07-10T11:00:00,Call,Can we move to next week?,Reschedule,Reschedule,,Medium,
C002462,APT005423,PT00417,2026-06-22T08:00:00,Call,Ok confirmed,Confirm,Confirm,,Low,
C002463,APT005424,PT00268,2026-08-20T09:45:00,SMS,Can we move to next week?,Reschedule,Reschedule,,Medium,
C002464,APT005426,PT01804,2026-07-16T18:45:00,SMS,"Doctor visit hai usi din, reschedule possible?",Reschedule,Reschedule,,Medium,Conflicting doctor visit
C002465,APT005428,PT01413,2026-06-11T13:15:00,Call,,No Response,No Response,,Low,
C002466,APT005430,PT01119,2026-06-13T19:00:00,Call,"Haan theek hai, confirm kar do",Confirm,Confirm,,Low,
C002467,APT005432,PT00539,2026-08-01T11:45:00,SMS,,No Response,No Response,,Low,
C002468,APT005434,PT00179,2026-07-18T14:15:00,Call,Ok confirmed,Confirm,Confirm,,Low,
C002469,APT005435,PT01133,2026-07-24T14:45:00,Call,"Yes that works, see you then",Confirm,Confirm,,Low,
C002470,APT005437,PT00963,2026-07-18T12:30:00,WhatsApp,Ok confirmed,Confirm,Confirm,,Low,
C002471,APT005440,PT00787,2026-07-23T11:15:00,Call,"Doctor visit hai usi din, reschedule possible?",Reschedule,Reschedule,,Medium,Conflicting doctor visit
C002472,APT005444,PT01096,2026-07-15T17:45:00,SMS,"Doctor visit hai usi din, reschedule possible?",Reschedule,Reschedule,,Medium,Conflicting doctor visit
C002473,APT005445,PT00148,2026-06-18T09:30:00,Call,"Doctor visit hai usi din, reschedule possible?",Reschedule,Reschedule,,Medium,Conflicting doctor visit
C002474,APT005446,PT00906,2026-06-03T11:45:00,WhatsApp,Ok confirmed,Confirm,Confirm,,Low,
C002475,APT005448,PT00641,2026-07-28T13:00:00,Call,Ok confirmed,Confirm,Confirm,,Low,
C002476,APT005451,PT00929,2026-07-28T20:00:00,Call,Please cancel this visit,Cancel,Cancel,,Low,
C002477,APT005453,PT00597,2026-07-13T09:15:00,SMS,"Yes that works, see you then",Confirm,Confirm,,Low,
C002478,APT005456,PT00706,2026-07-06T08:45:00,Call,Ok confirmed,Confirm,Confirm,,Low,
C002479,APT005458,PT01246,2026-07-28T08:15:00,SMS,Not needed this time,Cancel,Cancel,,Low,
C002480,APT005459,PT00307,2026-07-24T17:45:00,Call,Is week cancel karna padega,Cancel,Cancel,,Low,
C002481,APT005460,PT00296,2026-07-16T15:00:00,Call,,No Response,No Response,,Low,
C002482,APT005461,PT00800,2026-06-02T14:00:00,SMS,,No Response,No Response,,Low,
C002483,APT005462,PT00522,2026-07-08T12:00:00,Call,"Kal thoda late ho jayega, Saturday kar sakte ho?",Reschedule,Reschedule,Saturday,High,Provider/patient running late
C002484,APT005463,PT01563,2026-08-06T16:15:00,SMS,"Haan theek hai, confirm kar do",Confirm,Confirm,,Low,
C002485,APT005464,PT01517,2026-07-11T19:15:00,SMS,"Yes that works, see you then",Confirm,Confirm,,Low,
C002486,APT005465,PT00904,2026-07-06T17:15:00,SMS,"Yes that works, see you then",Confirm,Confirm,,Low,
C002487,APT005466,PT00161,2026-08-05T17:30:00,SMS,Can we move to next week?,Reschedule,Reschedule,,Medium,
C002488,APT005475,PT00755,2026-07-18T12:00:00,WhatsApp,"Yes that works, see you then",Confirm,Confirm,,Low,
C002489,APT005476,PT01996,2026-08-07T13:15:00,Call,Ok confirmed,Confirm,Confirm,,Low,
C002490,APT005479,PT00655,2026-05-31T17:30:00,WhatsApp,"Yes that works, see you then",Confirm,Confirm,,Low,
C002491,APT005480,PT01888,2026-06-12T18:45:00,WhatsApp,"Yes that works, see you then",Confirm,Confirm,,Low,
C002492,APT005488,PT01707,2026-06-12T17:30:00,Call,"Doctor visit hai usi din, reschedule possible?",Reschedule,Reschedule,,Medium,Conflicting doctor visit
C002493,APT005490,PT01481,2026-06-15T10:00:00,WhatsApp,Can we move to next week?,Reschedule,Reschedule,,Medium,
C002494,APT005491,PT00789,2026-07-01T11:45:00,WhatsApp,"Kal thoda late ho jayega, Saturday kar sakte ho?",Reschedule,Reschedule,Saturday,High,Provider/patient running late
C002495,APT005492,PT01678,2026-06-01T13:30:00,SMS,"Yes that works, see you then",Confirm,Confirm,,Low,
C002496,APT005493,PT00567,2026-07-03T17:45:00,WhatsApp,"Haan theek hai, confirm kar do",Confirm,Confirm,,Low,
C002497,APT005494,PT01522,2026-07-19T09:45:00,WhatsApp,"Yes that works, see you then",Confirm,Confirm,,Low,
C002498,APT005495,PT00626,2026-06-09T11:00:00,WhatsApp,Ok confirmed,Confirm,Confirm,,Low,
C002499,APT005496,PT00246,2026-06-08T20:00:00,SMS,"Haan theek hai, confirm kar do",Confirm,Confirm,,Low,
C002500,APT005497,PT01783,2026-08-18T09:30:00,SMS,Not needed this time,Cancel,Cancel,,Low,
C002501,APT005502,PT01033,2026-07-19T13:30:00,WhatsApp,Ok confirmed,Confirm,Confirm,,Low,
C002502,APT005506,PT01285,2026-07-21T13:30:00,Call,"Haan theek hai, confirm kar do",Confirm,Confirm,,Low,
C002503,APT005511,PT00874,2026-07-12T09:30:00,Call,"Haan theek hai, confirm kar do",Confirm,Confirm,,Low,
C002504,APT005515,PT01854,2026-06-26T15:15:00,SMS,Ok confirmed,Confirm,Confirm,,Low,
C002505,APT005516,PT01092,2026-07-21T14:15:00,SMS,,No Response,No Response,,Low,
C002506,APT005518,PT00153,2026-07-13T11:00:00,Call,Is week cancel karna padega,Cancel,Cancel,,Low,
C002507,APT005520,PT01458,2026-07-13T13:45:00,SMS,"Haan theek hai, confirm kar do",Confirm,Confirm,,Low,
C002508,APT005521,PT00864,2026-08-07T10:00:00,SMS,"Haan theek hai, confirm kar do",Confirm,Confirm,,Low,
C002509,APT005523,PT01461,2026-08-25T09:45:00,Call,"Yes that works, see you then",Confirm,Confirm,,Low,
C002510,APT005524,PT01168,2026-08-10T16:45:00,WhatsApp,"Yes that works, see you then",Confirm,Confirm,,Low,
C002511,APT005526,PT01297,2026-08-19T17:45:00,Call,Please cancel this visit,Cancel,Cancel,,Low,
C002512,APT005527,PT01407,2026-07-11T09:45:00,WhatsApp,Can we move to next week?,Reschedule,Reschedule,,Medium,
C002513,APT005532,PT00821,2026-06-26T13:45:00,Call,Ok confirmed,Confirm,Confirm,,Low,
C002514,APT005533,PT01162,2026-08-16T18:00:00,SMS,Is week cancel karna padega,Cancel,Cancel,,Low,
C002515,APT005535,PT00772,2026-06-19T12:00:00,SMS,Can we move to next week?,Reschedule,Reschedule,,Medium,
C002516,APT005537,PT01385,2026-08-26T17:15:00,SMS,"Haan theek hai, confirm kar do",Confirm,Confirm,,Low,
C002517,APT005539,PT00215,2026-07-30T10:15:00,SMS,Ok confirmed,Confirm,Confirm,,Low,
C002518,APT005540,PT01208,2026-08-06T16:45:00,WhatsApp,Can we move to next week?,Reschedule,Reschedule,,Medium,
C002519,APT005542,PT00166,2026-07-29T11:00:00,WhatsApp,,No Response,No Response,,Low,
C002520,APT005545,PT00318,2026-08-11T15:30:00,WhatsApp,,No Response,No Response,,Low,
C002521,APT005550,PT00823,2026-06-23T20:00:00,SMS,,No Response,No Response,,Low,
C002522,APT005559,PT01193,2026-07-05T19:30:00,WhatsApp,"Haan theek hai, confirm kar do",Confirm,Confirm,,Low,
C002523,APT005560,PT01040,2026-07-02T15:30:00,WhatsApp,"Haan theek hai, confirm kar do",Confirm,Confirm,,Low,
C002524,APT005561,PT01023,2026-08-19T12:30:00,SMS,Please cancel this visit,Cancel,Cancel,,Low,
C002525,APT005563,PT01183,2026-07-15T13:00:00,WhatsApp,"Doctor visit hai usi din, reschedule possible?",Reschedule,Reschedule,,Medium,Conflicting doctor visit
C002526,APT005566,PT00879,2026-08-18T09:30:00,Call,"Haan theek hai, confirm kar do",Confirm,Confirm,,Low,
C002527,APT005569,PT01175,2026-08-09T18:00:00,WhatsApp,"Haan theek hai, confirm kar do",Confirm,Confirm,,Low,
C002528,APT005570,PT00416,2026-07-04T09:00:00,SMS,"Kal thoda late ho jayega, Saturday kar sakte ho?",Reschedule,Reschedule,Saturday,High,Provider/patient running late
C002529,APT005572,PT00113,2026-06-29T12:00:00,SMS,"Haan theek hai, confirm kar do",Confirm,Confirm,,Low,
C002530,APT005577,PT01365,2026-08-25T11:45:00,Call,,No Response,No Response,,Low,
C002531,APT005579,PT01220,2026-06-14T16:45:00,Call,Ok confirmed,Confirm,Confirm,,Low,
C002532,APT005580,PT01287,2026-07-20T11:45:00,WhatsApp,,No Response,No Response,,Low,
C002533,APT005581,PT01817,2026-07-19T10:30:00,Call,Ok confirmed,Confirm,Confirm,,Low,
C002534,APT005582,PT01383,2026-07-04T14:45:00,SMS,,No Response,No Response,,Low,
C002535,APT005584,PT01431,2026-07-10T13:45:00,WhatsApp,Please cancel this visit,Cancel,Cancel,,Low,
C002536,APT005585,PT01765,2026-08-08T13:45:00,SMS,Not needed this time,Cancel,Cancel,,Low,
C002537,APT005586,PT01475,2026-07-18T14:45:00,SMS,Ok confirmed,Confirm,Confirm,,Low,
C002538,APT005587,PT01547,2026-07-19T15:30:00,WhatsApp,"Yes that works, see you then",Confirm,Confirm,,Low,
C002539,APT005588,PT01712,2026-06-05T17:00:00,WhatsApp,,No Response,No Response,,Low,
C002540,APT005590,PT00362,2026-07-22T15:00:00,SMS,"Kal thoda late ho jayega, Saturday kar sakte ho?",Reschedule,Reschedule,Saturday,High,Provider/patient running late
C002541,APT005591,PT00318,2026-07-24T19:30:00,Call,"Doctor visit hai usi din, reschedule possible?",Reschedule,Reschedule,,Medium,Conflicting doctor visit
C002542,APT005592,PT00510,2026-07-27T10:45:00,Call,"Kal thoda late ho jayega, Saturday kar sakte ho?",Reschedule,Reschedule,Saturday,High,Provider/patient running late
C002543,APT005593,PT01433,2026-06-01T12:30:00,WhatsApp,Ok confirmed,Confirm,Confirm,,Low,
C002544,APT005599,PT01164,2026-07-28T14:30:00,Call,"Haan theek hai, confirm kar do",Confirm,Confirm,,Low,
C002545,APT005603,PT00483,2026-06-21T09:45:00,Call,,No Response,No Response,,Low,
C002546,APT005604,PT00240,2026-07-14T19:45:00,SMS,,No Response,No Response,,Low,
C002547,APT005605,PT00327,2026-07-20T17:15:00,WhatsApp,"Doctor visit hai usi din, reschedule possible?",Reschedule,Reschedule,,Medium,Conflicting doctor visit
C002548,APT005608,PT00943,2026-06-28T16:30:00,WhatsApp,Ok confirmed,Confirm,Confirm,,Low,
C002549,APT005611,PT01150,2026-06-06T17:00:00,WhatsApp,"Yes that works, see you then",Confirm,Confirm,,Low,
C002550,APT005614,PT01275,2026-08-17T17:45:00,WhatsApp,"Kal thoda late ho jayega, Saturday kar sakte ho?",Reschedule,Reschedule,Saturday,High,Provider/patient running late
C002551,APT005616,PT01403,2026-05-30T15:15:00,SMS,,No Response,No Response,,Low,
C002552,APT005619,PT01186,2026-07-20T16:00:00,WhatsApp,"Haan theek hai, confirm kar do",Confirm,Confirm,,Low,
C002553,APT005620,PT01748,2026-06-04T08:15:00,WhatsApp,"Doctor visit hai usi din, reschedule possible?",Reschedule,Reschedule,,Medium,Conflicting doctor visit
C002554,APT005621,PT01146,2026-08-14T10:45:00,Call,Please cancel this visit,Cancel,Cancel,,Low,
C002555,APT005622,PT01307,2026-07-01T13:30:00,WhatsApp,Please cancel this visit,Cancel,Cancel,,Low,
C002556,APT005625,PT00207,2026-07-12T10:30:00,WhatsApp,,No Response,No Response,,Low,
C002557,APT005626,PT01441,2026-06-24T17:00:00,SMS,"Haan theek hai, confirm kar do",Confirm,Confirm,,Low,
C002558,APT005627,PT00380,2026-07-04T14:45:00,SMS,Not needed this time,Cancel,Cancel,,Low,
C002559,APT005631,PT00010,2026-06-02T18:30:00,SMS,Ok confirmed,Confirm,Confirm,,Low,
C002560,APT005632,PT00337,2026-07-28T18:30:00,SMS,Ok confirmed,Confirm,Confirm,,Low,
C002561,APT005635,PT00384,2026-08-07T15:00:00,Call,,No Response,No Response,,Low,
C002562,APT005636,PT00732,2026-06-13T19:30:00,SMS,,No Response,No Response,,Low,
C002563,APT005640,PT01868,2026-06-01T15:45:00,Call,,No Response,No Response,,Low,
C002564,APT005641,PT00221,2026-06-18T17:00:00,WhatsApp,"Haan theek hai, confirm kar do",Confirm,Confirm,,Low,
C002565,APT005642,PT01036,2026-06-22T15:00:00,SMS,Ok confirmed,Confirm,Confirm,,Low,
C002566,APT005644,PT00613,2026-07-24T15:00:00,SMS,,No Response,No Response,,Low,
C002567,APT005646,PT01142,2026-07-05T20:15:00,WhatsApp,"Yes that works, see you then",Confirm,Confirm,,Low,
C002568,APT005647,PT01939,2026-07-20T14:30:00,SMS,,No Response,No Response,,Low,
C002569,APT005649,PT01490,2026-06-12T14:00:00,Call,,No Response,No Response,,Low,
C002570,APT005650,PT01792,2026-06-28T15:30:00,SMS,Ok confirmed,Confirm,Confirm,,Low,
C002571,APT005651,PT01567,2026-06-22T11:00:00,WhatsApp,,No Response,No Response,,Low,
C002572,APT005654,PT00900,2026-08-19T15:45:00,Call,"Yes that works, see you then",Confirm,Confirm,,Low,
C002573,APT005657,PT01395,2026-06-23T18:00:00,WhatsApp,Can we move to next week?,Reschedule,Reschedule,,Medium,
C002574,APT005663,PT00232,2026-06-21T11:15:00,Call,"Haan theek hai, confirm kar do",Confirm,Confirm,,Low,
C002575,APT005666,PT00919,2026-07-03T14:00:00,Call,,No Response,No Response,,Low,
C002576,APT005667,PT00131,2026-07-22T15:30:00,WhatsApp,Ok confirmed,Confirm,Confirm,,Low,
C002577,APT005669,PT00133,2026-06-29T12:30:00,Call,"Haan theek hai, confirm kar do",Confirm,Confirm,,Low,
C002578,APT005670,PT00878,2026-06-27T19:00:00,SMS,Can we move to next week?,Reschedule,Reschedule,,Medium,
C002579,APT005672,PT01301,2026-07-02T13:15:00,SMS,,No Response,No Response,,Low,
C002580,APT005675,PT01183,2026-08-19T13:45:00,SMS,Is week cancel karna padega,Cancel,Cancel,,Low,
C002581,APT005676,PT00789,2026-06-29T19:30:00,SMS,"Doctor visit hai usi din, reschedule possible?",Reschedule,Reschedule,,Medium,Conflicting doctor visit
C002582,APT005677,PT01561,2026-08-21T14:45:00,Call,Ok confirmed,Confirm,Confirm,,Low,
C002583,APT005680,PT00838,2026-07-31T09:30:00,WhatsApp,Ok confirmed,Confirm,Confirm,,Low,
C002584,APT005681,PT00382,2026-07-30T14:15:00,Call,"Kal thoda late ho jayega, Saturday kar sakte ho?",Reschedule,Reschedule,Saturday,High,Provider/patient running late
C002585,APT005682,PT01884,2026-06-16T08:45:00,SMS,"Doctor visit hai usi din, reschedule possible?",Reschedule,Reschedule,,Medium,Conflicting doctor visit
C002586,APT005686,PT01976,2026-08-23T11:15:00,SMS,Ok confirmed,Confirm,Confirm,,Low,
C002587,APT005688,PT01414,2026-08-23T18:15:00,SMS,Ok confirmed,Confirm,Confirm,,Low,
C002588,APT005689,PT01594,2026-06-28T19:45:00,Call,"Haan theek hai, confirm kar do",Confirm,Confirm,,Low,
C002589,APT005691,PT01782,2026-06-14T18:30:00,Call,Ok confirmed,Confirm,Confirm,,Low,
C002590,APT005692,PT01222,2026-07-18T12:15:00,Call,Ok confirmed,Confirm,Confirm,,Low,
C002591,APT005694,PT01360,2026-07-11T14:15:00,Call,Ok confirmed,Confirm,Confirm,,Low,
C002592,APT005695,PT00315,2026-07-06T16:30:00,SMS,Can we move to next week?,Reschedule,Reschedule,,Medium,
C002593,APT005696,PT01665,2026-08-06T14:30:00,Call,Is week cancel karna padega,Cancel,Cancel,,Low,
C002594,APT005699,PT01466,2026-07-25T13:15:00,SMS,"Yes that works, see you then",Confirm,Confirm,,Low,
C002595,APT005705,PT00117,2026-08-20T08:15:00,Call,"Haan theek hai, confirm kar do",Confirm,Confirm,,Low,
C002596,APT005706,PT00105,2026-08-21T16:15:00,SMS,Can we move to next week?,Reschedule,Reschedule,,Medium,
C002597,APT005709,PT01604,2026-06-11T08:00:00,Call,"Haan theek hai, confirm kar do",Confirm,Confirm,,Low,
C002598,APT005710,PT00056,2026-07-15T17:00:00,SMS,,No Response,No Response,,Low,
C002599,APT005711,PT00018,2026-07-27T19:15:00,WhatsApp,"Doctor visit hai usi din, reschedule possible?",Reschedule,Reschedule,,Medium,Conflicting doctor visit
C002600,APT005714,PT01370,2026-07-20T08:15:00,SMS,Can we move to next week?,Reschedule,Reschedule,,Medium,
C002601,APT005715,PT01021,2026-06-13T12:00:00,Call,,No Response,No Response,,Low,
C002602,APT005716,PT01251,2026-08-23T08:45:00,Call,"Haan theek hai, confirm kar do",Confirm,Confirm,,Low,
C002603,APT005721,PT00196,2026-08-20T19:30:00,WhatsApp,Ok confirmed,Confirm,Confirm,,Low,
C002604,APT005722,PT00469,2026-06-01T11:00:00,SMS,,No Response,No Response,,Low,
C002605,APT005725,PT01741,2026-08-11T20:15:00,SMS,"Kal thoda late ho jayega, Saturday kar sakte ho?",Reschedule,Reschedule,Saturday,High,Provider/patient running late
C002606,APT005726,PT00255,2026-06-13T15:30:00,SMS,,No Response,No Response,,Low,
C002607,APT005727,PT01410,2026-08-05T14:00:00,SMS,"Haan theek hai, confirm kar do",Confirm,Confirm,,Low,
C002608,APT005728,PT00051,2026-06-04T19:00:00,Call,Please cancel this visit,Cancel,Cancel,,Low,
C002609,APT005731,PT00487,2026-08-20T11:00:00,SMS,"Haan theek hai, confirm kar do",Confirm,Confirm,,Low,
C002610,APT005732,PT01234,2026-08-16T12:15:00,Call,Is week cancel karna padega,Cancel,Cancel,,Low,
C002611,APT005733,PT00749,2026-06-08T17:00:00,WhatsApp,"Yes that works, see you then",Confirm,Confirm,,Low,
C002612,APT005735,PT00342,2026-06-03T15:00:00,Call,"Yes that works, see you then",Confirm,Confirm,,Low,
C002613,APT005736,PT00294,2026-06-30T11:00:00,SMS,"Yes that works, see you then",Confirm,Confirm,,Low,
C002614,APT005739,PT00619,2026-08-16T09:00:00,SMS,"Haan theek hai, confirm kar do",Confirm,Confirm,,Low,
C002615,APT005740,PT00732,2026-06-15T14:00:00,SMS,"Doctor visit hai usi din, reschedule possible?",Reschedule,Reschedule,,Medium,Conflicting doctor visit
C002616,APT005741,PT00695,2026-08-14T10:30:00,Call,Ok confirmed,Confirm,Confirm,,Low,
C002617,APT005745,PT00277,2026-06-30T11:30:00,SMS,,No Response,No Response,,Low,
C002618,APT005747,PT01886,2026-07-27T15:00:00,WhatsApp,"Doctor visit hai usi din, reschedule possible?",Reschedule,Reschedule,,Medium,Conflicting doctor visit
C002619,APT005752,PT00065,2026-08-03T17:30:00,WhatsApp,"Haan theek hai, confirm kar do",Confirm,Confirm,,Low,
C002620,APT005754,PT00759,2026-08-04T20:15:00,WhatsApp,"Doctor visit hai usi din, reschedule possible?",Reschedule,Reschedule,,Medium,Conflicting doctor visit
C002621,APT005756,PT00922,2026-07-28T11:45:00,Call,,No Response,No Response,,Low,
C002622,APT005757,PT00590,2026-08-04T11:00:00,Call,"Haan theek hai, confirm kar do",Confirm,Confirm,,Low,
C002623,APT005758,PT01771,2026-06-05T16:00:00,Call,Ok confirmed,Confirm,Confirm,,Low,
C002624,APT005761,PT00607,2026-08-03T15:30:00,WhatsApp,Can we move to next week?,Reschedule,Reschedule,,Medium,
C002625,APT005763,PT01364,2026-08-06T16:30:00,WhatsApp,,No Response,No Response,,Low,
C002626,APT005765,PT01140,2026-06-24T16:30:00,SMS,"Kal thoda late ho jayega, Saturday kar sakte ho?",Reschedule,Reschedule,Saturday,High,Provider/patient running late
C002627,APT005767,PT01325,2026-07-19T14:45:00,Call,"Haan theek hai, confirm kar do",Confirm,Confirm,,Low,
C002628,APT005769,PT00502,2026-06-12T20:00:00,WhatsApp,"Yes that works, see you then",Confirm,Confirm,,Low,
C002629,APT005774,PT01598,2026-06-02T12:00:00,Call,Can we move to next week?,Reschedule,Reschedule,,Medium,
C002630,APT005775,PT00927,2026-06-27T15:00:00,WhatsApp,,No Response,No Response,,Low,
C002631,APT005780,PT01829,2026-08-16T15:30:00,Call,,No Response,No Response,,Low,
C002632,APT005787,PT00217,2026-08-15T09:45:00,WhatsApp,"Haan theek hai, confirm kar do",Confirm,Confirm,,Low,
C002633,APT005789,PT00261,2026-08-10T19:00:00,WhatsApp,"Kal thoda late ho jayega, Saturday kar sakte ho?",Reschedule,Reschedule,Saturday,High,Provider/patient running late
C002634,APT005790,PT00571,2026-07-19T20:15:00,WhatsApp,,No Response,No Response,,Low,
C002635,APT005798,PT00808,2026-06-06T16:30:00,SMS,"Kal thoda late ho jayega, Saturday kar sakte ho?",Reschedule,Reschedule,Saturday,High,Provider/patient running late
C002636,APT005799,PT01782,2026-06-06T20:15:00,Call,"Haan theek hai, confirm kar do",Confirm,Confirm,,Low,
C002637,APT005800,PT01177,2026-07-26T18:30:00,Call,,No Response,No Response,,Low,
C002638,APT005801,PT01102,2026-08-21T10:45:00,Call,"Doctor visit hai usi din, reschedule possible?",Reschedule,Reschedule,,Medium,Conflicting doctor visit
C002639,APT005803,PT00794,2026-08-18T16:00:00,SMS,Please cancel this visit,Cancel,Cancel,,Low,
C002640,APT005805,PT01709,2026-08-12T08:00:00,SMS,"Doctor visit hai usi din, reschedule possible?",Reschedule,Reschedule,,Medium,Conflicting doctor visit
C002641,APT005806,PT01269,2026-07-17T18:00:00,SMS,"Doctor visit hai usi din, reschedule possible?",Reschedule,Reschedule,,Medium,Conflicting doctor visit
C002642,APT005807,PT01328,2026-08-13T19:00:00,WhatsApp,"Haan theek hai, confirm kar do",Confirm,Confirm,,Low,
C002643,APT005811,PT00533,2026-08-13T17:30:00,SMS,,No Response,No Response,,Low,
C002644,APT005812,PT01232,2026-06-15T08:15:00,SMS,,No Response,No Response,,Low,
C002645,APT005814,PT00794,2026-06-17T17:30:00,WhatsApp,"Haan theek hai, confirm kar do",Confirm,Confirm,,Low,
C002646,APT005815,PT00942,2026-08-13T20:30:00,Call,Ok confirmed,Confirm,Confirm,,Low,
C002647,APT005816,PT01243,2026-06-27T20:15:00,Call,,No Response,No Response,,Low,
C002648,APT005819,PT01577,2026-07-11T16:45:00,WhatsApp,"Yes that works, see you then",Confirm,Confirm,,Low,
C002649,APT005820,PT01802,2026-07-04T14:00:00,WhatsApp,"Doctor visit hai usi din, reschedule possible?",Reschedule,Reschedule,,Medium,Conflicting doctor visit
C002650,APT005821,PT00814,2026-06-25T19:45:00,WhatsApp,Ok confirmed,Confirm,Confirm,,Low,
C002651,APT005822,PT01121,2026-07-14T09:00:00,SMS,"Yes that works, see you then",Confirm,Confirm,,Low,
C002652,APT005829,PT00497,2026-06-28T17:15:00,SMS,Can we move to next week?,Reschedule,Reschedule,,Medium,
C002653,APT005836,PT00230,2026-07-21T18:15:00,Call,"Haan theek hai, confirm kar do",Confirm,Confirm,,Low,
C002654,APT005839,PT00970,2026-07-25T17:15:00,SMS,,No Response,No Response,,Low,
C002655,APT005843,PT01722,2026-07-24T10:00:00,WhatsApp,Is week cancel karna padega,Cancel,Cancel,,Low,
C002656,APT005848,PT01755,2026-07-12T09:45:00,Call,"Doctor visit hai usi din, reschedule possible?",Reschedule,Reschedule,,Medium,Conflicting doctor visit
C002657,APT005854,PT00103,2026-08-09T12:15:00,Call,"Yes that works, see you then",Confirm,Confirm,,Low,
C002658,APT005859,PT01070,2026-07-07T11:00:00,WhatsApp,,No Response,No Response,,Low,
C002659,APT005861,PT01354,2026-06-06T16:15:00,SMS,"Doctor visit hai usi din, reschedule possible?",Reschedule,Reschedule,,Medium,Conflicting doctor visit
C002660,APT005862,PT00052,2026-07-11T11:45:00,WhatsApp,Can we move to next week?,Reschedule,Reschedule,,Medium,
C002661,APT005865,PT00624,2026-06-25T12:30:00,Call,"Doctor visit hai usi din, reschedule possible?",Reschedule,Reschedule,,Medium,Conflicting doctor visit
C002662,APT005866,PT01445,2026-07-12T09:15:00,Call,"Yes that works, see you then",Confirm,Confirm,,Low,
C002663,APT005868,PT01495,2026-06-25T12:45:00,WhatsApp,Can we move to next week?,Reschedule,Reschedule,,Medium,
C002664,APT005869,PT00582,2026-07-02T16:45:00,WhatsApp,"Doctor visit hai usi din, reschedule possible?",Reschedule,Reschedule,,Medium,Conflicting doctor visit
C002665,APT005870,PT01571,2026-08-03T09:15:00,WhatsApp,Is week cancel karna padega,Cancel,Cancel,,Low,
C002666,APT005871,PT00786,2026-08-19T15:00:00,SMS,"Haan theek hai, confirm kar do",Confirm,Confirm,,Low,
C002667,APT005872,PT00180,2026-07-07T16:45:00,WhatsApp,,No Response,No Response,,Low,
C002668,APT005873,PT00038,2026-06-22T13:15:00,SMS,"Haan theek hai, confirm kar do",Confirm,Confirm,,Low,
C002669,APT005876,PT01220,2026-07-07T12:30:00,Call,"Haan theek hai, confirm kar do",Confirm,Confirm,,Low,
C002670,APT005878,PT01861,2026-07-31T15:45:00,SMS,Can we move to next week?,Reschedule,Reschedule,,Medium,
C002671,APT005880,PT01361,2026-07-06T09:15:00,Call,"Yes that works, see you then",Confirm,Confirm,,Low,
C002672,APT005881,PT00314,2026-06-05T17:00:00,Call,,No Response,No Response,,Low,
C002673,APT005882,PT01355,2026-07-11T10:45:00,WhatsApp,"Yes that works, see you then",Confirm,Confirm,,Low,
C002674,APT005889,PT01192,2026-08-04T11:15:00,WhatsApp,Not needed this time,Cancel,Cancel,,Low,
C002675,APT005890,PT00791,2026-07-19T18:15:00,SMS,,No Response,No Response,,Low,
C002676,APT005892,PT00148,2026-08-21T12:00:00,WhatsApp,Please cancel this visit,Cancel,Cancel,,Low,
C002677,APT005899,PT01937,2026-06-28T10:30:00,WhatsApp,Not needed this time,Cancel,Cancel,,Low,
C002678,APT005900,PT01353,2026-07-03T12:45:00,Call,"Doctor visit hai usi din, reschedule possible?",Reschedule,Reschedule,,Medium,Conflicting doctor visit
C002679,APT005901,PT00870,2026-07-24T10:45:00,WhatsApp,Is week cancel karna padega,Cancel,Cancel,,Low,
C002680,APT005902,PT00787,2026-07-31T11:00:00,WhatsApp,,No Response,No Response,,Low,
C002681,APT005903,PT01822,2026-06-05T08:30:00,WhatsApp,Is week cancel karna padega,Cancel,Cancel,,Low,
C002682,APT005906,PT00050,2026-08-15T16:15:00,SMS,"Doctor visit hai usi din, reschedule possible?",Reschedule,Reschedule,,Medium,Conflicting doctor visit
C002683,APT005907,PT00740,2026-06-10T18:45:00,SMS,,No Response,No Response,,Low,
C002684,APT005912,PT00024,2026-08-06T20:45:00,Call,"Yes that works, see you then",Confirm,Confirm,,Low,
C002685,APT005915,PT01999,2026-06-12T17:30:00,SMS,"Yes that works, see you then",Confirm,Confirm,,Low,
C002686,APT005916,PT01194,2026-06-26T14:45:00,Call,"Doctor visit hai usi din, reschedule possible?",Reschedule,Reschedule,,Medium,Conflicting doctor visit
C002687,APT005917,PT01217,2026-08-14T17:30:00,SMS,"Yes that works, see you then",Confirm,Confirm,,Low,
C002688,APT005918,PT01259,2026-07-15T19:30:00,Call,Please cancel this visit,Cancel,Cancel,,Low,
C002689,APT005922,PT00842,2026-06-17T20:15:00,SMS,"Kal thoda late ho jayega, Saturday kar sakte ho?",Reschedule,Reschedule,Saturday,High,Provider/patient running late
C002690,APT005924,PT00643,2026-08-02T08:30:00,Call,"Yes that works, see you then",Confirm,Confirm,,Low,
C002691,APT005927,PT00392,2026-07-11T15:30:00,SMS,"Kal thoda late ho jayega, Saturday kar sakte ho?",Reschedule,Reschedule,Saturday,High,Provider/patient running late
C002692,APT005930,PT01683,2026-07-02T18:00:00,SMS,Please cancel this visit,Cancel,Cancel,,Low,
C002693,APT005931,PT00645,2026-07-18T16:30:00,SMS,"Yes that works, see you then",Confirm,Confirm,,Low,
C002694,APT005932,PT00264,2026-06-22T12:00:00,Call,"Kal thoda late ho jayega, Saturday kar sakte ho?",Reschedule,Reschedule,Saturday,High,Provider/patient running late
C002695,APT005936,PT01599,2026-08-21T20:15:00,WhatsApp,,No Response,No Response,,Low,
C002696,APT005938,PT01717,2026-08-17T13:30:00,SMS,Can we move to next week?,Reschedule,Reschedule,,Medium,
C002697,APT005939,PT00519,2026-08-07T11:00:00,Call,"Doctor visit hai usi din, reschedule possible?",Reschedule,Reschedule,,Medium,Conflicting doctor visit
C002698,APT005941,PT01495,2026-08-13T13:00:00,WhatsApp,"Doctor visit hai usi din, reschedule possible?",Reschedule,Reschedule,,Medium,Conflicting doctor visit
C002699,APT005942,PT00100,2026-06-05T10:45:00,Call,Can we move to next week?,Reschedule,Reschedule,,Medium,
C002700,APT005945,PT00219,2026-08-25T09:30:00,Call,"Haan theek hai, confirm kar do",Confirm,Confirm,,Low,
C002701,APT005946,PT00722,2026-08-16T12:45:00,WhatsApp,Ok confirmed,Confirm,Confirm,,Low,
C002702,APT005949,PT00022,2026-07-06T20:30:00,Call,"Doctor visit hai usi din, reschedule possible?",Reschedule,Reschedule,,Medium,Conflicting doctor visit
C002703,APT005950,PT00451,2026-08-18T15:00:00,SMS,"Doctor visit hai usi din, reschedule possible?",Reschedule,Reschedule,,Medium,Conflicting doctor visit
C002704,APT005951,PT00659,2026-08-15T16:00:00,SMS,Is week cancel karna padega,Cancel,Cancel,,Low,
C002705,APT005953,PT00795,2026-08-10T16:15:00,WhatsApp,Ok confirmed,Confirm,Confirm,,Low,
C002706,APT005958,PT00453,2026-07-01T12:30:00,SMS,"Yes that works, see you then",Confirm,Confirm,,Low,
C002707,APT005963,PT01513,2026-08-01T16:45:00,Call,"Doctor visit hai usi din, reschedule possible?",Reschedule,Reschedule,,Medium,Conflicting doctor visit
C002708,APT005964,PT01205,2026-08-17T19:30:00,Call,Not needed this time,Cancel,Cancel,,Low,
C002709,APT005966,PT00456,2026-08-25T10:00:00,SMS,Can we move to next week?,Reschedule,Reschedule,,Medium,
C002710,APT005971,PT00431,2026-07-29T10:45:00,SMS,,No Response,No Response,,Low,
C002711,APT005977,PT01743,2026-07-25T19:45:00,SMS,,No Response,No Response,,Low,
C002712,APT005978,PT00507,2026-08-04T11:00:00,Call,,No Response,No Response,,Low,
C002713,APT005979,PT01445,2026-06-05T18:15:00,WhatsApp,"Haan theek hai, confirm kar do",Confirm,Confirm,,Low,
C002714,APT005980,PT00442,2026-08-08T18:00:00,Call,"Yes that works, see you then",Confirm,Confirm,,Low,
C002715,APT005982,PT01814,2026-08-24T20:45:00,Call,,No Response,No Response,,Low,
C002716,APT005984,PT01824,2026-08-20T16:30:00,WhatsApp,"Haan theek hai, confirm kar do",Confirm,Confirm,,Low,
C002717,APT005987,PT01485,2026-06-16T08:30:00,Call,Can we move to next week?,Reschedule,Reschedule,,Medium,
C002718,APT005988,PT01538,2026-06-10T19:15:00,SMS,"Yes that works, see you then",Confirm,Confirm,,Low,
C002719,APT005989,PT00604,2026-07-24T19:15:00,Call,"Haan theek hai, confirm kar do",Confirm,Confirm,,Low,
C002720,APT005990,PT00015,2026-08-01T10:15:00,WhatsApp,"Haan theek hai, confirm kar do",Confirm,Confirm,,Low,
C002721,APT005991,PT00558,2026-07-24T10:00:00,Call,"Kal thoda late ho jayega, Saturday kar sakte ho?",Reschedule,Reschedule,Saturday,High,Provider/patient running late
C002722,APT005993,PT00227,2026-06-25T18:45:00,WhatsApp,,No Response,No Response,,Low,
C002723,APT005995,PT00872,2026-06-22T15:15:00,SMS,"Doctor visit hai usi din, reschedule possible?",Reschedule,Reschedule,,Medium,Conflicting doctor visit
C002724,APT005996,PT00460,2026-08-22T11:15:00,Call,Not needed this time,Cancel,Cancel,,Low,
C002725,APT005997,PT01509,2026-06-19T14:00:00,WhatsApp,"Doctor visit hai usi din, reschedule possible?",Reschedule,Reschedule,,Medium,Conflicting doctor visit
C002726,APT005999,PT00823,2026-06-21T10:00:00,Call,Please cancel this visit,Cancel,Cancel,,Low,
C002727,APT006000,PT00528,2026-08-18T19:45:00,SMS,Please cancel this visit,Cancel,Cancel,,Low,
C002728,APT006002,PT00131,2026-06-16T15:45:00,SMS,Can we move to next week?,Reschedule,Reschedule,,Medium,
C002729,APT006005,PT00703,2026-08-15T11:45:00,Call,Please cancel this visit,Cancel,Cancel,,Low,
C002730,APT006007,PT00945,2026-06-01T11:00:00,SMS,,No Response,No Response,,Low,
C002731,APT006008,PT00850,2026-07-19T10:15:00,SMS,"Doctor visit hai usi din, reschedule possible?",Reschedule,Reschedule,,Medium,Conflicting doctor visit
C002732,APT006010,PT01372,2026-08-11T18:15:00,Call,Can we move to next week?,Reschedule,Reschedule,,Medium,
C002733,APT006011,PT00889,2026-07-13T19:45:00,SMS,Is week cancel karna padega,Cancel,Cancel,,Low,
C002734,APT006012,PT01077,2026-08-18T19:30:00,SMS,,No Response,No Response,,Low,
C002735,APT006013,PT01425,2026-08-08T15:15:00,SMS,,No Response,No Response,,Low,
C002736,APT006014,PT01738,2026-06-17T15:00:00,SMS,Ok confirmed,Confirm,Confirm,,Low,
C002737,APT006015,PT01939,2026-08-14T09:00:00,WhatsApp,Please cancel this visit,Cancel,Cancel,,Low,
C002738,APT006019,PT00477,2026-06-24T19:45:00,Call,,No Response,No Response,,Low,
C002739,APT006021,PT01104,2026-08-14T18:00:00,SMS,"Yes that works, see you then",Confirm,Confirm,,Low,
C002740,APT006022,PT00975,2026-06-20T17:30:00,Call,"Kal thoda late ho jayega, Saturday kar sakte ho?",Reschedule,Reschedule,Saturday,High,Provider/patient running late
C002741,APT006023,PT01280,2026-07-31T16:30:00,SMS,Can we move to next week?,Reschedule,Reschedule,,Medium,
C002742,APT006026,PT01119,2026-08-02T18:15:00,Call,Can we move to next week?,Reschedule,Reschedule,,Medium,
C002743,APT006027,PT01664,2026-07-24T15:15:00,SMS,Can we move to next week?,Reschedule,Reschedule,,Medium,
C002744,APT006029,PT00193,2026-08-17T15:30:00,WhatsApp,Ok confirmed,Confirm,Confirm,,Low,
C002745,APT006032,PT00657,2026-06-25T14:15:00,Call,"Haan theek hai, confirm kar do",Confirm,Confirm,,Low,
C002746,APT006034,PT00648,2026-06-17T10:30:00,Call,,No Response,No Response,,Low,
C002747,APT006037,PT01251,2026-06-04T20:15:00,WhatsApp,"Yes that works, see you then",Confirm,Confirm,,Low,
C002748,APT006038,PT01911,2026-07-11T11:00:00,SMS,"Haan theek hai, confirm kar do",Confirm,Confirm,,Low,
C002749,APT006039,PT01402,2026-06-22T19:15:00,WhatsApp,Ok confirmed,Confirm,Confirm,,Low,
C002750,APT006041,PT00619,2026-08-06T12:15:00,WhatsApp,,No Response,No Response,,Low,
C002751,APT006042,PT01855,2026-07-06T09:00:00,WhatsApp,"Doctor visit hai usi din, reschedule possible?",Reschedule,Reschedule,,Medium,Conflicting doctor visit
C002752,APT006043,PT00547,2026-07-25T11:30:00,Call,Is week cancel karna padega,Cancel,Cancel,,Low,
C002753,APT006045,PT00324,2026-06-06T19:45:00,Call,Ok confirmed,Confirm,Confirm,,Low,
C002754,APT006048,PT00564,2026-08-13T09:30:00,WhatsApp,"Doctor visit hai usi din, reschedule possible?",Reschedule,Reschedule,,Medium,Conflicting doctor visit
C002755,APT006049,PT01024,2026-06-13T20:00:00,WhatsApp,Not needed this time,Cancel,Cancel,,Low,
C002756,APT006051,PT00548,2026-08-06T17:00:00,Call,"Doctor visit hai usi din, reschedule possible?",Reschedule,Reschedule,,Medium,Conflicting doctor visit
C002757,APT006053,PT01681,2026-06-14T13:00:00,SMS,"Yes that works, see you then",Confirm,Confirm,,Low,
C002758,APT006054,PT01828,2026-07-15T10:15:00,SMS,"Yes that works, see you then",Confirm,Confirm,,Low,
C002759,APT006055,PT01209,2026-06-28T20:30:00,SMS,"Haan theek hai, confirm kar do",Confirm,Confirm,,Low,
C002760,APT006057,PT01131,2026-07-28T10:45:00,WhatsApp,,No Response,No Response,,Low,
C002761,APT006059,PT00491,2026-08-01T08:45:00,SMS,"Haan theek hai, confirm kar do",Confirm,Confirm,,Low,
C002762,APT006061,PT00588,2026-08-13T14:30:00,SMS,"Haan theek hai, confirm kar do",Confirm,Confirm,,Low,
C002763,APT006063,PT01729,2026-07-25T14:45:00,WhatsApp,Not needed this time,Cancel,Cancel,,Low,
C002764,APT006066,PT00351,2026-07-12T13:45:00,Call,"Yes that works, see you then",Confirm,Confirm,,Low,
C002765,APT006068,PT00652,2026-06-17T08:30:00,Call,,No Response,No Response,,Low,
C002766,APT006069,PT01366,2026-06-20T09:15:00,SMS,,No Response,No Response,,Low,
C002767,APT006071,PT00757,2026-06-03T18:30:00,SMS,,No Response,No Response,,Low,
C002768,APT006073,PT01936,2026-07-17T15:30:00,SMS,Please cancel this visit,Cancel,Cancel,,Low,
C002769,APT006075,PT01178,2026-06-07T11:30:00,SMS,"Doctor visit hai usi din, reschedule possible?",Reschedule,Reschedule,,Medium,Conflicting doctor visit
C002770,APT006076,PT00473,2026-06-25T15:45:00,WhatsApp,Ok confirmed,Confirm,Confirm,,Low,
C002771,APT006077,PT01392,2026-06-26T16:15:00,SMS,,No Response,No Response,,Low,
C002772,APT006078,PT01673,2026-07-04T16:00:00,WhatsApp,"Doctor visit hai usi din, reschedule possible?",Reschedule,Reschedule,,Medium,Conflicting doctor visit
C002773,APT006079,PT01244,2026-08-22T14:00:00,Call,"Yes that works, see you then",Confirm,Confirm,,Low,
C002774,APT006080,PT00796,2026-06-04T12:45:00,Call,Ok confirmed,Confirm,Confirm,,Low,
C002775,APT006084,PT00853,2026-06-11T17:30:00,WhatsApp,,No Response,No Response,,Low,
C002776,APT006089,PT01604,2026-06-24T08:45:00,SMS,"Doctor visit hai usi din, reschedule possible?",Reschedule,Reschedule,,Medium,Conflicting doctor visit
C002777,APT006092,PT00300,2026-08-10T14:00:00,Call,"Haan theek hai, confirm kar do",Confirm,Confirm,,Low,
C002778,APT006093,PT00870,2026-08-06T14:45:00,SMS,"Haan theek hai, confirm kar do",Confirm,Confirm,,Low,
C002779,APT006094,PT00032,2026-08-09T18:45:00,Call,"Haan theek hai, confirm kar do",Confirm,Confirm,,Low,
C002780,APT006095,PT01798,2026-08-16T09:30:00,SMS,"Yes that works, see you then",Confirm,Confirm,,Low,
C002781,APT006097,PT00376,2026-07-17T13:00:00,SMS,"Doctor visit hai usi din, reschedule possible?",Reschedule,Reschedule,,Medium,Conflicting doctor visit
C002782,APT006098,PT00465,2026-08-26T13:00:00,WhatsApp,,No Response,No Response,,Low,
C002783,APT006101,PT01995,2026-06-09T15:15:00,SMS,Ok confirmed,Confirm,Confirm,,Low,
C002784,APT006102,PT00054,2026-08-10T09:15:00,SMS,,No Response,No Response,,Low,
C002785,APT006103,PT00044,2026-06-15T19:45:00,WhatsApp,Ok confirmed,Confirm,Confirm,,Low,
C002786,APT006104,PT01622,2026-07-26T16:30:00,SMS,,No Response,No Response,,Low,
C002787,APT006109,PT01183,2026-07-18T14:45:00,Call,"Yes that works, see you then",Confirm,Confirm,,Low,
C002788,APT006111,PT00565,2026-06-28T19:45:00,SMS,Ok confirmed,Confirm,Confirm,,Low,
C002789,APT006112,PT01231,2026-07-07T13:45:00,SMS,"Haan theek hai, confirm kar do",Confirm,Confirm,,Low,
C002790,APT006114,PT01376,2026-07-21T08:30:00,SMS,"Kal thoda late ho jayega, Saturday kar sakte ho?",Reschedule,Reschedule,Saturday,High,Provider/patient running late
C002791,APT006116,PT01495,2026-07-15T15:15:00,Call,"Haan theek hai, confirm kar do",Confirm,Confirm,,Low,
C002792,APT006118,PT00999,2026-06-01T15:15:00,WhatsApp,"Haan theek hai, confirm kar do",Confirm,Confirm,,Low,
C002793,APT006121,PT01616,2026-07-31T11:30:00,Call,"Doctor visit hai usi din, reschedule possible?",Reschedule,Reschedule,,Medium,Conflicting doctor visit
C002794,APT006122,PT01957,2026-08-20T14:00:00,Call,Ok confirmed,Confirm,Confirm,,Low,
C002795,APT006123,PT01142,2026-06-15T09:15:00,Call,,No Response,No Response,,Low,
C002796,APT006124,PT01798,2026-07-07T10:15:00,WhatsApp,,No Response,No Response,,Low,
C002797,APT006125,PT01971,2026-06-21T13:15:00,Call,"Yes that works, see you then",Confirm,Confirm,,Low,
C002798,APT006126,PT00680,2026-07-08T10:15:00,SMS,Ok confirmed,Confirm,Confirm,,Low,
C002799,APT006127,PT01062,2026-06-06T15:45:00,SMS,"Haan theek hai, confirm kar do",Confirm,Confirm,,Low,
C002800,APT006131,PT01805,2026-07-15T16:00:00,SMS,Please cancel this visit,Cancel,Cancel,,Low,
C002801,APT006135,PT00252,2026-07-30T08:45:00,SMS,Ok confirmed,Confirm,Confirm,,Low,
C002802,APT006136,PT00308,2026-06-06T10:30:00,Call,"Haan theek hai, confirm kar do",Confirm,Confirm,,Low,
C002803,APT006137,PT00408,2026-06-30T09:15:00,Call,"Yes that works, see you then",Confirm,Confirm,,Low,
C002804,APT006139,PT00219,2026-06-30T11:00:00,Call,Can we move to next week?,Reschedule,Reschedule,,Medium,
C002805,APT006140,PT01145,2026-07-30T09:30:00,SMS,,No Response,No Response,,Low,
C002806,APT006143,PT01334,2026-07-30T13:00:00,Call,Ok confirmed,Confirm,Confirm,,Low,
C002807,APT006147,PT00445,2026-07-10T15:15:00,Call,"Yes that works, see you then",Confirm,Confirm,,Low,
C002808,APT006148,PT01927,2026-07-09T19:45:00,Call,"Haan theek hai, confirm kar do",Confirm,Confirm,,Low,
C002809,APT006150,PT00039,2026-06-09T12:30:00,Call,Not needed this time,Cancel,Cancel,,Low,
C002810,APT006153,PT00781,2026-06-20T17:00:00,SMS,"Yes that works, see you then",Confirm,Confirm,,Low,
C002811,APT006154,PT00128,2026-08-16T13:00:00,WhatsApp,Ok confirmed,Confirm,Confirm,,Low,
C002812,APT006155,PT01987,2026-06-10T12:45:00,SMS,Ok confirmed,Confirm,Confirm,,Low,
C002813,APT006156,PT01249,2026-07-31T17:30:00,Call,"Kal thoda late ho jayega, Saturday kar sakte ho?",Reschedule,Reschedule,Saturday,High,Provider/patient running late
C002814,APT006157,PT00623,2026-08-01T16:30:00,SMS,"Haan theek hai, confirm kar do",Confirm,Confirm,,Low,
C002815,APT006158,PT00416,2026-06-29T17:00:00,Call,"Yes that works, see you then",Confirm,Confirm,,Low,
C002816,APT006161,PT00265,2026-07-26T17:45:00,Call,"Yes that works, see you then",Confirm,Confirm,,Low,
C002817,APT006162,PT00592,2026-06-20T11:00:00,Call,Ok confirmed,Confirm,Confirm,,Low,
C002818,APT006165,PT00893,2026-06-28T17:45:00,SMS,"Yes that works, see you then",Confirm,Confirm,,Low,
C002819,APT006166,PT00639,2026-06-13T20:30:00,WhatsApp,Ok confirmed,Confirm,Confirm,,Low,
C002820,APT006171,PT01432,2026-08-12T11:15:00,Call,"Doctor visit hai usi din, reschedule possible?",Reschedule,Reschedule,,Medium,Conflicting doctor visit
C002821,APT006172,PT00877,2026-06-26T11:30:00,Call,"Haan theek hai, confirm kar do",Confirm,Confirm,,Low,
C002822,APT006174,PT00049,2026-08-06T18:15:00,SMS,Please cancel this visit,Cancel,Cancel,,Low,
C002823,APT006179,PT01877,2026-08-02T09:00:00,WhatsApp,"Doctor visit hai usi din, reschedule possible?",Reschedule,Reschedule,,Medium,Conflicting doctor visit
C002824,APT006180,PT01883,2026-06-22T08:30:00,SMS,Ok confirmed,Confirm,Confirm,,Low,
C002825,APT006183,PT00603,2026-08-19T08:30:00,WhatsApp,Can we move to next week?,Reschedule,Reschedule,,Medium,
C002826,APT006186,PT01289,2026-08-12T20:15:00,SMS,Can we move to next week?,Reschedule,Reschedule,,Medium,
C002827,APT006187,PT01522,2026-08-25T15:45:00,WhatsApp,Ok confirmed,Confirm,Confirm,,Low,
C002828,APT006188,PT00790,2026-06-18T10:45:00,WhatsApp,,No Response,No Response,,Low,
C002829,APT006189,PT01398,2026-06-15T16:00:00,Call,,No Response,No Response,,Low,
C002830,APT006190,PT00298,2026-08-25T11:00:00,SMS,"Yes that works, see you then",Confirm,Confirm,,Low,
C002831,APT006191,PT01658,2026-06-21T11:15:00,WhatsApp,Ok confirmed,Confirm,Confirm,,Low,
C002832,APT006192,PT01562,2026-06-04T19:15:00,WhatsApp,Ok confirmed,Confirm,Confirm,,Low,
C002833,APT006193,PT01351,2026-07-06T09:30:00,WhatsApp,Please cancel this visit,Cancel,Cancel,,Low,
C002834,APT006197,PT01765,2026-06-29T12:45:00,WhatsApp,Is week cancel karna padega,Cancel,Cancel,,Low,
C002835,APT006199,PT01265,2026-06-16T20:45:00,Call,"Kal thoda late ho jayega, Saturday kar sakte ho?",Reschedule,Reschedule,Saturday,High,Provider/patient running late
C002836,APT006202,PT01098,2026-07-28T10:15:00,WhatsApp,Ok confirmed,Confirm,Confirm,,Low,
C002837,APT006208,PT00673,2026-06-25T20:30:00,Call,"Yes that works, see you then",Confirm,Confirm,,Low,
C002838,APT006209,PT01476,2026-08-08T16:30:00,Call,,No Response,No Response,,Low,
C002839,APT006210,PT01788,2026-06-02T18:15:00,WhatsApp,"Yes that works, see you then",Confirm,Confirm,,Low,
C002840,APT006211,PT00066,2026-07-03T08:45:00,WhatsApp,"Yes that works, see you then",Confirm,Confirm,,Low,
C002841,APT006213,PT00644,2026-08-10T13:45:00,SMS,"Haan theek hai, confirm kar do",Confirm,Confirm,,Low,
C002842,APT006215,PT01738,2026-07-06T11:00:00,SMS,"Yes that works, see you then",Confirm,Confirm,,Low,
C002843,APT006222,PT01302,2026-08-02T16:15:00,SMS,,No Response,No Response,,Low,
C002844,APT006224,PT00482,2026-07-17T15:30:00,Call,"Haan theek hai, confirm kar do",Confirm,Confirm,,Low,
C002845,APT006225,PT01678,2026-08-16T12:00:00,SMS,,No Response,No Response,,Low,
C002846,APT006226,PT00994,2026-07-20T18:00:00,Call,"Yes that works, see you then",Confirm,Confirm,,Low,
C002847,APT006230,PT01143,2026-06-17T10:45:00,Call,"Kal thoda late ho jayega, Saturday kar sakte ho?",Reschedule,Reschedule,Saturday,High,Provider/patient running late
C002848,APT006234,PT01592,2026-08-15T09:45:00,SMS,"Kal thoda late ho jayega, Saturday kar sakte ho?",Reschedule,Reschedule,Saturday,High,Provider/patient running late
C002849,APT006235,PT01032,2026-08-16T17:45:00,Call,"Haan theek hai, confirm kar do",Confirm,Confirm,,Low,
C002850,APT006236,PT00362,2026-06-13T16:15:00,Call,,No Response,No Response,,Low,
C002851,APT006238,PT01508,2026-06-21T14:45:00,Call,"Haan theek hai, confirm kar do",Confirm,Confirm,,Low,
C002852,APT006241,PT01878,2026-08-02T13:30:00,Call,Not needed this time,Cancel,Cancel,,Low,
C002853,APT006243,PT00025,2026-06-03T08:45:00,SMS,"Haan theek hai, confirm kar do",Confirm,Confirm,,Low,
C002854,APT006244,PT01254,2026-08-04T19:45:00,Call,Can we move to next week?,Reschedule,Reschedule,,Medium,
C002855,APT006245,PT01652,2026-07-25T11:15:00,WhatsApp,,No Response,No Response,,Low,
C002856,APT006249,PT00848,2026-06-01T15:15:00,SMS,"Haan theek hai, confirm kar do",Confirm,Confirm,,Low,
C002857,APT006253,PT00573,2026-07-28T09:30:00,WhatsApp,"Haan theek hai, confirm kar do",Confirm,Confirm,,Low,
C002858,APT006254,PT00392,2026-08-28T13:30:00,SMS,,No Response,No Response,,Low,
C002859,APT006255,PT01987,2026-07-03T19:15:00,SMS,"Haan theek hai, confirm kar do",Confirm,Confirm,,Low,
C002860,APT006257,PT00931,2026-05-31T13:15:00,SMS,"Yes that works, see you then",Confirm,Confirm,,Low,
C002861,APT006260,PT01119,2026-07-22T14:45:00,SMS,Ok confirmed,Confirm,Confirm,,Low,
C002862,APT006261,PT00753,2026-08-24T10:30:00,SMS,,No Response,No Response,,Low,
C002863,APT006264,PT01775,2026-07-17T19:45:00,Call,"Yes that works, see you then",Confirm,Confirm,,Low,
C002864,APT006265,PT00933,2026-06-16T10:30:00,SMS,,No Response,No Response,,Low,
C002865,APT006267,PT00156,2026-08-09T17:00:00,WhatsApp,Ok confirmed,Confirm,Confirm,,Low,
C002866,APT006273,PT00061,2026-06-30T15:00:00,Call,,No Response,No Response,,Low,
C002867,APT006278,PT00746,2026-06-05T17:00:00,WhatsApp,Can we move to next week?,Reschedule,Reschedule,,Medium,
C002868,APT006279,PT01383,2026-07-06T20:00:00,Call,,No Response,No Response,,Low,
C002869,APT006280,PT01435,2026-08-27T16:00:00,WhatsApp,"Doctor visit hai usi din, reschedule possible?",Reschedule,Reschedule,,Medium,Conflicting doctor visit
C002870,APT006282,PT01491,2026-07-24T18:30:00,WhatsApp,Is week cancel karna padega,Cancel,Cancel,,Low,
C002871,APT006283,PT00103,2026-08-12T19:15:00,Call,Can we move to next week?,Reschedule,Reschedule,,Medium,
C002872,APT006284,PT00330,2026-08-10T16:30:00,SMS,Ok confirmed,Confirm,Confirm,,Low,
C002873,APT006287,PT00331,2026-08-15T13:30:00,WhatsApp,Ok confirmed,Confirm,Confirm,,Low,
C002874,APT006289,PT01873,2026-08-02T18:15:00,Call,Is week cancel karna padega,Cancel,Cancel,,Low,
C002875,APT006294,PT01408,2026-06-26T13:45:00,WhatsApp,"Haan theek hai, confirm kar do",Confirm,Confirm,,Low,
C002876,APT006295,PT01683,2026-06-02T11:30:00,Call,"Yes that works, see you then",Confirm,Confirm,,Low,
C002877,APT006296,PT01443,2026-08-04T19:30:00,SMS,Please cancel this visit,Cancel,Cancel,,Low,
C002878,APT006297,PT01802,2026-07-31T16:30:00,SMS,Please cancel this visit,Cancel,Cancel,,Low,
C002879,APT006301,PT00093,2026-08-27T09:15:00,SMS,"Kal thoda late ho jayega, Saturday kar sakte ho?",Reschedule,Reschedule,Saturday,High,Provider/patient running late
C002880,APT006302,PT00654,2026-07-06T20:15:00,SMS,Is week cancel karna padega,Cancel,Cancel,,Low,
C002881,APT006303,PT01936,2026-08-13T17:30:00,WhatsApp,"Haan theek hai, confirm kar do",Confirm,Confirm,,Low,
C002882,APT006305,PT01253,2026-07-11T19:15:00,SMS,"Doctor visit hai usi din, reschedule possible?",Reschedule,Reschedule,,Medium,Conflicting doctor visit
C002883,APT006306,PT01495,2026-07-31T09:30:00,SMS,"Doctor visit hai usi din, reschedule possible?",Reschedule,Reschedule,,Medium,Conflicting doctor visit
C002884,APT006309,PT01688,2026-08-08T15:00:00,Call,Not needed this time,Cancel,Cancel,,Low,
C002885,APT006310,PT01077,2026-05-31T08:30:00,Call,,No Response,No Response,,Low,
C002886,APT006314,PT00287,2026-07-01T13:00:00,Call,Is week cancel karna padega,Cancel,Cancel,,Low,
C002887,APT006318,PT00988,2026-07-22T12:30:00,WhatsApp,Ok confirmed,Confirm,Confirm,,Low,
C002888,APT006319,PT01209,2026-06-18T17:45:00,WhatsApp,"Doctor visit hai usi din, reschedule possible?",Reschedule,Reschedule,,Medium,Conflicting doctor visit
C002889,APT006320,PT00722,2026-07-14T14:15:00,WhatsApp,"Yes that works, see you then",Confirm,Confirm,,Low,
C002890,APT006322,PT00698,2026-07-14T08:00:00,SMS,,No Response,No Response,,Low,
C002891,APT006324,PT00484,2026-08-26T08:45:00,SMS,"Kal thoda late ho jayega, Saturday kar sakte ho?",Reschedule,Reschedule,Saturday,High,Provider/patient running late
C002892,APT006325,PT01558,2026-06-08T18:30:00,Call,,No Response,No Response,,Low,
C002893,APT006326,PT00632,2026-07-14T19:30:00,SMS,Ok confirmed,Confirm,Confirm,,Low,
C002894,APT006328,PT00616,2026-07-14T11:00:00,Call,"Haan theek hai, confirm kar do",Confirm,Confirm,,Low,
C002895,APT006329,PT01957,2026-08-12T09:45:00,SMS,Ok confirmed,Confirm,Confirm,,Low,
C002896,APT006330,PT01366,2026-07-29T15:45:00,SMS,"Haan theek hai, confirm kar do",Confirm,Confirm,,Low,
C002897,APT006332,PT00634,2026-08-21T08:00:00,Call,"Kal thoda late ho jayega, Saturday kar sakte ho?",Reschedule,Reschedule,Saturday,High,Provider/patient running late
C002898,APT006335,PT00792,2026-07-12T20:30:00,Call,"Yes that works, see you then",Confirm,Confirm,,Low,
C002899,APT006336,PT00700,2026-07-30T18:00:00,SMS,"Haan theek hai, confirm kar do",Confirm,Confirm,,Low,
C002900,APT006341,PT00794,2026-07-03T19:00:00,Call,,No Response,No Response,,Low,
C002901,APT006346,PT01080,2026-08-07T12:45:00,Call,,No Response,No Response,,Low,
C002902,APT006350,PT01951,2026-06-10T12:00:00,SMS,Ok confirmed,Confirm,Confirm,,Low,
C002903,APT006351,PT01666,2026-08-08T12:30:00,Call,"Haan theek hai, confirm kar do",Confirm,Confirm,,Low,
C002904,APT006355,PT01075,2026-06-13T09:15:00,WhatsApp,Can we move to next week?,Reschedule,Reschedule,,Medium,
C002905,APT006357,PT00973,2026-06-24T17:30:00,Call,Can we move to next week?,Reschedule,Reschedule,,Medium,
C002906,APT006358,PT00252,2026-06-16T10:00:00,WhatsApp,Ok confirmed,Confirm,Confirm,,Low,
C002907,APT006363,PT00248,2026-07-09T16:15:00,Call,"Haan theek hai, confirm kar do",Confirm,Confirm,,Low,
C002908,APT006366,PT00607,2026-06-15T17:15:00,SMS,Can we move to next week?,Reschedule,Reschedule,,Medium,
C002909,APT006367,PT00150,2026-07-19T14:00:00,WhatsApp,"Haan theek hai, confirm kar do",Confirm,Confirm,,Low,
C002910,APT006372,PT01172,2026-08-06T17:15:00,Call,"Yes that works, see you then",Confirm,Confirm,,Low,
C002911,APT006379,PT00434,2026-07-04T18:45:00,Call,Can we move to next week?,Reschedule,Reschedule,,Medium,
C002912,APT006380,PT01896,2026-08-08T10:30:00,Call,Is week cancel karna padega,Cancel,Cancel,,Low,
C002913,APT006383,PT00084,2026-08-21T16:45:00,WhatsApp,"Doctor visit hai usi din, reschedule possible?",Reschedule,Reschedule,,Medium,Conflicting doctor visit
C002914,APT006384,PT00853,2026-06-21T13:30:00,Call,,No Response,No Response,,Low,
C002915,APT006385,PT01862,2026-07-30T08:30:00,SMS,"Doctor visit hai usi din, reschedule possible?",Reschedule,Reschedule,,Medium,Conflicting doctor visit
C002916,APT006386,PT00721,2026-08-04T12:45:00,SMS,"Yes that works, see you then",Confirm,Confirm,,Low,
C002917,APT006387,PT00993,2026-07-23T18:30:00,SMS,Ok confirmed,Confirm,Confirm,,Low,
C002918,APT006390,PT01798,2026-08-24T12:15:00,Call,,No Response,No Response,,Low,
C002919,APT006396,PT00541,2026-08-19T10:30:00,SMS,"Yes that works, see you then",Confirm,Confirm,,Low,
C002920,APT006398,PT01898,2026-06-22T16:15:00,WhatsApp,,No Response,No Response,,Low,
C002921,APT006400,PT00412,2026-07-29T20:45:00,WhatsApp,Can we move to next week?,Reschedule,Reschedule,,Medium,
C002922,APT006401,PT00086,2026-08-11T18:00:00,WhatsApp,Please cancel this visit,Cancel,Cancel,,Low,
C002923,APT006403,PT00942,2026-08-07T09:15:00,Call,Ok confirmed,Confirm,Confirm,,Low,
C002924,APT006405,PT01175,2026-07-15T15:00:00,WhatsApp,Is week cancel karna padega,Cancel,Cancel,,Low,
C002925,APT006408,PT00110,2026-08-13T11:00:00,Call,"Doctor visit hai usi din, reschedule possible?",Reschedule,Reschedule,,Medium,Conflicting doctor visit
C002926,APT006409,PT00650,2026-06-04T14:30:00,Call,Ok confirmed,Confirm,Confirm,,Low,
C002927,APT006410,PT00942,2026-08-22T11:45:00,Call,"Yes that works, see you then",Confirm,Confirm,,Low,
C002928,APT006411,PT00977,2026-08-15T10:45:00,WhatsApp,Ok confirmed,Confirm,Confirm,,Low,
C002929,APT006418,PT01212,2026-06-22T17:00:00,Call,Ok confirmed,Confirm,Confirm,,Low,
C002930,APT006419,PT01332,2026-08-11T09:00:00,Call,"Doctor visit hai usi din, reschedule possible?",Reschedule,Reschedule,,Medium,Conflicting doctor visit
C002931,APT006420,PT00170,2026-08-17T08:00:00,SMS,,No Response,No Response,,Low,
C002932,APT006421,PT01162,2026-08-06T18:00:00,SMS,"Haan theek hai, confirm kar do",Confirm,Confirm,,Low,
C002933,APT006422,PT00247,2026-07-25T20:00:00,Call,"Haan theek hai, confirm kar do",Confirm,Confirm,,Low,
C002934,APT006423,PT01081,2026-07-30T08:15:00,Call,,No Response,No Response,,Low,
C002935,APT006424,PT01898,2026-07-23T20:30:00,Call,"Haan theek hai, confirm kar do",Confirm,Confirm,,Low,
C002936,APT006426,PT01597,2026-06-27T16:00:00,Call,Ok confirmed,Confirm,Confirm,,Low,
C002937,APT006427,PT00908,2026-08-10T16:15:00,SMS,"Haan theek hai, confirm kar do",Confirm,Confirm,,Low,
C002938,APT006429,PT00970,2026-07-01T17:45:00,SMS,"Haan theek hai, confirm kar do",Confirm,Confirm,,Low,
C002939,APT006430,PT01887,2026-08-07T11:45:00,WhatsApp,"Yes that works, see you then",Confirm,Confirm,,Low,
C002940,APT006438,PT00762,2026-07-29T08:30:00,SMS,Not needed this time,Cancel,Cancel,,Low,
C002941,APT006443,PT01350,2026-06-24T17:15:00,SMS,Please cancel this visit,Cancel,Cancel,,Low,
C002942,APT006444,PT01329,2026-08-25T18:15:00,SMS,,No Response,No Response,,Low,
C002943,APT006446,PT01045,2026-06-18T19:45:00,Call,"Haan theek hai, confirm kar do",Confirm,Confirm,,Low,
C002944,APT006456,PT00767,2026-07-12T10:45:00,SMS,Not needed this time,Cancel,Cancel,,Low,
C002945,APT006457,PT01530,2026-07-22T12:45:00,SMS,,No Response,No Response,,Low,
C002946,APT006462,PT01341,2026-06-19T08:15:00,Call,"Yes that works, see you then",Confirm,Confirm,,Low,
C002947,APT006464,PT00342,2026-08-23T19:00:00,WhatsApp,,No Response,No Response,,Low,
C002948,APT006467,PT00970,2026-06-29T20:00:00,SMS,"Yes that works, see you then",Confirm,Confirm,,Low,
C002949,APT006468,PT00749,2026-07-18T17:30:00,WhatsApp,,No Response,No Response,,Low,
C002950,APT006469,PT01295,2026-07-20T16:15:00,SMS,Can we move to next week?,Reschedule,Reschedule,,Medium,
C002951,APT006470,PT00526,2026-06-23T17:00:00,WhatsApp,Ok confirmed,Confirm,Confirm,,Low,
C002952,APT006474,PT00136,2026-07-04T20:00:00,SMS,"Yes that works, see you then",Confirm,Confirm,,Low,
C002953,APT006477,PT01366,2026-08-22T16:00:00,WhatsApp,"Haan theek hai, confirm kar do",Confirm,Confirm,,Low,
C002954,APT006478,PT01737,2026-07-04T11:00:00,WhatsApp,"Doctor visit hai usi din, reschedule possible?",Reschedule,Reschedule,,Medium,Conflicting doctor visit
C002955,APT006483,PT01183,2026-07-18T17:15:00,Call,,No Response,No Response,,Low,
C002956,APT006484,PT00836,2026-07-17T19:15:00,WhatsApp,"Haan theek hai, confirm kar do",Confirm,Confirm,,Low,
C002957,APT006485,PT01093,2026-08-23T11:15:00,SMS,Can we move to next week?,Reschedule,Reschedule,,Medium,
C002958,APT006487,PT01437,2026-07-23T10:00:00,SMS,Ok confirmed,Confirm,Confirm,,Low,
C002959,APT006493,PT01512,2026-08-05T10:45:00,WhatsApp,"Haan theek hai, confirm kar do",Confirm,Confirm,,Low,
C002960,APT006494,PT01766,2026-07-28T08:45:00,Call,"Kal thoda late ho jayega, Saturday kar sakte ho?",Reschedule,Reschedule,Saturday,High,Provider/patient running late
C002961,APT006495,PT01462,2026-07-17T20:30:00,SMS,,No Response,No Response,,Low,
C002962,APT006497,PT01473,2026-08-15T19:45:00,WhatsApp,Ok confirmed,Confirm,Confirm,,Low,
C002963,APT006499,PT01424,2026-07-28T08:15:00,SMS,"Yes that works, see you then",Confirm,Confirm,,Low,
C002964,APT006500,PT01930,2026-07-14T08:00:00,WhatsApp,"Doctor visit hai usi din, reschedule possible?",Reschedule,Reschedule,,Medium,Conflicting doctor visit
C002965,APT006501,PT00118,2026-08-12T20:15:00,WhatsApp,"Doctor visit hai usi din, reschedule possible?",Reschedule,Reschedule,,Medium,Conflicting doctor visit
C002966,APT006503,PT00808,2026-07-28T14:15:00,Call,,No Response,No Response,,Low,
C002967,APT006504,PT01903,2026-06-24T08:00:00,SMS,Is week cancel karna padega,Cancel,Cancel,,Low,
C002968,APT006509,PT00352,2026-08-07T09:00:00,WhatsApp,"Haan theek hai, confirm kar do",Confirm,Confirm,,Low,
C002969,APT006511,PT00267,2026-06-18T17:45:00,SMS,,No Response,No Response,,Low,
C002970,APT006516,PT01502,2026-08-12T17:45:00,WhatsApp,"Yes that works, see you then",Confirm,Confirm,,Low,
C002971,APT006517,PT01703,2026-08-07T20:15:00,SMS,Ok confirmed,Confirm,Confirm,,Low,
C002972,APT006518,PT00853,2026-07-19T13:15:00,WhatsApp,"Haan theek hai, confirm kar do",Confirm,Confirm,,Low,
C002973,APT006520,PT01804,2026-06-20T14:15:00,SMS,"Haan theek hai, confirm kar do",Confirm,Confirm,,Low,
C002974,APT006524,PT01797,2026-08-25T14:00:00,WhatsApp,"Yes that works, see you then",Confirm,Confirm,,Low,
C002975,APT006525,PT00407,2026-07-12T19:15:00,Call,"Haan theek hai, confirm kar do",Confirm,Confirm,,Low,
C002976,APT006526,PT00714,2026-07-11T20:30:00,SMS,Please cancel this visit,Cancel,Cancel,,Low,
C002977,APT006531,PT01025,2026-07-18T20:30:00,SMS,"Yes that works, see you then",Confirm,Confirm,,Low,
C002978,APT006536,PT01585,2026-07-07T10:45:00,WhatsApp,"Kal thoda late ho jayega, Saturday kar sakte ho?",Reschedule,Reschedule,Saturday,High,Provider/patient running late
C002979,APT006539,PT01131,2026-08-20T14:00:00,Call,"Yes that works, see you then",Confirm,Confirm,,Low,
C002980,APT006541,PT01380,2026-06-06T13:30:00,SMS,"Yes that works, see you then",Confirm,Confirm,,Low,
C002981,APT006543,PT00623,2026-07-23T15:45:00,WhatsApp,,No Response,No Response,,Low,
C002982,APT006544,PT00692,2026-08-05T18:45:00,Call,,No Response,No Response,,Low,
C002983,APT006545,PT00008,2026-08-23T17:45:00,Call,"Kal thoda late ho jayega, Saturday kar sakte ho?",Reschedule,Reschedule,Saturday,High,Provider/patient running late
C002984,APT006546,PT00158,2026-08-20T19:45:00,SMS,,No Response,No Response,,Low,
C002985,APT006548,PT00171,2026-07-01T11:45:00,SMS,"Haan theek hai, confirm kar do",Confirm,Confirm,,Low,
C002986,APT006552,PT00955,2026-07-01T09:30:00,Call,,No Response,No Response,,Low,
C002987,APT006557,PT01428,2026-07-09T19:15:00,WhatsApp,"Yes that works, see you then",Confirm,Confirm,,Low,
C002988,APT006558,PT01358,2026-07-04T08:00:00,WhatsApp,"Haan theek hai, confirm kar do",Confirm,Confirm,,Low,
C002989,APT006566,PT01537,2026-07-20T08:15:00,Call,"Yes that works, see you then",Confirm,Confirm,,Low,
C002990,APT006571,PT00370,2026-07-22T10:00:00,WhatsApp,"Yes that works, see you then",Confirm,Confirm,,Low,
C002991,APT006574,PT01745,2026-06-07T09:15:00,SMS,Ok confirmed,Confirm,Confirm,,Low,
C002992,APT006576,PT01644,2026-06-19T15:15:00,SMS,"Doctor visit hai usi din, reschedule possible?",Reschedule,Reschedule,,Medium,Conflicting doctor visit
C002993,APT006577,PT00591,2026-07-31T12:45:00,SMS,,No Response,No Response,,Low,
C002994,APT006578,PT01263,2026-08-25T11:45:00,SMS,,No Response,No Response,,Low,
C002995,APT006581,PT01398,2026-08-01T20:45:00,Call,"Haan theek hai, confirm kar do",Confirm,Confirm,,Low,
C002996,APT006582,PT00782,2026-08-26T14:45:00,WhatsApp,Not needed this time,Cancel,Cancel,,Low,
C002997,APT006583,PT01060,2026-07-14T11:15:00,WhatsApp,"Haan theek hai, confirm kar do",Confirm,Confirm,,Low,
C002998,APT006585,PT00873,2026-07-08T19:15:00,SMS,Ok confirmed,Confirm,Confirm,,Low,
C002999,APT006589,PT00987,2026-08-26T20:30:00,SMS,Ok confirmed,Confirm,Confirm,,Low,
C003000,APT006591,PT00860,2026-06-06T20:00:00,WhatsApp,Ok confirmed,Confirm,Confirm,,Low,
C003001,APT006592,PT01604,2026-06-24T18:15:00,Call,"Yes that works, see you then",Confirm,Confirm,,Low,
C003002,APT006594,PT01865,2026-06-28T11:00:00,SMS,"Doctor visit hai usi din, reschedule possible?",Reschedule,Reschedule,,Medium,Conflicting doctor visit
C003003,APT006596,PT01878,2026-05-30T09:15:00,Call,Ok confirmed,Confirm,Confirm,,Low,
C003004,APT006597,PT00021,2026-06-23T09:15:00,Call,"Haan theek hai, confirm kar do",Confirm,Confirm,,Low,
C003005,APT006598,PT01978,2026-06-18T18:00:00,Call,"Haan theek hai, confirm kar do",Confirm,Confirm,,Low,
C003006,APT006599,PT00463,2026-08-25T13:00:00,Call,"Haan theek hai, confirm kar do",Confirm,Confirm,,Low,
C003007,APT006600,PT00079,2026-06-12T08:30:00,Call,Is week cancel karna padega,Cancel,Cancel,,Low,
C003008,APT006602,PT01900,2026-06-14T15:00:00,SMS,"Doctor visit hai usi din, reschedule possible?",Reschedule,Reschedule,,Medium,Conflicting doctor visit
C003009,APT006604,PT01825,2026-07-18T10:00:00,WhatsApp,,No Response,No Response,,Low,
C003010,APT006606,PT00606,2026-06-24T16:45:00,Call,Please cancel this visit,Cancel,Cancel,,Low,
C003011,APT006609,PT00096,2026-06-27T12:00:00,WhatsApp,,No Response,No Response,,Low,
C003012,APT006611,PT01477,2026-06-05T17:00:00,WhatsApp,Ok confirmed,Confirm,Confirm,,Low,
C003013,APT006614,PT01477,2026-06-05T08:45:00,WhatsApp,,No Response,No Response,,Low,
C003014,APT006617,PT00836,2026-08-18T11:00:00,Call,Not needed this time,Cancel,Cancel,,Low,
C003015,APT006619,PT01739,2026-07-10T15:45:00,WhatsApp,Ok confirmed,Confirm,Confirm,,Low,
C003016,APT006621,PT00383,2026-08-23T20:00:00,Call,"Haan theek hai, confirm kar do",Confirm,Confirm,,Low,
C003017,APT006623,PT01712,2026-07-18T09:00:00,SMS,"Doctor visit hai usi din, reschedule possible?",Reschedule,Reschedule,,Medium,Conflicting doctor visit
C003018,APT006627,PT00752,2026-06-06T12:30:00,WhatsApp,Please cancel this visit,Cancel,Cancel,,Low,
C003019,APT006628,PT01962,2026-06-24T11:45:00,SMS,"Kal thoda late ho jayega, Saturday kar sakte ho?",Reschedule,Reschedule,Saturday,High,Provider/patient running late
C003020,APT006630,PT01979,2026-08-03T20:30:00,Call,,No Response,No Response,,Low,
C003021,APT006631,PT00174,2026-06-16T13:45:00,SMS,,No Response,No Response,,Low,
C003022,APT006635,PT01877,2026-06-06T12:45:00,WhatsApp,"Doctor visit hai usi din, reschedule possible?",Reschedule,Reschedule,,Medium,Conflicting doctor visit
C003023,APT006636,PT01737,2026-08-20T09:15:00,Call,"Yes that works, see you then",Confirm,Confirm,,Low,
C003024,APT006637,PT01092,2026-08-16T14:00:00,SMS,Is week cancel karna padega,Cancel,Cancel,,Low,
C003025,APT006638,PT00002,2026-06-26T12:30:00,Call,"Doctor visit hai usi din, reschedule possible?",Reschedule,Reschedule,,Medium,Conflicting doctor visit
C003026,APT006639,PT00112,2026-07-08T17:45:00,WhatsApp,,No Response,No Response,,Low,
C003027,APT006640,PT00748,2026-08-03T14:15:00,SMS,"Haan theek hai, confirm kar do",Confirm,Confirm,,Low,
C003028,APT006645,PT01942,2026-06-17T08:30:00,WhatsApp,"Haan theek hai, confirm kar do",Confirm,Confirm,,Low,
C003029,APT006647,PT00121,2026-08-10T08:00:00,WhatsApp,"Kal thoda late ho jayega, Saturday kar sakte ho?",Reschedule,Reschedule,Saturday,High,Provider/patient running late
C003030,APT006653,PT01095,2026-08-28T13:45:00,Call,Ok confirmed,Confirm,Confirm,,Low,
C003031,APT006659,PT00476,2026-06-15T20:30:00,Call,Is week cancel karna padega,Cancel,Cancel,,Low,
C003032,APT006660,PT01985,2026-06-21T15:00:00,Call,,No Response,No Response,,Low,
C003033,APT006661,PT01993,2026-07-11T10:15:00,SMS,Not needed this time,Cancel,Cancel,,Low,
C003034,APT006662,PT01749,2026-07-16T19:45:00,Call,"Yes that works, see you then",Confirm,Confirm,,Low,
C003035,APT006665,PT00939,2026-08-01T12:30:00,WhatsApp,"Haan theek hai, confirm kar do",Confirm,Confirm,,Low,
C003036,APT006667,PT00802,2026-07-20T20:00:00,Call,"Yes that works, see you then",Confirm,Confirm,,Low,
C003037,APT006669,PT00702,2026-06-16T16:45:00,SMS,Can we move to next week?,Reschedule,Reschedule,,Medium,
C003038,APT006672,PT01399,2026-08-15T11:45:00,Call,"Haan theek hai, confirm kar do",Confirm,Confirm,,Low,
C003039,APT006675,PT01723,2026-05-31T15:15:00,SMS,Ok confirmed,Confirm,Confirm,,Low,
C003040,APT006677,PT00387,2026-06-05T13:45:00,Call,"Yes that works, see you then",Confirm,Confirm,,Low,
C003041,APT006679,PT00108,2026-06-29T18:00:00,Call,Can we move to next week?,Reschedule,Reschedule,,Medium,
C003042,APT006680,PT00567,2026-07-09T15:30:00,WhatsApp,,No Response,No Response,,Low,
C003043,APT006681,PT01174,2026-07-02T14:00:00,SMS,Please cancel this visit,Cancel,Cancel,,Low,
C003044,APT006683,PT00994,2026-06-08T14:15:00,SMS,,No Response,No Response,,Low,
C003045,APT006684,PT01707,2026-07-26T10:30:00,Call,"Kal thoda late ho jayega, Saturday kar sakte ho?",Reschedule,Reschedule,Saturday,High,Provider/patient running late
C003046,APT006688,PT01236,2026-08-23T08:30:00,WhatsApp,"Doctor visit hai usi din, reschedule possible?",Reschedule,Reschedule,,Medium,Conflicting doctor visit
C003047,APT006689,PT00867,2026-08-01T14:45:00,WhatsApp,,No Response,No Response,,Low,
C003048,APT006694,PT01222,2026-06-11T08:45:00,WhatsApp,"Haan theek hai, confirm kar do",Confirm,Confirm,,Low,
C003049,APT006695,PT00751,2026-08-26T15:30:00,SMS,,No Response,No Response,,Low,
C003050,APT006696,PT00421,2026-06-12T15:15:00,WhatsApp,Ok confirmed,Confirm,Confirm,,Low,
C003051,APT006699,PT01078,2026-06-06T16:00:00,WhatsApp,,No Response,No Response,,Low,
C003052,APT006709,PT01801,2026-08-28T10:15:00,WhatsApp,Can we move to next week?,Reschedule,Reschedule,,Medium,
C003053,APT006710,PT01187,2026-06-01T19:15:00,Call,"Yes that works, see you then",Confirm,Confirm,,Low,
C003054,APT006712,PT00724,2026-08-03T09:30:00,SMS,"Haan theek hai, confirm kar do",Confirm,Confirm,,Low,
C003055,APT006713,PT01693,2026-06-24T15:15:00,SMS,"Haan theek hai, confirm kar do",Confirm,Confirm,,Low,
C003056,APT006714,PT00007,2026-07-20T20:45:00,SMS,"Yes that works, see you then",Confirm,Confirm,,Low,
C003057,APT006715,PT01552,2026-07-04T11:00:00,Call,"Kal thoda late ho jayega, Saturday kar sakte ho?",Reschedule,Reschedule,Saturday,High,Provider/patient running late
C003058,APT006716,PT01310,2026-07-08T16:00:00,SMS,Ok confirmed,Confirm,Confirm,,Low,
C003059,APT006718,PT01741,2026-07-16T14:15:00,Call,,No Response,No Response,,Low,
C003060,APT006719,PT01482,2026-06-09T14:45:00,WhatsApp,"Kal thoda late ho jayega, Saturday kar sakte ho?",Reschedule,Reschedule,Saturday,High,Provider/patient running late
C003061,APT006720,PT00746,2026-07-24T17:30:00,Call,Ok confirmed,Confirm,Confirm,,Low,
C003062,APT006721,PT00287,2026-08-21T08:15:00,Call,"Haan theek hai, confirm kar do",Confirm,Confirm,,Low,
C003063,APT006726,PT00023,2026-06-04T11:45:00,SMS,"Haan theek hai, confirm kar do",Confirm,Confirm,,Low,
C003064,APT006734,PT00618,2026-06-21T14:45:00,Call,"Haan theek hai, confirm kar do",Confirm,Confirm,,Low,
C003065,APT006735,PT01845,2026-06-22T17:45:00,SMS,,No Response,No Response,,Low,
C003066,APT006738,PT00141,2026-06-04T18:00:00,SMS,,No Response,No Response,,Low,
C003067,APT006741,PT00721,2026-08-08T11:15:00,SMS,"Doctor visit hai usi din, reschedule possible?",Reschedule,Reschedule,,Medium,Conflicting doctor visit
C003068,APT006746,PT00990,2026-08-28T10:45:00,WhatsApp,,No Response,No Response,,Low,
C003069,APT006747,PT01480,2026-08-23T19:45:00,WhatsApp,,No Response,No Response,,Low,
C003070,APT006749,PT00334,2026-07-19T20:15:00,WhatsApp,Ok confirmed,Confirm,Confirm,,Low,
C003071,APT006750,PT01592,2026-06-08T09:15:00,SMS,,No Response,No Response,,Low,
C003072,APT006751,PT00266,2026-07-25T16:15:00,Call,"Doctor visit hai usi din, reschedule possible?",Reschedule,Reschedule,,Medium,Conflicting doctor visit
C003073,APT006752,PT01823,2026-06-27T11:00:00,SMS,Ok confirmed,Confirm,Confirm,,Low,
C003074,APT006753,PT00961,2026-07-26T11:30:00,WhatsApp,Can we move to next week?,Reschedule,Reschedule,,Medium,
C003075,APT006756,PT01055,2026-06-16T14:30:00,Call,,No Response,No Response,,Low,
C003076,APT006757,PT00053,2026-08-24T16:00:00,SMS,"Kal thoda late ho jayega, Saturday kar sakte ho?",Reschedule,Reschedule,Saturday,High,Provider/patient running late
C003077,APT006759,PT01839,2026-06-01T14:30:00,Call,,No Response,No Response,,Low,
C003078,APT006760,PT01820,2026-08-01T15:00:00,Call,Ok confirmed,Confirm,Confirm,,Low,
C003079,APT006763,PT00387,2026-07-19T20:15:00,WhatsApp,"Kal thoda late ho jayega, Saturday kar sakte ho?",Reschedule,Reschedule,Saturday,High,Provider/patient running late
C003080,APT006771,PT00272,2026-08-22T12:15:00,Call,"Kal thoda late ho jayega, Saturday kar sakte ho?",Reschedule,Reschedule,Saturday,High,Provider/patient running late
C003081,APT006773,PT00870,2026-06-30T19:00:00,SMS,Ok confirmed,Confirm,Confirm,,Low,
C003082,APT006774,PT00983,2026-06-21T20:15:00,WhatsApp,Can we move to next week?,Reschedule,Reschedule,,Medium,
C003083,APT006775,PT01311,2026-07-22T17:45:00,SMS,"Haan theek hai, confirm kar do",Confirm,Confirm,,Low,
C003084,APT006776,PT00900,2026-06-27T19:30:00,Call,Ok confirmed,Confirm,Confirm,,Low,
C003085,APT006778,PT01991,2026-06-11T17:30:00,SMS,,No Response,No Response,,Low,
C003086,APT006779,PT01272,2026-07-25T17:30:00,Call,"Yes that works, see you then",Confirm,Confirm,,Low,
C003087,APT006780,PT01270,2026-07-06T15:45:00,Call,,No Response,No Response,,Low,
C003088,APT006781,PT01251,2026-06-30T19:15:00,WhatsApp,,No Response,No Response,,Low,
C003089,APT006785,PT00396,2026-07-02T16:45:00,SMS,,No Response,No Response,,Low,
C003090,APT006788,PT00167,2026-08-10T14:45:00,SMS,"Doctor visit hai usi din, reschedule possible?",Reschedule,Reschedule,,Medium,Conflicting doctor visit
C003091,APT006789,PT01045,2026-07-25T10:45:00,SMS,Can we move to next week?,Reschedule,Reschedule,,Medium,
C003092,APT006790,PT00206,2026-08-11T12:00:00,SMS,Ok confirmed,Confirm,Confirm,,Low,
C003093,APT006791,PT01398,2026-07-16T08:00:00,WhatsApp,Ok confirmed,Confirm,Confirm,,Low,
C003094,APT006795,PT01790,2026-08-10T11:30:00,Call,"Kal thoda late ho jayega, Saturday kar sakte ho?",Reschedule,Reschedule,Saturday,High,Provider/patient running late
C003095,APT006798,PT00192,2026-07-22T14:00:00,WhatsApp,Ok confirmed,Confirm,Confirm,,Low,
C003096,APT006799,PT01523,2026-07-02T09:15:00,Call,"Haan theek hai, confirm kar do",Confirm,Confirm,,Low,
C003097,APT006800,PT00182,2026-08-09T13:30:00,Call,Can we move to next week?,Reschedule,Reschedule,,Medium,
C003098,APT006802,PT00946,2026-07-03T19:30:00,SMS,,No Response,No Response,,Low,
C003099,APT006804,PT00689,2026-07-03T09:45:00,Call,"Haan theek hai, confirm kar do",Confirm,Confirm,,Low,
C003100,APT006805,PT01944,2026-06-30T16:45:00,WhatsApp,"Haan theek hai, confirm kar do",Confirm,Confirm,,Low,
C003101,APT006806,PT01650,2026-08-05T19:00:00,WhatsApp,"Yes that works, see you then",Confirm,Confirm,,Low,
C003102,APT006808,PT01462,2026-08-21T17:45:00,WhatsApp,,No Response,No Response,,Low,
C003103,APT006810,PT01865,2026-06-16T15:30:00,Call,,No Response,No Response,,Low,
C003104,APT006812,PT00640,2026-07-23T12:00:00,Call,Ok confirmed,Confirm,Confirm,,Low,
C003105,APT006817,PT00546,2026-06-01T11:00:00,Call,"Yes that works, see you then",Confirm,Confirm,,Low,
C003106,APT006818,PT01378,2026-06-28T20:00:00,Call,,No Response,No Response,,Low,
C003107,APT006825,PT00781,2026-06-11T19:30:00,WhatsApp,,No Response,No Response,,Low,
C003108,APT006826,PT00951,2026-07-30T11:15:00,WhatsApp,Please cancel this visit,Cancel,Cancel,,Low,
C003109,APT006827,PT01913,2026-07-25T18:15:00,Call,Can we move to next week?,Reschedule,Reschedule,,Medium,
C003110,APT006828,PT01627,2026-07-12T13:30:00,SMS,"Haan theek hai, confirm kar do",Confirm,Confirm,,Low,
C003111,APT006830,PT00612,2026-06-13T19:00:00,WhatsApp,"Yes that works, see you then",Confirm,Confirm,,Low,
C003112,APT006832,PT01625,2026-06-10T16:45:00,SMS,"Yes that works, see you then",Confirm,Confirm,,Low,
C003113,APT006834,PT01790,2026-08-08T11:30:00,Call,,No Response,No Response,,Low,
C003114,APT006835,PT01005,2026-07-20T08:30:00,SMS,Ok confirmed,Confirm,Confirm,,Low,
C003115,APT006837,PT01875,2026-06-17T19:00:00,Call,"Doctor visit hai usi din, reschedule possible?",Reschedule,Reschedule,,Medium,Conflicting doctor visit
C003116,APT006838,PT01617,2026-06-10T10:00:00,SMS,"Doctor visit hai usi din, reschedule possible?",Reschedule,Reschedule,,Medium,Conflicting doctor visit
C003117,APT006840,PT01506,2026-07-20T13:30:00,WhatsApp,Ok confirmed,Confirm,Confirm,,Low,
C003118,APT006841,PT00554,2026-08-05T18:15:00,WhatsApp,,No Response,No Response,,Low,
C003119,APT006842,PT00744,2026-07-07T18:45:00,Call,Ok confirmed,Confirm,Confirm,,Low,
C003120,APT006843,PT01786,2026-08-05T16:00:00,Call,"Haan theek hai, confirm kar do",Confirm,Confirm,,Low,
C003121,APT006844,PT00857,2026-08-02T12:30:00,Call,Not needed this time,Cancel,Cancel,,Low,
C003122,APT006845,PT00193,2026-07-20T11:15:00,SMS,"Doctor visit hai usi din, reschedule possible?",Reschedule,Reschedule,,Medium,Conflicting doctor visit
C003123,APT006846,PT01792,2026-06-24T11:45:00,WhatsApp,,No Response,No Response,,Low,
C003124,APT006847,PT00442,2026-07-11T09:45:00,WhatsApp,Can we move to next week?,Reschedule,Reschedule,,Medium,
C003125,APT006850,PT00210,2026-08-01T20:15:00,Call,"Haan theek hai, confirm kar do",Confirm,Confirm,,Low,
C003126,APT006851,PT00297,2026-06-14T15:30:00,SMS,Ok confirmed,Confirm,Confirm,,Low,
C003127,APT006856,PT01495,2026-07-01T17:00:00,WhatsApp,"Haan theek hai, confirm kar do",Confirm,Confirm,,Low,
C003128,APT006857,PT00528,2026-06-18T16:00:00,Call,"Haan theek hai, confirm kar do",Confirm,Confirm,,Low,
C003129,APT006860,PT00332,2026-07-21T18:00:00,WhatsApp,"Kal thoda late ho jayega, Saturday kar sakte ho?",Reschedule,Reschedule,Saturday,High,Provider/patient running late
C003130,APT006861,PT01637,2026-08-14T17:00:00,SMS,"Yes that works, see you then",Confirm,Confirm,,Low,
C003131,APT006863,PT00720,2026-07-13T14:30:00,SMS,"Doctor visit hai usi din, reschedule possible?",Reschedule,Reschedule,,Medium,Conflicting doctor visit
C003132,APT006865,PT00170,2026-06-22T19:45:00,WhatsApp,Ok confirmed,Confirm,Confirm,,Low,
C003133,APT006869,PT00352,2026-08-27T17:30:00,SMS,,No Response,No Response,,Low,
C003134,APT006871,PT00181,2026-06-17T10:15:00,SMS,,No Response,No Response,,Low,
C003135,APT006873,PT00862,2026-08-19T11:30:00,Call,Can we move to next week?,Reschedule,Reschedule,,Medium,
C003136,APT006874,PT01640,2026-08-15T20:15:00,SMS,"Haan theek hai, confirm kar do",Confirm,Confirm,,Low,
C003137,APT006876,PT00792,2026-08-24T20:45:00,WhatsApp,"Yes that works, see you then",Confirm,Confirm,,Low,
C003138,APT006877,PT00319,2026-06-30T11:45:00,Call,"Doctor visit hai usi din, reschedule possible?",Reschedule,Reschedule,,Medium,Conflicting doctor visit
C003139,APT006880,PT01963,2026-07-16T09:45:00,Call,,No Response,No Response,,Low,
C003140,APT006882,PT00369,2026-07-01T11:45:00,Call,"Haan theek hai, confirm kar do",Confirm,Confirm,,Low,
C003141,APT006885,PT01260,2026-06-05T14:30:00,Call,"Kal thoda late ho jayega, Saturday kar sakte ho?",Reschedule,Reschedule,Saturday,High,Provider/patient running late
C003142,APT006888,PT01300,2026-06-17T18:00:00,WhatsApp,"Yes that works, see you then",Confirm,Confirm,,Low,
C003143,APT006891,PT01770,2026-06-14T14:45:00,WhatsApp,"Yes that works, see you then",Confirm,Confirm,,Low,
C003144,APT006893,PT00402,2026-06-15T16:00:00,Call,,No Response,No Response,,Low,
C003145,APT006894,PT00993,2026-07-07T12:45:00,Call,Ok confirmed,Confirm,Confirm,,Low,
C003146,APT006895,PT01470,2026-06-28T18:30:00,WhatsApp,"Doctor visit hai usi din, reschedule possible?",Reschedule,Reschedule,,Medium,Conflicting doctor visit
C003147,APT006896,PT01969,2026-06-26T19:15:00,SMS,,No Response,No Response,,Low,
C003148,APT006897,PT01802,2026-07-16T16:45:00,SMS,,No Response,No Response,,Low,
C003149,APT006898,PT01380,2026-07-08T20:00:00,WhatsApp,Ok confirmed,Confirm,Confirm,,Low,
C003150,APT006899,PT00204,2026-07-30T14:45:00,Call,Is week cancel karna padega,Cancel,Cancel,,Low,
C003151,APT006900,PT01757,2026-06-29T18:45:00,WhatsApp,"Haan theek hai, confirm kar do",Confirm,Confirm,,Low,
C003152,APT006901,PT01017,2026-06-03T18:45:00,SMS,,No Response,No Response,,Low,
C003153,APT006903,PT01407,2026-08-24T16:15:00,WhatsApp,Please cancel this visit,Cancel,Cancel,,Low,
C003154,APT006905,PT00791,2026-07-17T18:00:00,SMS,"Kal thoda late ho jayega, Saturday kar sakte ho?",Reschedule,Reschedule,Saturday,High,Provider/patient running late
C003155,APT006906,PT01209,2026-06-26T17:30:00,WhatsApp,Ok confirmed,Confirm,Confirm,,Low,
C003156,APT006912,PT00291,2026-08-12T09:45:00,Call,,No Response,No Response,,Low,
C003157,APT006914,PT01028,2026-07-26T13:45:00,SMS,Can we move to next week?,Reschedule,Reschedule,,Medium,
C003158,APT006915,PT01455,2026-06-04T12:30:00,Call,"Kal thoda late ho jayega, Saturday kar sakte ho?",Reschedule,Reschedule,Saturday,High,Provider/patient running late
C003159,APT006916,PT00097,2026-06-21T09:15:00,WhatsApp,Can we move to next week?,Reschedule,Reschedule,,Medium,
C003160,APT006917,PT00173,2026-08-01T13:30:00,Call,"Haan theek hai, confirm kar do",Confirm,Confirm,,Low,
C003161,APT006919,PT00643,2026-07-29T11:30:00,WhatsApp,Ok confirmed,Confirm,Confirm,,Low,
C003162,APT006920,PT00183,2026-08-01T16:30:00,WhatsApp,"Kal thoda late ho jayega, Saturday kar sakte ho?",Reschedule,Reschedule,Saturday,High,Provider/patient running late
C003163,APT006922,PT00175,2026-07-13T15:45:00,Call,"Yes that works, see you then",Confirm,Confirm,,Low,
C003164,APT006925,PT00415,2026-08-12T08:15:00,SMS,Please cancel this visit,Cancel,Cancel,,Low,
C003165,APT006927,PT01388,2026-06-01T17:30:00,WhatsApp,Is week cancel karna padega,Cancel,Cancel,,Low,
C003166,APT006930,PT01010,2026-07-17T18:00:00,WhatsApp,Can we move to next week?,Reschedule,Reschedule,,Medium,
C003167,APT006935,PT01672,2026-08-04T19:45:00,SMS,Ok confirmed,Confirm,Confirm,,Low,
C003168,APT006936,PT00915,2026-08-09T10:30:00,WhatsApp,"Kal thoda late ho jayega, Saturday kar sakte ho?",Reschedule,Reschedule,Saturday,High,Provider/patient running late
C003169,APT006937,PT00569,2026-07-27T11:15:00,Call,"Haan theek hai, confirm kar do",Confirm,Confirm,,Low,
C003170,APT006942,PT01253,2026-08-09T18:15:00,WhatsApp,Can we move to next week?,Reschedule,Reschedule,,Medium,
C003171,APT006944,PT00529,2026-06-27T14:30:00,SMS,,No Response,No Response,,Low,
C003172,APT006945,PT01930,2026-08-13T16:15:00,Call,"Doctor visit hai usi din, reschedule possible?",Reschedule,Reschedule,,Medium,Conflicting doctor visit
C003173,APT006947,PT01716,2026-08-08T13:00:00,SMS,"Haan theek hai, confirm kar do",Confirm,Confirm,,Low,
C003174,APT006948,PT01873,2026-07-21T08:15:00,SMS,"Kal thoda late ho jayega, Saturday kar sakte ho?",Reschedule,Reschedule,Saturday,High,Provider/patient running late
C003175,APT006950,PT01731,2026-07-13T12:15:00,WhatsApp,"Yes that works, see you then",Confirm,Confirm,,Low,
C003176,APT006953,PT01389,2026-07-15T12:45:00,WhatsApp,"Yes that works, see you then",Confirm,Confirm,,Low,
C003177,APT006954,PT01864,2026-08-16T18:15:00,SMS,Please cancel this visit,Cancel,Cancel,,Low,
C003178,APT006958,PT01340,2026-06-01T14:00:00,Call,,No Response,No Response,,Low,
C003179,APT006962,PT00122,2026-06-27T12:15:00,Call,"Yes that works, see you then",Confirm,Confirm,,Low,
C003180,APT006966,PT01715,2026-06-29T10:45:00,Call,"Haan theek hai, confirm kar do",Confirm,Confirm,,Low,
C003181,APT006967,PT00251,2026-07-22T11:00:00,SMS,"Haan theek hai, confirm kar do",Confirm,Confirm,,Low,
C003182,APT006969,PT01417,2026-08-20T19:15:00,SMS,Not needed this time,Cancel,Cancel,,Low,
C003183,APT006971,PT00337,2026-08-06T12:00:00,WhatsApp,Ok confirmed,Confirm,Confirm,,Low,
C003184,APT006972,PT01481,2026-07-21T08:45:00,WhatsApp,Ok confirmed,Confirm,Confirm,,Low,
C003185,APT006975,PT01906,2026-07-24T08:30:00,SMS,Ok confirmed,Confirm,Confirm,,Low,
C003186,APT006976,PT01298,2026-08-04T20:00:00,Call,Is week cancel karna padega,Cancel,Cancel,,Low,
C003187,APT006977,PT01612,2026-08-12T20:30:00,SMS,Ok confirmed,Confirm,Confirm,,Low,
C003188,APT006981,PT01915,2026-06-09T16:30:00,Call,"Kal thoda late ho jayega, Saturday kar sakte ho?",Reschedule,Reschedule,Saturday,High,Provider/patient running late
C003189,APT006983,PT00137,2026-06-17T15:45:00,SMS,"Kal thoda late ho jayega, Saturday kar sakte ho?",Reschedule,Reschedule,Saturday,High,Provider/patient running late
C003190,APT006984,PT00660,2026-07-06T16:15:00,WhatsApp,,No Response,No Response,,Low,
C003191,APT006986,PT01019,2026-08-15T10:00:00,SMS,"Yes that works, see you then",Confirm,Confirm,,Low,
C003192,APT006988,PT01530,2026-06-14T10:00:00,WhatsApp,Not needed this time,Cancel,Cancel,,Low,
C003193,APT006993,PT01829,2026-07-04T11:00:00,Call,Can we move to next week?,Reschedule,Reschedule,,Medium,
C003194,APT006994,PT00204,2026-08-28T20:00:00,SMS,Can we move to next week?,Reschedule,Reschedule,,Medium,
C003195,APT007005,PT01769,2026-06-12T15:30:00,Call,,No Response,No Response,,Low,
C003196,APT007006,PT01721,2026-07-14T10:30:00,SMS,Can we move to next week?,Reschedule,Reschedule,,Medium,
C003197,APT007008,PT00387,2026-07-13T19:45:00,WhatsApp,"Haan theek hai, confirm kar do",Confirm,Confirm,,Low,
C003198,APT007011,PT01032,2026-06-26T08:45:00,SMS,Can we move to next week?,Reschedule,Reschedule,,Medium,
C003199,APT007012,PT01505,2026-08-07T13:00:00,WhatsApp,"Doctor visit hai usi din, reschedule possible?",Reschedule,Reschedule,,Medium,Conflicting doctor visit
C003200,APT007016,PT01052,2026-06-21T14:45:00,SMS,"Yes that works, see you then",Confirm,Confirm,,Low,
C003201,APT007017,PT01930,2026-07-28T10:30:00,WhatsApp,"Kal thoda late ho jayega, Saturday kar sakte ho?",Reschedule,Reschedule,Saturday,High,Provider/patient running late
C003202,APT007018,PT00827,2026-07-31T10:15:00,SMS,Can we move to next week?,Reschedule,Reschedule,,Medium,
C003203,APT007021,PT01082,2026-07-04T09:15:00,Call,"Haan theek hai, confirm kar do",Confirm,Confirm,,Low,
C003204,APT007022,PT00887,2026-06-17T14:45:00,SMS,,No Response,No Response,,Low,
C003205,APT007026,PT01830,2026-07-26T12:15:00,SMS,Can we move to next week?,Reschedule,Reschedule,,Medium,
C003206,APT007027,PT00545,2026-07-02T14:15:00,SMS,Ok confirmed,Confirm,Confirm,,Low,
C003207,APT007029,PT01532,2026-08-15T10:00:00,WhatsApp,Can we move to next week?,Reschedule,Reschedule,,Medium,
C003208,APT007031,PT01227,2026-07-11T16:45:00,SMS,,No Response,No Response,,Low,
C003209,APT007034,PT00245,2026-07-06T16:30:00,SMS,"Haan theek hai, confirm kar do",Confirm,Confirm,,Low,
C003210,APT007035,PT00648,2026-08-24T14:15:00,SMS,"Yes that works, see you then",Confirm,Confirm,,Low,
C003211,APT007036,PT00054,2026-08-26T12:00:00,WhatsApp,"Yes that works, see you then",Confirm,Confirm,,Low,
C003212,APT007038,PT01039,2026-07-03T10:30:00,WhatsApp,Please cancel this visit,Cancel,Cancel,,Low,
C003213,APT007039,PT01558,2026-06-03T19:00:00,WhatsApp,"Haan theek hai, confirm kar do",Confirm,Confirm,,Low,
C003214,APT007040,PT01267,2026-07-22T18:30:00,Call,"Haan theek hai, confirm kar do",Confirm,Confirm,,Low,
C003215,APT007041,PT00322,2026-06-27T09:45:00,Call,"Kal thoda late ho jayega, Saturday kar sakte ho?",Reschedule,Reschedule,Saturday,High,Provider/patient running late
C003216,APT007042,PT00727,2026-06-19T09:00:00,WhatsApp,Ok confirmed,Confirm,Confirm,,Low,
C003217,APT007047,PT00486,2026-07-29T19:15:00,WhatsApp,,No Response,No Response,,Low,
C003218,APT007051,PT00547,2026-07-17T10:00:00,Call,Can we move to next week?,Reschedule,Reschedule,,Medium,
C003219,APT007052,PT01487,2026-08-10T14:30:00,Call,,No Response,No Response,,Low,
C003220,APT007055,PT00963,2026-06-20T15:45:00,WhatsApp,"Doctor visit hai usi din, reschedule possible?",Reschedule,Reschedule,,Medium,Conflicting doctor visit
C003221,APT007057,PT00161,2026-06-13T13:30:00,WhatsApp,Please cancel this visit,Cancel,Cancel,,Low,
C003222,APT007058,PT00717,2026-08-13T11:30:00,SMS,"Kal thoda late ho jayega, Saturday kar sakte ho?",Reschedule,Reschedule,Saturday,High,Provider/patient running late
C003223,APT007059,PT01017,2026-08-18T13:30:00,WhatsApp,"Doctor visit hai usi din, reschedule possible?",Reschedule,Reschedule,,Medium,Conflicting doctor visit
C003224,APT007060,PT00658,2026-07-08T19:30:00,Call,"Kal thoda late ho jayega, Saturday kar sakte ho?",Reschedule,Reschedule,Saturday,High,Provider/patient running late
C003225,APT007062,PT01619,2026-07-24T12:00:00,SMS,Ok confirmed,Confirm,Confirm,,Low,
C003226,APT007063,PT00493,2026-08-11T15:00:00,WhatsApp,"Kal thoda late ho jayega, Saturday kar sakte ho?",Reschedule,Reschedule,Saturday,High,Provider/patient running late
C003227,APT007068,PT00251,2026-07-11T17:00:00,Call,"Haan theek hai, confirm kar do",Confirm,Confirm,,Low,
C003228,APT007075,PT01635,2026-08-14T14:15:00,SMS,,No Response,No Response,,Low,
C003229,APT007077,PT01093,2026-06-13T18:15:00,WhatsApp,Ok confirmed,Confirm,Confirm,,Low,
C003230,APT007078,PT01013,2026-06-20T10:00:00,Call,,No Response,No Response,,Low,
C003231,APT007079,PT00385,2026-06-18T14:45:00,WhatsApp,Ok confirmed,Confirm,Confirm,,Low,
C003232,APT007080,PT01694,2026-06-14T19:45:00,WhatsApp,Please cancel this visit,Cancel,Cancel,,Low,
C003233,APT007081,PT00600,2026-07-25T12:00:00,SMS,,No Response,No Response,,Low,
C003234,APT007086,PT01118,2026-08-17T13:00:00,SMS,,No Response,No Response,,Low,
C003235,APT007088,PT00486,2026-07-06T15:30:00,SMS,"Yes that works, see you then",Confirm,Confirm,,Low,
C003236,APT007089,PT01204,2026-06-27T11:00:00,SMS,Can we move to next week?,Reschedule,Reschedule,,Medium,
C003237,APT007091,PT00863,2026-08-18T12:30:00,SMS,"Kal thoda late ho jayega, Saturday kar sakte ho?",Reschedule,Reschedule,Saturday,High,Provider/patient running late
C003238,APT007092,PT00814,2026-08-24T13:45:00,Call,"Yes that works, see you then",Confirm,Confirm,,Low,
C003239,APT007093,PT01414,2026-06-27T16:15:00,WhatsApp,,No Response,No Response,,Low,
C003240,APT007094,PT01728,2026-06-02T15:45:00,WhatsApp,"Kal thoda late ho jayega, Saturday kar sakte ho?",Reschedule,Reschedule,Saturday,High,Provider/patient running late
C003241,APT007095,PT01143,2026-06-11T13:15:00,SMS,"Haan theek hai, confirm kar do",Confirm,Confirm,,Low,
C003242,APT007097,PT00261,2026-06-03T14:30:00,SMS,"Yes that works, see you then",Confirm,Confirm,,Low,
C003243,APT007099,PT00651,2026-07-29T20:30:00,Call,,No Response,No Response,,Low,
C003244,APT007101,PT00240,2026-07-31T10:15:00,SMS,"Haan theek hai, confirm kar do",Confirm,Confirm,,Low,
C003245,APT007102,PT00886,2026-06-16T15:30:00,WhatsApp,Ok confirmed,Confirm,Confirm,,Low,
C003246,APT007103,PT01568,2026-07-30T15:15:00,SMS,Ok confirmed,Confirm,Confirm,,Low,
C003247,APT007104,PT00637,2026-07-05T12:15:00,Call,"Yes that works, see you then",Confirm,Confirm,,Low,
C003248,APT007106,PT01469,2026-07-11T16:30:00,SMS,,No Response,No Response,,Low,
C003249,APT007107,PT01886,2026-07-18T09:30:00,WhatsApp,Not needed this time,Cancel,Cancel,,Low,
C003250,APT007109,PT01720,2026-08-01T16:00:00,Call,"Doctor visit hai usi din, reschedule possible?",Reschedule,Reschedule,,Medium,Conflicting doctor visit
C003251,APT007110,PT01108,2026-07-20T20:30:00,Call,"Yes that works, see you then",Confirm,Confirm,,Low,
C003252,APT007116,PT01594,2026-07-19T19:15:00,WhatsApp,"Kal thoda late ho jayega, Saturday kar sakte ho?",Reschedule,Reschedule,Saturday,High,Provider/patient running late
C003253,APT007117,PT01950,2026-06-21T13:45:00,WhatsApp,Can we move to next week?,Reschedule,Reschedule,,Medium,
C003254,APT007119,PT00606,2026-07-09T20:15:00,WhatsApp,"Doctor visit hai usi din, reschedule possible?",Reschedule,Reschedule,,Medium,Conflicting doctor visit
C003255,APT007120,PT00410,2026-08-06T15:30:00,SMS,"Yes that works, see you then",Confirm,Confirm,,Low,
C003256,APT007121,PT01549,2026-08-08T09:15:00,Call,,No Response,No Response,,Low,
C003257,APT007124,PT00984,2026-07-13T18:15:00,Call,Please cancel this visit,Cancel,Cancel,,Low,
C003258,APT007125,PT00391,2026-08-03T13:15:00,SMS,Ok confirmed,Confirm,Confirm,,Low,
C003259,APT007127,PT01559,2026-06-20T19:15:00,SMS,Ok confirmed,Confirm,Confirm,,Low,
C003260,APT007128,PT01184,2026-07-18T14:15:00,WhatsApp,,No Response,No Response,,Low,
C003261,APT007133,PT01487,2026-08-01T15:15:00,SMS,Is week cancel karna padega,Cancel,Cancel,,Low,
C003262,APT007134,PT01878,2026-07-24T09:00:00,Call,Ok confirmed,Confirm,Confirm,,Low,
C003263,APT007136,PT01164,2026-07-09T13:45:00,WhatsApp,"Yes that works, see you then",Confirm,Confirm,,Low,
C003264,APT007138,PT01874,2026-08-20T10:30:00,SMS,"Yes that works, see you then",Confirm,Confirm,,Low,
C003265,APT007143,PT01624,2026-06-23T13:45:00,SMS,,No Response,No Response,,Low,
C003266,APT007149,PT00462,2026-06-29T15:15:00,WhatsApp,,No Response,No Response,,Low,
C003267,APT007150,PT00116,2026-06-24T11:45:00,SMS,Not needed this time,Cancel,Cancel,,Low,
C003268,APT007153,PT00229,2026-07-01T08:00:00,WhatsApp,"Haan theek hai, confirm kar do",Confirm,Confirm,,Low,
C003269,APT007154,PT01008,2026-08-16T18:45:00,Call,"Haan theek hai, confirm kar do",Confirm,Confirm,,Low,
C003270,APT007160,PT01183,2026-07-02T15:00:00,SMS,"Kal thoda late ho jayega, Saturday kar sakte ho?",Reschedule,Reschedule,Saturday,High,Provider/patient running late
C003271,APT007161,PT01276,2026-06-29T18:00:00,Call,"Haan theek hai, confirm kar do",Confirm,Confirm,,Low,
C003272,APT007162,PT00293,2026-07-05T10:45:00,WhatsApp,"Haan theek hai, confirm kar do",Confirm,Confirm,,Low,
C003273,APT007163,PT01426,2026-06-19T17:15:00,WhatsApp,"Kal thoda late ho jayega, Saturday kar sakte ho?",Reschedule,Reschedule,Saturday,High,Provider/patient running late
C003274,APT007164,PT01311,2026-08-18T12:45:00,WhatsApp,Not needed this time,Cancel,Cancel,,Low,
C003275,APT007165,PT00725,2026-07-28T15:15:00,WhatsApp,Can we move to next week?,Reschedule,Reschedule,,Medium,
C003276,APT007166,PT01389,2026-07-05T19:00:00,Call,"Haan theek hai, confirm kar do",Confirm,Confirm,,Low,
C003277,APT007168,PT01499,2026-07-06T09:45:00,Call,Ok confirmed,Confirm,Confirm,,Low,
C003278,APT007171,PT00422,2026-06-08T14:30:00,SMS,"Kal thoda late ho jayega, Saturday kar sakte ho?",Reschedule,Reschedule,Saturday,High,Provider/patient running late
C003279,APT007172,PT01780,2026-08-10T13:30:00,WhatsApp,"Haan theek hai, confirm kar do",Confirm,Confirm,,Low,
C003280,APT007173,PT00870,2026-08-27T14:00:00,SMS,"Doctor visit hai usi din, reschedule possible?",Reschedule,Reschedule,,Medium,Conflicting doctor visit
C003281,APT007177,PT01720,2026-08-14T12:45:00,Call,,No Response,No Response,,Low,
C003282,APT007178,PT01975,2026-06-17T19:45:00,Call,Not needed this time,Cancel,Cancel,,Low,
C003283,APT007179,PT01595,2026-07-28T08:15:00,Call,Ok confirmed,Confirm,Confirm,,Low,
C003284,APT007181,PT01172,2026-08-25T20:30:00,WhatsApp,"Doctor visit hai usi din, reschedule possible?",Reschedule,Reschedule,,Medium,Conflicting doctor visit
C003285,APT007182,PT00929,2026-08-02T09:15:00,SMS,"Yes that works, see you then",Confirm,Confirm,,Low,
C003286,APT007183,PT00078,2026-08-25T19:15:00,Call,"Yes that works, see you then",Confirm,Confirm,,Low,
C003287,APT007184,PT00976,2026-07-07T08:15:00,WhatsApp,"Haan theek hai, confirm kar do",Confirm,Confirm,,Low,
C003288,APT007189,PT01346,2026-08-09T19:15:00,SMS,"Haan theek hai, confirm kar do",Confirm,Confirm,,Low,
C003289,APT007191,PT00339,2026-07-14T17:00:00,SMS,"Haan theek hai, confirm kar do",Confirm,Confirm,,Low,
C003290,APT007193,PT01930,2026-08-10T15:30:00,WhatsApp,"Kal thoda late ho jayega, Saturday kar sakte ho?",Reschedule,Reschedule,Saturday,High,Provider/patient running late
C003291,APT007194,PT00411,2026-08-14T16:45:00,WhatsApp,Ok confirmed,Confirm,Confirm,,Low,
C003292,APT007196,PT00651,2026-08-25T13:15:00,WhatsApp,"Doctor visit hai usi din, reschedule possible?",Reschedule,Reschedule,,Medium,Conflicting doctor visit
C003293,APT007201,PT00827,2026-08-12T10:30:00,Call,Ok confirmed,Confirm,Confirm,,Low,
C003294,APT007204,PT00708,2026-07-01T09:00:00,SMS,Is week cancel karna padega,Cancel,Cancel,,Low,
C003295,APT007207,PT00661,2026-08-12T17:15:00,Call,Can we move to next week?,Reschedule,Reschedule,,Medium,
C003296,APT007209,PT00703,2026-08-15T15:00:00,Call,"Doctor visit hai usi din, reschedule possible?",Reschedule,Reschedule,,Medium,Conflicting doctor visit
C003297,APT007211,PT01850,2026-07-25T20:15:00,SMS,Not needed this time,Cancel,Cancel,,Low,
C003298,APT007214,PT00817,2026-08-02T15:15:00,SMS,Ok confirmed,Confirm,Confirm,,Low,
C003299,APT007215,PT00698,2026-07-02T08:15:00,WhatsApp,"Haan theek hai, confirm kar do",Confirm,Confirm,,Low,
C003300,APT007217,PT01705,2026-08-10T10:45:00,Call,Ok confirmed,Confirm,Confirm,,Low,
C003301,APT007218,PT00681,2026-07-06T10:30:00,Call,,No Response,No Response,,Low,
C003302,APT007221,PT00360,2026-05-31T11:45:00,SMS,Please cancel this visit,Cancel,Cancel,,Low,
C003303,APT007223,PT00441,2026-07-28T18:45:00,WhatsApp,"Kal thoda late ho jayega, Saturday kar sakte ho?",Reschedule,Reschedule,Saturday,High,Provider/patient running late
C003304,APT007224,PT01465,2026-06-04T16:30:00,WhatsApp,"Yes that works, see you then",Confirm,Confirm,,Low,
C003305,APT007229,PT00647,2026-06-28T13:45:00,SMS,Can we move to next week?,Reschedule,Reschedule,,Medium,
C003306,APT007231,PT00919,2026-08-02T16:45:00,WhatsApp,,No Response,No Response,,Low,
C003307,APT007232,PT00606,2026-07-21T14:30:00,Call,"Haan theek hai, confirm kar do",Confirm,Confirm,,Low,
C003308,APT007236,PT01049,2026-07-28T13:45:00,WhatsApp,"Kal thoda late ho jayega, Saturday kar sakte ho?",Reschedule,Reschedule,Saturday,High,Provider/patient running late
C003309,APT007237,PT00970,2026-07-25T17:00:00,SMS,"Kal thoda late ho jayega, Saturday kar sakte ho?",Reschedule,Reschedule,Saturday,High,Provider/patient running late
C003310,APT007238,PT01922,2026-07-22T18:45:00,Call,"Yes that works, see you then",Confirm,Confirm,,Low,
C003311,APT007239,PT00485,2026-07-27T10:30:00,WhatsApp,Can we move to next week?,Reschedule,Reschedule,,Medium,
C003312,APT007240,PT00990,2026-08-28T12:30:00,Call,"Yes that works, see you then",Confirm,Confirm,,Low,
C003313,APT007244,PT01776,2026-08-14T20:45:00,WhatsApp,,No Response,No Response,,Low,
C003314,APT007248,PT00531,2026-08-24T18:15:00,Call,,No Response,No Response,,Low,
C003315,APT007249,PT00428,2026-08-17T10:30:00,Call,Please cancel this visit,Cancel,Cancel,,Low,
C003316,APT007251,PT01334,2026-07-13T10:00:00,WhatsApp,"Yes that works, see you then",Confirm,Confirm,,Low,
C003317,APT007255,PT00900,2026-06-29T17:00:00,Call,Ok confirmed,Confirm,Confirm,,Low,
C003318,APT007257,PT00546,2026-07-01T17:45:00,WhatsApp,,No Response,No Response,,Low,
C003319,APT007258,PT01149,2026-08-24T14:15:00,Call,"Yes that works, see you then",Confirm,Confirm,,Low,
C003320,APT007261,PT01927,2026-07-27T15:00:00,WhatsApp,Ok confirmed,Confirm,Confirm,,Low,
C003321,APT007263,PT00746,2026-06-20T18:45:00,Call,Please cancel this visit,Cancel,Cancel,,Low,
C003322,APT007266,PT00358,2026-06-29T10:15:00,Call,Ok confirmed,Confirm,Confirm,,Low,
C003323,APT007267,PT00805,2026-06-08T19:15:00,SMS,"Kal thoda late ho jayega, Saturday kar sakte ho?",Reschedule,Reschedule,Saturday,High,Provider/patient running late
C003324,APT007270,PT01080,2026-06-15T16:30:00,SMS,"Haan theek hai, confirm kar do",Confirm,Confirm,,Low,
C003325,APT007272,PT00946,2026-06-08T14:30:00,WhatsApp,Ok confirmed,Confirm,Confirm,,Low,
C003326,APT007273,PT00621,2026-07-06T16:00:00,Call,,No Response,No Response,,Low,
C003327,APT007277,PT00978,2026-07-26T18:15:00,SMS,Can we move to next week?,Reschedule,Reschedule,,Medium,
C003328,APT007279,PT00827,2026-06-30T10:00:00,WhatsApp,"Yes that works, see you then",Confirm,Confirm,,Low,
C003329,APT007280,PT01194,2026-07-23T10:30:00,WhatsApp,,No Response,No Response,,Low,
C003330,APT007281,PT00314,2026-07-12T13:30:00,WhatsApp,,No Response,No Response,,Low,
C003331,APT007283,PT01708,2026-08-17T13:45:00,SMS,"Kal thoda late ho jayega, Saturday kar sakte ho?",Reschedule,Reschedule,Saturday,High,Provider/patient running late
C003332,APT007284,PT00065,2026-07-26T10:45:00,WhatsApp,"Haan theek hai, confirm kar do",Confirm,Confirm,,Low,
C003333,APT007285,PT01245,2026-07-09T17:30:00,Call,Can we move to next week?,Reschedule,Reschedule,,Medium,
C003334,APT007287,PT00249,2026-08-19T17:45:00,Call,Is week cancel karna padega,Cancel,Cancel,,Low,
C003335,APT007291,PT01238,2026-06-22T17:30:00,SMS,Can we move to next week?,Reschedule,Reschedule,,Medium,
C003336,APT007293,PT00454,2026-07-27T19:30:00,SMS,"Yes that works, see you then",Confirm,Confirm,,Low,
C003337,APT007297,PT01633,2026-06-29T15:00:00,SMS,Ok confirmed,Confirm,Confirm,,Low,
C003338,APT007298,PT01366,2026-06-28T09:15:00,Call,"Doctor visit hai usi din, reschedule possible?",Reschedule,Reschedule,,Medium,Conflicting doctor visit
C003339,APT007299,PT01817,2026-07-24T20:15:00,Call,"Doctor visit hai usi din, reschedule possible?",Reschedule,Reschedule,,Medium,Conflicting doctor visit
C003340,APT007300,PT00669,2026-07-11T09:15:00,WhatsApp,"Haan theek hai, confirm kar do",Confirm,Confirm,,Low,
C003341,APT007301,PT00931,2026-07-26T11:15:00,Call,"Haan theek hai, confirm kar do",Confirm,Confirm,,Low,
C003342,APT007302,PT01027,2026-07-24T13:45:00,Call,,No Response,No Response,,Low,
C003343,APT007303,PT01680,2026-06-07T13:30:00,WhatsApp,"Doctor visit hai usi din, reschedule possible?",Reschedule,Reschedule,,Medium,Conflicting doctor visit
C003344,APT007305,PT00243,2026-08-07T17:30:00,Call,,No Response,No Response,,Low,
C003345,APT007308,PT01621,2026-06-27T15:15:00,WhatsApp,"Yes that works, see you then",Confirm,Confirm,,Low,
C003346,APT007313,PT01981,2026-07-12T09:45:00,SMS,"Yes that works, see you then",Confirm,Confirm,,Low,
C003347,APT007314,PT01865,2026-06-24T11:00:00,WhatsApp,,No Response,No Response,,Low,
C003348,APT007315,PT01337,2026-08-16T10:00:00,Call,"Yes that works, see you then",Confirm,Confirm,,Low,
C003349,APT007316,PT00077,2026-08-11T12:30:00,SMS,"Yes that works, see you then",Confirm,Confirm,,Low,
C003350,APT007320,PT00294,2026-07-22T19:45:00,SMS,"Kal thoda late ho jayega, Saturday kar sakte ho?",Reschedule,Reschedule,Saturday,High,Provider/patient running late
C003351,APT007323,PT00138,2026-06-05T20:15:00,Call,Please cancel this visit,Cancel,Cancel,,Low,
C003352,APT007324,PT01064,2026-08-12T10:15:00,Call,"Doctor visit hai usi din, reschedule possible?",Reschedule,Reschedule,,Medium,Conflicting doctor visit
C003353,APT007325,PT00183,2026-06-14T14:45:00,WhatsApp,,No Response,No Response,,Low,
C003354,APT007329,PT00530,2026-08-10T17:30:00,SMS,"Yes that works, see you then",Confirm,Confirm,,Low,
C003355,APT007330,PT01296,2026-07-06T19:15:00,WhatsApp,Can we move to next week?,Reschedule,Reschedule,,Medium,
C003356,APT007331,PT01087,2026-07-04T17:30:00,Call,"Haan theek hai, confirm kar do",Confirm,Confirm,,Low,
C003357,APT007333,PT00300,2026-06-14T20:45:00,SMS,"Yes that works, see you then",Confirm,Confirm,,Low,
C003358,APT007334,PT01670,2026-08-12T10:15:00,SMS,"Kal thoda late ho jayega, Saturday kar sakte ho?",Reschedule,Reschedule,Saturday,High,Provider/patient running late
C003359,APT007335,PT01785,2026-08-17T08:15:00,Call,"Yes that works, see you then",Confirm,Confirm,,Low,
C003360,APT007337,PT00516,2026-07-03T08:15:00,SMS,Can we move to next week?,Reschedule,Reschedule,,Medium,
C003361,APT007341,PT00257,2026-07-15T12:00:00,WhatsApp,"Yes that works, see you then",Confirm,Confirm,,Low,
C003362,APT007342,PT00656,2026-07-13T17:00:00,Call,"Haan theek hai, confirm kar do",Confirm,Confirm,,Low,
C003363,APT007345,PT00764,2026-07-07T17:15:00,SMS,"Yes that works, see you then",Confirm,Confirm,,Low,
C003364,APT007351,PT01465,2026-07-26T17:45:00,SMS,"Haan theek hai, confirm kar do",Confirm,Confirm,,Low,
C003365,APT007353,PT00617,2026-08-18T08:45:00,WhatsApp,"Kal thoda late ho jayega, Saturday kar sakte ho?",Reschedule,Reschedule,Saturday,High,Provider/patient running late
C003366,APT007358,PT01422,2026-07-04T12:30:00,SMS,"Haan theek hai, confirm kar do",Confirm,Confirm,,Low,
C003367,APT007362,PT01974,2026-06-28T09:15:00,Call,,No Response,No Response,,Low,
C003368,APT007364,PT00491,2026-06-12T19:15:00,Call,"Kal thoda late ho jayega, Saturday kar sakte ho?",Reschedule,Reschedule,Saturday,High,Provider/patient running late
C003369,APT007365,PT01046,2026-07-25T16:30:00,SMS,"Haan theek hai, confirm kar do",Confirm,Confirm,,Low,
C003370,APT007366,PT00303,2026-07-01T18:45:00,SMS,"Haan theek hai, confirm kar do",Confirm,Confirm,,Low,
C003371,APT007367,PT00177,2026-07-18T16:30:00,Call,"Haan theek hai, confirm kar do",Confirm,Confirm,,Low,
C003372,APT007369,PT00869,2026-08-06T15:45:00,WhatsApp,Can we move to next week?,Reschedule,Reschedule,,Medium,
C003373,APT007370,PT00054,2026-08-03T11:30:00,SMS,,No Response,No Response,,Low,
C003374,APT007372,PT01419,2026-06-26T19:45:00,SMS,Can we move to next week?,Reschedule,Reschedule,,Medium,
C003375,APT007374,PT00612,2026-06-18T18:30:00,WhatsApp,Ok confirmed,Confirm,Confirm,,Low,
C003376,APT007376,PT00052,2026-08-17T11:45:00,WhatsApp,Ok confirmed,Confirm,Confirm,,Low,
C003377,APT007377,PT00581,2026-08-18T18:15:00,Call,Can we move to next week?,Reschedule,Reschedule,,Medium,
C003378,APT007379,PT00314,2026-06-01T16:45:00,WhatsApp,Please cancel this visit,Cancel,Cancel,,Low,
C003379,APT007380,PT00545,2026-08-23T13:45:00,WhatsApp,Please cancel this visit,Cancel,Cancel,,Low,
C003380,APT007381,PT00994,2026-06-16T12:15:00,WhatsApp,"Doctor visit hai usi din, reschedule possible?",Reschedule,Reschedule,,Medium,Conflicting doctor visit
C003381,APT007383,PT01417,2026-06-22T20:45:00,Call,,No Response,No Response,,Low,
C003382,APT007385,PT01980,2026-08-12T11:30:00,Call,Ok confirmed,Confirm,Confirm,,Low,
C003383,APT007386,PT01367,2026-06-09T14:30:00,SMS,"Yes that works, see you then",Confirm,Confirm,,Low,
C003384,APT007387,PT00807,2026-06-15T19:45:00,SMS,"Yes that works, see you then",Confirm,Confirm,,Low,
C003385,APT007390,PT00562,2026-08-04T16:15:00,WhatsApp,"Haan theek hai, confirm kar do",Confirm,Confirm,,Low,
C003386,APT007391,PT00757,2026-08-02T18:15:00,SMS,Please cancel this visit,Cancel,Cancel,,Low,
C003387,APT007392,PT00947,2026-08-01T08:00:00,SMS,"Haan theek hai, confirm kar do",Confirm,Confirm,,Low,
C003388,APT007393,PT00107,2026-07-07T15:45:00,Call,"Haan theek hai, confirm kar do",Confirm,Confirm,,Low,
C003389,APT007395,PT00183,2026-08-03T14:00:00,WhatsApp,Is week cancel karna padega,Cancel,Cancel,,Low,
C003390,APT007396,PT00575,2026-08-17T12:30:00,SMS,"Yes that works, see you then",Confirm,Confirm,,Low,
C003391,APT007398,PT00127,2026-06-29T16:15:00,SMS,"Yes that works, see you then",Confirm,Confirm,,Low,
C003392,APT007399,PT01183,2026-07-16T19:00:00,WhatsApp,"Yes that works, see you then",Confirm,Confirm,,Low,
C003393,APT007401,PT01972,2026-07-07T19:15:00,WhatsApp,"Haan theek hai, confirm kar do",Confirm,Confirm,,Low,
C003394,APT007403,PT00182,2026-08-12T11:00:00,SMS,Can we move to next week?,Reschedule,Reschedule,,Medium,
C003395,APT007404,PT00243,2026-08-14T16:15:00,Call,"Yes that works, see you then",Confirm,Confirm,,Low,
C003396,APT007406,PT01359,2026-06-02T12:30:00,SMS,,No Response,No Response,,Low,
C003397,APT007408,PT00063,2026-05-31T10:30:00,SMS,"Yes that works, see you then",Confirm,Confirm,,Low,
C003398,APT007409,PT01906,2026-08-04T08:30:00,SMS,Ok confirmed,Confirm,Confirm,,Low,
C003399,APT007412,PT01455,2026-08-22T11:45:00,SMS,"Haan theek hai, confirm kar do",Confirm,Confirm,,Low,
C003400,APT007414,PT01248,2026-06-14T12:30:00,SMS,Can we move to next week?,Reschedule,Reschedule,,Medium,
C003401,APT007415,PT01881,2026-07-05T09:00:00,WhatsApp,"Yes that works, see you then",Confirm,Confirm,,Low,
C003402,APT007417,PT01687,2026-06-29T15:00:00,SMS,"Haan theek hai, confirm kar do",Confirm,Confirm,,Low,
C003403,APT007418,PT00606,2026-08-27T09:45:00,Call,Can we move to next week?,Reschedule,Reschedule,,Medium,
C003404,APT007419,PT01111,2026-07-31T14:00:00,SMS,,No Response,No Response,,Low,
C003405,APT007420,PT00569,2026-08-06T20:00:00,SMS,Not needed this time,Cancel,Cancel,,Low,
C003406,APT007421,PT01375,2026-07-17T11:15:00,SMS,"Haan theek hai, confirm kar do",Confirm,Confirm,,Low,
C003407,APT007424,PT01885,2026-07-22T16:00:00,SMS,"Yes that works, see you then",Confirm,Confirm,,Low,
C003408,APT007425,PT00993,2026-07-21T14:45:00,WhatsApp,Not needed this time,Cancel,Cancel,,Low,
C003409,APT007426,PT00637,2026-06-02T19:45:00,Call,"Kal thoda late ho jayega, Saturday kar sakte ho?",Reschedule,Reschedule,Saturday,High,Provider/patient running late
C003410,APT007428,PT01052,2026-07-19T14:00:00,Call,,No Response,No Response,,Low,
C003411,APT007429,PT00122,2026-07-29T19:00:00,SMS,"Haan theek hai, confirm kar do",Confirm,Confirm,,Low,
C003412,APT007430,PT00456,2026-06-05T19:00:00,Call,,No Response,No Response,,Low,
C003413,APT007433,PT00197,2026-08-06T20:30:00,SMS,"Haan theek hai, confirm kar do",Confirm,Confirm,,Low,
C003414,APT007436,PT00043,2026-07-02T13:00:00,SMS,"Haan theek hai, confirm kar do",Confirm,Confirm,,Low,
C003415,APT007440,PT00554,2026-07-13T16:15:00,SMS,Can we move to next week?,Reschedule,Reschedule,,Medium,
C003416,APT007442,PT01431,2026-08-13T12:00:00,SMS,"Kal thoda late ho jayega, Saturday kar sakte ho?",Reschedule,Reschedule,Saturday,High,Provider/patient running late
C003417,APT007444,PT00816,2026-07-30T08:00:00,WhatsApp,"Doctor visit hai usi din, reschedule possible?",Reschedule,Reschedule,,Medium,Conflicting doctor visit
C003418,APT007445,PT00836,2026-07-18T14:00:00,Call,Ok confirmed,Confirm,Confirm,,Low,
C003419,APT007446,PT01216,2026-08-04T15:00:00,SMS,,No Response,No Response,,Low,
C003420,APT007447,PT01165,2026-08-06T12:45:00,SMS,Ok confirmed,Confirm,Confirm,,Low,
C003421,APT007450,PT01353,2026-08-01T15:15:00,Call,"Kal thoda late ho jayega, Saturday kar sakte ho?",Reschedule,Reschedule,Saturday,High,Provider/patient running late
C003422,APT007451,PT00951,2026-06-05T18:15:00,WhatsApp,Can we move to next week?,Reschedule,Reschedule,,Medium,
C003423,APT007457,PT01955,2026-07-13T16:00:00,SMS,"Kal thoda late ho jayega, Saturday kar sakte ho?",Reschedule,Reschedule,Saturday,High,Provider/patient running late
C003424,APT007460,PT01373,2026-08-26T18:00:00,WhatsApp,Not needed this time,Cancel,Cancel,,Low,
C003425,APT007461,PT01568,2026-06-21T12:00:00,WhatsApp,"Haan theek hai, confirm kar do",Confirm,Confirm,,Low,
C003426,APT007462,PT00658,2026-06-02T15:30:00,Call,"Yes that works, see you then",Confirm,Confirm,,Low,
C003427,APT007465,PT00197,2026-06-21T16:30:00,SMS,,No Response,No Response,,Low,
C003428,APT007467,PT00670,2026-06-17T14:15:00,WhatsApp,"Haan theek hai, confirm kar do",Confirm,Confirm,,Low,
C003429,APT007468,PT01597,2026-07-26T16:00:00,SMS,Please cancel this visit,Cancel,Cancel,,Low,
C003430,APT007469,PT01941,2026-06-08T19:15:00,Call,"Yes that works, see you then",Confirm,Confirm,,Low,
C003431,APT007470,PT01068,2026-08-15T12:00:00,SMS,"Haan theek hai, confirm kar do",Confirm,Confirm,,Low,
C003432,APT007474,PT00652,2026-08-18T17:00:00,WhatsApp,Ok confirmed,Confirm,Confirm,,Low,
C003433,APT007475,PT00163,2026-08-12T16:45:00,SMS,Not needed this time,Cancel,Cancel,,Low,
C003434,APT007479,PT00875,2026-06-11T09:15:00,WhatsApp,"Haan theek hai, confirm kar do",Confirm,Confirm,,Low,
C003435,APT007480,PT00884,2026-08-01T12:30:00,Call,Is week cancel karna padega,Cancel,Cancel,,Low,
C003436,APT007481,PT01583,2026-07-18T10:30:00,WhatsApp,Please cancel this visit,Cancel,Cancel,,Low,
C003437,APT007483,PT01427,2026-08-01T11:30:00,Call,"Yes that works, see you then",Confirm,Confirm,,Low,
C003438,APT007484,PT01492,2026-08-20T08:30:00,Call,"Haan theek hai, confirm kar do",Confirm,Confirm,,Low,
C003439,APT007486,PT00456,2026-06-18T12:00:00,Call,,No Response,No Response,,Low,
C003440,APT007487,PT01398,2026-06-30T11:30:00,Call,,No Response,No Response,,Low,
C003441,APT007489,PT01923,2026-06-29T11:45:00,SMS,Can we move to next week?,Reschedule,Reschedule,,Medium,
C003442,APT007492,PT00327,2026-06-09T13:30:00,WhatsApp,,No Response,No Response,,Low,
C003443,APT007498,PT00902,2026-07-06T18:30:00,SMS,Can we move to next week?,Reschedule,Reschedule,,Medium,
C003444,APT007499,PT01583,2026-07-06T16:45:00,SMS,,No Response,No Response,,Low,
C003445,APT007504,PT00351,2026-07-12T19:15:00,WhatsApp,Can we move to next week?,Reschedule,Reschedule,,Medium,
C003446,APT007505,PT00645,2026-07-05T10:45:00,Call,"Kal thoda late ho jayega, Saturday kar sakte ho?",Reschedule,Reschedule,Saturday,High,Provider/patient running late
C003447,APT007506,PT00158,2026-08-03T12:15:00,Call,"Doctor visit hai usi din, reschedule possible?",Reschedule,Reschedule,,Medium,Conflicting doctor visit
C003448,APT007508,PT00911,2026-08-15T10:00:00,WhatsApp,,No Response,No Response,,Low,
C003449,APT007511,PT00496,2026-07-13T19:45:00,WhatsApp,"Yes that works, see you then",Confirm,Confirm,,Low,
C003450,APT007512,PT01913,2026-06-24T19:00:00,SMS,"Yes that works, see you then",Confirm,Confirm,,Low,
C003451,APT007513,PT01060,2026-08-02T08:00:00,Call,"Haan theek hai, confirm kar do",Confirm,Confirm,,Low,
C003452,APT007516,PT01625,2026-07-02T16:30:00,WhatsApp,"Yes that works, see you then",Confirm,Confirm,,Low,
C003453,APT007517,PT00112,2026-07-07T11:30:00,WhatsApp,"Haan theek hai, confirm kar do",Confirm,Confirm,,Low,
C003454,APT007518,PT01241,2026-08-24T17:00:00,WhatsApp,Can we move to next week?,Reschedule,Reschedule,,Medium,
C003455,APT007521,PT01965,2026-06-16T20:15:00,SMS,"Kal thoda late ho jayega, Saturday kar sakte ho?",Reschedule,Reschedule,Saturday,High,Provider/patient running late
C003456,APT007524,PT00320,2026-08-04T12:00:00,WhatsApp,"Haan theek hai, confirm kar do",Confirm,Confirm,,Low,
C003457,APT007525,PT01795,2026-07-02T14:30:00,Call,"Yes that works, see you then",Confirm,Confirm,,Low,
C003458,APT007527,PT01720,2026-07-11T09:45:00,Call,"Kal thoda late ho jayega, Saturday kar sakte ho?",Reschedule,Reschedule,Saturday,High,Provider/patient running late
C003459,APT007528,PT00047,2026-06-21T17:45:00,SMS,"Kal thoda late ho jayega, Saturday kar sakte ho?",Reschedule,Reschedule,Saturday,High,Provider/patient running late
C003460,APT007532,PT01908,2026-08-18T17:00:00,WhatsApp,,No Response,No Response,,Low,
C003461,APT007534,PT01360,2026-06-04T17:15:00,WhatsApp,Is week cancel karna padega,Cancel,Cancel,,Low,
C003462,APT007537,PT00337,2026-06-01T15:45:00,Call,"Kal thoda late ho jayega, Saturday kar sakte ho?",Reschedule,Reschedule,Saturday,High,Provider/patient running late
C003463,APT007538,PT00588,2026-07-01T15:15:00,SMS,"Kal thoda late ho jayega, Saturday kar sakte ho?",Reschedule,Reschedule,Saturday,High,Provider/patient running late
C003464,APT007540,PT00239,2026-06-20T15:45:00,SMS,"Kal thoda late ho jayega, Saturday kar sakte ho?",Reschedule,Reschedule,Saturday,High,Provider/patient running late
C003465,APT007543,PT00327,2026-06-06T15:15:00,WhatsApp,"Yes that works, see you then",Confirm,Confirm,,Low,
C003466,APT007544,PT00232,2026-08-13T17:30:00,Call,"Doctor visit hai usi din, reschedule possible?",Reschedule,Reschedule,,Medium,Conflicting doctor visit
C003467,APT007545,PT01934,2026-06-12T11:00:00,SMS,Is week cancel karna padega,Cancel,Cancel,,Low,
C003468,APT007547,PT01853,2026-08-01T15:30:00,Call,Ok confirmed,Confirm,Confirm,,Low,
C003469,APT007548,PT00305,2026-07-15T14:30:00,WhatsApp,Ok confirmed,Confirm,Confirm,,Low,
C003470,APT007549,PT00313,2026-08-14T17:45:00,WhatsApp,Ok confirmed,Confirm,Confirm,,Low,
C003471,APT007554,PT00948,2026-07-23T12:30:00,Call,Ok confirmed,Confirm,Confirm,,Low,
C003472,APT007558,PT00524,2026-06-23T19:00:00,SMS,Ok confirmed,Confirm,Confirm,,Low,
C003473,APT007559,PT01178,2026-07-25T12:00:00,WhatsApp,Ok confirmed,Confirm,Confirm,,Low,
C003474,APT007560,PT01799,2026-07-22T20:30:00,WhatsApp,"Yes that works, see you then",Confirm,Confirm,,Low,
C003475,APT007562,PT00738,2026-06-26T11:45:00,WhatsApp,,No Response,No Response,,Low,
C003476,APT007565,PT01168,2026-06-01T12:45:00,Call,"Haan theek hai, confirm kar do",Confirm,Confirm,,Low,
C003477,APT007566,PT00885,2026-07-23T20:30:00,Call,Ok confirmed,Confirm,Confirm,,Low,
C003478,APT007568,PT00113,2026-06-21T18:00:00,Call,Please cancel this visit,Cancel,Cancel,,Low,
C003479,APT007569,PT00629,2026-06-09T18:00:00,WhatsApp,"Kal thoda late ho jayega, Saturday kar sakte ho?",Reschedule,Reschedule,Saturday,High,Provider/patient running late
C003480,APT007570,PT00699,2026-07-29T15:15:00,SMS,"Yes that works, see you then",Confirm,Confirm,,Low,
C003481,APT007572,PT01032,2026-06-20T10:00:00,WhatsApp,Not needed this time,Cancel,Cancel,,Low,
C003482,APT007574,PT01058,2026-08-20T11:45:00,SMS,"Doctor visit hai usi din, reschedule possible?",Reschedule,Reschedule,,Medium,Conflicting doctor visit
C003483,APT007575,PT01064,2026-08-10T08:00:00,WhatsApp,"Yes that works, see you then",Confirm,Confirm,,Low,
C003484,APT007576,PT00452,2026-06-17T17:15:00,Call,"Yes that works, see you then",Confirm,Confirm,,Low,
C003485,APT007578,PT01961,2026-08-11T18:00:00,SMS,"Kal thoda late ho jayega, Saturday kar sakte ho?",Reschedule,Reschedule,Saturday,High,Provider/patient running late
C003486,APT007579,PT00549,2026-08-26T09:30:00,Call,Ok confirmed,Confirm,Confirm,,Low,
C003487,APT007580,PT00095,2026-06-02T18:45:00,WhatsApp,Not needed this time,Cancel,Cancel,,Low,
C003488,APT007581,PT01998,2026-07-30T09:15:00,SMS,"Doctor visit hai usi din, reschedule possible?",Reschedule,Reschedule,,Medium,Conflicting doctor visit
C003489,APT007582,PT01454,2026-08-09T14:30:00,SMS,Ok confirmed,Confirm,Confirm,,Low,
C003490,APT007583,PT01075,2026-07-09T13:30:00,Call,Can we move to next week?,Reschedule,Reschedule,,Medium,
C003491,APT007586,PT01548,2026-06-23T15:00:00,Call,"Yes that works, see you then",Confirm,Confirm,,Low,
C003492,APT007587,PT00465,2026-08-27T19:00:00,WhatsApp,Ok confirmed,Confirm,Confirm,,Low,
C003493,APT007591,PT00470,2026-06-16T11:30:00,WhatsApp,Ok confirmed,Confirm,Confirm,,Low,
C003494,APT007594,PT00476,2026-08-21T12:15:00,WhatsApp,,No Response,No Response,,Low,
C003495,APT007596,PT00121,2026-06-03T16:30:00,SMS,"Yes that works, see you then",Confirm,Confirm,,Low,
C003496,APT007598,PT01038,2026-08-12T14:15:00,Call,"Doctor visit hai usi din, reschedule possible?",Reschedule,Reschedule,,Medium,Conflicting doctor visit
C003497,APT007599,PT00758,2026-06-15T10:15:00,SMS,"Yes that works, see you then",Confirm,Confirm,,Low,
C003498,APT007600,PT00645,2026-08-18T09:45:00,Call,,No Response,No Response,,Low,
C003499,APT007603,PT00402,2026-06-02T15:30:00,WhatsApp,,No Response,No Response,,Low,
C003500,APT007604,PT01758,2026-06-07T15:00:00,SMS,Ok confirmed,Confirm,Confirm,,Low,
C003501,APT007609,PT01436,2026-06-23T10:00:00,SMS,"Yes that works, see you then",Confirm,Confirm,,Low,
C003502,APT007611,PT00793,2026-07-19T14:45:00,WhatsApp,,No Response,No Response,,Low,
C003503,APT007612,PT00688,2026-08-06T16:30:00,SMS,"Doctor visit hai usi din, reschedule possible?",Reschedule,Reschedule,,Medium,Conflicting doctor visit
C003504,APT007613,PT01200,2026-06-29T17:30:00,Call,,No Response,No Response,,Low,
C003505,APT007616,PT01676,2026-06-14T10:30:00,Call,Ok confirmed,Confirm,Confirm,,Low,
C003506,APT007620,PT00838,2026-06-07T08:00:00,Call,,No Response,No Response,,Low,
C003507,APT007622,PT01098,2026-07-09T16:00:00,SMS,"Haan theek hai, confirm kar do",Confirm,Confirm,,Low,
C003508,APT007623,PT01600,2026-06-03T13:45:00,Call,"Haan theek hai, confirm kar do",Confirm,Confirm,,Low,
C003509,APT007627,PT01947,2026-05-31T19:15:00,Call,Can we move to next week?,Reschedule,Reschedule,,Medium,
C003510,APT007629,PT01454,2026-06-29T20:15:00,WhatsApp,"Haan theek hai, confirm kar do",Confirm,Confirm,,Low,
C003511,APT007631,PT01781,2026-08-18T17:45:00,Call,Can we move to next week?,Reschedule,Reschedule,,Medium,
C003512,APT007639,PT00422,2026-07-16T18:00:00,WhatsApp,"Doctor visit hai usi din, reschedule possible?",Reschedule,Reschedule,,Medium,Conflicting doctor visit
C003513,APT007641,PT01598,2026-06-05T08:45:00,SMS,Can we move to next week?,Reschedule,Reschedule,,Medium,
C003514,APT007642,PT00082,2026-08-09T14:30:00,SMS,Is week cancel karna padega,Cancel,Cancel,,Low,
C003515,APT007644,PT00489,2026-06-01T08:45:00,Call,Ok confirmed,Confirm,Confirm,,Low,
C003516,APT007645,PT01184,2026-08-01T09:15:00,Call,Please cancel this visit,Cancel,Cancel,,Low,
C003517,APT007647,PT01718,2026-08-13T11:00:00,WhatsApp,,No Response,No Response,,Low,
C003518,APT007648,PT01746,2026-06-03T12:30:00,SMS,,No Response,No Response,,Low,
C003519,APT007650,PT00245,2026-08-03T11:00:00,SMS,"Kal thoda late ho jayega, Saturday kar sakte ho?",Reschedule,Reschedule,Saturday,High,Provider/patient running late
C003520,APT007651,PT00191,2026-07-21T11:15:00,WhatsApp,,No Response,No Response,,Low,
C003521,APT007652,PT00365,2026-07-21T14:30:00,WhatsApp,"Kal thoda late ho jayega, Saturday kar sakte ho?",Reschedule,Reschedule,Saturday,High,Provider/patient running late
C003522,APT007654,PT01707,2026-07-29T18:15:00,Call,Please cancel this visit,Cancel,Cancel,,Low,
C003523,APT007656,PT01048,2026-08-03T08:30:00,Call,,No Response,No Response,,Low,
C003524,APT007659,PT00499,2026-07-22T18:15:00,Call,Ok confirmed,Confirm,Confirm,,Low,
C003525,APT007662,PT00342,2026-06-22T14:15:00,Call,,No Response,No Response,,Low,
C003526,APT007665,PT01669,2026-08-17T13:15:00,Call,,No Response,No Response,,Low,
C003527,APT007669,PT00501,2026-08-27T12:30:00,WhatsApp,"Haan theek hai, confirm kar do",Confirm,Confirm,,Low,
C003528,APT007670,PT00046,2026-08-10T17:45:00,WhatsApp,"Yes that works, see you then",Confirm,Confirm,,Low,
C003529,APT007671,PT00624,2026-07-15T13:45:00,SMS,Can we move to next week?,Reschedule,Reschedule,,Medium,
C003530,APT007674,PT01222,2026-08-09T11:00:00,WhatsApp,Ok confirmed,Confirm,Confirm,,Low,
C003531,APT007677,PT00025,2026-08-19T11:30:00,WhatsApp,Please cancel this visit,Cancel,Cancel,,Low,
C003532,APT007678,PT01197,2026-07-10T12:45:00,WhatsApp,Not needed this time,Cancel,Cancel,,Low,
C003533,APT007679,PT00534,2026-06-26T20:30:00,WhatsApp,,No Response,No Response,,Low,
C003534,APT007680,PT00388,2026-06-12T15:30:00,WhatsApp,,No Response,No Response,,Low,
C003535,APT007682,PT01723,2026-07-31T17:00:00,Call,"Haan theek hai, confirm kar do",Confirm,Confirm,,Low,
C003536,APT007685,PT01328,2026-07-07T11:00:00,WhatsApp,Ok confirmed,Confirm,Confirm,,Low,
C003537,APT007688,PT01052,2026-06-22T09:15:00,Call,"Haan theek hai, confirm kar do",Confirm,Confirm,,Low,
C003538,APT007692,PT01173,2026-06-06T08:00:00,WhatsApp,"Yes that works, see you then",Confirm,Confirm,,Low,
C003539,APT007698,PT00589,2026-07-27T17:00:00,WhatsApp,"Yes that works, see you then",Confirm,Confirm,,Low,
C003540,APT007699,PT00698,2026-07-29T12:00:00,Call,"Haan theek hai, confirm kar do",Confirm,Confirm,,Low,
C003541,APT007700,PT01113,2026-06-23T15:00:00,Call,"Haan theek hai, confirm kar do",Confirm,Confirm,,Low,
C003542,APT007702,PT01823,2026-08-22T10:00:00,SMS,"Haan theek hai, confirm kar do",Confirm,Confirm,,Low,
C003543,APT007703,PT00758,2026-07-10T16:15:00,WhatsApp,Ok confirmed,Confirm,Confirm,,Low,
C003544,APT007704,PT00724,2026-08-15T17:00:00,SMS,"Yes that works, see you then",Confirm,Confirm,,Low,
C003545,APT007707,PT00831,2026-07-21T19:45:00,SMS,"Kal thoda late ho jayega, Saturday kar sakte ho?",Reschedule,Reschedule,Saturday,High,Provider/patient running late
C003546,APT007708,PT01607,2026-07-17T18:30:00,SMS,"Yes that works, see you then",Confirm,Confirm,,Low,
C003547,APT007709,PT00518,2026-08-20T09:15:00,WhatsApp,Can we move to next week?,Reschedule,Reschedule,,Medium,
C003548,APT007711,PT00039,2026-07-26T11:15:00,WhatsApp,Ok confirmed,Confirm,Confirm,,Low,
C003549,APT007712,PT00658,2026-08-16T20:15:00,Call,"Kal thoda late ho jayega, Saturday kar sakte ho?",Reschedule,Reschedule,Saturday,High,Provider/patient running late
C003550,APT007713,PT00368,2026-06-28T20:00:00,SMS,"Doctor visit hai usi din, reschedule possible?",Reschedule,Reschedule,,Medium,Conflicting doctor visit
C003551,APT007716,PT01678,2026-07-23T14:45:00,SMS,Not needed this time,Cancel,Cancel,,Low,
C003552,APT007717,PT01334,2026-08-24T14:30:00,SMS,,No Response,No Response,,Low,
C003553,APT007723,PT01951,2026-06-25T10:45:00,Call,"Doctor visit hai usi din, reschedule possible?",Reschedule,Reschedule,,Medium,Conflicting doctor visit
C003554,APT007725,PT00802,2026-06-08T08:15:00,Call,"Yes that works, see you then",Confirm,Confirm,,Low,
C003555,APT007726,PT01405,2026-06-14T18:30:00,SMS,Can we move to next week?,Reschedule,Reschedule,,Medium,
C003556,APT007728,PT00784,2026-08-03T11:45:00,Call,,No Response,No Response,,Low,
C003557,APT007733,PT00813,2026-08-24T15:00:00,WhatsApp,"Yes that works, see you then",Confirm,Confirm,,Low,
C003558,APT007734,PT00180,2026-06-16T19:45:00,SMS,Please cancel this visit,Cancel,Cancel,,Low,
C003559,APT007735,PT01649,2026-08-11T20:00:00,Call,"Doctor visit hai usi din, reschedule possible?",Reschedule,Reschedule,,Medium,Conflicting doctor visit
C003560,APT007736,PT00754,2026-06-08T15:30:00,Call,"Haan theek hai, confirm kar do",Confirm,Confirm,,Low,
C003561,APT007737,PT00769,2026-06-08T12:15:00,Call,"Yes that works, see you then",Confirm,Confirm,,Low,
C003562,APT007739,PT00558,2026-06-22T13:00:00,SMS,Not needed this time,Cancel,Cancel,,Low,
C003563,APT007740,PT01979,2026-06-20T09:00:00,Call,Ok confirmed,Confirm,Confirm,,Low,
C003564,APT007746,PT01228,2026-07-24T14:45:00,SMS,Can we move to next week?,Reschedule,Reschedule,,Medium,
C003565,APT007748,PT00403,2026-07-05T12:30:00,SMS,"Yes that works, see you then",Confirm,Confirm,,Low,
C003566,APT007749,PT01755,2026-07-18T09:15:00,Call,Please cancel this visit,Cancel,Cancel,,Low,
C003567,APT007751,PT01829,2026-06-07T16:15:00,WhatsApp,Can we move to next week?,Reschedule,Reschedule,,Medium,
C003568,APT007752,PT00646,2026-07-15T10:30:00,SMS,"Kal thoda late ho jayega, Saturday kar sakte ho?",Reschedule,Reschedule,Saturday,High,Provider/patient running late
C003569,APT007753,PT00876,2026-07-24T20:30:00,WhatsApp,,No Response,No Response,,Low,
C003570,APT007755,PT00551,2026-06-02T20:00:00,WhatsApp,"Haan theek hai, confirm kar do",Confirm,Confirm,,Low,
C003571,APT007756,PT00148,2026-08-07T13:45:00,Call,Ok confirmed,Confirm,Confirm,,Low,
C003572,APT007757,PT01276,2026-08-12T19:45:00,Call,Please cancel this visit,Cancel,Cancel,,Low,
C003573,APT007758,PT01206,2026-07-10T15:00:00,WhatsApp,"Doctor visit hai usi din, reschedule possible?",Reschedule,Reschedule,,Medium,Conflicting doctor visit
C003574,APT007760,PT00842,2026-08-06T12:45:00,Call,,No Response,No Response,,Low,
C003575,APT007765,PT00097,2026-08-18T09:30:00,WhatsApp,"Kal thoda late ho jayega, Saturday kar sakte ho?",Reschedule,Reschedule,Saturday,High,Provider/patient running late
C003576,APT007766,PT01448,2026-07-28T09:15:00,Call,"Doctor visit hai usi din, reschedule possible?",Reschedule,Reschedule,,Medium,Conflicting doctor visit
C003577,APT007767,PT01970,2026-08-21T17:15:00,Call,,No Response,No Response,,Low,
C003578,APT007768,PT01179,2026-07-18T12:30:00,Call,"Yes that works, see you then",Confirm,Confirm,,Low,
C003579,APT007769,PT00194,2026-07-25T11:30:00,SMS,,No Response,No Response,,Low,
C003580,APT007772,PT00024,2026-07-12T19:30:00,Call,"Haan theek hai, confirm kar do",Confirm,Confirm,,Low,
C003581,APT007773,PT01441,2026-08-26T09:00:00,Call,"Yes that works, see you then",Confirm,Confirm,,Low,
C003582,APT007774,PT01357,2026-08-25T13:45:00,Call,"Haan theek hai, confirm kar do",Confirm,Confirm,,Low,
C003583,APT007779,PT00719,2026-06-14T18:30:00,Call,"Haan theek hai, confirm kar do",Confirm,Confirm,,Low,
C003584,APT007785,PT00238,2026-07-29T08:00:00,WhatsApp,Ok confirmed,Confirm,Confirm,,Low,
C003585,APT007786,PT00501,2026-07-05T10:30:00,Call,,No Response,No Response,,Low,
C003586,APT007788,PT01912,2026-07-26T19:45:00,SMS,Ok confirmed,Confirm,Confirm,,Low,
C003587,APT007789,PT00394,2026-07-24T13:00:00,WhatsApp,"Doctor visit hai usi din, reschedule possible?",Reschedule,Reschedule,,Medium,Conflicting doctor visit
C003588,APT007790,PT00796,2026-06-16T09:30:00,WhatsApp,,No Response,No Response,,Low,
C003589,APT007791,PT01901,2026-07-29T14:15:00,SMS,,No Response,No Response,,Low,
C003590,APT007792,PT00409,2026-07-10T16:15:00,Call,"Haan theek hai, confirm kar do",Confirm,Confirm,,Low,
C003591,APT007793,PT00900,2026-06-22T17:00:00,WhatsApp,Ok confirmed,Confirm,Confirm,,Low,
C003592,APT007799,PT00093,2026-08-27T13:00:00,SMS,"Kal thoda late ho jayega, Saturday kar sakte ho?",Reschedule,Reschedule,Saturday,High,Provider/patient running late
C003593,APT007802,PT01990,2026-06-26T09:30:00,SMS,"Haan theek hai, confirm kar do",Confirm,Confirm,,Low,
C003594,APT007803,PT00772,2026-08-14T19:15:00,WhatsApp,Ok confirmed,Confirm,Confirm,,Low,
C003595,APT007804,PT01288,2026-07-03T13:45:00,Call,"Kal thoda late ho jayega, Saturday kar sakte ho?",Reschedule,Reschedule,Saturday,High,Provider/patient running late
C003596,APT007806,PT01247,2026-07-30T20:15:00,SMS,"Yes that works, see you then",Confirm,Confirm,,Low,
C003597,APT007808,PT01616,2026-06-04T18:15:00,WhatsApp,"Haan theek hai, confirm kar do",Confirm,Confirm,,Low,
C003598,APT007812,PT01710,2026-07-07T15:45:00,Call,"Haan theek hai, confirm kar do",Confirm,Confirm,,Low,
C003599,APT007815,PT00150,2026-06-07T15:45:00,Call,Ok confirmed,Confirm,Confirm,,Low,
C003600,APT007816,PT01183,2026-07-01T08:45:00,Call,Is week cancel karna padega,Cancel,Cancel,,Low,
C003601,APT007823,PT00198,2026-06-23T12:00:00,SMS,"Doctor visit hai usi din, reschedule possible?",Reschedule,Reschedule,,Medium,Conflicting doctor visit
C003602,APT007828,PT01193,2026-07-22T19:00:00,Call,Can we move to next week?,Reschedule,Reschedule,,Medium,
C003603,APT007834,PT01122,2026-08-22T09:45:00,Call,Please cancel this visit,Cancel,Cancel,,Low,
C003604,APT007837,PT01729,2026-06-19T18:15:00,WhatsApp,"Yes that works, see you then",Confirm,Confirm,,Low,
C003605,APT007839,PT00021,2026-08-09T13:45:00,WhatsApp,Ok confirmed,Confirm,Confirm,,Low,
C003606,APT007840,PT00579,2026-08-28T12:00:00,SMS,"Yes that works, see you then",Confirm,Confirm,,Low,
C003607,APT007841,PT00857,2026-08-17T19:30:00,WhatsApp,"Yes that works, see you then",Confirm,Confirm,,Low,
C003608,APT007842,PT01981,2026-07-19T20:30:00,WhatsApp,"Yes that works, see you then",Confirm,Confirm,,Low,
C003609,APT007845,PT00656,2026-08-05T15:00:00,Call,Can we move to next week?,Reschedule,Reschedule,,Medium,
C003610,APT007851,PT00105,2026-08-03T16:00:00,Call,"Yes that works, see you then",Confirm,Confirm,,Low,
C003611,APT007852,PT01368,2026-07-01T16:15:00,Call,Is week cancel karna padega,Cancel,Cancel,,Low,
C003612,APT007854,PT01260,2026-07-02T15:30:00,Call,"Yes that works, see you then",Confirm,Confirm,,Low,
C003613,APT007858,PT00633,2026-06-11T10:00:00,SMS,Can we move to next week?,Reschedule,Reschedule,,Medium,
C003614,APT007859,PT00434,2026-06-23T15:00:00,WhatsApp,Ok confirmed,Confirm,Confirm,,Low,
C003615,APT007860,PT00583,2026-08-23T20:00:00,Call,Can we move to next week?,Reschedule,Reschedule,,Medium,
C003616,APT007861,PT01058,2026-06-29T13:00:00,Call,Ok confirmed,Confirm,Confirm,,Low,
C003617,APT007863,PT01083,2026-07-04T15:45:00,Call,"Yes that works, see you then",Confirm,Confirm,,Low,
C003618,APT007865,PT00511,2026-06-28T08:00:00,WhatsApp,"Yes that works, see you then",Confirm,Confirm,,Low,
C003619,APT007867,PT01274,2026-07-06T14:45:00,WhatsApp,"Haan theek hai, confirm kar do",Confirm,Confirm,,Low,
C003620,APT007870,PT00027,2026-06-09T12:00:00,SMS,Is week cancel karna padega,Cancel,Cancel,,Low,
C003621,APT007871,PT00573,2026-08-10T13:45:00,WhatsApp,"Kal thoda late ho jayega, Saturday kar sakte ho?",Reschedule,Reschedule,Saturday,High,Provider/patient running late
C003622,APT007875,PT00122,2026-07-12T20:00:00,Call,Is week cancel karna padega,Cancel,Cancel,,Low,
C003623,APT007877,PT00361,2026-08-05T13:15:00,Call,,No Response,No Response,,Low,
C003624,APT007878,PT01420,2026-06-22T12:30:00,Call,Is week cancel karna padega,Cancel,Cancel,,Low,
C003625,APT007882,PT00956,2026-07-24T10:45:00,Call,,No Response,No Response,,Low,
C003626,APT007888,PT01246,2026-07-04T17:00:00,WhatsApp,"Haan theek hai, confirm kar do",Confirm,Confirm,,Low,
C003627,APT007891,PT01003,2026-07-25T17:15:00,SMS,,No Response,No Response,,Low,
C003628,APT007892,PT00302,2026-07-20T17:00:00,WhatsApp,"Kal thoda late ho jayega, Saturday kar sakte ho?",Reschedule,Reschedule,Saturday,High,Provider/patient running late
C003629,APT007897,PT00391,2026-06-04T19:45:00,Call,"Haan theek hai, confirm kar do",Confirm,Confirm,,Low,
C003630,APT007902,PT00166,2026-06-25T18:45:00,SMS,"Haan theek hai, confirm kar do",Confirm,Confirm,,Low,
C003631,APT007904,PT00734,2026-06-12T15:30:00,Call,"Yes that works, see you then",Confirm,Confirm,,Low,
C003632,APT007905,PT00600,2026-06-14T15:45:00,WhatsApp,,No Response,No Response,,Low,
C003633,APT007906,PT01925,2026-06-16T16:15:00,SMS,"Haan theek hai, confirm kar do",Confirm,Confirm,,Low,
C003634,APT007907,PT01547,2026-06-08T17:15:00,WhatsApp,"Kal thoda late ho jayega, Saturday kar sakte ho?",Reschedule,Reschedule,Saturday,High,Provider/patient running late
C003635,APT007912,PT01173,2026-08-28T10:15:00,Call,Ok confirmed,Confirm,Confirm,,Low,
C003636,APT007914,PT01760,2026-07-21T09:45:00,SMS,"Haan theek hai, confirm kar do",Confirm,Confirm,,Low,
C003637,APT007915,PT00256,2026-07-24T11:15:00,SMS,Ok confirmed,Confirm,Confirm,,Low,
C003638,APT007917,PT00239,2026-06-07T12:30:00,Call,Please cancel this visit,Cancel,Cancel,,Low,
C003639,APT007918,PT00093,2026-06-25T08:45:00,WhatsApp,"Haan theek hai, confirm kar do",Confirm,Confirm,,Low,
C003640,APT007919,PT01649,2026-08-04T10:45:00,WhatsApp,,No Response,No Response,,Low,
C003641,APT007920,PT01469,2026-07-29T13:30:00,Call,Can we move to next week?,Reschedule,Reschedule,,Medium,
C003642,APT007921,PT01677,2026-07-18T12:45:00,WhatsApp,,No Response,No Response,,Low,
C003643,APT007929,PT01333,2026-07-19T17:30:00,SMS,"Haan theek hai, confirm kar do",Confirm,Confirm,,Low,
C003644,APT007933,PT01150,2026-08-02T17:45:00,SMS,,No Response,No Response,,Low,
C003645,APT007935,PT01767,2026-08-02T18:00:00,WhatsApp,Ok confirmed,Confirm,Confirm,,Low,
C003646,APT007937,PT00056,2026-06-04T13:30:00,WhatsApp,Ok confirmed,Confirm,Confirm,,Low,
C003647,APT007940,PT00537,2026-06-23T14:30:00,WhatsApp,Ok confirmed,Confirm,Confirm,,Low,
C003648,APT007941,PT01889,2026-06-15T11:00:00,SMS,Is week cancel karna padega,Cancel,Cancel,,Low,
C003649,APT007942,PT00541,2026-06-15T10:30:00,SMS,,No Response,No Response,,Low,
C003650,APT007945,PT00832,2026-07-19T11:15:00,SMS,Ok confirmed,Confirm,Confirm,,Low,
C003651,APT007946,PT01483,2026-07-22T18:30:00,WhatsApp,"Kal thoda late ho jayega, Saturday kar sakte ho?",Reschedule,Reschedule,Saturday,High,Provider/patient running late
C003652,APT007949,PT00531,2026-08-14T16:30:00,SMS,"Yes that works, see you then",Confirm,Confirm,,Low,
C003653,APT007950,PT01582,2026-08-16T15:15:00,SMS,"Haan theek hai, confirm kar do",Confirm,Confirm,,Low,
C003654,APT007951,PT00476,2026-07-10T18:00:00,WhatsApp,"Haan theek hai, confirm kar do",Confirm,Confirm,,Low,
C003655,APT007953,PT01155,2026-07-08T14:00:00,SMS,"Haan theek hai, confirm kar do",Confirm,Confirm,,Low,
C003656,APT007955,PT00681,2026-07-09T16:15:00,WhatsApp,Is week cancel karna padega,Cancel,Cancel,,Low,
C003657,APT007957,PT01034,2026-07-13T19:00:00,SMS,,No Response,No Response,,Low,
C003658,APT007960,PT01064,2026-08-26T11:15:00,WhatsApp,,No Response,No Response,,Low,
C003659,APT007962,PT01513,2026-08-27T12:00:00,SMS,,No Response,No Response,,Low,
C003660,APT007964,PT00912,2026-06-12T20:30:00,WhatsApp,,No Response,No Response,,Low,
C003661,APT007966,PT01166,2026-06-22T10:30:00,WhatsApp,Can we move to next week?,Reschedule,Reschedule,,Medium,
C003662,APT007968,PT00005,2026-07-29T16:45:00,Call,"Haan theek hai, confirm kar do",Confirm,Confirm,,Low,
C003663,APT007975,PT00358,2026-06-22T08:00:00,Call,"Doctor visit hai usi din, reschedule possible?",Reschedule,Reschedule,,Medium,Conflicting doctor visit
C003664,APT007986,PT01534,2026-08-27T15:00:00,SMS,Please cancel this visit,Cancel,Cancel,,Low,
C003665,APT007987,PT00869,2026-06-20T20:15:00,WhatsApp,,No Response,No Response,,Low,
C003666,APT007988,PT01769,2026-08-28T12:15:00,Call,,No Response,No Response,,Low,
C003667,APT007989,PT00220,2026-08-17T20:00:00,Call,"Yes that works, see you then",Confirm,Confirm,,Low,
C003668,APT007993,PT00772,2026-07-28T20:45:00,WhatsApp,,No Response,No Response,,Low,
C003669,APT007994,PT00729,2026-07-27T16:15:00,SMS,Ok confirmed,Confirm,Confirm,,Low,
C003670,APT007997,PT01022,2026-06-27T10:45:00,WhatsApp,Not needed this time,Cancel,Cancel,,Low,
C003671,APT008000,PT01615,2026-08-01T08:30:00,WhatsApp,Ok confirmed,Confirm,Confirm,,Low,
C003672,APT008003,PT01549,2026-06-21T09:30:00,SMS,"Haan theek hai, confirm kar do",Confirm,Confirm,,Low,
C003673,APT008005,PT00251,2026-08-16T08:45:00,Call,"Haan theek hai, confirm kar do",Confirm,Confirm,,Low,
C003674,APT008006,PT01787,2026-06-17T11:30:00,Call,"Doctor visit hai usi din, reschedule possible?",Reschedule,Reschedule,,Medium,Conflicting doctor visit
C003675,APT008007,PT00262,2026-06-08T09:15:00,Call,Is week cancel karna padega,Cancel,Cancel,,Low,
C003676,APT008008,PT01523,2026-07-10T15:15:00,Call,"Haan theek hai, confirm kar do",Confirm,Confirm,,Low,
C003677,APT008010,PT00047,2026-08-09T08:15:00,Call,Ok confirmed,Confirm,Confirm,,Low,
C003678,APT008011,PT01546,2026-07-05T18:15:00,Call,"Haan theek hai, confirm kar do",Confirm,Confirm,,Low,
C003679,APT008014,PT01130,2026-07-10T10:45:00,WhatsApp,"Haan theek hai, confirm kar do",Confirm,Confirm,,Low,
C003680,APT008015,PT01346,2026-08-24T12:45:00,WhatsApp,"Kal thoda late ho jayega, Saturday kar sakte ho?",Reschedule,Reschedule,Saturday,High,Provider/patient running late
C003681,APT008017,PT01207,2026-07-04T08:45:00,WhatsApp,Ok confirmed,Confirm,Confirm,,Low,
C003682,APT008019,PT01230,2026-07-24T09:15:00,SMS,"Yes that works, see you then",Confirm,Confirm,,Low,
C003683,APT008020,PT01456,2026-07-04T17:00:00,Call,"Doctor visit hai usi din, reschedule possible?",Reschedule,Reschedule,,Medium,Conflicting doctor visit
C003684,APT008023,PT00582,2026-07-08T12:45:00,Call,,No Response,No Response,,Low,
C003685,APT008024,PT00347,2026-07-27T17:15:00,Call,Not needed this time,Cancel,Cancel,,Low,
C003686,APT008025,PT00373,2026-07-27T18:00:00,WhatsApp,,No Response,No Response,,Low,
C003687,APT008029,PT00656,2026-06-08T08:00:00,Call,"Kal thoda late ho jayega, Saturday kar sakte ho?",Reschedule,Reschedule,Saturday,High,Provider/patient running late
C003688,APT008030,PT00673,2026-07-23T09:30:00,SMS,,No Response,No Response,,Low,
C003689,APT008033,PT01677,2026-06-10T11:30:00,Call,"Haan theek hai, confirm kar do",Confirm,Confirm,,Low,
C003690,APT008036,PT00709,2026-08-04T12:15:00,Call,,No Response,No Response,,Low,
C003691,APT008038,PT01262,2026-07-21T16:30:00,SMS,Please cancel this visit,Cancel,Cancel,,Low,
C003692,APT008039,PT00432,2026-08-09T15:00:00,SMS,Ok confirmed,Confirm,Confirm,,Low,
C003693,APT008041,PT00932,2026-06-05T12:15:00,WhatsApp,"Doctor visit hai usi din, reschedule possible?",Reschedule,Reschedule,,Medium,Conflicting doctor visit
C003694,APT008042,PT01014,2026-05-31T18:00:00,Call,Ok confirmed,Confirm,Confirm,,Low,
C003695,APT008043,PT01097,2026-08-11T08:00:00,Call,"Haan theek hai, confirm kar do",Confirm,Confirm,,Low,
C003696,APT008047,PT00942,2026-07-01T10:45:00,WhatsApp,,No Response,No Response,,Low,
C003697,APT008050,PT01622,2026-08-10T15:30:00,WhatsApp,"Haan theek hai, confirm kar do",Confirm,Confirm,,Low,
C003698,APT008052,PT00480,2026-06-15T13:00:00,Call,,No Response,No Response,,Low,
C003699,APT008054,PT00257,2026-06-09T20:00:00,WhatsApp,"Kal thoda late ho jayega, Saturday kar sakte ho?",Reschedule,Reschedule,Saturday,High,Provider/patient running late
C003700,APT008057,PT01065,2026-07-29T18:15:00,Call,"Haan theek hai, confirm kar do",Confirm,Confirm,,Low,
C003701,APT008058,PT00870,2026-06-08T15:00:00,Call,"Doctor visit hai usi din, reschedule possible?",Reschedule,Reschedule,,Medium,Conflicting doctor visit
C003702,APT008059,PT00510,2026-06-27T18:00:00,WhatsApp,Ok confirmed,Confirm,Confirm,,Low,
C003703,APT008061,PT01011,2026-06-15T18:15:00,SMS,"Yes that works, see you then",Confirm,Confirm,,Low,
C003704,APT008062,PT00547,2026-06-03T16:30:00,WhatsApp,"Yes that works, see you then",Confirm,Confirm,,Low,
C003705,APT008067,PT01560,2026-08-18T12:15:00,Call,"Yes that works, see you then",Confirm,Confirm,,Low,
C003706,APT008070,PT00718,2026-08-21T11:00:00,WhatsApp,"Doctor visit hai usi din, reschedule possible?",Reschedule,Reschedule,,Medium,Conflicting doctor visit
C003707,APT008071,PT01168,2026-06-14T10:00:00,Call,"Kal thoda late ho jayega, Saturday kar sakte ho?",Reschedule,Reschedule,Saturday,High,Provider/patient running late
C003708,APT008076,PT00090,2026-07-30T15:15:00,WhatsApp,"Haan theek hai, confirm kar do",Confirm,Confirm,,Low,
C003709,APT008077,PT00635,2026-08-17T13:15:00,Call,"Yes that works, see you then",Confirm,Confirm,,Low,
C003710,APT008079,PT01423,2026-08-03T12:15:00,Call,"Doctor visit hai usi din, reschedule possible?",Reschedule,Reschedule,,Medium,Conflicting doctor visit
C003711,APT008081,PT01353,2026-07-08T17:45:00,SMS,Ok confirmed,Confirm,Confirm,,Low,
C003712,APT008084,PT01745,2026-07-04T08:00:00,SMS,"Doctor visit hai usi din, reschedule possible?",Reschedule,Reschedule,,Medium,Conflicting doctor visit
C003713,APT008086,PT01172,2026-08-15T11:00:00,WhatsApp,"Doctor visit hai usi din, reschedule possible?",Reschedule,Reschedule,,Medium,Conflicting doctor visit
C003714,APT008087,PT01683,2026-06-18T11:45:00,WhatsApp,"Yes that works, see you then",Confirm,Confirm,,Low,
C003715,APT008094,PT00783,2026-07-21T13:45:00,Call,"Haan theek hai, confirm kar do",Confirm,Confirm,,Low,
C003716,APT008096,PT01270,2026-07-23T13:00:00,SMS,Is week cancel karna padega,Cancel,Cancel,,Low,
C003717,APT008097,PT00296,2026-07-01T18:00:00,SMS,"Yes that works, see you then",Confirm,Confirm,,Low,
C003718,APT008098,PT01748,2026-06-19T17:45:00,WhatsApp,Not needed this time,Cancel,Cancel,,Low,
C003719,APT008102,PT00916,2026-08-14T17:30:00,WhatsApp,"Yes that works, see you then",Confirm,Confirm,,Low,
C003720,APT008104,PT00284,2026-07-17T10:00:00,SMS,Ok confirmed,Confirm,Confirm,,Low,
C003721,APT008107,PT00227,2026-07-18T18:45:00,SMS,Ok confirmed,Confirm,Confirm,,Low,
C003722,APT008108,PT00078,2026-07-25T19:15:00,WhatsApp,Can we move to next week?,Reschedule,Reschedule,,Medium,
C003723,APT008112,PT00698,2026-06-08T13:30:00,SMS,"Doctor visit hai usi din, reschedule possible?",Reschedule,Reschedule,,Medium,Conflicting doctor visit
C003724,APT008113,PT00315,2026-07-27T13:45:00,SMS,Is week cancel karna padega,Cancel,Cancel,,Low,
C003725,APT008115,PT00475,2026-07-23T17:15:00,WhatsApp,"Kal thoda late ho jayega, Saturday kar sakte ho?",Reschedule,Reschedule,Saturday,High,Provider/patient running late
C003726,APT008117,PT01813,2026-07-11T16:00:00,SMS,,No Response,No Response,,Low,
C003727,APT008120,PT01667,2026-08-22T15:45:00,Call,Ok confirmed,Confirm,Confirm,,Low,
C003728,APT008124,PT01797,2026-07-10T15:30:00,Call,Not needed this time,Cancel,Cancel,,Low,
C003729,APT008127,PT00384,2026-08-11T20:00:00,SMS,"Yes that works, see you then",Confirm,Confirm,,Low,
C003730,APT008128,PT01173,2026-06-22T09:30:00,SMS,,No Response,No Response,,Low,
C003731,APT008132,PT01026,2026-08-21T10:00:00,WhatsApp,Ok confirmed,Confirm,Confirm,,Low,
C003732,APT008133,PT01865,2026-06-23T13:00:00,Call,Ok confirmed,Confirm,Confirm,,Low,
C003733,APT008135,PT00481,2026-08-12T09:30:00,Call,"Doctor visit hai usi din, reschedule possible?",Reschedule,Reschedule,,Medium,Conflicting doctor visit
C003734,APT008137,PT00273,2026-08-15T10:00:00,SMS,"Yes that works, see you then",Confirm,Confirm,,Low,
C003735,APT008139,PT00426,2026-06-14T16:15:00,Call,,No Response,No Response,,Low,
C003736,APT008140,PT00650,2026-06-17T16:00:00,Call,"Haan theek hai, confirm kar do",Confirm,Confirm,,Low,
C003737,APT008141,PT01661,2026-07-04T12:45:00,SMS,"Doctor visit hai usi din, reschedule possible?",Reschedule,Reschedule,,Medium,Conflicting doctor visit
C003738,APT008142,PT00922,2026-08-13T10:45:00,Call,Ok confirmed,Confirm,Confirm,,Low,
C003739,APT008143,PT00576,2026-06-24T19:15:00,WhatsApp,,No Response,No Response,,Low,
C003740,APT008144,PT01105,2026-07-06T11:30:00,Call,Ok confirmed,Confirm,Confirm,,Low,
C003741,APT008145,PT00203,2026-06-22T12:00:00,SMS,"Haan theek hai, confirm kar do",Confirm,Confirm,,Low,
C003742,APT008147,PT00629,2026-08-02T17:15:00,SMS,"Yes that works, see you then",Confirm,Confirm,,Low,
C003743,APT008149,PT00552,2026-07-19T19:15:00,WhatsApp,"Doctor visit hai usi din, reschedule possible?",Reschedule,Reschedule,,Medium,Conflicting doctor visit
C003744,APT008150,PT00068,2026-07-01T16:15:00,Call,"Haan theek hai, confirm kar do",Confirm,Confirm,,Low,
C003745,APT008151,PT01898,2026-07-29T18:45:00,Call,"Yes that works, see you then",Confirm,Confirm,,Low,
C003746,APT008157,PT01440,2026-07-13T11:00:00,Call,Ok confirmed,Confirm,Confirm,,Low,
C003747,APT008158,PT00740,2026-07-21T11:30:00,WhatsApp,"Doctor visit hai usi din, reschedule possible?",Reschedule,Reschedule,,Medium,Conflicting doctor visit
C003748,APT008159,PT00141,2026-08-07T17:45:00,SMS,"Doctor visit hai usi din, reschedule possible?",Reschedule,Reschedule,,Medium,Conflicting doctor visit
C003749,APT008161,PT00827,2026-06-28T16:00:00,Call,,No Response,No Response,,Low,
C003750,APT008162,PT01787,2026-07-07T19:00:00,WhatsApp,Ok confirmed,Confirm,Confirm,,Low,
C003751,APT008164,PT01399,2026-08-05T15:30:00,WhatsApp,Not needed this time,Cancel,Cancel,,Low,
C003752,APT008165,PT01800,2026-07-30T08:45:00,SMS,Can we move to next week?,Reschedule,Reschedule,,Medium,
C003753,APT008166,PT00341,2026-06-11T20:00:00,SMS,,No Response,No Response,,Low,
C003754,APT008168,PT01127,2026-06-28T19:15:00,SMS,"Haan theek hai, confirm kar do",Confirm,Confirm,,Low,
C003755,APT008169,PT00611,2026-08-10T08:00:00,SMS,Is week cancel karna padega,Cancel,Cancel,,Low,
C003756,APT008172,PT01943,2026-08-02T12:15:00,Call,"Haan theek hai, confirm kar do",Confirm,Confirm,,Low,
C003757,APT008176,PT01143,2026-06-28T14:00:00,Call,Can we move to next week?,Reschedule,Reschedule,,Medium,
C003758,APT008177,PT00531,2026-08-28T17:30:00,Call,,No Response,No Response,,Low,
C003759,APT008178,PT01986,2026-08-03T10:15:00,SMS,,No Response,No Response,,Low,
C003760,APT008179,PT01248,2026-08-15T09:00:00,SMS,,No Response,No Response,,Low,
C003761,APT008180,PT00975,2026-06-13T09:15:00,Call,Ok confirmed,Confirm,Confirm,,Low,
C003762,APT008182,PT00478,2026-06-03T19:30:00,Call,Can we move to next week?,Reschedule,Reschedule,,Medium,
C003763,APT008185,PT00405,2026-08-22T13:00:00,SMS,,No Response,No Response,,Low,
C003764,APT008187,PT00158,2026-06-04T11:00:00,WhatsApp,Ok confirmed,Confirm,Confirm,,Low,
C003765,APT008188,PT01973,2026-06-11T10:30:00,Call,Is week cancel karna padega,Cancel,Cancel,,Low,
C003766,APT008191,PT01324,2026-08-22T12:00:00,Call,Is week cancel karna padega,Cancel,Cancel,,Low,
C003767,APT008192,PT01194,2026-07-18T18:15:00,SMS,"Yes that works, see you then",Confirm,Confirm,,Low,
C003768,APT008193,PT01437,2026-07-07T16:15:00,WhatsApp,"Kal thoda late ho jayega, Saturday kar sakte ho?",Reschedule,Reschedule,Saturday,High,Provider/patient running late
C003769,APT008198,PT01123,2026-06-15T14:15:00,Call,"Doctor visit hai usi din, reschedule possible?",Reschedule,Reschedule,,Medium,Conflicting doctor visit
C003770,APT008204,PT01859,2026-07-22T17:00:00,WhatsApp,"Doctor visit hai usi din, reschedule possible?",Reschedule,Reschedule,,Medium,Conflicting doctor visit
C003771,APT008205,PT00904,2026-07-26T18:30:00,SMS,,No Response,No Response,,Low,
C003772,APT008207,PT01872,2026-07-29T17:00:00,SMS,,No Response,No Response,,Low,
C003773,APT008208,PT00225,2026-05-30T17:45:00,SMS,Ok confirmed,Confirm,Confirm,,Low,
C003774,APT008209,PT01520,2026-08-19T16:15:00,Call,"Kal thoda late ho jayega, Saturday kar sakte ho?",Reschedule,Reschedule,Saturday,High,Provider/patient running late
C003775,APT008213,PT01145,2026-07-21T18:45:00,WhatsApp,,No Response,No Response,,Low,
C003776,APT008214,PT01111,2026-06-19T17:15:00,Call,Can we move to next week?,Reschedule,Reschedule,,Medium,
C003777,APT008215,PT00723,2026-08-07T10:30:00,Call,Ok confirmed,Confirm,Confirm,,Low,
C003778,APT008216,PT00763,2026-07-09T11:15:00,Call,"Kal thoda late ho jayega, Saturday kar sakte ho?",Reschedule,Reschedule,Saturday,High,Provider/patient running late
C003779,APT008217,PT00001,2026-06-06T10:00:00,Call,"Doctor visit hai usi din, reschedule possible?",Reschedule,Reschedule,,Medium,Conflicting doctor visit
C003780,APT008219,PT00590,2026-06-25T14:30:00,SMS,Not needed this time,Cancel,Cancel,,Low,
C003781,APT008220,PT01185,2026-06-19T15:45:00,Call,"Haan theek hai, confirm kar do",Confirm,Confirm,,Low,
C003782,APT008221,PT00030,2026-08-13T18:45:00,SMS,Ok confirmed,Confirm,Confirm,,Low,
C003783,APT008223,PT00596,2026-06-20T11:15:00,SMS,Ok confirmed,Confirm,Confirm,,Low,
C003784,APT008224,PT00395,2026-06-20T18:30:00,SMS,,No Response,No Response,,Low,
C003785,APT008225,PT00488,2026-06-17T19:15:00,WhatsApp,,No Response,No Response,,Low,
C003786,APT008226,PT00832,2026-05-30T08:45:00,WhatsApp,"Doctor visit hai usi din, reschedule possible?",Reschedule,Reschedule,,Medium,Conflicting doctor visit
C003787,APT008227,PT00885,2026-08-10T19:45:00,SMS,Can we move to next week?,Reschedule,Reschedule,,Medium,
C003788,APT008228,PT00500,2026-08-27T19:00:00,SMS,"Kal thoda late ho jayega, Saturday kar sakte ho?",Reschedule,Reschedule,Saturday,High,Provider/patient running late
C003789,APT008229,PT00726,2026-06-06T10:00:00,Call,"Kal thoda late ho jayega, Saturday kar sakte ho?",Reschedule,Reschedule,Saturday,High,Provider/patient running late
C003790,APT008230,PT01278,2026-08-08T19:00:00,WhatsApp,Not needed this time,Cancel,Cancel,,Low,
C003791,APT008231,PT01075,2026-07-12T20:00:00,Call,Can we move to next week?,Reschedule,Reschedule,,Medium,
C003792,APT008233,PT01857,2026-08-04T15:00:00,WhatsApp,"Haan theek hai, confirm kar do",Confirm,Confirm,,Low,
C003793,APT008236,PT00393,2026-07-05T14:15:00,WhatsApp,,No Response,No Response,,Low,
C003794,APT008239,PT01799,2026-07-24T10:30:00,WhatsApp,"Haan theek hai, confirm kar do",Confirm,Confirm,,Low,
C003795,APT008244,PT01182,2026-07-01T16:45:00,Call,"Haan theek hai, confirm kar do",Confirm,Confirm,,Low,
C003796,APT008246,PT01939,2026-08-26T20:45:00,WhatsApp,,No Response,No Response,,Low,
C003797,APT008248,PT00468,2026-06-29T08:30:00,WhatsApp,,No Response,No Response,,Low,
C003798,APT008249,PT01277,2026-06-04T09:45:00,SMS,Not needed this time,Cancel,Cancel,,Low,
C003799,APT008251,PT01619,2026-07-25T18:15:00,WhatsApp,,No Response,No Response,,Low,
C003800,APT008253,PT01633,2026-06-07T10:45:00,WhatsApp,Ok confirmed,Confirm,Confirm,,Low,
C003801,APT008255,PT01162,2026-07-09T19:00:00,WhatsApp,,No Response,No Response,,Low,
C003802,APT008257,PT00799,2026-06-29T16:00:00,WhatsApp,"Haan theek hai, confirm kar do",Confirm,Confirm,,Low,
C003803,APT008258,PT00461,2026-07-22T13:15:00,Call,Can we move to next week?,Reschedule,Reschedule,,Medium,
C003804,APT008261,PT01451,2026-07-22T11:15:00,WhatsApp,"Haan theek hai, confirm kar do",Confirm,Confirm,,Low,
C003805,APT008262,PT00766,2026-07-18T18:00:00,WhatsApp,"Yes that works, see you then",Confirm,Confirm,,Low,
C003806,APT008263,PT01207,2026-07-05T17:00:00,Call,,No Response,No Response,,Low,
C003807,APT008264,PT00581,2026-06-14T09:45:00,SMS,"Haan theek hai, confirm kar do",Confirm,Confirm,,Low,
C003808,APT008265,PT00992,2026-08-24T10:00:00,SMS,Ok confirmed,Confirm,Confirm,,Low,
C003809,APT008267,PT01533,2026-07-16T20:30:00,Call,,No Response,No Response,,Low,
C003810,APT008271,PT01795,2026-07-09T14:00:00,SMS,"Kal thoda late ho jayega, Saturday kar sakte ho?",Reschedule,Reschedule,Saturday,High,Provider/patient running late
C003811,APT008276,PT00160,2026-06-07T16:30:00,SMS,"Yes that works, see you then",Confirm,Confirm,,Low,
C003812,APT008277,PT01408,2026-08-03T18:00:00,SMS,"Yes that works, see you then",Confirm,Confirm,,Low,
C003813,APT008278,PT00132,2026-06-29T10:30:00,Call,"Kal thoda late ho jayega, Saturday kar sakte ho?",Reschedule,Reschedule,Saturday,High,Provider/patient running late
C003814,APT008280,PT00666,2026-07-29T14:15:00,Call,Ok confirmed,Confirm,Confirm,,Low,
C003815,APT008282,PT01671,2026-08-18T09:00:00,WhatsApp,"Kal thoda late ho jayega, Saturday kar sakte ho?",Reschedule,Reschedule,Saturday,High,Provider/patient running late
C003816,APT008283,PT00020,2026-07-10T16:15:00,WhatsApp,Ok confirmed,Confirm,Confirm,,Low,
C003817,APT008284,PT01460,2026-08-13T20:45:00,SMS,,No Response,No Response,,Low,
C003818,APT008285,PT01449,2026-06-05T17:15:00,SMS,Ok confirmed,Confirm,Confirm,,Low,
C003819,APT008286,PT01183,2026-06-06T16:15:00,Call,Please cancel this visit,Cancel,Cancel,,Low,
C003820,APT008287,PT00574,2026-07-08T19:00:00,Call,,No Response,No Response,,Low,
C003821,APT008291,PT01425,2026-08-26T16:15:00,WhatsApp,"Yes that works, see you then",Confirm,Confirm,,Low,
C003822,APT008293,PT01990,2026-08-05T10:30:00,WhatsApp,Can we move to next week?,Reschedule,Reschedule,,Medium,
C003823,APT008294,PT00749,2026-07-11T17:00:00,SMS,Is week cancel karna padega,Cancel,Cancel,,Low,
C003824,APT008295,PT01977,2026-07-22T18:30:00,Call,Can we move to next week?,Reschedule,Reschedule,,Medium,
C003825,APT008296,PT01424,2026-08-07T20:30:00,Call,"Yes that works, see you then",Confirm,Confirm,,Low,
C003826,APT008300,PT01867,2026-07-16T20:45:00,SMS,Can we move to next week?,Reschedule,Reschedule,,Medium,
C003827,APT008301,PT01240,2026-06-30T16:15:00,Call,"Kal thoda late ho jayega, Saturday kar sakte ho?",Reschedule,Reschedule,Saturday,High,Provider/patient running late
C003828,APT008302,PT00292,2026-07-29T12:45:00,SMS,,No Response,No Response,,Low,
C003829,APT008303,PT00257,2026-07-04T17:45:00,Call,"Yes that works, see you then",Confirm,Confirm,,Low,
C003830,APT008306,PT00566,2026-06-17T20:45:00,Call,,No Response,No Response,,Low,
C003831,APT008307,PT00296,2026-08-13T10:30:00,Call,"Haan theek hai, confirm kar do",Confirm,Confirm,,Low,
C003832,APT008308,PT01074,2026-07-31T10:45:00,WhatsApp,Can we move to next week?,Reschedule,Reschedule,,Medium,
C003833,APT008311,PT01434,2026-06-26T08:15:00,WhatsApp,Ok confirmed,Confirm,Confirm,,Low,
C003834,APT008312,PT01377,2026-08-08T13:30:00,Call,"Kal thoda late ho jayega, Saturday kar sakte ho?",Reschedule,Reschedule,Saturday,High,Provider/patient running late
C003835,APT008313,PT01798,2026-06-17T15:30:00,WhatsApp,Please cancel this visit,Cancel,Cancel,,Low,
C003836,APT008314,PT00038,2026-08-09T10:15:00,WhatsApp,Ok confirmed,Confirm,Confirm,,Low,
C003837,APT008315,PT01854,2026-06-19T17:45:00,SMS,"Haan theek hai, confirm kar do",Confirm,Confirm,,Low,
C003838,APT008316,PT00034,2026-08-19T20:15:00,Call,Ok confirmed,Confirm,Confirm,,Low,
C003839,APT008320,PT00472,2026-08-26T13:45:00,SMS,,No Response,No Response,,Low,
C003840,APT008321,PT01996,2026-08-07T16:30:00,SMS,"Kal thoda late ho jayega, Saturday kar sakte ho?",Reschedule,Reschedule,Saturday,High,Provider/patient running late
C003841,APT008325,PT01037,2026-06-23T13:45:00,SMS,Ok confirmed,Confirm,Confirm,,Low,
C003842,APT008329,PT01648,2026-06-11T19:15:00,SMS,"Haan theek hai, confirm kar do",Confirm,Confirm,,Low,
C003843,APT008334,PT01483,2026-07-13T16:00:00,WhatsApp,Can we move to next week?,Reschedule,Reschedule,,Medium,
C003844,APT008336,PT01123,2026-07-10T20:45:00,WhatsApp,Ok confirmed,Confirm,Confirm,,Low,
C003845,APT008339,PT00532,2026-08-17T14:30:00,WhatsApp,"Doctor visit hai usi din, reschedule possible?",Reschedule,Reschedule,,Medium,Conflicting doctor visit
C003846,APT008340,PT01729,2026-06-03T17:30:00,WhatsApp,,No Response,No Response,,Low,
C003847,APT008341,PT01572,2026-08-02T11:00:00,WhatsApp,"Yes that works, see you then",Confirm,Confirm,,Low,
C003848,APT008346,PT00163,2026-07-27T15:30:00,Call,"Yes that works, see you then",Confirm,Confirm,,Low,
C003849,APT008350,PT00487,2026-08-21T20:45:00,SMS,"Yes that works, see you then",Confirm,Confirm,,Low,
C003850,APT008351,PT00636,2026-06-23T16:15:00,Call,Ok confirmed,Confirm,Confirm,,Low,
C003851,APT008354,PT01672,2026-07-15T09:15:00,Call,Ok confirmed,Confirm,Confirm,,Low,
C003852,APT008355,PT01397,2026-06-18T15:00:00,WhatsApp,Please cancel this visit,Cancel,Cancel,,Low,
C003853,APT008356,PT00600,2026-08-15T13:00:00,Call,"Kal thoda late ho jayega, Saturday kar sakte ho?",Reschedule,Reschedule,Saturday,High,Provider/patient running late
C003854,APT008357,PT01558,2026-06-07T13:15:00,WhatsApp,,No Response,No Response,,Low,
C003855,APT008358,PT01072,2026-07-18T14:45:00,Call,"Kal thoda late ho jayega, Saturday kar sakte ho?",Reschedule,Reschedule,Saturday,High,Provider/patient running late
C003856,APT008359,PT00080,2026-06-23T13:30:00,WhatsApp,"Haan theek hai, confirm kar do",Confirm,Confirm,,Low,
C003857,APT008362,PT00912,2026-06-14T14:00:00,SMS,Is week cancel karna padega,Cancel,Cancel,,Low,
C003858,APT008365,PT01298,2026-08-06T16:00:00,SMS,,No Response,No Response,,Low,
C003859,APT008368,PT01133,2026-07-21T15:00:00,WhatsApp,Is week cancel karna padega,Cancel,Cancel,,Low,
C003860,APT008371,PT01056,2026-07-23T16:15:00,Call,"Kal thoda late ho jayega, Saturday kar sakte ho?",Reschedule,Reschedule,Saturday,High,Provider/patient running late
C003861,APT008373,PT01426,2026-06-12T19:45:00,WhatsApp,,No Response,No Response,,Low,
C003862,APT008377,PT00865,2026-06-09T15:15:00,SMS,Ok confirmed,Confirm,Confirm,,Low,
C003863,APT008378,PT01399,2026-08-23T11:30:00,Call,"Kal thoda late ho jayega, Saturday kar sakte ho?",Reschedule,Reschedule,Saturday,High,Provider/patient running late
C003864,APT008380,PT01333,2026-06-19T20:15:00,Call,"Yes that works, see you then",Confirm,Confirm,,Low,
C003865,APT008381,PT00668,2026-06-20T08:15:00,SMS,Can we move to next week?,Reschedule,Reschedule,,Medium,
C003866,APT008382,PT00417,2026-08-21T20:30:00,Call,,No Response,No Response,,Low,
C003867,APT008383,PT01347,2026-07-30T19:30:00,Call,Not needed this time,Cancel,Cancel,,Low,
C003868,APT008384,PT01007,2026-07-08T10:00:00,WhatsApp,,No Response,No Response,,Low,
C003869,APT008386,PT00816,2026-06-06T14:45:00,Call,"Doctor visit hai usi din, reschedule possible?",Reschedule,Reschedule,,Medium,Conflicting doctor visit
C003870,APT008387,PT01178,2026-07-31T19:00:00,Call,"Yes that works, see you then",Confirm,Confirm,,Low,
C003871,APT008390,PT01573,2026-05-30T17:00:00,SMS,Ok confirmed,Confirm,Confirm,,Low,
C003872,APT008393,PT01945,2026-08-20T14:45:00,SMS,,No Response,No Response,,Low,
C003873,APT008394,PT01123,2026-08-21T14:45:00,Call,"Haan theek hai, confirm kar do",Confirm,Confirm,,Low,
C003874,APT008399,PT00338,2026-06-26T16:00:00,SMS,"Yes that works, see you then",Confirm,Confirm,,Low,
C003875,APT008400,PT01759,2026-06-29T10:15:00,WhatsApp,"Doctor visit hai usi din, reschedule possible?",Reschedule,Reschedule,,Medium,Conflicting doctor visit
C003876,APT008404,PT00709,2026-07-09T09:30:00,Call,"Yes that works, see you then",Confirm,Confirm,,Low,
C003877,APT008405,PT00657,2026-08-15T09:30:00,SMS,Ok confirmed,Confirm,Confirm,,Low,
C003878,APT008406,PT01866,2026-08-01T11:00:00,SMS,"Doctor visit hai usi din, reschedule possible?",Reschedule,Reschedule,,Medium,Conflicting doctor visit
C003879,APT008407,PT01235,2026-06-16T11:15:00,Call,Ok confirmed,Confirm,Confirm,,Low,
C003880,APT008408,PT01544,2026-08-01T18:30:00,SMS,"Yes that works, see you then",Confirm,Confirm,,Low,
C003881,APT008410,PT01288,2026-07-15T10:45:00,SMS,Can we move to next week?,Reschedule,Reschedule,,Medium,
C003882,APT008413,PT01864,2026-07-27T12:30:00,WhatsApp,Ok confirmed,Confirm,Confirm,,Low,
C003883,APT008415,PT00320,2026-07-10T12:45:00,Call,,No Response,No Response,,Low,
C003884,APT008416,PT01110,2026-08-25T11:30:00,WhatsApp,Not needed this time,Cancel,Cancel,,Low,
C003885,APT008423,PT00662,2026-08-15T14:45:00,SMS,"Haan theek hai, confirm kar do",Confirm,Confirm,,Low,
C003886,APT008424,PT01002,2026-08-17T13:15:00,SMS,"Yes that works, see you then",Confirm,Confirm,,Low,
C003887,APT008425,PT00137,2026-07-21T18:00:00,WhatsApp,Ok confirmed,Confirm,Confirm,,Low,
C003888,APT008426,PT01131,2026-08-16T13:00:00,Call,Ok confirmed,Confirm,Confirm,,Low,
C003889,APT008429,PT00662,2026-06-22T20:45:00,SMS,"Doctor visit hai usi din, reschedule possible?",Reschedule,Reschedule,,Medium,Conflicting doctor visit
C003890,APT008436,PT00392,2026-08-04T09:30:00,WhatsApp,Not needed this time,Cancel,Cancel,,Low,
C003891,APT008438,PT00937,2026-08-07T14:00:00,WhatsApp,Can we move to next week?,Reschedule,Reschedule,,Medium,
C003892,APT008439,PT00525,2026-07-30T14:30:00,Call,Ok confirmed,Confirm,Confirm,,Low,
C003893,APT008440,PT00613,2026-06-29T19:45:00,SMS,,No Response,No Response,,Low,
C003894,APT008443,PT01469,2026-08-07T10:45:00,SMS,Ok confirmed,Confirm,Confirm,,Low,
C003895,APT008444,PT01181,2026-06-06T15:00:00,SMS,"Kal thoda late ho jayega, Saturday kar sakte ho?",Reschedule,Reschedule,Saturday,High,Provider/patient running late
C003896,APT008445,PT01250,2026-08-13T14:45:00,WhatsApp,Can we move to next week?,Reschedule,Reschedule,,Medium,
C003897,APT008446,PT00330,2026-08-05T15:15:00,SMS,"Yes that works, see you then",Confirm,Confirm,,Low,
C003898,APT008448,PT01549,2026-06-07T18:45:00,WhatsApp,,No Response,No Response,,Low,
C003899,APT008449,PT01128,2026-07-09T19:45:00,WhatsApp,"Haan theek hai, confirm kar do",Confirm,Confirm,,Low,
C003900,APT008450,PT00892,2026-06-18T09:30:00,Call,"Doctor visit hai usi din, reschedule possible?",Reschedule,Reschedule,,Medium,Conflicting doctor visit
C003901,APT008451,PT01627,2026-07-31T18:30:00,WhatsApp,,No Response,No Response,,Low,
C003902,APT008452,PT01442,2026-07-19T17:15:00,SMS,Please cancel this visit,Cancel,Cancel,,Low,
C003903,APT008453,PT00669,2026-07-03T18:00:00,WhatsApp,Ok confirmed,Confirm,Confirm,,Low,
C003904,APT008454,PT01913,2026-06-28T18:30:00,Call,Ok confirmed,Confirm,Confirm,,Low,
C003905,APT008455,PT00724,2026-08-18T11:00:00,Call,Is week cancel karna padega,Cancel,Cancel,,Low,
C003906,APT008457,PT01093,2026-08-01T10:15:00,Call,"Yes that works, see you then",Confirm,Confirm,,Low,
C003907,APT008459,PT01157,2026-07-28T15:45:00,SMS,"Kal thoda late ho jayega, Saturday kar sakte ho?",Reschedule,Reschedule,Saturday,High,Provider/patient running late
C003908,APT008462,PT00012,2026-06-23T20:45:00,WhatsApp,"Yes that works, see you then",Confirm,Confirm,,Low,
C003909,APT008463,PT01433,2026-08-26T14:30:00,WhatsApp,,No Response,No Response,,Low,
C003910,APT008464,PT01253,2026-06-12T15:30:00,WhatsApp,"Yes that works, see you then",Confirm,Confirm,,Low,
C003911,APT008465,PT01329,2026-06-16T19:15:00,WhatsApp,"Kal thoda late ho jayega, Saturday kar sakte ho?",Reschedule,Reschedule,Saturday,High,Provider/patient running late
C003912,APT008467,PT00073,2026-08-14T11:45:00,Call,"Yes that works, see you then",Confirm,Confirm,,Low,
C003913,APT008468,PT00728,2026-08-17T11:30:00,Call,"Doctor visit hai usi din, reschedule possible?",Reschedule,Reschedule,,Medium,Conflicting doctor visit
C003914,APT008470,PT01546,2026-06-16T19:45:00,WhatsApp,,No Response,No Response,,Low,
C003915,APT008476,PT00365,2026-08-05T14:45:00,Call,,No Response,No Response,,Low,
C003916,APT008478,PT00761,2026-07-22T12:30:00,Call,"Yes that works, see you then",Confirm,Confirm,,Low,
C003917,APT008479,PT00835,2026-08-05T10:15:00,SMS,,No Response,No Response,,Low,
C003918,APT008482,PT00072,2026-07-04T18:00:00,WhatsApp,Not needed this time,Cancel,Cancel,,Low,
C003919,APT008484,PT00904,2026-08-13T17:15:00,Call,,No Response,No Response,,Low,
C003920,APT008485,PT00002,2026-06-09T20:30:00,SMS,Ok confirmed,Confirm,Confirm,,Low,
C003921,APT008486,PT00957,2026-08-14T08:30:00,WhatsApp,"Kal thoda late ho jayega, Saturday kar sakte ho?",Reschedule,Reschedule,Saturday,High,Provider/patient running late
C003922,APT008488,PT00952,2026-07-16T16:15:00,Call,"Doctor visit hai usi din, reschedule possible?",Reschedule,Reschedule,,Medium,Conflicting doctor visit
C003923,APT008489,PT00296,2026-07-05T10:45:00,SMS,,No Response,No Response,,Low,
C003924,APT008491,PT00106,2026-06-26T09:00:00,Call,Not needed this time,Cancel,Cancel,,Low,
C003925,APT008492,PT01572,2026-08-24T20:00:00,SMS,"Kal thoda late ho jayega, Saturday kar sakte ho?",Reschedule,Reschedule,Saturday,High,Provider/patient running late
C003926,APT008494,PT01036,2026-06-15T17:00:00,SMS,Ok confirmed,Confirm,Confirm,,Low,
C003927,APT008496,PT00370,2026-06-06T19:30:00,WhatsApp,Is week cancel karna padega,Cancel,Cancel,,Low,
C003928,APT008497,PT00166,2026-08-22T16:30:00,Call,"Haan theek hai, confirm kar do",Confirm,Confirm,,Low,
C003929,APT008498,PT00493,2026-08-23T13:45:00,WhatsApp,,No Response,No Response,,Low,
C003930,APT008499,PT01371,2026-06-10T09:15:00,SMS,"Yes that works, see you then",Confirm,Confirm,,Low,
C003931,APT008505,PT01553,2026-06-06T18:30:00,Call,"Haan theek hai, confirm kar do",Confirm,Confirm,,Low,
C003932,APT008510,PT01841,2026-08-25T19:00:00,Call,Please cancel this visit,Cancel,Cancel,,Low,
C003933,APT008512,PT01783,2026-06-25T18:00:00,WhatsApp,"Doctor visit hai usi din, reschedule possible?",Reschedule,Reschedule,,Medium,Conflicting doctor visit
C003934,APT008513,PT00979,2026-06-30T15:15:00,Call,Can we move to next week?,Reschedule,Reschedule,,Medium,
C003935,APT008514,PT00320,2026-06-22T19:45:00,Call,Is week cancel karna padega,Cancel,Cancel,,Low,
C003936,APT008517,PT00572,2026-07-15T18:30:00,SMS,"Doctor visit hai usi din, reschedule possible?",Reschedule,Reschedule,,Medium,Conflicting doctor visit
C003937,APT008518,PT00216,2026-07-15T08:00:00,SMS,"Yes that works, see you then",Confirm,Confirm,,Low,
C003938,APT008519,PT00109,2026-06-04T13:00:00,SMS,"Doctor visit hai usi din, reschedule possible?",Reschedule,Reschedule,,Medium,Conflicting doctor visit
C003939,APT008520,PT00857,2026-06-15T13:30:00,Call,Ok confirmed,Confirm,Confirm,,Low,
C003940,APT008523,PT00915,2026-06-02T18:00:00,WhatsApp,"Haan theek hai, confirm kar do",Confirm,Confirm,,Low,
C003941,APT008524,PT01323,2026-07-02T18:00:00,Call,Not needed this time,Cancel,Cancel,,Low,
C003942,APT008534,PT01531,2026-06-15T14:30:00,SMS,,No Response,No Response,,Low,
C003943,APT008535,PT01639,2026-07-02T11:15:00,Call,Is week cancel karna padega,Cancel,Cancel,,Low,
C003944,APT008536,PT00954,2026-07-31T09:00:00,SMS,"Doctor visit hai usi din, reschedule possible?",Reschedule,Reschedule,,Medium,Conflicting doctor visit
C003945,APT008537,PT01902,2026-07-29T14:00:00,Call,Not needed this time,Cancel,Cancel,,Low,
C003946,APT008539,PT00727,2026-06-19T16:45:00,Call,Can we move to next week?,Reschedule,Reschedule,,Medium,
C003947,APT008540,PT00650,2026-07-01T16:00:00,WhatsApp,"Haan theek hai, confirm kar do",Confirm,Confirm,,Low,
C003948,APT008542,PT00617,2026-08-26T15:00:00,WhatsApp,Can we move to next week?,Reschedule,Reschedule,,Medium,
C003949,APT008544,PT00933,2026-07-08T19:15:00,Call,,No Response,No Response,,Low,
C003950,APT008545,PT01257,2026-06-08T11:15:00,Call,"Haan theek hai, confirm kar do",Confirm,Confirm,,Low,
C003951,APT008548,PT00113,2026-06-27T10:45:00,WhatsApp,Is week cancel karna padega,Cancel,Cancel,,Low,
C003952,APT008549,PT01285,2026-07-30T20:30:00,WhatsApp,,No Response,No Response,,Low,
C003953,APT008550,PT00923,2026-07-27T09:45:00,WhatsApp,,No Response,No Response,,Low,
C003954,APT008551,PT00555,2026-07-22T11:00:00,Call,"Haan theek hai, confirm kar do",Confirm,Confirm,,Low,
C003955,APT008553,PT01281,2026-07-23T15:30:00,Call,"Kal thoda late ho jayega, Saturday kar sakte ho?",Reschedule,Reschedule,Saturday,High,Provider/patient running late
C003956,APT008557,PT01061,2026-06-04T15:45:00,Call,"Yes that works, see you then",Confirm,Confirm,,Low,
C003957,APT008558,PT01252,2026-08-07T18:45:00,SMS,,No Response,No Response,,Low,
C003958,APT008560,PT01460,2026-07-06T16:45:00,SMS,Ok confirmed,Confirm,Confirm,,Low,
C003959,APT008566,PT00330,2026-06-09T13:00:00,WhatsApp,Can we move to next week?,Reschedule,Reschedule,,Medium,
C003960,APT008567,PT01879,2026-07-24T10:00:00,Call,"Yes that works, see you then",Confirm,Confirm,,Low,
C003961,APT008568,PT00061,2026-07-13T15:45:00,SMS,Ok confirmed,Confirm,Confirm,,Low,
C003962,APT008569,PT01941,2026-06-24T11:30:00,WhatsApp,,No Response,No Response,,Low,
C003963,APT008570,PT01486,2026-06-20T11:45:00,WhatsApp,,No Response,No Response,,Low,
C003964,APT008576,PT00350,2026-08-08T16:15:00,Call,,No Response,No Response,,Low,
C003965,APT008579,PT00973,2026-06-10T20:00:00,Call,Ok confirmed,Confirm,Confirm,,Low,
C003966,APT008580,PT01969,2026-08-03T10:15:00,Call,"Kal thoda late ho jayega, Saturday kar sakte ho?",Reschedule,Reschedule,Saturday,High,Provider/patient running late
C003967,APT008582,PT01579,2026-07-31T20:15:00,SMS,"Doctor visit hai usi din, reschedule possible?",Reschedule,Reschedule,,Medium,Conflicting doctor visit
C003968,APT008585,PT00747,2026-08-04T11:15:00,WhatsApp,Ok confirmed,Confirm,Confirm,,Low,
C003969,APT008589,PT01179,2026-06-05T16:15:00,Call,Ok confirmed,Confirm,Confirm,,Low,
C003970,APT008590,PT01738,2026-06-06T16:15:00,SMS,Ok confirmed,Confirm,Confirm,,Low,
C003971,APT008591,PT01361,2026-08-17T17:15:00,WhatsApp,,No Response,No Response,,Low,
C003972,APT008594,PT00366,2026-08-02T08:45:00,Call,"Yes that works, see you then",Confirm,Confirm,,Low,
C003973,APT008595,PT00431,2026-08-05T20:30:00,WhatsApp,Can we move to next week?,Reschedule,Reschedule,,Medium,
C003974,APT008598,PT01198,2026-08-27T15:00:00,SMS,,No Response,No Response,,Low,
C003975,APT008599,PT01624,2026-07-09T19:00:00,Call,Ok confirmed,Confirm,Confirm,,Low,
C003976,APT008601,PT00807,2026-06-27T14:30:00,SMS,Ok confirmed,Confirm,Confirm,,Low,
C003977,APT008604,PT00742,2026-07-23T16:30:00,WhatsApp,Ok confirmed,Confirm,Confirm,,Low,
C003978,APT008612,PT00496,2026-06-11T16:00:00,Call,Can we move to next week?,Reschedule,Reschedule,,Medium,
C003979,APT008614,PT00168,2026-06-08T12:00:00,SMS,Ok confirmed,Confirm,Confirm,,Low,
C003980,APT008617,PT00601,2026-08-07T12:15:00,WhatsApp,Please cancel this visit,Cancel,Cancel,,Low,
C003981,APT008619,PT01385,2026-08-13T09:15:00,Call,,No Response,No Response,,Low,
C003982,APT008621,PT01161,2026-06-22T12:30:00,SMS,"Doctor visit hai usi din, reschedule possible?",Reschedule,Reschedule,,Medium,Conflicting doctor visit
C003983,APT008623,PT01145,2026-07-22T19:15:00,Call,"Doctor visit hai usi din, reschedule possible?",Reschedule,Reschedule,,Medium,Conflicting doctor visit
C003984,APT008625,PT01198,2026-08-25T13:00:00,SMS,,No Response,No Response,,Low,
C003985,APT008629,PT00542,2026-08-09T10:15:00,Call,,No Response,No Response,,Low,
C003986,APT008630,PT01402,2026-07-24T16:15:00,WhatsApp,,No Response,No Response,,Low,
C003987,APT008631,PT00194,2026-06-11T12:15:00,Call,"Kal thoda late ho jayega, Saturday kar sakte ho?",Reschedule,Reschedule,Saturday,High,Provider/patient running late
C003988,APT008632,PT01014,2026-08-11T16:00:00,SMS,"Haan theek hai, confirm kar do",Confirm,Confirm,,Low,
C003989,APT008634,PT01528,2026-07-21T16:45:00,Call,Ok confirmed,Confirm,Confirm,,Low,
C003990,APT008638,PT01636,2026-06-20T14:45:00,Call,,No Response,No Response,,Low,
C003991,APT008640,PT01195,2026-08-07T17:15:00,Call,Can we move to next week?,Reschedule,Reschedule,,Medium,
C003992,APT008641,PT01869,2026-06-20T09:30:00,Call,"Haan theek hai, confirm kar do",Confirm,Confirm,,Low,
C003993,APT008642,PT00756,2026-07-28T10:00:00,WhatsApp,,No Response,No Response,,Low,
C003994,APT008643,PT00373,2026-08-09T08:15:00,Call,,No Response,No Response,,Low,
C003995,APT008644,PT00278,2026-06-23T20:15:00,SMS,Ok confirmed,Confirm,Confirm,,Low,
C003996,APT008645,PT01418,2026-06-22T17:15:00,SMS,"Haan theek hai, confirm kar do",Confirm,Confirm,,Low,
C003997,APT008650,PT01653,2026-06-04T09:00:00,Call,"Kal thoda late ho jayega, Saturday kar sakte ho?",Reschedule,Reschedule,Saturday,High,Provider/patient running late
C003998,APT008651,PT00895,2026-06-06T20:30:00,Call,Ok confirmed,Confirm,Confirm,,Low,
C003999,APT008652,PT00751,2026-06-03T18:15:00,WhatsApp,"Haan theek hai, confirm kar do",Confirm,Confirm,,Low,
C004000,APT008654,PT01778,2026-07-08T17:00:00,Call,"Haan theek hai, confirm kar do",Confirm,Confirm,,Low,
C004001,APT008656,PT00795,2026-07-27T12:45:00,SMS,Ok confirmed,Confirm,Confirm,,Low,
C004002,APT008657,PT01248,2026-06-09T17:15:00,Call,,No Response,No Response,,Low,
C004003,APT008661,PT01088,2026-08-07T14:30:00,Call,,No Response,No Response,,Low,
C004004,APT008662,PT01836,2026-06-26T15:15:00,SMS,"Yes that works, see you then",Confirm,Confirm,,Low,
C004005,APT008664,PT00101,2026-06-19T09:15:00,Call,Can we move to next week?,Reschedule,Reschedule,,Medium,
C004006,APT008666,PT00592,2026-06-17T12:45:00,WhatsApp,,No Response,No Response,,Low,
C004007,APT008670,PT00435,2026-08-12T19:30:00,Call,"Kal thoda late ho jayega, Saturday kar sakte ho?",Reschedule,Reschedule,Saturday,High,Provider/patient running late
C004008,APT008674,PT00105,2026-07-15T18:45:00,Call,"Yes that works, see you then",Confirm,Confirm,,Low,
C004009,APT008675,PT00066,2026-06-20T11:45:00,WhatsApp,"Yes that works, see you then",Confirm,Confirm,,Low,
C004010,APT008676,PT01609,2026-08-13T11:30:00,Call,"Haan theek hai, confirm kar do",Confirm,Confirm,,Low,
C004011,APT008677,PT00829,2026-07-20T17:00:00,SMS,,No Response,No Response,,Low,
C004012,APT008678,PT01311,2026-07-24T08:00:00,WhatsApp,Not needed this time,Cancel,Cancel,,Low,
C004013,APT008679,PT01318,2026-06-08T17:15:00,Call,"Haan theek hai, confirm kar do",Confirm,Confirm,,Low,
C004014,APT008681,PT01419,2026-06-28T19:45:00,SMS,"Haan theek hai, confirm kar do",Confirm,Confirm,,Low,
C004015,APT008683,PT01200,2026-07-06T17:30:00,WhatsApp,"Yes that works, see you then",Confirm,Confirm,,Low,
C004016,APT008684,PT01035,2026-06-28T20:30:00,WhatsApp,,No Response,No Response,,Low,
C004017,APT008686,PT00800,2026-05-31T08:45:00,WhatsApp,Please cancel this visit,Cancel,Cancel,,Low,
C004018,APT008688,PT01532,2026-08-16T16:45:00,Call,Please cancel this visit,Cancel,Cancel,,Low,
C004019,APT008689,PT01120,2026-06-04T08:15:00,WhatsApp,Can we move to next week?,Reschedule,Reschedule,,Medium,
C004020,APT008690,PT01733,2026-06-28T10:45:00,SMS,Is week cancel karna padega,Cancel,Cancel,,Low,
C004021,APT008691,PT01999,2026-06-21T17:15:00,Call,,No Response,No Response,,Low,
C004022,APT008693,PT00736,2026-08-22T09:30:00,WhatsApp,"Doctor visit hai usi din, reschedule possible?",Reschedule,Reschedule,,Medium,Conflicting doctor visit
C004023,APT008696,PT01517,2026-07-04T18:15:00,SMS,"Haan theek hai, confirm kar do",Confirm,Confirm,,Low,
C004024,APT008697,PT00573,2026-08-07T17:45:00,SMS,Is week cancel karna padega,Cancel,Cancel,,Low,
C004025,APT008698,PT00062,2026-06-10T18:45:00,Call,"Yes that works, see you then",Confirm,Confirm,,Low,
C004026,APT008699,PT00303,2026-07-17T13:15:00,SMS,Ok confirmed,Confirm,Confirm,,Low,
C004027,APT008700,PT01384,2026-08-20T14:15:00,Call,Ok confirmed,Confirm,Confirm,,Low,
C004028,APT008701,PT01245,2026-08-03T10:00:00,WhatsApp,Ok confirmed,Confirm,Confirm,,Low,
C004029,APT008702,PT01171,2026-06-09T18:15:00,WhatsApp,"Kal thoda late ho jayega, Saturday kar sakte ho?",Reschedule,Reschedule,Saturday,High,Provider/patient running late
C004030,APT008704,PT00036,2026-07-09T15:00:00,SMS,"Yes that works, see you then",Confirm,Confirm,,Low,
C004031,APT008707,PT01841,2026-08-13T15:00:00,WhatsApp,Ok confirmed,Confirm,Confirm,,Low,
C004032,APT008708,PT00044,2026-08-24T18:15:00,Call,Can we move to next week?,Reschedule,Reschedule,,Medium,
C004033,APT008709,PT00210,2026-05-31T13:00:00,Call,"Doctor visit hai usi din, reschedule possible?",Reschedule,Reschedule,,Medium,Conflicting doctor visit
C004034,APT008711,PT00844,2026-06-25T20:00:00,Call,"Yes that works, see you then",Confirm,Confirm,,Low,
C004035,APT008712,PT00318,2026-06-15T18:45:00,WhatsApp,"Doctor visit hai usi din, reschedule possible?",Reschedule,Reschedule,,Medium,Conflicting doctor visit
C004036,APT008713,PT00113,2026-07-01T08:15:00,SMS,"Yes that works, see you then",Confirm,Confirm,,Low,
C004037,APT008719,PT01839,2026-06-28T14:15:00,WhatsApp,"Doctor visit hai usi din, reschedule possible?",Reschedule,Reschedule,,Medium,Conflicting doctor visit
C004038,APT008720,PT01075,2026-07-14T13:15:00,SMS,,No Response,No Response,,Low,
C004039,APT008722,PT00492,2026-06-27T17:15:00,SMS,,No Response,No Response,,Low,
C004040,APT008723,PT01743,2026-06-01T14:00:00,SMS,"Haan theek hai, confirm kar do",Confirm,Confirm,,Low,
C004041,APT008724,PT01404,2026-06-26T14:15:00,Call,"Yes that works, see you then",Confirm,Confirm,,Low,
C004042,APT008725,PT01718,2026-08-03T08:45:00,WhatsApp,"Kal thoda late ho jayega, Saturday kar sakte ho?",Reschedule,Reschedule,Saturday,High,Provider/patient running late
C004043,APT008727,PT00342,2026-07-02T18:00:00,WhatsApp,"Yes that works, see you then",Confirm,Confirm,,Low,
C004044,APT008729,PT00700,2026-08-16T12:00:00,WhatsApp,"Haan theek hai, confirm kar do",Confirm,Confirm,,Low,
C004045,APT008731,PT01447,2026-08-16T08:15:00,WhatsApp,"Kal thoda late ho jayega, Saturday kar sakte ho?",Reschedule,Reschedule,Saturday,High,Provider/patient running late
C004046,APT008732,PT00528,2026-07-05T11:45:00,WhatsApp,"Kal thoda late ho jayega, Saturday kar sakte ho?",Reschedule,Reschedule,Saturday,High,Provider/patient running late
C004047,APT008735,PT01527,2026-07-24T12:00:00,WhatsApp,,No Response,No Response,,Low,
C004048,APT008736,PT00932,2026-08-24T10:15:00,Call,,No Response,No Response,,Low,
C004049,APT008740,PT00273,2026-08-06T11:30:00,WhatsApp,"Doctor visit hai usi din, reschedule possible?",Reschedule,Reschedule,,Medium,Conflicting doctor visit
C004050,APT008743,PT00533,2026-07-16T11:30:00,SMS,Is week cancel karna padega,Cancel,Cancel,,Low,
C004051,APT008744,PT01199,2026-07-30T09:45:00,WhatsApp,,No Response,No Response,,Low,
C004052,APT008746,PT01050,2026-08-21T17:45:00,SMS,Ok confirmed,Confirm,Confirm,,Low,
C004053,APT008747,PT01442,2026-06-11T13:45:00,SMS,"Doctor visit hai usi din, reschedule possible?",Reschedule,Reschedule,,Medium,Conflicting doctor visit
C004054,APT008748,PT00940,2026-06-04T13:45:00,WhatsApp,"Doctor visit hai usi din, reschedule possible?",Reschedule,Reschedule,,Medium,Conflicting doctor visit
C004055,APT008751,PT01508,2026-06-08T16:00:00,SMS,"Haan theek hai, confirm kar do",Confirm,Confirm,,Low,
C004056,APT008752,PT01809,2026-08-10T17:30:00,Call,"Yes that works, see you then",Confirm,Confirm,,Low,
C004057,APT008755,PT01994,2026-08-09T14:00:00,Call,Can we move to next week?,Reschedule,Reschedule,,Medium,
C004058,APT008760,PT01430,2026-08-24T19:15:00,WhatsApp,,No Response,No Response,,Low,
C004059,APT008764,PT00100,2026-07-30T12:45:00,WhatsApp,"Doctor visit hai usi din, reschedule possible?",Reschedule,Reschedule,,Medium,Conflicting doctor visit
C004060,APT008767,PT00298,2026-07-25T17:15:00,WhatsApp,Can we move to next week?,Reschedule,Reschedule,,Medium,
C004061,APT008769,PT00893,2026-08-11T10:45:00,WhatsApp,"Kal thoda late ho jayega, Saturday kar sakte ho?",Reschedule,Reschedule,Saturday,High,Provider/patient running late
C004062,APT008772,PT00853,2026-07-08T16:15:00,SMS,"Kal thoda late ho jayega, Saturday kar sakte ho?",Reschedule,Reschedule,Saturday,High,Provider/patient running late
C004063,APT008776,PT00257,2026-06-30T16:15:00,Call,"Kal thoda late ho jayega, Saturday kar sakte ho?",Reschedule,Reschedule,Saturday,High,Provider/patient running late
C004064,APT008777,PT00240,2026-07-05T13:30:00,Call,,No Response,No Response,,Low,
C004065,APT008781,PT00605,2026-07-16T18:45:00,Call,"Haan theek hai, confirm kar do",Confirm,Confirm,,Low,
C004066,APT008782,PT01119,2026-07-03T12:30:00,Call,Not needed this time,Cancel,Cancel,,Low,
C004067,APT008783,PT01292,2026-06-04T20:30:00,WhatsApp,,No Response,No Response,,Low,
C004068,APT008790,PT00131,2026-06-16T14:30:00,Call,Ok confirmed,Confirm,Confirm,,Low,
C004069,APT008791,PT00360,2026-07-12T17:00:00,Call,"Doctor visit hai usi din, reschedule possible?",Reschedule,Reschedule,,Medium,Conflicting doctor visit
C004070,APT008793,PT01859,2026-08-15T10:15:00,WhatsApp,"Yes that works, see you then",Confirm,Confirm,,Low,
C004071,APT008796,PT01420,2026-07-25T15:15:00,Call,Ok confirmed,Confirm,Confirm,,Low,
C004072,APT008797,PT00318,2026-07-15T09:00:00,WhatsApp,"Kal thoda late ho jayega, Saturday kar sakte ho?",Reschedule,Reschedule,Saturday,High,Provider/patient running late
C004073,APT008799,PT00042,2026-06-29T15:45:00,Call,,No Response,No Response,,Low,
C004074,APT008800,PT00334,2026-07-10T16:15:00,SMS,"Haan theek hai, confirm kar do",Confirm,Confirm,,Low,
C004075,APT008801,PT00986,2026-07-23T15:15:00,SMS,Please cancel this visit,Cancel,Cancel,,Low,
C004076,APT008802,PT00320,2026-07-02T12:45:00,WhatsApp,Not needed this time,Cancel,Cancel,,Low,
C004077,APT008804,PT00208,2026-06-08T16:00:00,WhatsApp,Ok confirmed,Confirm,Confirm,,Low,
C004078,APT008807,PT01329,2026-07-10T13:45:00,SMS,"Doctor visit hai usi din, reschedule possible?",Reschedule,Reschedule,,Medium,Conflicting doctor visit
C004079,APT008808,PT00411,2026-06-30T20:00:00,Call,,No Response,No Response,,Low,
C004080,APT008815,PT01894,2026-06-10T08:00:00,WhatsApp,"Doctor visit hai usi din, reschedule possible?",Reschedule,Reschedule,,Medium,Conflicting doctor visit
C004081,APT008818,PT00076,2026-08-29T19:45:00,SMS,"Kal thoda late ho jayega, Saturday kar sakte ho?",Reschedule,Reschedule,Saturday,High,Provider/patient running late
C004082,APT008819,PT00045,2026-08-07T17:00:00,Call,Ok confirmed,Confirm,Confirm,,Low,
C004083,APT008822,PT00079,2026-06-28T17:15:00,WhatsApp,"Kal thoda late ho jayega, Saturday kar sakte ho?",Reschedule,Reschedule,Saturday,High,Provider/patient running late
C004084,APT008825,PT01050,2026-06-30T19:30:00,SMS,Ok confirmed,Confirm,Confirm,,Low,
C004085,APT008826,PT01208,2026-07-20T13:15:00,WhatsApp,"Doctor visit hai usi din, reschedule possible?",Reschedule,Reschedule,,Medium,Conflicting doctor visit
C004086,APT008827,PT01770,2026-07-19T16:45:00,WhatsApp,"Yes that works, see you then",Confirm,Confirm,,Low,
C004087,APT008828,PT00107,2026-06-30T20:00:00,Call,Not needed this time,Cancel,Cancel,,Low,
C004088,APT008829,PT01053,2026-07-22T18:15:00,WhatsApp,Ok confirmed,Confirm,Confirm,,Low,
C004089,APT008830,PT00681,2026-06-08T16:30:00,Call,"Haan theek hai, confirm kar do",Confirm,Confirm,,Low,
C004090,APT008832,PT01109,2026-06-02T20:30:00,WhatsApp,"Yes that works, see you then",Confirm,Confirm,,Low,
C004091,APT008836,PT00501,2026-08-27T11:00:00,WhatsApp,Can we move to next week?,Reschedule,Reschedule,,Medium,
C004092,APT008838,PT00829,2026-06-10T19:15:00,WhatsApp,,No Response,No Response,,Low,
C004093,APT008840,PT01632,2026-08-14T18:00:00,WhatsApp,Is week cancel karna padega,Cancel,Cancel,,Low,
C004094,APT008841,PT00651,2026-07-04T20:30:00,WhatsApp,,No Response,No Response,,Low,
C004095,APT008849,PT01585,2026-08-20T11:00:00,SMS,"Yes that works, see you then",Confirm,Confirm,,Low,
C004096,APT008850,PT00567,2026-08-18T13:00:00,SMS,"Yes that works, see you then",Confirm,Confirm,,Low,
C004097,APT008851,PT01609,2026-08-06T10:00:00,WhatsApp,Ok confirmed,Confirm,Confirm,,Low,
C004098,APT008853,PT01759,2026-06-05T12:15:00,WhatsApp,,No Response,No Response,,Low,
C004099,APT008855,PT01981,2026-06-23T15:30:00,WhatsApp,Ok confirmed,Confirm,Confirm,,Low,
C004100,APT008858,PT00235,2026-06-05T09:45:00,WhatsApp,"Yes that works, see you then",Confirm,Confirm,,Low,
C004101,APT008862,PT00908,2026-06-20T18:15:00,Call,"Haan theek hai, confirm kar do",Confirm,Confirm,,Low,
C004102,APT008863,PT01928,2026-07-09T10:15:00,WhatsApp,"Doctor visit hai usi din, reschedule possible?",Reschedule,Reschedule,,Medium,Conflicting doctor visit
C004103,APT008865,PT01680,2026-08-16T14:45:00,Call,"Doctor visit hai usi din, reschedule possible?",Reschedule,Reschedule,,Medium,Conflicting doctor visit
C004104,APT008871,PT01129,2026-07-10T15:15:00,WhatsApp,"Doctor visit hai usi din, reschedule possible?",Reschedule,Reschedule,,Medium,Conflicting doctor visit
C004105,APT008872,PT01120,2026-08-27T15:30:00,WhatsApp,"Doctor visit hai usi din, reschedule possible?",Reschedule,Reschedule,,Medium,Conflicting doctor visit
C004106,APT008873,PT01495,2026-08-10T15:30:00,SMS,"Doctor visit hai usi din, reschedule possible?",Reschedule,Reschedule,,Medium,Conflicting doctor visit
C004107,APT008875,PT00609,2026-08-09T17:00:00,Call,Ok confirmed,Confirm,Confirm,,Low,
C004108,APT008879,PT01959,2026-08-27T18:30:00,SMS,"Haan theek hai, confirm kar do",Confirm,Confirm,,Low,
C004109,APT008882,PT01505,2026-06-10T09:45:00,SMS,"Yes that works, see you then",Confirm,Confirm,,Low,
C004110,APT008884,PT00370,2026-06-07T18:15:00,SMS,"Kal thoda late ho jayega, Saturday kar sakte ho?",Reschedule,Reschedule,Saturday,High,Provider/patient running late
C004111,APT008889,PT00592,2026-06-26T16:00:00,WhatsApp,"Yes that works, see you then",Confirm,Confirm,,Low,
C004112,APT008890,PT01124,2026-06-20T17:15:00,WhatsApp,Can we move to next week?,Reschedule,Reschedule,,Medium,
C004113,APT008899,PT01883,2026-08-20T18:15:00,Call,Can we move to next week?,Reschedule,Reschedule,,Medium,
C004114,APT008901,PT01282,2026-07-20T09:45:00,WhatsApp,Can we move to next week?,Reschedule,Reschedule,,Medium,
C004115,APT008902,PT01746,2026-08-19T14:30:00,SMS,"Haan theek hai, confirm kar do",Confirm,Confirm,,Low,
C004116,APT008904,PT00175,2026-06-10T13:45:00,SMS,,No Response,No Response,,Low,
C004117,APT008905,PT01592,2026-06-18T19:45:00,WhatsApp,"Haan theek hai, confirm kar do",Confirm,Confirm,,Low,
C004118,APT008906,PT00759,2026-07-18T08:00:00,Call,Ok confirmed,Confirm,Confirm,,Low,
C004119,APT008907,PT01185,2026-06-27T14:00:00,WhatsApp,"Doctor visit hai usi din, reschedule possible?",Reschedule,Reschedule,,Medium,Conflicting doctor visit
C004120,APT008910,PT00734,2026-06-06T17:00:00,WhatsApp,,No Response,No Response,,Low,
C004121,APT008911,PT00261,2026-05-31T08:15:00,SMS,"Yes that works, see you then",Confirm,Confirm,,Low,
C004122,APT008912,PT00588,2026-07-20T16:30:00,Call,Not needed this time,Cancel,Cancel,,Low,
C004123,APT008913,PT00674,2026-06-28T13:30:00,Call,,No Response,No Response,,Low,
C004124,APT008920,PT01302,2026-07-22T19:45:00,SMS,Ok confirmed,Confirm,Confirm,,Low,
C004125,APT008922,PT01908,2026-08-28T16:00:00,Call,Is week cancel karna padega,Cancel,Cancel,,Low,
C004126,APT008924,PT00078,2026-07-14T10:15:00,WhatsApp,,No Response,No Response,,Low,
C004127,APT008926,PT00361,2026-06-08T14:45:00,SMS,Not needed this time,Cancel,Cancel,,Low,
C004128,APT008929,PT00794,2026-06-10T14:30:00,WhatsApp,"Haan theek hai, confirm kar do",Confirm,Confirm,,Low,
C004129,APT008932,PT00867,2026-07-08T13:45:00,SMS,"Yes that works, see you then",Confirm,Confirm,,Low,
C004130,APT008934,PT00494,2026-08-20T10:15:00,WhatsApp,"Yes that works, see you then",Confirm,Confirm,,Low,
C004131,APT008935,PT00803,2026-06-26T14:15:00,Call,"Yes that works, see you then",Confirm,Confirm,,Low,
C004132,APT008936,PT01319,2026-07-10T10:30:00,SMS,,No Response,No Response,,Low,
C004133,APT008937,PT00742,2026-06-07T10:00:00,WhatsApp,Not needed this time,Cancel,Cancel,,Low,
C004134,APT008943,PT00912,2026-07-23T13:00:00,WhatsApp,,No Response,No Response,,Low,
C004135,APT008952,PT00146,2026-08-01T11:30:00,Call,Ok confirmed,Confirm,Confirm,,Low,
C004136,APT008956,PT00580,2026-07-29T14:00:00,Call,Ok confirmed,Confirm,Confirm,,Low,
C004137,APT008957,PT01363,2026-08-01T18:30:00,SMS,"Kal thoda late ho jayega, Saturday kar sakte ho?",Reschedule,Reschedule,Saturday,High,Provider/patient running late
C004138,APT008958,PT01879,2026-06-07T17:30:00,SMS,,No Response,No Response,,Low,
C004139,APT008959,PT01229,2026-08-19T08:15:00,SMS,Ok confirmed,Confirm,Confirm,,Low,
C004140,APT008962,PT01532,2026-07-05T15:45:00,WhatsApp,,No Response,No Response,,Low,
C004141,APT008971,PT01334,2026-08-20T14:15:00,WhatsApp,"Haan theek hai, confirm kar do",Confirm,Confirm,,Low,
C004142,APT008972,PT01359,2026-07-31T09:00:00,Call,,No Response,No Response,,Low,
C004143,APT008973,PT01567,2026-07-14T15:45:00,SMS,"Yes that works, see you then",Confirm,Confirm,,Low,
C004144,APT008974,PT00805,2026-08-10T09:15:00,SMS,"Kal thoda late ho jayega, Saturday kar sakte ho?",Reschedule,Reschedule,Saturday,High,Provider/patient running late
C004145,APT008975,PT00474,2026-06-13T18:45:00,WhatsApp,,No Response,No Response,,Low,
C004146,APT008976,PT00982,2026-08-04T10:15:00,Call,"Doctor visit hai usi din, reschedule possible?",Reschedule,Reschedule,,Medium,Conflicting doctor visit
C004147,APT008977,PT01132,2026-07-24T10:45:00,WhatsApp,Please cancel this visit,Cancel,Cancel,,Low,
C004148,APT008978,PT00927,2026-07-03T15:30:00,SMS,Can we move to next week?,Reschedule,Reschedule,,Medium,
C004149,APT008983,PT00152,2026-07-31T12:30:00,WhatsApp,Ok confirmed,Confirm,Confirm,,Low,
C004150,APT008984,PT00419,2026-07-15T18:45:00,Call,Ok confirmed,Confirm,Confirm,,Low,
C004151,APT008986,PT01839,2026-08-11T09:45:00,WhatsApp,"Kal thoda late ho jayega, Saturday kar sakte ho?",Reschedule,Reschedule,Saturday,High,Provider/patient running late
C004152,APT008988,PT01028,2026-08-22T16:30:00,Call,"Haan theek hai, confirm kar do",Confirm,Confirm,,Low,
C004153,APT008990,PT01105,2026-06-21T18:30:00,SMS,,No Response,No Response,,Low,
C004154,APT008991,PT00566,2026-06-20T12:45:00,SMS,,No Response,No Response,,Low,
C004155,APT008992,PT00250,2026-06-25T20:00:00,WhatsApp,Is week cancel karna padega,Cancel,Cancel,,Low,
C004156,APT008993,PT01104,2026-06-16T15:30:00,Call,,No Response,No Response,,Low,
C004157,APT008997,PT00361,2026-07-02T14:45:00,SMS,"Haan theek hai, confirm kar do",Confirm,Confirm,,Low,
C004158,APT008999,PT01284,2026-08-27T09:00:00,Call,Is week cancel karna padega,Cancel,Cancel,,Low,
C004159,APT009000,PT00486,2026-06-03T13:45:00,Call,Ok confirmed,Confirm,Confirm,,Low,
C004160,APT009004,PT01245,2026-06-12T14:00:00,SMS,Can we move to next week?,Reschedule,Reschedule,,Medium,
C004161,APT009005,PT01155,2026-08-27T16:00:00,Call,Can we move to next week?,Reschedule,Reschedule,,Medium,
C004162,APT009006,PT00093,2026-07-28T17:00:00,SMS,,No Response,No Response,,Low,
C004163,APT009007,PT01623,2026-06-30T10:45:00,WhatsApp,,No Response,No Response,,Low,
C004164,APT009008,PT00246,2026-07-25T18:45:00,SMS,Can we move to next week?,Reschedule,Reschedule,,Medium,
C004165,APT009012,PT00004,2026-06-12T19:45:00,SMS,"Haan theek hai, confirm kar do",Confirm,Confirm,,Low,
C004166,APT009013,PT00671,2026-06-08T13:15:00,SMS,Can we move to next week?,Reschedule,Reschedule,,Medium,
C004167,APT009016,PT01181,2026-06-13T16:30:00,SMS,Please cancel this visit,Cancel,Cancel,,Low,
C004168,APT009018,PT00854,2026-08-10T10:45:00,SMS,,No Response,No Response,,Low,
C004169,APT009021,PT01429,2026-07-19T14:15:00,SMS,Ok confirmed,Confirm,Confirm,,Low,
C004170,APT009024,PT01897,2026-06-13T12:30:00,WhatsApp,Can we move to next week?,Reschedule,Reschedule,,Medium,
C004171,APT009030,PT01518,2026-07-10T19:00:00,WhatsApp,"Yes that works, see you then",Confirm,Confirm,,Low,
C004172,APT009034,PT00785,2026-08-27T10:45:00,WhatsApp,"Yes that works, see you then",Confirm,Confirm,,Low,
C004173,APT009038,PT01544,2026-06-27T10:00:00,SMS,"Yes that works, see you then",Confirm,Confirm,,Low,
C004174,APT009040,PT01833,2026-07-14T18:15:00,SMS,"Doctor visit hai usi din, reschedule possible?",Reschedule,Reschedule,,Medium,Conflicting doctor visit
C004175,APT009042,PT01288,2026-08-10T11:00:00,WhatsApp,"Yes that works, see you then",Confirm,Confirm,,Low,
C004176,APT009043,PT00628,2026-07-01T17:15:00,Call,"Doctor visit hai usi din, reschedule possible?",Reschedule,Reschedule,,Medium,Conflicting doctor visit
C004177,APT009044,PT01768,2026-06-06T20:30:00,WhatsApp,,No Response,No Response,,Low,
C004178,APT009045,PT00663,2026-07-15T11:30:00,WhatsApp,"Yes that works, see you then",Confirm,Confirm,,Low,
C004179,APT009046,PT01762,2026-06-21T15:30:00,WhatsApp,Ok confirmed,Confirm,Confirm,,Low,
C004180,APT009047,PT01221,2026-07-20T11:00:00,WhatsApp,Not needed this time,Cancel,Cancel,,Low,
C004181,APT009049,PT00683,2026-06-26T18:30:00,Call,,No Response,No Response,,Low,
C004182,APT009053,PT00756,2026-06-21T15:45:00,Call,,No Response,No Response,,Low,
C004183,APT009054,PT01857,2026-06-11T08:30:00,SMS,,No Response,No Response,,Low,
C004184,APT009057,PT01852,2026-07-20T09:15:00,SMS,"Yes that works, see you then",Confirm,Confirm,,Low,
C004185,APT009060,PT00273,2026-07-31T16:00:00,SMS,,No Response,No Response,,Low,
C004186,APT009061,PT01289,2026-06-22T19:30:00,WhatsApp,Please cancel this visit,Cancel,Cancel,,Low,
C004187,APT009065,PT00036,2026-06-14T15:30:00,SMS,"Yes that works, see you then",Confirm,Confirm,,Low,
C004188,APT009067,PT00519,2026-06-04T10:30:00,WhatsApp,,No Response,No Response,,Low,
C004189,APT009068,PT01056,2026-06-07T12:15:00,WhatsApp,"Kal thoda late ho jayega, Saturday kar sakte ho?",Reschedule,Reschedule,Saturday,High,Provider/patient running late
C004190,APT009069,PT00480,2026-08-07T11:15:00,Call,Ok confirmed,Confirm,Confirm,,Low,
C004191,APT009078,PT00923,2026-08-21T13:30:00,SMS,,No Response,No Response,,Low,
C004192,APT009082,PT00940,2026-07-10T14:15:00,SMS,"Kal thoda late ho jayega, Saturday kar sakte ho?",Reschedule,Reschedule,Saturday,High,Provider/patient running late
C004193,APT009084,PT00082,2026-06-08T13:15:00,SMS,Ok confirmed,Confirm,Confirm,,Low,
C004194,APT009086,PT00072,2026-05-31T17:45:00,Call,Ok confirmed,Confirm,Confirm,,Low,
C004195,APT009087,PT00164,2026-06-02T09:15:00,SMS,,No Response,No Response,,Low,
C004196,APT009088,PT00506,2026-08-27T11:45:00,WhatsApp,"Yes that works, see you then",Confirm,Confirm,,Low,
C004197,APT009089,PT01005,2026-06-04T19:15:00,SMS,Ok confirmed,Confirm,Confirm,,Low,
C004198,APT009090,PT00316,2026-07-09T17:45:00,Call,"Yes that works, see you then",Confirm,Confirm,,Low,
C004199,APT009093,PT00024,2026-07-27T11:30:00,Call,,No Response,No Response,,Low,
C004200,APT009095,PT00777,2026-06-28T09:00:00,Call,Ok confirmed,Confirm,Confirm,,Low,
C004201,APT009096,PT01809,2026-07-31T13:15:00,Call,"Haan theek hai, confirm kar do",Confirm,Confirm,,Low,
C004202,APT009102,PT01550,2026-08-02T17:00:00,SMS,Ok confirmed,Confirm,Confirm,,Low,
C004203,APT009103,PT00140,2026-08-03T16:45:00,Call,Please cancel this visit,Cancel,Cancel,,Low,
C004204,APT009105,PT00056,2026-06-27T09:45:00,Call,"Doctor visit hai usi din, reschedule possible?",Reschedule,Reschedule,,Medium,Conflicting doctor visit
C004205,APT009106,PT01402,2026-06-19T11:30:00,Call,"Haan theek hai, confirm kar do",Confirm,Confirm,,Low,
C004206,APT009108,PT00322,2026-08-02T12:45:00,Call,"Haan theek hai, confirm kar do",Confirm,Confirm,,Low,
C004207,APT009112,PT01563,2026-06-29T12:45:00,Call,Not needed this time,Cancel,Cancel,,Low,
C004208,APT009114,PT01610,2026-06-18T18:45:00,SMS,Can we move to next week?,Reschedule,Reschedule,,Medium,
C004209,APT009115,PT01199,2026-06-23T13:45:00,Call,Ok confirmed,Confirm,Confirm,,Low,
C004210,APT009116,PT00170,2026-08-24T11:45:00,SMS,"Doctor visit hai usi din, reschedule possible?",Reschedule,Reschedule,,Medium,Conflicting doctor visit
C004211,APT009118,PT00550,2026-07-15T13:30:00,SMS,"Yes that works, see you then",Confirm,Confirm,,Low,
C004212,APT009119,PT01788,2026-06-09T15:15:00,WhatsApp,"Kal thoda late ho jayega, Saturday kar sakte ho?",Reschedule,Reschedule,Saturday,High,Provider/patient running late
C004213,APT009122,PT01284,2026-08-20T11:15:00,WhatsApp,"Yes that works, see you then",Confirm,Confirm,,Low,
C004214,APT009127,PT00954,2026-07-30T16:15:00,WhatsApp,"Haan theek hai, confirm kar do",Confirm,Confirm,,Low,
C004215,APT009128,PT00377,2026-06-11T17:30:00,SMS,"Doctor visit hai usi din, reschedule possible?",Reschedule,Reschedule,,Medium,Conflicting doctor visit
C004216,APT009129,PT00969,2026-06-15T18:00:00,Call,,No Response,No Response,,Low,
C004217,APT009130,PT00871,2026-07-17T14:00:00,SMS,Can we move to next week?,Reschedule,Reschedule,,Medium,
C004218,APT009133,PT01568,2026-07-12T12:30:00,Call,"Doctor visit hai usi din, reschedule possible?",Reschedule,Reschedule,,Medium,Conflicting doctor visit
C004219,APT009137,PT00088,2026-06-30T10:15:00,Call,"Yes that works, see you then",Confirm,Confirm,,Low,
C004220,APT009139,PT01973,2026-05-31T14:00:00,WhatsApp,Please cancel this visit,Cancel,Cancel,,Low,
C004221,APT009143,PT00969,2026-08-08T17:00:00,Call,Is week cancel karna padega,Cancel,Cancel,,Low,
C004222,APT009144,PT01024,2026-06-18T15:15:00,SMS,Please cancel this visit,Cancel,Cancel,,Low,
C004223,APT009146,PT01015,2026-07-16T13:15:00,WhatsApp,Ok confirmed,Confirm,Confirm,,Low,
C004224,APT009149,PT01627,2026-08-12T10:15:00,SMS,"Haan theek hai, confirm kar do",Confirm,Confirm,,Low,
C004225,APT009158,PT00905,2026-08-10T09:15:00,SMS,,No Response,No Response,,Low,
C004226,APT009160,PT01474,2026-07-17T17:30:00,Call,Please cancel this visit,Cancel,Cancel,,Low,
C004227,APT009165,PT01585,2026-07-10T08:45:00,Call,,No Response,No Response,,Low,
C004228,APT009166,PT00653,2026-08-19T08:15:00,Call,"Yes that works, see you then",Confirm,Confirm,,Low,
C004229,APT009167,PT01115,2026-06-19T11:00:00,SMS,,No Response,No Response,,Low,
C004230,APT009168,PT00036,2026-07-15T20:45:00,WhatsApp,"Haan theek hai, confirm kar do",Confirm,Confirm,,Low,
C004231,APT009170,PT01724,2026-07-14T11:00:00,Call,"Yes that works, see you then",Confirm,Confirm,,Low,
C004232,APT009172,PT00459,2026-08-22T13:45:00,SMS,,No Response,No Response,,Low,
C004233,APT009174,PT00427,2026-08-10T16:30:00,WhatsApp,"Haan theek hai, confirm kar do",Confirm,Confirm,,Low,
C004234,APT009175,PT01679,2026-07-26T20:45:00,WhatsApp,Can we move to next week?,Reschedule,Reschedule,,Medium,
C004235,APT009176,PT00565,2026-08-19T15:30:00,WhatsApp,,No Response,No Response,,Low,
C004236,APT009177,PT00262,2026-08-16T17:15:00,SMS,"Doctor visit hai usi din, reschedule possible?",Reschedule,Reschedule,,Medium,Conflicting doctor visit
C004237,APT009178,PT01533,2026-06-15T16:30:00,SMS,,No Response,No Response,,Low,
C004238,APT009179,PT01440,2026-08-24T09:15:00,WhatsApp,Can we move to next week?,Reschedule,Reschedule,,Medium,
C004239,APT009181,PT00143,2026-07-04T19:00:00,WhatsApp,"Doctor visit hai usi din, reschedule possible?",Reschedule,Reschedule,,Medium,Conflicting doctor visit
C004240,APT009183,PT01913,2026-07-01T09:00:00,SMS,"Haan theek hai, confirm kar do",Confirm,Confirm,,Low,
C004241,APT009185,PT01057,2026-08-09T19:15:00,Call,"Yes that works, see you then",Confirm,Confirm,,Low,
C004242,APT009189,PT01834,2026-06-07T10:30:00,SMS,Please cancel this visit,Cancel,Cancel,,Low,
C004243,APT009190,PT01542,2026-08-18T13:15:00,WhatsApp,"Haan theek hai, confirm kar do",Confirm,Confirm,,Low,
C004244,APT009191,PT00882,2026-06-10T17:15:00,Call,"Haan theek hai, confirm kar do",Confirm,Confirm,,Low,
C004245,APT009193,PT01195,2026-08-17T20:45:00,WhatsApp,Ok confirmed,Confirm,Confirm,,Low,
C004246,APT009194,PT00065,2026-06-11T09:00:00,SMS,Is week cancel karna padega,Cancel,Cancel,,Low,
C004247,APT009195,PT00869,2026-06-11T17:15:00,WhatsApp,Ok confirmed,Confirm,Confirm,,Low,
C004248,APT009197,PT00059,2026-06-23T15:45:00,WhatsApp,"Kal thoda late ho jayega, Saturday kar sakte ho?",Reschedule,Reschedule,Saturday,High,Provider/patient running late
C004249,APT009202,PT01595,2026-07-10T19:15:00,SMS,Ok confirmed,Confirm,Confirm,,Low,
C004250,APT009203,PT00765,2026-07-01T16:45:00,WhatsApp,Ok confirmed,Confirm,Confirm,,Low,
C004251,APT009204,PT01650,2026-07-24T20:00:00,Call,Ok confirmed,Confirm,Confirm,,Low,
C004252,APT009205,PT00358,2026-07-20T18:45:00,WhatsApp,"Doctor visit hai usi din, reschedule possible?",Reschedule,Reschedule,,Medium,Conflicting doctor visit
C004253,APT009208,PT00216,2026-08-09T12:00:00,Call,,No Response,No Response,,Low,
C004254,APT009209,PT01956,2026-08-01T14:00:00,SMS,Can we move to next week?,Reschedule,Reschedule,,Medium,
C004255,APT009210,PT01898,2026-06-16T08:00:00,Call,Ok confirmed,Confirm,Confirm,,Low,
C004256,APT009212,PT00812,2026-06-23T15:00:00,Call,Not needed this time,Cancel,Cancel,,Low,
C004257,APT009214,PT00084,2026-08-06T08:30:00,WhatsApp,Can we move to next week?,Reschedule,Reschedule,,Medium,
C004258,APT009217,PT00293,2026-07-19T11:15:00,Call,"Doctor visit hai usi din, reschedule possible?",Reschedule,Reschedule,,Medium,Conflicting doctor visit
C004259,APT009218,PT01937,2026-07-22T11:45:00,WhatsApp,Ok confirmed,Confirm,Confirm,,Low,
C004260,APT009224,PT01000,2026-07-30T13:00:00,Call,"Haan theek hai, confirm kar do",Confirm,Confirm,,Low,
C004261,APT009225,PT00839,2026-06-24T12:15:00,WhatsApp,Please cancel this visit,Cancel,Cancel,,Low,
C004262,APT009229,PT00092,2026-06-18T08:45:00,Call,"Yes that works, see you then",Confirm,Confirm,,Low,
C004263,APT009230,PT01758,2026-08-17T09:15:00,WhatsApp,"Kal thoda late ho jayega, Saturday kar sakte ho?",Reschedule,Reschedule,Saturday,High,Provider/patient running late
C004264,APT009233,PT01896,2026-08-29T09:15:00,WhatsApp,"Doctor visit hai usi din, reschedule possible?",Reschedule,Reschedule,,Medium,Conflicting doctor visit
C004265,APT009235,PT00026,2026-07-15T19:15:00,SMS,Not needed this time,Cancel,Cancel,,Low,
C004266,APT009236,PT00773,2026-07-06T10:15:00,SMS,Can we move to next week?,Reschedule,Reschedule,,Medium,
C004267,APT009237,PT00695,2026-07-02T09:30:00,SMS,"Kal thoda late ho jayega, Saturday kar sakte ho?",Reschedule,Reschedule,Saturday,High,Provider/patient running late
C004268,APT009238,PT00306,2026-08-14T19:00:00,Call,,No Response,No Response,,Low,
C004269,APT009239,PT00006,2026-07-11T11:45:00,Call,"Haan theek hai, confirm kar do",Confirm,Confirm,,Low,
C004270,APT009243,PT01338,2026-07-26T16:45:00,Call,"Haan theek hai, confirm kar do",Confirm,Confirm,,Low,
C004271,APT009244,PT01878,2026-07-06T16:30:00,SMS,Ok confirmed,Confirm,Confirm,,Low,
C004272,APT009246,PT00675,2026-07-16T14:15:00,SMS,,No Response,No Response,,Low,
C004273,APT009247,PT01672,2026-07-23T09:15:00,Call,"Haan theek hai, confirm kar do",Confirm,Confirm,,Low,
C004274,APT009248,PT00006,2026-07-24T10:15:00,Call,"Yes that works, see you then",Confirm,Confirm,,Low,
C004275,APT009250,PT00899,2026-06-06T15:00:00,Call,Ok confirmed,Confirm,Confirm,,Low,
C004276,APT009251,PT01833,2026-08-28T12:00:00,SMS,Ok confirmed,Confirm,Confirm,,Low,
C004277,APT009255,PT00273,2026-08-16T16:30:00,WhatsApp,Is week cancel karna padega,Cancel,Cancel,,Low,
C004278,APT009260,PT00392,2026-06-18T20:45:00,Call,"Haan theek hai, confirm kar do",Confirm,Confirm,,Low,
C004279,APT009261,PT01983,2026-07-18T12:30:00,WhatsApp,,No Response,No Response,,Low,
C004280,APT009263,PT01012,2026-07-01T11:00:00,WhatsApp,"Kal thoda late ho jayega, Saturday kar sakte ho?",Reschedule,Reschedule,Saturday,High,Provider/patient running late
C004281,APT009264,PT01185,2026-08-25T10:15:00,Call,Can we move to next week?,Reschedule,Reschedule,,Medium,
C004282,APT009268,PT00971,2026-08-01T13:15:00,SMS,,No Response,No Response,,Low,
C004283,APT009271,PT00059,2026-08-15T18:45:00,Call,"Haan theek hai, confirm kar do",Confirm,Confirm,,Low,
C004284,APT009272,PT01491,2026-07-22T12:00:00,Call,,No Response,No Response,,Low,
C004285,APT009273,PT00077,2026-07-14T11:00:00,Call,Please cancel this visit,Cancel,Cancel,,Low,
C004286,APT009274,PT00561,2026-08-22T09:45:00,SMS,Ok confirmed,Confirm,Confirm,,Low,
C004287,APT009276,PT01184,2026-06-14T12:15:00,SMS,"Haan theek hai, confirm kar do",Confirm,Confirm,,Low,
C004288,APT009277,PT01715,2026-06-29T10:15:00,SMS,Can we move to next week?,Reschedule,Reschedule,,Medium,
C004289,APT009278,PT00919,2026-07-10T09:15:00,Call,Can we move to next week?,Reschedule,Reschedule,,Medium,
C004290,APT009280,PT01221,2026-08-17T20:15:00,WhatsApp,"Haan theek hai, confirm kar do",Confirm,Confirm,,Low,
C004291,APT009281,PT00414,2026-08-21T11:00:00,SMS,"Haan theek hai, confirm kar do",Confirm,Confirm,,Low,
C004292,APT009284,PT01511,2026-06-23T18:30:00,Call,Is week cancel karna padega,Cancel,Cancel,,Low,
C004293,APT009285,PT01498,2026-06-17T10:00:00,SMS,Ok confirmed,Confirm,Confirm,,Low,
C004294,APT009287,PT00709,2026-08-21T18:00:00,Call,"Kal thoda late ho jayega, Saturday kar sakte ho?",Reschedule,Reschedule,Saturday,High,Provider/patient running late
C004295,APT009290,PT01790,2026-06-29T14:15:00,Call,,No Response,No Response,,Low,
C004296,APT009291,PT00472,2026-08-06T14:30:00,SMS,Can we move to next week?,Reschedule,Reschedule,,Medium,
C004297,APT009292,PT01697,2026-07-11T20:30:00,SMS,"Haan theek hai, confirm kar do",Confirm,Confirm,,Low,
C004298,APT009299,PT00308,2026-06-04T20:45:00,SMS,Can we move to next week?,Reschedule,Reschedule,,Medium,
C004299,APT009304,PT01964,2026-08-03T09:00:00,SMS,"Doctor visit hai usi din, reschedule possible?",Reschedule,Reschedule,,Medium,Conflicting doctor visit
C004300,APT009308,PT00460,2026-08-25T17:45:00,SMS,"Yes that works, see you then",Confirm,Confirm,,Low,
C004301,APT009311,PT00322,2026-08-23T12:45:00,Call,"Doctor visit hai usi din, reschedule possible?",Reschedule,Reschedule,,Medium,Conflicting doctor visit
C004302,APT009313,PT01181,2026-06-24T13:00:00,WhatsApp,"Doctor visit hai usi din, reschedule possible?",Reschedule,Reschedule,,Medium,Conflicting doctor visit
C004303,APT009317,PT00968,2026-07-13T20:15:00,WhatsApp,Can we move to next week?,Reschedule,Reschedule,,Medium,
C004304,APT009318,PT01623,2026-06-12T19:15:00,Call,,No Response,No Response,,Low,
C004305,APT009319,PT00361,2026-07-09T11:45:00,WhatsApp,"Yes that works, see you then",Confirm,Confirm,,Low,
C004306,APT009320,PT00058,2026-08-21T16:00:00,WhatsApp,Ok confirmed,Confirm,Confirm,,Low,
C004307,APT009322,PT00818,2026-08-16T14:30:00,SMS,,No Response,No Response,,Low,
C004308,APT009323,PT00181,2026-07-28T16:30:00,Call,Please cancel this visit,Cancel,Cancel,,Low,
C004309,APT009324,PT00040,2026-08-28T10:30:00,Call,,No Response,No Response,,Low,
C004310,APT009325,PT01967,2026-08-05T18:45:00,WhatsApp,Ok confirmed,Confirm,Confirm,,Low,
C004311,APT009327,PT00361,2026-08-13T17:15:00,Call,,No Response,No Response,,Low,
C004312,APT009328,PT01451,2026-08-05T17:30:00,WhatsApp,"Doctor visit hai usi din, reschedule possible?",Reschedule,Reschedule,,Medium,Conflicting doctor visit
C004313,APT009329,PT00965,2026-06-18T09:30:00,SMS,,No Response,No Response,,Low,
C004314,APT009333,PT01235,2026-07-07T13:00:00,Call,"Kal thoda late ho jayega, Saturday kar sakte ho?",Reschedule,Reschedule,Saturday,High,Provider/patient running late
C004315,APT009334,PT01374,2026-06-25T11:00:00,SMS,"Yes that works, see you then",Confirm,Confirm,,Low,
C004316,APT009336,PT00459,2026-07-28T19:30:00,Call,,No Response,No Response,,Low,
C004317,APT009345,PT00784,2026-07-30T13:15:00,Call,Can we move to next week?,Reschedule,Reschedule,,Medium,
C004318,APT009348,PT00449,2026-06-23T18:45:00,WhatsApp,"Haan theek hai, confirm kar do",Confirm,Confirm,,Low,
C004319,APT009349,PT01330,2026-07-02T15:30:00,SMS,"Haan theek hai, confirm kar do",Confirm,Confirm,,Low,
C004320,APT009350,PT01081,2026-08-24T16:45:00,WhatsApp,,No Response,No Response,,Low,
C004321,APT009353,PT00505,2026-06-16T16:15:00,Call,Can we move to next week?,Reschedule,Reschedule,,Medium,
C004322,APT009354,PT01578,2026-06-01T13:15:00,Call,,No Response,No Response,,Low,
C004323,APT009357,PT01976,2026-07-06T15:15:00,WhatsApp,"Doctor visit hai usi din, reschedule possible?",Reschedule,Reschedule,,Medium,Conflicting doctor visit
C004324,APT009358,PT01807,2026-08-05T15:00:00,Call,"Haan theek hai, confirm kar do",Confirm,Confirm,,Low,
C004325,APT009359,PT01770,2026-07-21T11:45:00,SMS,Please cancel this visit,Cancel,Cancel,,Low,
C004326,APT009365,PT01912,2026-07-10T12:30:00,SMS,,No Response,No Response,,Low,
C004327,APT009366,PT00842,2026-08-09T15:30:00,WhatsApp,Please cancel this visit,Cancel,Cancel,,Low,
C004328,APT009369,PT01766,2026-07-09T10:30:00,SMS,,No Response,No Response,,Low,
C004329,APT009371,PT01199,2026-08-01T15:00:00,Call,"Haan theek hai, confirm kar do",Confirm,Confirm,,Low,
C004330,APT009372,PT00869,2026-08-10T20:30:00,Call,Is week cancel karna padega,Cancel,Cancel,,Low,
C004331,APT009373,PT00935,2026-06-02T09:30:00,WhatsApp,Can we move to next week?,Reschedule,Reschedule,,Medium,
C004332,APT009374,PT01192,2026-06-18T20:45:00,SMS,,No Response,No Response,,Low,
C004333,APT009377,PT02000,2026-06-23T19:30:00,WhatsApp,,No Response,No Response,,Low,
C004334,APT009382,PT01476,2026-06-28T13:15:00,WhatsApp,"Yes that works, see you then",Confirm,Confirm,,Low,
C004335,APT009384,PT01575,2026-06-15T08:45:00,WhatsApp,"Yes that works, see you then",Confirm,Confirm,,Low,
C004336,APT009385,PT00003,2026-08-01T12:00:00,SMS,"Doctor visit hai usi din, reschedule possible?",Reschedule,Reschedule,,Medium,Conflicting doctor visit
C004337,APT009386,PT01603,2026-08-28T11:45:00,WhatsApp,Ok confirmed,Confirm,Confirm,,Low,
C004338,APT009387,PT00494,2026-06-02T09:15:00,Call,Ok confirmed,Confirm,Confirm,,Low,
C004339,APT009389,PT01267,2026-07-05T15:15:00,WhatsApp,Ok confirmed,Confirm,Confirm,,Low,
C004340,APT009390,PT01340,2026-07-25T15:00:00,Call,"Haan theek hai, confirm kar do",Confirm,Confirm,,Low,
C004341,APT009392,PT00139,2026-06-10T18:00:00,Call,,No Response,No Response,,Low,
C004342,APT009394,PT00601,2026-06-14T09:15:00,Call,Ok confirmed,Confirm,Confirm,,Low,
C004343,APT009395,PT01776,2026-07-03T19:15:00,WhatsApp,"Haan theek hai, confirm kar do",Confirm,Confirm,,Low,
C004344,APT009396,PT01956,2026-07-25T09:00:00,SMS,"Kal thoda late ho jayega, Saturday kar sakte ho?",Reschedule,Reschedule,Saturday,High,Provider/patient running late
C004345,APT009397,PT01442,2026-07-11T19:30:00,WhatsApp,"Kal thoda late ho jayega, Saturday kar sakte ho?",Reschedule,Reschedule,Saturday,High,Provider/patient running late
C004346,APT009398,PT00595,2026-07-01T09:45:00,SMS,"Doctor visit hai usi din, reschedule possible?",Reschedule,Reschedule,,Medium,Conflicting doctor visit
C004347,APT009399,PT01061,2026-06-18T16:15:00,WhatsApp,,No Response,No Response,,Low,
C004348,APT009403,PT00635,2026-07-28T09:15:00,WhatsApp,"Haan theek hai, confirm kar do",Confirm,Confirm,,Low,
C004349,APT009404,PT01386,2026-06-13T15:00:00,SMS,,No Response,No Response,,Low,
C004350,APT009405,PT01018,2026-06-25T17:45:00,WhatsApp,"Yes that works, see you then",Confirm,Confirm,,Low,
C004351,APT009408,PT00165,2026-08-10T09:00:00,SMS,"Doctor visit hai usi din, reschedule possible?",Reschedule,Reschedule,,Medium,Conflicting doctor visit
C004352,APT009415,PT00635,2026-08-03T17:15:00,Call,"Haan theek hai, confirm kar do",Confirm,Confirm,,Low,
C004353,APT009418,PT01080,2026-06-23T12:00:00,SMS,"Haan theek hai, confirm kar do",Confirm,Confirm,,Low,
C004354,APT009419,PT01671,2026-08-07T13:30:00,SMS,"Kal thoda late ho jayega, Saturday kar sakte ho?",Reschedule,Reschedule,Saturday,High,Provider/patient running late
C004355,APT009421,PT00508,2026-08-04T17:45:00,Call,"Yes that works, see you then",Confirm,Confirm,,Low,
C004356,APT009424,PT01077,2026-06-14T09:30:00,Call,Ok confirmed,Confirm,Confirm,,Low,
C004357,APT009426,PT01714,2026-07-05T10:00:00,WhatsApp,"Yes that works, see you then",Confirm,Confirm,,Low,
C004358,APT009427,PT00081,2026-06-03T09:00:00,Call,"Haan theek hai, confirm kar do",Confirm,Confirm,,Low,
C004359,APT009428,PT00832,2026-08-27T11:45:00,WhatsApp,"Doctor visit hai usi din, reschedule possible?",Reschedule,Reschedule,,Medium,Conflicting doctor visit
C004360,APT009430,PT01228,2026-07-09T11:30:00,SMS,"Haan theek hai, confirm kar do",Confirm,Confirm,,Low,
C004361,APT009434,PT01619,2026-06-15T20:45:00,Call,Not needed this time,Cancel,Cancel,,Low,
C004362,APT009436,PT00028,2026-08-16T14:15:00,SMS,,No Response,No Response,,Low,
C004363,APT009437,PT01013,2026-07-12T10:00:00,WhatsApp,Ok confirmed,Confirm,Confirm,,Low,
C004364,APT009438,PT00403,2026-07-16T20:45:00,SMS,"Kal thoda late ho jayega, Saturday kar sakte ho?",Reschedule,Reschedule,Saturday,High,Provider/patient running late
C004365,APT009439,PT01511,2026-07-31T09:30:00,SMS,,No Response,No Response,,Low,
C004366,APT009440,PT00517,2026-06-12T10:30:00,SMS,"Kal thoda late ho jayega, Saturday kar sakte ho?",Reschedule,Reschedule,Saturday,High,Provider/patient running late
C004367,APT009441,PT00800,2026-08-25T18:45:00,WhatsApp,Ok confirmed,Confirm,Confirm,,Low,
C004368,APT009446,PT01511,2026-07-03T09:45:00,Call,Can we move to next week?,Reschedule,Reschedule,,Medium,
C004369,APT009447,PT00908,2026-06-21T20:00:00,SMS,"Yes that works, see you then",Confirm,Confirm,,Low,
C004370,APT009451,PT00494,2026-07-23T12:00:00,Call,Ok confirmed,Confirm,Confirm,,Low,
C004371,APT009452,PT00204,2026-08-24T13:15:00,WhatsApp,"Doctor visit hai usi din, reschedule possible?",Reschedule,Reschedule,,Medium,Conflicting doctor visit
C004372,APT009454,PT01381,2026-08-12T14:45:00,Call,Can we move to next week?,Reschedule,Reschedule,,Medium,
C004373,APT009455,PT00035,2026-05-31T15:15:00,SMS,"Doctor visit hai usi din, reschedule possible?",Reschedule,Reschedule,,Medium,Conflicting doctor visit
C004374,APT009456,PT01433,2026-07-19T10:15:00,Call,"Kal thoda late ho jayega, Saturday kar sakte ho?",Reschedule,Reschedule,Saturday,High,Provider/patient running late
C004375,APT009458,PT01964,2026-07-23T16:30:00,SMS,"Yes that works, see you then",Confirm,Confirm,,Low,
C004376,APT009463,PT00184,2026-05-31T14:15:00,SMS,Is week cancel karna padega,Cancel,Cancel,,Low,
C004377,APT009464,PT01002,2026-06-19T11:45:00,SMS,,No Response,No Response,,Low,
C004378,APT009465,PT01028,2026-08-26T12:00:00,Call,Ok confirmed,Confirm,Confirm,,Low,
C004379,APT009466,PT00290,2026-06-02T17:30:00,Call,,No Response,No Response,,Low,
C004380,APT009467,PT00974,2026-08-11T20:30:00,WhatsApp,,No Response,No Response,,Low,
C004381,APT009468,PT00807,2026-06-27T17:15:00,SMS,"Kal thoda late ho jayega, Saturday kar sakte ho?",Reschedule,Reschedule,Saturday,High,Provider/patient running late
C004382,APT009469,PT01437,2026-08-16T18:00:00,Call,,No Response,No Response,,Low,
C004383,APT009471,PT01070,2026-08-14T14:00:00,WhatsApp,,No Response,No Response,,Low,
C004384,APT009475,PT00439,2026-06-18T14:45:00,Call,,No Response,No Response,,Low,
C004385,APT009477,PT01657,2026-08-25T20:00:00,WhatsApp,Ok confirmed,Confirm,Confirm,,Low,
C004386,APT009478,PT01753,2026-06-07T17:45:00,WhatsApp,"Haan theek hai, confirm kar do",Confirm,Confirm,,Low,
C004387,APT009479,PT01013,2026-06-07T15:15:00,WhatsApp,Ok confirmed,Confirm,Confirm,,Low,
C004388,APT009482,PT01531,2026-07-29T11:30:00,Call,Ok confirmed,Confirm,Confirm,,Low,
C004389,APT009484,PT01024,2026-07-19T17:45:00,WhatsApp,"Kal thoda late ho jayega, Saturday kar sakte ho?",Reschedule,Reschedule,Saturday,High,Provider/patient running late
C004390,APT009485,PT00888,2026-06-18T19:00:00,WhatsApp,"Kal thoda late ho jayega, Saturday kar sakte ho?",Reschedule,Reschedule,Saturday,High,Provider/patient running late
C004391,APT009486,PT01646,2026-06-11T13:15:00,WhatsApp,Not needed this time,Cancel,Cancel,,Low,
C004392,APT009490,PT00537,2026-08-11T10:45:00,SMS,,No Response,No Response,,Low,
C004393,APT009495,PT00134,2026-06-09T10:15:00,WhatsApp,"Kal thoda late ho jayega, Saturday kar sakte ho?",Reschedule,Reschedule,Saturday,High,Provider/patient running late
C004394,APT009496,PT00751,2026-07-20T09:00:00,Call,"Yes that works, see you then",Confirm,Confirm,,Low,
C004395,APT009500,PT00211,2026-06-02T09:45:00,SMS,Is week cancel karna padega,Cancel,Cancel,,Low,
C004396,APT009502,PT01500,2026-07-30T20:15:00,WhatsApp,Ok confirmed,Confirm,Confirm,,Low,
C004397,APT009504,PT00492,2026-06-12T14:45:00,Call,Not needed this time,Cancel,Cancel,,Low,
C004398,APT009506,PT00453,2026-07-06T13:45:00,SMS,"Haan theek hai, confirm kar do",Confirm,Confirm,,Low,
C004399,APT009509,PT01319,2026-07-27T09:30:00,SMS,"Doctor visit hai usi din, reschedule possible?",Reschedule,Reschedule,,Medium,Conflicting doctor visit
C004400,APT009511,PT01463,2026-08-01T19:00:00,WhatsApp,Can we move to next week?,Reschedule,Reschedule,,Medium,
C004401,APT009513,PT00209,2026-06-13T11:45:00,WhatsApp,Can we move to next week?,Reschedule,Reschedule,,Medium,
C004402,APT009515,PT00641,2026-07-14T10:45:00,Call,"Yes that works, see you then",Confirm,Confirm,,Low,
C004403,APT009517,PT00926,2026-06-09T08:45:00,SMS,Can we move to next week?,Reschedule,Reschedule,,Medium,
C004404,APT009518,PT01876,2026-07-24T18:15:00,SMS,"Doctor visit hai usi din, reschedule possible?",Reschedule,Reschedule,,Medium,Conflicting doctor visit
C004405,APT009519,PT01288,2026-08-12T18:30:00,WhatsApp,"Doctor visit hai usi din, reschedule possible?",Reschedule,Reschedule,,Medium,Conflicting doctor visit
C004406,APT009524,PT00385,2026-07-09T16:00:00,SMS,"Yes that works, see you then",Confirm,Confirm,,Low,
C004407,APT009525,PT01865,2026-07-01T19:15:00,SMS,Can we move to next week?,Reschedule,Reschedule,,Medium,
C004408,APT009527,PT01450,2026-06-16T16:00:00,SMS,Please cancel this visit,Cancel,Cancel,,Low,
C004409,APT009528,PT00520,2026-07-17T13:15:00,WhatsApp,Ok confirmed,Confirm,Confirm,,Low,
C004410,APT009531,PT00749,2026-07-21T15:30:00,WhatsApp,"Kal thoda late ho jayega, Saturday kar sakte ho?",Reschedule,Reschedule,Saturday,High,Provider/patient running late
C004411,APT009532,PT01737,2026-06-16T18:00:00,Call,"Yes that works, see you then",Confirm,Confirm,,Low,
C004412,APT009534,PT00265,2026-06-25T12:30:00,WhatsApp,Ok confirmed,Confirm,Confirm,,Low,
C004413,APT009535,PT01799,2026-08-07T16:00:00,Call,"Yes that works, see you then",Confirm,Confirm,,Low,
C004414,APT009537,PT00091,2026-06-08T13:45:00,Call,Ok confirmed,Confirm,Confirm,,Low,
C004415,APT009539,PT01145,2026-06-18T15:00:00,SMS,"Haan theek hai, confirm kar do",Confirm,Confirm,,Low,
C004416,APT009542,PT01278,2026-05-31T08:45:00,SMS,Can we move to next week?,Reschedule,Reschedule,,Medium,
C004417,APT009544,PT01931,2026-06-22T14:15:00,WhatsApp,Ok confirmed,Confirm,Confirm,,Low,
C004418,APT009546,PT00211,2026-06-14T15:15:00,Call,Ok confirmed,Confirm,Confirm,,Low,
C004419,APT009548,PT01916,2026-07-27T08:45:00,WhatsApp,Can we move to next week?,Reschedule,Reschedule,,Medium,
C004420,APT009550,PT00957,2026-07-17T15:45:00,SMS,"Haan theek hai, confirm kar do",Confirm,Confirm,,Low,
C004421,APT009551,PT01985,2026-06-13T10:00:00,WhatsApp,"Haan theek hai, confirm kar do",Confirm,Confirm,,Low,
C004422,APT009556,PT00333,2026-08-20T10:30:00,Call,Is week cancel karna padega,Cancel,Cancel,,Low,
C004423,APT009557,PT01789,2026-07-07T18:00:00,SMS,Can we move to next week?,Reschedule,Reschedule,,Medium,
C004424,APT009561,PT01215,2026-06-14T16:30:00,Call,Not needed this time,Cancel,Cancel,,Low,
C004425,APT009562,PT01600,2026-06-01T16:00:00,SMS,"Yes that works, see you then",Confirm,Confirm,,Low,
C004426,APT009563,PT00349,2026-06-12T18:30:00,Call,,No Response,No Response,,Low,
C004427,APT009566,PT01471,2026-07-07T18:15:00,Call,Ok confirmed,Confirm,Confirm,,Low,
C004428,APT009568,PT01847,2026-07-21T12:30:00,SMS,"Kal thoda late ho jayega, Saturday kar sakte ho?",Reschedule,Reschedule,Saturday,High,Provider/patient running late
C004429,APT009569,PT01292,2026-06-08T08:30:00,SMS,Please cancel this visit,Cancel,Cancel,,Low,
C004430,APT009571,PT01321,2026-06-24T17:15:00,SMS,Can we move to next week?,Reschedule,Reschedule,,Medium,
C004431,APT009574,PT01028,2026-06-28T18:00:00,Call,"Yes that works, see you then",Confirm,Confirm,,Low,
C004432,APT009576,PT01290,2026-08-16T10:30:00,WhatsApp,Ok confirmed,Confirm,Confirm,,Low,
C004433,APT009578,PT01783,2026-08-16T13:15:00,SMS,,No Response,No Response,,Low,
C004434,APT009579,PT00806,2026-08-23T08:15:00,WhatsApp,"Doctor visit hai usi din, reschedule possible?",Reschedule,Reschedule,,Medium,Conflicting doctor visit
C004435,APT009583,PT00928,2026-07-17T12:30:00,Call,Ok confirmed,Confirm,Confirm,,Low,
C004436,APT009585,PT00224,2026-07-26T17:00:00,SMS,"Doctor visit hai usi din, reschedule possible?",Reschedule,Reschedule,,Medium,Conflicting doctor visit
C004437,APT009587,PT01433,2026-08-05T16:45:00,WhatsApp,"Kal thoda late ho jayega, Saturday kar sakte ho?",Reschedule,Reschedule,Saturday,High,Provider/patient running late
C004438,APT009589,PT01632,2026-07-25T20:45:00,SMS,"Haan theek hai, confirm kar do",Confirm,Confirm,,Low,
C004439,APT009590,PT01369,2026-06-09T11:15:00,WhatsApp,,No Response,No Response,,Low,
C004440,APT009594,PT01254,2026-07-27T12:30:00,Call,"Haan theek hai, confirm kar do",Confirm,Confirm,,Low,
C004441,APT009597,PT01892,2026-08-24T19:15:00,Call,,No Response,No Response,,Low,
C004442,APT009600,PT01531,2026-08-13T08:45:00,SMS,Please cancel this visit,Cancel,Cancel,,Low,
C004443,APT009601,PT01267,2026-07-18T10:15:00,WhatsApp,"Yes that works, see you then",Confirm,Confirm,,Low,
C004444,APT009602,PT01507,2026-07-31T15:30:00,WhatsApp,Not needed this time,Cancel,Cancel,,Low,
C004445,APT009603,PT00685,2026-08-14T14:45:00,WhatsApp,Not needed this time,Cancel,Cancel,,Low,
C004446,APT009611,PT01607,2026-07-20T19:15:00,SMS,"Haan theek hai, confirm kar do",Confirm,Confirm,,Low,
C004447,APT009616,PT01902,2026-07-05T11:00:00,SMS,Ok confirmed,Confirm,Confirm,,Low,
C004448,APT009618,PT01532,2026-08-11T09:30:00,Call,Ok confirmed,Confirm,Confirm,,Low,
C004449,APT009619,PT01127,2026-08-07T16:45:00,WhatsApp,,No Response,No Response,,Low,
C004450,APT009620,PT01065,2026-08-13T19:45:00,SMS,Can we move to next week?,Reschedule,Reschedule,,Medium,
C004451,APT009621,PT01680,2026-07-07T17:15:00,SMS,,No Response,No Response,,Low,
C004452,APT009623,PT01783,2026-08-09T17:30:00,Call,Please cancel this visit,Cancel,Cancel,,Low,
C004453,APT009625,PT00005,2026-06-24T10:15:00,Call,,No Response,No Response,,Low,
C004454,APT009627,PT01460,2026-06-24T15:45:00,Call,"Yes that works, see you then",Confirm,Confirm,,Low,
C004455,APT009629,PT01475,2026-07-16T09:45:00,WhatsApp,,No Response,No Response,,Low,
C004456,APT009630,PT01935,2026-07-06T19:00:00,Call,,No Response,No Response,,Low,
C004457,APT009632,PT01188,2026-06-26T13:00:00,WhatsApp,Not needed this time,Cancel,Cancel,,Low,
C004458,APT009635,PT01837,2026-08-05T16:45:00,Call,Ok confirmed,Confirm,Confirm,,Low,
C004459,APT009636,PT01829,2026-07-19T16:15:00,SMS,"Haan theek hai, confirm kar do",Confirm,Confirm,,Low,
C004460,APT009639,PT01350,2026-08-24T15:45:00,Call,Ok confirmed,Confirm,Confirm,,Low,
C004461,APT009641,PT01045,2026-08-02T16:00:00,Call,"Haan theek hai, confirm kar do",Confirm,Confirm,,Low,
C004462,APT009642,PT01159,2026-08-27T12:15:00,WhatsApp,"Kal thoda late ho jayega, Saturday kar sakte ho?",Reschedule,Reschedule,Saturday,High,Provider/patient running late
C004463,APT009645,PT00904,2026-08-06T11:30:00,Call,"Yes that works, see you then",Confirm,Confirm,,Low,
C004464,APT009646,PT01304,2026-07-07T09:00:00,WhatsApp,Can we move to next week?,Reschedule,Reschedule,,Medium,
C004465,APT009649,PT01458,2026-06-27T16:15:00,WhatsApp,"Haan theek hai, confirm kar do",Confirm,Confirm,,Low,
C004466,APT009651,PT01275,2026-06-24T12:15:00,WhatsApp,,No Response,No Response,,Low,
C004467,APT009655,PT00778,2026-06-11T10:30:00,WhatsApp,Can we move to next week?,Reschedule,Reschedule,,Medium,
C004468,APT009658,PT01481,2026-08-26T15:15:00,WhatsApp,,No Response,No Response,,Low,
C004469,APT009660,PT00385,2026-08-27T14:15:00,SMS,Please cancel this visit,Cancel,Cancel,,Low,
C004470,APT009662,PT00629,2026-07-26T13:15:00,WhatsApp,,No Response,No Response,,Low,
C004471,APT009664,PT01043,2026-08-17T18:30:00,Call,"Kal thoda late ho jayega, Saturday kar sakte ho?",Reschedule,Reschedule,Saturday,High,Provider/patient running late
C004472,APT009671,PT01801,2026-07-01T18:30:00,SMS,"Yes that works, see you then",Confirm,Confirm,,Low,
C004473,APT009674,PT01754,2026-06-25T18:30:00,WhatsApp,,No Response,No Response,,Low,
C004474,APT009675,PT00727,2026-06-09T19:00:00,Call,"Haan theek hai, confirm kar do",Confirm,Confirm,,Low,
C004475,APT009681,PT00046,2026-08-20T11:00:00,Call,"Yes that works, see you then",Confirm,Confirm,,Low,
C004476,APT009686,PT01959,2026-06-12T09:00:00,Call,"Kal thoda late ho jayega, Saturday kar sakte ho?",Reschedule,Reschedule,Saturday,High,Provider/patient running late
C004477,APT009687,PT01805,2026-08-28T19:30:00,WhatsApp,Can we move to next week?,Reschedule,Reschedule,,Medium,
C004478,APT009689,PT01455,2026-07-19T08:45:00,WhatsApp,Ok confirmed,Confirm,Confirm,,Low,
C004479,APT009690,PT01900,2026-07-13T20:15:00,WhatsApp,,No Response,No Response,,Low,
C004480,APT009691,PT01199,2026-07-23T15:30:00,Call,,No Response,No Response,,Low,
C004481,APT009692,PT01911,2026-07-31T10:15:00,WhatsApp,Ok confirmed,Confirm,Confirm,,Low,
C004482,APT009695,PT01032,2026-07-30T16:30:00,SMS,"Kal thoda late ho jayega, Saturday kar sakte ho?",Reschedule,Reschedule,Saturday,High,Provider/patient running late
C004483,APT009696,PT00820,2026-07-08T10:45:00,Call,"Haan theek hai, confirm kar do",Confirm,Confirm,,Low,
C004484,APT009697,PT00055,2026-08-19T16:45:00,WhatsApp,"Yes that works, see you then",Confirm,Confirm,,Low,
C004485,APT009698,PT01559,2026-08-13T12:45:00,WhatsApp,Ok confirmed,Confirm,Confirm,,Low,
C004486,APT009704,PT00995,2026-06-20T12:00:00,Call,Please cancel this visit,Cancel,Cancel,,Low,
C004487,APT009705,PT00734,2026-08-27T13:00:00,WhatsApp,Can we move to next week?,Reschedule,Reschedule,,Medium,
C004488,APT009709,PT01854,2026-08-16T15:30:00,WhatsApp,,No Response,No Response,,Low,
C004489,APT009710,PT00188,2026-06-30T12:00:00,SMS,"Kal thoda late ho jayega, Saturday kar sakte ho?",Reschedule,Reschedule,Saturday,High,Provider/patient running late
C004490,APT009711,PT00548,2026-07-22T10:00:00,Call,Is week cancel karna padega,Cancel,Cancel,,Low,
C004491,APT009715,PT00676,2026-07-08T20:45:00,Call,,No Response,No Response,,Low,
C004492,APT009716,PT01617,2026-06-18T15:15:00,Call,Ok confirmed,Confirm,Confirm,,Low,
C004493,APT009718,PT01999,2026-06-03T13:30:00,Call,Ok confirmed,Confirm,Confirm,,Low,
C004494,APT009719,PT00647,2026-07-25T17:30:00,Call,"Doctor visit hai usi din, reschedule possible?",Reschedule,Reschedule,,Medium,Conflicting doctor visit
C004495,APT009722,PT00529,2026-08-21T17:45:00,SMS,,No Response,No Response,,Low,
C004496,APT009723,PT01657,2026-06-11T15:15:00,WhatsApp,"Yes that works, see you then",Confirm,Confirm,,Low,
C004497,APT009724,PT00819,2026-08-03T14:15:00,Call,Ok confirmed,Confirm,Confirm,,Low,
C004498,APT009730,PT00816,2026-08-08T12:15:00,Call,,No Response,No Response,,Low,
C004499,APT009733,PT00346,2026-07-20T14:15:00,SMS,"Yes that works, see you then",Confirm,Confirm,,Low,
C004500,APT009736,PT00486,2026-07-21T17:45:00,Call,Ok confirmed,Confirm,Confirm,,Low,
C004501,APT009737,PT00275,2026-08-29T09:15:00,WhatsApp,"Doctor visit hai usi din, reschedule possible?",Reschedule,Reschedule,,Medium,Conflicting doctor visit
C004502,APT009748,PT00315,2026-06-14T10:45:00,SMS,"Haan theek hai, confirm kar do",Confirm,Confirm,,Low,
C004503,APT009749,PT00696,2026-07-08T13:00:00,Call,Ok confirmed,Confirm,Confirm,,Low,
C004504,APT009751,PT00778,2026-08-05T16:15:00,SMS,,No Response,No Response,,Low,
C004505,APT009752,PT01274,2026-05-30T15:00:00,Call,Please cancel this visit,Cancel,Cancel,,Low,
C004506,APT009753,PT01872,2026-06-01T13:00:00,Call,"Kal thoda late ho jayega, Saturday kar sakte ho?",Reschedule,Reschedule,Saturday,High,Provider/patient running late
C004507,APT009754,PT00277,2026-06-30T11:45:00,Call,Ok confirmed,Confirm,Confirm,,Low,
C004508,APT009756,PT00488,2026-06-23T20:00:00,SMS,,No Response,No Response,,Low,
C004509,APT009757,PT00878,2026-06-23T13:45:00,WhatsApp,,No Response,No Response,,Low,
C004510,APT009758,PT01085,2026-06-21T11:30:00,WhatsApp,Not needed this time,Cancel,Cancel,,Low,
C004511,APT009760,PT00004,2026-07-23T18:30:00,Call,"Doctor visit hai usi din, reschedule possible?",Reschedule,Reschedule,,Medium,Conflicting doctor visit
C004512,APT009761,PT00279,2026-08-28T11:45:00,SMS,"Kal thoda late ho jayega, Saturday kar sakte ho?",Reschedule,Reschedule,Saturday,High,Provider/patient running late
C004513,APT009766,PT00562,2026-07-09T20:15:00,SMS,"Haan theek hai, confirm kar do",Confirm,Confirm,,Low,
C004514,APT009767,PT01226,2026-06-23T09:30:00,SMS,Not needed this time,Cancel,Cancel,,Low,
C004515,APT009768,PT00985,2026-06-02T08:15:00,SMS,,No Response,No Response,,Low,
C004516,APT009774,PT00662,2026-06-22T08:00:00,Call,,No Response,No Response,,Low,
C004517,APT009776,PT00183,2026-07-29T15:15:00,SMS,,No Response,No Response,,Low,
C004518,APT009777,PT00704,2026-08-11T12:15:00,SMS,,No Response,No Response,,Low,
C004519,APT009779,PT00310,2026-06-26T16:45:00,WhatsApp,"Kal thoda late ho jayega, Saturday kar sakte ho?",Reschedule,Reschedule,Saturday,High,Provider/patient running late
C004520,APT009783,PT01995,2026-08-21T17:15:00,Call,,No Response,No Response,,Low,
C004521,APT009784,PT00775,2026-07-18T15:45:00,WhatsApp,Ok confirmed,Confirm,Confirm,,Low,
C004522,APT009785,PT00259,2026-08-02T20:45:00,WhatsApp,,No Response,No Response,,Low,
C004523,APT009786,PT01898,2026-08-01T09:30:00,WhatsApp,Can we move to next week?,Reschedule,Reschedule,,Medium,
C004524,APT009787,PT01414,2026-06-24T20:30:00,SMS,Not needed this time,Cancel,Cancel,,Low,
C004525,APT009788,PT01253,2026-07-13T16:00:00,SMS,,No Response,No Response,,Low,
C004526,APT009792,PT01058,2026-06-25T11:15:00,SMS,"Yes that works, see you then",Confirm,Confirm,,Low,
C004527,APT009793,PT00877,2026-08-05T16:00:00,WhatsApp,Can we move to next week?,Reschedule,Reschedule,,Medium,
C004528,APT009794,PT01443,2026-08-04T10:45:00,Call,,No Response,No Response,,Low,
C004529,APT009797,PT00988,2026-07-23T12:45:00,Call,"Doctor visit hai usi din, reschedule possible?",Reschedule,Reschedule,,Medium,Conflicting doctor visit
C004530,APT009800,PT01032,2026-08-02T18:00:00,Call,Can we move to next week?,Reschedule,Reschedule,,Medium,
C004531,APT009804,PT01054,2026-06-22T17:00:00,Call,Is week cancel karna padega,Cancel,Cancel,,Low,
C004532,APT009805,PT00692,2026-08-18T20:30:00,WhatsApp,"Haan theek hai, confirm kar do",Confirm,Confirm,,Low,
C004533,APT009806,PT00059,2026-06-07T12:45:00,WhatsApp,"Haan theek hai, confirm kar do",Confirm,Confirm,,Low,
C004534,APT009807,PT00730,2026-06-10T10:15:00,SMS,"Kal thoda late ho jayega, Saturday kar sakte ho?",Reschedule,Reschedule,Saturday,High,Provider/patient running late
C004535,APT009808,PT01650,2026-08-09T13:45:00,WhatsApp,Can we move to next week?,Reschedule,Reschedule,,Medium,
C004536,APT009810,PT00231,2026-07-28T10:00:00,WhatsApp,Ok confirmed,Confirm,Confirm,,Low,
C004537,APT009811,PT01677,2026-08-24T11:45:00,Call,Ok confirmed,Confirm,Confirm,,Low,
C004538,APT009812,PT01905,2026-08-18T15:00:00,SMS,"Haan theek hai, confirm kar do",Confirm,Confirm,,Low,
C004539,APT009813,PT00463,2026-06-16T17:30:00,Call,"Yes that works, see you then",Confirm,Confirm,,Low,
C004540,APT009816,PT00046,2026-07-15T08:30:00,WhatsApp,"Kal thoda late ho jayega, Saturday kar sakte ho?",Reschedule,Reschedule,Saturday,High,Provider/patient running late
C004541,APT009822,PT01315,2026-08-05T08:15:00,SMS,Ok confirmed,Confirm,Confirm,,Low,
C004542,APT009828,PT01502,2026-08-27T16:45:00,WhatsApp,,No Response,No Response,,Low,
C004543,APT009829,PT00868,2026-07-28T10:45:00,SMS,Ok confirmed,Confirm,Confirm,,Low,
C004544,APT009839,PT00798,2026-08-09T20:30:00,Call,Ok confirmed,Confirm,Confirm,,Low,
C004545,APT009840,PT00168,2026-07-10T19:00:00,WhatsApp,Ok confirmed,Confirm,Confirm,,Low,
C004546,APT009849,PT00317,2026-06-28T09:15:00,Call,Ok confirmed,Confirm,Confirm,,Low,
C004547,APT009850,PT00365,2026-08-11T14:30:00,WhatsApp,,No Response,No Response,,Low,
C004548,APT009852,PT00810,2026-06-01T15:30:00,WhatsApp,Can we move to next week?,Reschedule,Reschedule,,Medium,
C004549,APT009854,PT00494,2026-06-04T16:00:00,Call,"Yes that works, see you then",Confirm,Confirm,,Low,
C004550,APT009859,PT00441,2026-06-26T20:00:00,Call,"Yes that works, see you then",Confirm,Confirm,,Low,
C004551,APT009862,PT01329,2026-07-18T09:15:00,SMS,,No Response,No Response,,Low,
C004552,APT009863,PT00863,2026-06-22T20:45:00,Call,Ok confirmed,Confirm,Confirm,,Low,
C004553,APT009867,PT00018,2026-07-29T08:15:00,Call,,No Response,No Response,,Low,
C004554,APT009868,PT00722,2026-08-09T14:00:00,SMS,"Kal thoda late ho jayega, Saturday kar sakte ho?",Reschedule,Reschedule,Saturday,High,Provider/patient running late
C004555,APT009872,PT01988,2026-07-05T15:45:00,WhatsApp,,No Response,No Response,,Low,
C004556,APT009874,PT01556,2026-06-08T19:45:00,WhatsApp,"Doctor visit hai usi din, reschedule possible?",Reschedule,Reschedule,,Medium,Conflicting doctor visit
C004557,APT009875,PT00462,2026-08-23T17:30:00,Call,Ok confirmed,Confirm,Confirm,,Low,
C004558,APT009877,PT00646,2026-08-16T08:15:00,Call,"Haan theek hai, confirm kar do",Confirm,Confirm,,Low,
C004559,APT009878,PT00723,2026-08-15T11:00:00,SMS,Ok confirmed,Confirm,Confirm,,Low,
C004560,APT009879,PT00722,2026-07-30T16:15:00,SMS,"Yes that works, see you then",Confirm,Confirm,,Low,
C004561,APT009880,PT00079,2026-08-13T19:30:00,WhatsApp,"Doctor visit hai usi din, reschedule possible?",Reschedule,Reschedule,,Medium,Conflicting doctor visit
C004562,APT009881,PT00933,2026-07-10T14:00:00,Call,"Haan theek hai, confirm kar do",Confirm,Confirm,,Low,
C004563,APT009883,PT00947,2026-08-29T14:15:00,WhatsApp,"Kal thoda late ho jayega, Saturday kar sakte ho?",Reschedule,Reschedule,Saturday,High,Provider/patient running late
C004564,APT009885,PT00407,2026-07-25T09:30:00,Call,Ok confirmed,Confirm,Confirm,,Low,
C004565,APT009887,PT00216,2026-07-10T08:45:00,SMS,Please cancel this visit,Cancel,Cancel,,Low,
C004566,APT009888,PT00993,2026-07-15T11:15:00,SMS,"Doctor visit hai usi din, reschedule possible?",Reschedule,Reschedule,,Medium,Conflicting doctor visit
C004567,APT009889,PT00279,2026-06-27T14:00:00,Call,"Kal thoda late ho jayega, Saturday kar sakte ho?",Reschedule,Reschedule,Saturday,High,Provider/patient running late
C004568,APT009891,PT01901,2026-06-04T09:15:00,WhatsApp,Is week cancel karna padega,Cancel,Cancel,,Low,
C004569,APT009892,PT01538,2026-08-05T17:30:00,SMS,,No Response,No Response,,Low,
C004570,APT009893,PT00841,2026-07-01T08:45:00,SMS,Not needed this time,Cancel,Cancel,,Low,
C004571,APT009896,PT00588,2026-07-22T19:30:00,Call,"Haan theek hai, confirm kar do",Confirm,Confirm,,Low,
C004572,APT009897,PT01581,2026-08-17T09:15:00,Call,"Kal thoda late ho jayega, Saturday kar sakte ho?",Reschedule,Reschedule,Saturday,High,Provider/patient running late
C004573,APT009899,PT01863,2026-08-24T17:15:00,Call,Can we move to next week?,Reschedule,Reschedule,,Medium,
C004574,APT009900,PT00414,2026-06-20T15:00:00,SMS,"Doctor visit hai usi din, reschedule possible?",Reschedule,Reschedule,,Medium,Conflicting doctor visit
C004575,APT009901,PT01058,2026-08-19T20:30:00,WhatsApp,,No Response,No Response,,Low,
C004576,APT009902,PT01727,2026-06-01T18:00:00,Call,Can we move to next week?,Reschedule,Reschedule,,Medium,
C004577,APT009904,PT00750,2026-06-06T10:00:00,SMS,"Haan theek hai, confirm kar do",Confirm,Confirm,,Low,
C004578,APT009905,PT00948,2026-06-06T19:00:00,SMS,"Yes that works, see you then",Confirm,Confirm,,Low,
C004579,APT009907,PT00410,2026-06-27T20:15:00,SMS,,No Response,No Response,,Low,
C004580,APT009908,PT01099,2026-06-24T08:45:00,WhatsApp,Ok confirmed,Confirm,Confirm,,Low,
C004581,APT009909,PT00299,2026-08-03T12:45:00,Call,"Yes that works, see you then",Confirm,Confirm,,Low,
C004582,APT009911,PT00648,2026-08-02T09:30:00,Call,"Yes that works, see you then",Confirm,Confirm,,Low,
C004583,APT009916,PT01113,2026-08-18T15:45:00,WhatsApp,"Haan theek hai, confirm kar do",Confirm,Confirm,,Low,
C004584,APT009918,PT01551,2026-08-13T13:30:00,Call,"Yes that works, see you then",Confirm,Confirm,,Low,
C004585,APT009920,PT01087,2026-06-24T11:00:00,SMS,,No Response,No Response,,Low,
C004586,APT009923,PT00750,2026-08-11T16:30:00,WhatsApp,"Haan theek hai, confirm kar do",Confirm,Confirm,,Low,
C004587,APT009925,PT00313,2026-08-06T09:30:00,SMS,"Doctor visit hai usi din, reschedule possible?",Reschedule,Reschedule,,Medium,Conflicting doctor visit
C004588,APT009926,PT00430,2026-08-28T19:30:00,SMS,"Yes that works, see you then",Confirm,Confirm,,Low,
C004589,APT009927,PT01611,2026-07-14T13:00:00,SMS,"Kal thoda late ho jayega, Saturday kar sakte ho?",Reschedule,Reschedule,Saturday,High,Provider/patient running late
C004590,APT009929,PT00262,2026-06-13T11:15:00,SMS,Can we move to next week?,Reschedule,Reschedule,,Medium,
C004591,APT009934,PT01016,2026-06-22T09:15:00,Call,Ok confirmed,Confirm,Confirm,,Low,
C004592,APT009935,PT01606,2026-06-22T18:45:00,Call,"Haan theek hai, confirm kar do",Confirm,Confirm,,Low,
C004593,APT009936,PT01260,2026-08-20T20:00:00,SMS,"Yes that works, see you then",Confirm,Confirm,,Low,
C004594,APT009938,PT01127,2026-07-16T12:45:00,WhatsApp,,No Response,No Response,,Low,
C004595,APT009942,PT01591,2026-07-08T16:00:00,WhatsApp,Ok confirmed,Confirm,Confirm,,Low,
C004596,APT009944,PT00534,2026-08-21T16:00:00,WhatsApp,Can we move to next week?,Reschedule,Reschedule,,Medium,
C004597,APT009945,PT01237,2026-07-17T11:30:00,SMS,"Doctor visit hai usi din, reschedule possible?",Reschedule,Reschedule,,Medium,Conflicting doctor visit
C004598,APT009948,PT01143,2026-07-23T16:00:00,SMS,"Doctor visit hai usi din, reschedule possible?",Reschedule,Reschedule,,Medium,Conflicting doctor visit
C004599,APT009950,PT00561,2026-08-22T12:00:00,WhatsApp,"Yes that works, see you then",Confirm,Confirm,,Low,
C004600,APT009952,PT01641,2026-06-24T20:45:00,Call,"Haan theek hai, confirm kar do",Confirm,Confirm,,Low,
C004601,APT009954,PT01664,2026-06-07T12:15:00,Call,Please cancel this visit,Cancel,Cancel,,Low,
C004602,APT009955,PT01649,2026-07-20T11:00:00,SMS,Ok confirmed,Confirm,Confirm,,Low,
C004603,APT009959,PT01793,2026-08-25T17:15:00,SMS,Ok confirmed,Confirm,Confirm,,Low,
C004604,APT009961,PT00662,2026-08-23T20:15:00,WhatsApp,Ok confirmed,Confirm,Confirm,,Low,
C004605,APT009962,PT00233,2026-06-19T11:15:00,Call,,No Response,No Response,,Low,
C004606,APT009963,PT01741,2026-08-16T11:30:00,WhatsApp,"Haan theek hai, confirm kar do",Confirm,Confirm,,Low,
C004607,APT009964,PT01798,2026-07-06T14:00:00,Call,"Doctor visit hai usi din, reschedule possible?",Reschedule,Reschedule,,Medium,Conflicting doctor visit
C004608,APT009965,PT00152,2026-07-01T17:45:00,WhatsApp,"Haan theek hai, confirm kar do",Confirm,Confirm,,Low,
C004609,APT009969,PT01599,2026-07-18T15:30:00,Call,Ok confirmed,Confirm,Confirm,,Low,
C004610,APT009970,PT00104,2026-07-27T09:15:00,SMS,"Haan theek hai, confirm kar do",Confirm,Confirm,,Low,
C004611,APT009972,PT00710,2026-07-11T20:30:00,Call,Ok confirmed,Confirm,Confirm,,Low,
C004612,APT009974,PT00688,2026-08-12T18:15:00,WhatsApp,"Haan theek hai, confirm kar do",Confirm,Confirm,,Low,
C004613,APT009976,PT01945,2026-07-23T08:30:00,Call,"Yes that works, see you then",Confirm,Confirm,,Low,
C004614,APT009980,PT00464,2026-07-15T16:45:00,WhatsApp,,No Response,No Response,,Low,
C004615,APT009984,PT01237,2026-07-04T20:15:00,SMS,Is week cancel karna padega,Cancel,Cancel,,Low,
C004616,APT009986,PT00072,2026-08-28T09:00:00,SMS,"Kal thoda late ho jayega, Saturday kar sakte ho?",Reschedule,Reschedule,Saturday,High,Provider/patient running late
C004617,APT009987,PT01348,2026-08-17T09:15:00,Call,Ok confirmed,Confirm,Confirm,,Low,
C004618,APT009988,PT01767,2026-06-17T16:30:00,SMS,,No Response,No Response,,Low,
C004619,APT009990,PT00933,2026-07-29T11:45:00,WhatsApp,Please cancel this visit,Cancel,Cancel,,Low,
C004620,APT009991,PT00565,2026-06-13T08:45:00,Call,"Haan theek hai, confirm kar do",Confirm,Confirm,,Low,
C004621,APT009993,PT00511,2026-06-25T14:45:00,Call,,No Response,No Response,,Low,
C004622,APT009994,PT00016,2026-08-04T13:45:00,WhatsApp,"Haan theek hai, confirm kar do",Confirm,Confirm,,Low,
C004623,APT009995,PT01520,2026-06-01T16:45:00,SMS,,No Response,No Response,,Low,
C004624,APT009996,PT00094,2026-07-04T17:00:00,Call,"Haan theek hai, confirm kar do",Confirm,Confirm,,Low,
C004625,APT009999,PT00805,2026-08-21T17:45:00,SMS,"Yes that works, see you then",Confirm,Confirm,,Low,
C004626,APT010000,PT01221,2026-06-21T13:30:00,SMS,Can we move to next week?,Reschedule,Reschedule,,Medium,
