appointment_id,patient_id,provider_id,service_type,date,time_slot,booking_lead_time_days,status
APT000001,PT00865,PR013,Diabetic Care Visit,2026-06-11,Morning,12,Completed
APT000002,PT00761,PR007,Diabetic Care Visit,2026-08-25,Evening,9,Rescheduled
APT000003,PT00415,PR013,Wound Dressing,2026-07-08,Evening,12,Rescheduled
APT000004,PT01243,PR003,Physiotherapy Session,2026-08-22,Evening,8,Completed
APT000005,PT00176,PR015,Diabetic Care Visit,2026-08-13,Evening,13,No-Show
APT000006,PT01318,PR011,Vitals Check,2026-07-18,Evening,2,Rescheduled
APT000007,PT01310,PR003,Nursing Visit,2026-07-20,Afternoon,4,Completed
APT000008,PT01115,PR013,Vitals Check,2026-08-07,Afternoon,3,Completed
APT000009,PT01087,PR014,Nursing Visit,2026-06-16,Evening,6,Completed
APT000010,PT00184,PR015,Diabetic Care Visit,2026-06-21,Evening,4,No-Show
APT000011,PT00362,PR008,Nursing Visit,2026-08-15,Evening,9,Completed
APT000012,PT01819,PR006,Vitals Check,2026-06-15,Evening,8,Completed
APT000013,PT00812,PR006,Wound Dressing,2026-08-09,Afternoon,3,Completed
APT000014,PT00667,PR020,Vitals Check,2026-07-01,Evening,11,Completed
APT000015,PT01950,PR017,Vitals Check,2026-06-08,Morning,7,Cancelled
APT000016,PT00607,PR002,Physiotherapy Session,2026-08-11,Morning,14,Cancelled
APT000017,PT01605,PR019,Nursing Visit,2026-07-22,Morning,6,Completed
APT000018,PT00369,PR003,Physiotherapy Session,2026-08-26,Evening,13,Cancelled
APT000019,PT01034,PR016,Wound Dressing,2026-08-03,Afternoon,1,Completed
APT000020,PT01267,PR003,Vitals Check,2026-08-23,Afternoon,3,Completed
APT000021,PT01197,PR019,Diabetic Care Visit,2026-08-28,Morning,5,Completed
APT000022,PT00944,PR008,Post-Op Care,2026-08-29,Afternoon,8,Completed
APT000023,PT00858,PR010,Wound Dressing,2026-06-27,Afternoon,9,Completed
APT000024,PT01889,PR016,Vitals Check,2026-07-09,Morning,9,Completed
APT000025,PT00938,PR009,Diabetic Care Visit,2026-06-03,Evening,0,Rescheduled
APT000026,PT00833,PR017,Post-Op Care,2026-08-13,Afternoon,6,Completed
APT000027,PT01058,PR002,Nursing Visit,2026-07-19,Afternoon,12,Completed
APT000028,PT01689,PR010,Vitals Check,2026-06-02,Afternoon,2,No-Show
APT000029,PT00085,PR019,Physiotherapy Session,2026-06-23,Afternoon,8,No-Show
APT000030,PT00741,PR013,Diabetic Care Visit,2026-08-09,Evening,3,No-Show
APT000031,PT00826,PR009,Nursing Visit,2026-07-01,Morning,2,Cancelled
APT000032,PT00268,PR013,Vitals Check,2026-08-16,Afternoon,10,Completed
APT000033,PT01160,PR010,Nursing Visit,2026-07-26,Afternoon,9,Completed
APT000034,PT01131,PR006,Vitals Check,2026-07-24,Evening,12,Completed
APT000035,PT00087,PR009,Vitals Check,2026-08-01,Afternoon,10,Completed
APT000036,PT00423,PR014,Wound Dressing,2026-06-05,Afternoon,2,Completed
APT000037,PT01158,PR012,Diabetic Care Visit,2026-06-24,Morning,1,Rescheduled
APT000038,PT01188,PR011,Diabetic Care Visit,2026-07-04,Afternoon,4,Completed
APT000039,PT01553,PR012,Post-Op Care,2026-08-16,Afternoon,5,Completed
APT000040,PT00773,PR010,Nursing Visit,2026-07-15,Morning,1,Completed
APT000041,PT00577,PR013,Diabetic Care Visit,2026-06-19,Evening,7,Cancelled
APT000042,PT01585,PR010,Post-Op Care,2026-08-11,Afternoon,11,No-Show
APT000043,PT01727,PR010,Wound Dressing,2026-06-18,Evening,13,Completed
APT000044,PT00713,PR016,Wound Dressing,2026-07-29,Afternoon,4,Completed
APT000045,PT01186,PR020,Wound Dressing,2026-07-08,Morning,13,Completed
APT000046,PT00756,PR020,Physiotherapy Session,2026-06-27,Morning,5,No-Show
APT000047,PT01499,PR006,Post-Op Care,2026-07-25,Morning,8,Cancelled
APT000048,PT01056,PR006,Vitals Check,2026-07-11,Evening,1,Completed
APT000049,PT01344,PR019,Vitals Check,2026-06-14,Afternoon,6,Cancelled
APT000050,PT00129,PR007,Vitals Check,2026-06-29,Morning,13,Completed
APT000051,PT00134,PR020,Post-Op Care,2026-08-15,Evening,9,No-Show
APT000052,PT01276,PR012,Wound Dressing,2026-08-13,Morning,8,Completed
APT000053,PT00438,PR014,Diabetic Care Visit,2026-07-20,Afternoon,11,Cancelled
APT000054,PT01483,PR008,Vitals Check,2026-07-27,Morning,8,Completed
APT000055,PT00166,PR010,Diabetic Care Visit,2026-08-14,Afternoon,11,Completed
APT000056,PT00792,PR002,Wound Dressing,2026-08-21,Evening,14,Completed
APT000057,PT00876,PR011,Vitals Check,2026-07-05,Morning,6,Completed
APT000058,PT00274,PR005,Post-Op Care,2026-06-28,Evening,0,Completed
APT000059,PT00092,PR019,Vitals Check,2026-08-24,Evening,9,No-Show
APT000060,PT00977,PR002,Diabetic Care Visit,2026-08-20,Evening,5,No-Show
APT000061,PT00053,PR013,Post-Op Care,2026-06-16,Morning,9,No-Show
APT000062,PT00298,PR012,Nursing Visit,2026-07-25,Morning,9,Completed
APT000063,PT00172,PR015,Vitals Check,2026-07-12,Morning,14,Completed
APT000064,PT01195,PR006,Post-Op Care,2026-07-19,Afternoon,2,Completed
APT000065,PT01442,PR004,Wound Dressing,2026-06-27,Afternoon,3,No-Show
APT000066,PT00246,PR008,Vitals Check,2026-08-21,Afternoon,7,Completed
APT000067,PT00946,PR010,Nursing Visit,2026-06-15,Morning,6,Completed
APT000068,PT00558,PR009,Diabetic Care Visit,2026-08-02,Morning,7,Completed
APT000069,PT00456,PR020,Vitals Check,2026-06-11,Afternoon,12,Completed
APT000070,PT01378,PR014,Diabetic Care Visit,2026-07-23,Afternoon,0,No-Show
APT000071,PT00386,PR016,Post-Op Care,2026-06-28,Morning,4,Completed
APT000072,PT01491,PR016,Diabetic Care Visit,2026-08-13,Morning,6,Completed
APT000073,PT01463,PR005,Vitals Check,2026-06-23,Evening,8,Completed
APT000074,PT00267,PR012,Vitals Check,2026-07-13,Evening,11,Completed
APT000075,PT01869,PR016,Post-Op Care,2026-07-05,Evening,12,Completed
APT000076,PT01322,PR012,Wound Dressing,2026-06-30,Morning,6,No-Show
APT000077,PT01355,PR010,Physiotherapy Session,2026-06-03,Morning,8,Completed
APT000078,PT00156,PR012,Physiotherapy Session,2026-06-30,Morning,9,Completed
APT000079,PT00249,PR020,Diabetic Care Visit,2026-06-28,Morning,4,Completed
APT000080,PT01945,PR010,Diabetic Care Visit,2026-08-09,Afternoon,0,Completed
APT000081,PT00476,PR004,Physiotherapy Session,2026-06-23,Afternoon,1,Completed
APT000082,PT01385,PR019,Vitals Check,2026-06-07,Morning,3,No-Show
APT000083,PT00143,PR002,Vitals Check,2026-06-05,Morning,9,Completed
APT000084,PT01535,PR008,Post-Op Care,2026-06-04,Morning,1,Completed
APT000085,PT01969,PR016,Vitals Check,2026-06-28,Evening,7,No-Show
APT000086,PT01131,PR003,Wound Dressing,2026-08-23,Afternoon,7,Completed
APT000087,PT00287,PR008,Nursing Visit,2026-06-15,Evening,2,No-Show
APT000088,PT00319,PR012,Physiotherapy Session,2026-07-17,Morning,1,Cancelled
APT000089,PT01949,PR011,Wound Dressing,2026-06-19,Evening,14,Completed
APT000090,PT01174,PR004,Wound Dressing,2026-07-19,Evening,0,Completed
APT000091,PT00046,PR006,Vitals Check,2026-07-05,Afternoon,13,Completed
APT000092,PT00504,PR016,Vitals Check,2026-08-09,Afternoon,12,Completed
APT000093,PT01774,PR009,Post-Op Care,2026-06-17,Morning,7,No-Show
APT000094,PT01457,PR001,Vitals Check,2026-08-13,Morning,7,No-Show
APT000095,PT00522,PR010,Nursing Visit,2026-06-30,Afternoon,8,Completed
APT000096,PT00627,PR019,Nursing Visit,2026-08-07,Afternoon,5,Completed
APT000097,PT00603,PR005,Wound Dressing,2026-06-01,Morning,0,Completed
APT000098,PT01140,PR004,Post-Op Care,2026-08-15,Morning,9,Completed
APT000099,PT00622,PR002,Post-Op Care,2026-08-27,Afternoon,3,Completed
APT000100,PT01870,PR009,Post-Op Care,2026-08-19,Morning,6,Completed
APT000101,PT01027,PR009,Post-Op Care,2026-07-04,Afternoon,3,Completed
APT000102,PT00659,PR010,Nursing Visit,2026-06-16,Morning,11,No-Show
APT000103,PT00337,PR017,Nursing Visit,2026-07-10,Morning,0,Completed
APT000104,PT01119,PR018,Wound Dressing,2026-06-04,Afternoon,5,Completed
APT000105,PT01106,PR018,Diabetic Care Visit,2026-07-27,Morning,11,No-Show
APT000106,PT01788,PR002,Post-Op Care,2026-08-28,Evening,2,Completed
APT000107,PT00138,PR009,Wound Dressing,2026-07-04,Evening,5,Completed
APT000108,PT01097,PR010,Physiotherapy Session,2026-06-21,Morning,5,Completed
APT000109,PT01461,PR010,Diabetic Care Visit,2026-06-14,Evening,1,Completed
APT000110,PT01470,PR011,Vitals Check,2026-07-07,Evening,13,No-Show
APT000111,PT00143,PR010,Physiotherapy Session,2026-07-25,Afternoon,0,Completed
APT000112,PT00526,PR002,Nursing Visit,2026-08-12,Evening,14,No-Show
APT000113,PT01376,PR014,Diabetic Care Visit,2026-06-02,Afternoon,11,Completed
APT000114,PT00806,PR018,Physiotherapy Session,2026-06-06,Afternoon,10,Rescheduled
APT000115,PT01051,PR011,Diabetic Care Visit,2026-06-14,Evening,1,Completed
APT000116,PT01301,PR012,Vitals Check,2026-07-04,Morning,5,Completed
APT000117,PT00850,PR002,Nursing Visit,2026-08-26,Morning,13,Cancelled
APT000118,PT00339,PR010,Vitals Check,2026-06-10,Evening,14,Completed
APT000119,PT01266,PR018,Nursing Visit,2026-06-11,Evening,2,Rescheduled
APT000120,PT00361,PR012,Diabetic Care Visit,2026-07-01,Afternoon,13,Cancelled
APT000121,PT01402,PR004,Post-Op Care,2026-06-15,Morning,1,Completed
APT000122,PT00420,PR014,Wound Dressing,2026-07-03,Evening,12,Completed
APT000123,PT01381,PR005,Wound Dressing,2026-07-30,Morning,0,Completed
APT000124,PT01309,PR020,Post-Op Care,2026-06-23,Evening,1,Completed
APT000125,PT00451,PR015,Physiotherapy Session,2026-07-10,Morning,10,Completed
APT000126,PT01746,PR016,Physiotherapy Session,2026-06-07,Afternoon,9,No-Show
APT000127,PT00157,PR002,Nursing Visit,2026-06-14,Evening,7,Completed
APT000128,PT01989,PR004,Nursing Visit,2026-08-15,Afternoon,12,Completed
APT000129,PT00373,PR008,Wound Dressing,2026-08-27,Evening,9,Completed
APT000130,PT01328,PR008,Physiotherapy Session,2026-07-17,Morning,10,Completed
APT000131,PT01775,PR009,Nursing Visit,2026-08-06,Evening,0,Completed
APT000132,PT01100,PR001,Physiotherapy Session,2026-08-10,Evening,8,Completed
APT000133,PT01386,PR005,Nursing Visit,2026-08-02,Afternoon,13,Completed
APT000134,PT00023,PR017,Diabetic Care Visit,2026-07-17,Afternoon,7,No-Show
APT000135,PT00323,PR010,Post-Op Care,2026-08-14,Morning,12,Completed
APT000136,PT00154,PR018,Wound Dressing,2026-08-19,Evening,1,Completed
APT000137,PT00855,PR001,Vitals Check,2026-06-15,Afternoon,14,No-Show
APT000138,PT00522,PR010,Physiotherapy Session,2026-06-06,Evening,8,No-Show
APT000139,PT01583,PR019,Physiotherapy Session,2026-06-29,Evening,2,Completed
APT000140,PT00631,PR011,Diabetic Care Visit,2026-06-19,Morning,5,Completed
APT000141,PT00828,PR002,Vitals Check,2026-06-12,Morning,5,Completed
APT000142,PT00848,PR016,Physiotherapy Session,2026-07-02,Evening,5,Completed
APT000143,PT00824,PR004,Wound Dressing,2026-06-18,Morning,9,Completed
APT000144,PT00607,PR010,Wound Dressing,2026-06-03,Morning,4,Completed
APT000145,PT00476,PR004,Vitals Check,2026-08-04,Afternoon,1,Completed
APT000146,PT01270,PR002,Physiotherapy Session,2026-06-28,Morning,7,Completed
APT000147,PT00451,PR019,Physiotherapy Session,2026-06-23,Afternoon,4,Completed
APT000148,PT01466,PR010,Vitals Check,2026-06-06,Afternoon,6,Completed
APT000149,PT00900,PR002,Physiotherapy Session,2026-08-10,Afternoon,7,Completed
APT000150,PT01896,PR013,Wound Dressing,2026-07-31,Evening,0,No-Show
APT000151,PT00933,PR017,Physiotherapy Session,2026-08-26,Morning,2,Rescheduled
APT000152,PT01967,PR004,Wound Dressing,2026-07-12,Evening,13,Completed
APT000153,PT01837,PR008,Nursing Visit,2026-07-15,Afternoon,2,Completed
APT000154,PT01992,PR004,Diabetic Care Visit,2026-07-29,Evening,3,Cancelled
APT000155,PT01066,PR013,Post-Op Care,2026-06-16,Afternoon,1,Rescheduled
APT000156,PT00278,PR014,Nursing Visit,2026-07-05,Evening,6,Cancelled
APT000157,PT00009,PR006,Post-Op Care,2026-08-14,Morning,2,Completed
APT000158,PT00470,PR018,Nursing Visit,2026-07-05,Afternoon,13,No-Show
APT000159,PT00617,PR001,Nursing Visit,2026-07-22,Morning,7,Cancelled
APT000160,PT01513,PR012,Vitals Check,2026-06-27,Morning,6,Completed
APT000161,PT01134,PR005,Nursing Visit,2026-08-12,Afternoon,12,Completed
APT000162,PT01874,PR017,Physiotherapy Session,2026-08-10,Afternoon,1,Completed
APT000163,PT01490,PR002,Vitals Check,2026-07-20,Morning,5,Completed
APT000164,PT00991,PR013,Physiotherapy Session,2026-07-13,Morning,7,Cancelled
APT000165,PT01633,PR020,Wound Dressing,2026-07-18,Morning,7,Completed
APT000166,PT01992,PR008,Diabetic Care Visit,2026-07-17,Afternoon,13,Completed
APT000167,PT01521,PR002,Wound Dressing,2026-06-22,Morning,12,Completed
APT000168,PT01595,PR002,Physiotherapy Session,2026-07-06,Afternoon,8,Cancelled
APT000169,PT00156,PR011,Nursing Visit,2026-06-20,Afternoon,14,Completed
APT000170,PT01345,PR017,Physiotherapy Session,2026-07-07,Evening,12,Completed
APT000171,PT00672,PR018,Post-Op Care,2026-06-21,Evening,6,No-Show
APT000172,PT01639,PR006,Physiotherapy Session,2026-06-16,Morning,13,Rescheduled
APT000173,PT01137,PR015,Nursing Visit,2026-08-16,Afternoon,5,Completed
APT000174,PT00170,PR010,Vitals Check,2026-07-29,Afternoon,9,Completed
APT000175,PT01628,PR011,Vitals Check,2026-08-15,Morning,2,Completed
APT000176,PT01601,PR009,Post-Op Care,2026-07-03,Afternoon,1,No-Show
APT000177,PT00381,PR017,Nursing Visit,2026-07-05,Afternoon,13,Completed
APT000178,PT00539,PR012,Post-Op Care,2026-06-13,Evening,10,Completed
APT000179,PT00691,PR010,Nursing Visit,2026-08-17,Morning,5,No-Show
APT000180,PT01795,PR010,Physiotherapy Session,2026-08-20,Evening,5,No-Show
APT000181,PT00810,PR019,Physiotherapy Session,2026-08-01,Afternoon,0,Completed
APT000182,PT01952,PR002,Nursing Visit,2026-08-15,Evening,8,Completed
APT000183,PT01173,PR014,Post-Op Care,2026-06-08,Evening,5,Completed
APT000184,PT00394,PR007,Nursing Visit,2026-08-29,Afternoon,11,Completed
APT000185,PT01965,PR006,Diabetic Care Visit,2026-07-17,Afternoon,14,Completed
APT000186,PT00935,PR002,Vitals Check,2026-06-14,Evening,2,Completed
APT000187,PT00290,PR005,Post-Op Care,2026-06-21,Morning,14,Completed
APT000188,PT00086,PR004,Nursing Visit,2026-07-23,Afternoon,0,Completed
APT000189,PT00147,PR003,Physiotherapy Session,2026-06-11,Evening,3,Completed
APT000190,PT00011,PR013,Nursing Visit,2026-06-06,Afternoon,0,Completed
APT000191,PT00690,PR004,Physiotherapy Session,2026-08-07,Evening,5,Rescheduled
APT000192,PT00600,PR005,Diabetic Care Visit,2026-07-23,Morning,0,Completed
APT000193,PT00721,PR014,Vitals Check,2026-06-15,Evening,3,Completed
APT000194,PT00697,PR006,Wound Dressing,2026-08-19,Morning,13,No-Show
APT000195,PT01342,PR019,Physiotherapy Session,2026-07-27,Morning,1,Completed
APT000196,PT00742,PR008,Wound Dressing,2026-07-05,Morning,12,Rescheduled
APT000197,PT00920,PR017,Wound Dressing,2026-07-03,Afternoon,9,Completed
APT000198,PT01791,PR018,Nursing Visit,2026-06-23,Morning,8,No-Show
APT000199,PT01543,PR015,Wound Dressing,2026-06-30,Evening,13,Completed
APT000200,PT01969,PR001,Wound Dressing,2026-08-14,Morning,7,Completed
APT000201,PT00546,PR018,Diabetic Care Visit,2026-06-07,Afternoon,11,Completed
APT000202,PT01121,PR014,Post-Op Care,2026-07-24,Afternoon,2,Completed
APT000203,PT01715,PR014,Nursing Visit,2026-08-28,Morning,8,Completed
APT000204,PT01191,PR010,Wound Dressing,2026-08-29,Morning,9,Completed
APT000205,PT00912,PR003,Nursing Visit,2026-07-08,Morning,5,No-Show
APT000206,PT00049,PR010,Diabetic Care Visit,2026-08-01,Evening,7,Completed
APT000207,PT01428,PR005,Post-Op Care,2026-06-24,Evening,2,Completed
APT000208,PT01085,PR017,Post-Op Care,2026-08-22,Evening,6,Completed
APT000209,PT01003,PR016,Post-Op Care,2026-06-27,Evening,6,No-Show
APT000210,PT01931,PR009,Nursing Visit,2026-07-22,Morning,11,Completed
APT000211,PT00310,PR010,Nursing Visit,2026-06-08,Afternoon,10,Completed
APT000212,PT01772,PR013,Nursing Visit,2026-07-27,Morning,6,Cancelled
APT000213,PT01498,PR002,Post-Op Care,2026-07-31,Morning,12,Completed
APT000214,PT01293,PR002,Physiotherapy Session,2026-08-11,Morning,6,Completed
APT000215,PT01083,PR010,Diabetic Care Visit,2026-06-21,Morning,3,Completed
APT000216,PT00870,PR010,Post-Op Care,2026-08-27,Evening,9,Rescheduled
APT000217,PT01136,PR004,Physiotherapy Session,2026-07-19,Evening,2,Completed
APT000218,PT01902,PR007,Diabetic Care Visit,2026-08-24,Morning,12,Completed
APT000219,PT01049,PR016,Physiotherapy Session,2026-08-04,Morning,6,Cancelled
APT000220,PT01688,PR020,Post-Op Care,2026-08-14,Morning,1,Completed
APT000221,PT01663,PR002,Nursing Visit,2026-07-13,Morning,3,No-Show
APT000222,PT01099,PR010,Nursing Visit,2026-06-06,Afternoon,14,Completed
APT000223,PT01177,PR005,Diabetic Care Visit,2026-07-22,Morning,8,Completed
APT000224,PT00780,PR020,Diabetic Care Visit,2026-07-12,Morning,10,Completed
APT000225,PT01606,PR008,Nursing Visit,2026-06-12,Morning,6,Completed
APT000226,PT00282,PR004,Nursing Visit,2026-07-31,Afternoon,6,Completed
APT000227,PT00705,PR012,Post-Op Care,2026-07-12,Evening,6,No-Show
APT000228,PT00012,PR004,Physiotherapy Session,2026-06-23,Morning,11,Completed
APT000229,PT00180,PR006,Post-Op Care,2026-06-29,Afternoon,5,Completed
APT000230,PT00676,PR019,Physiotherapy Session,2026-07-19,Evening,12,Completed
APT000231,PT01771,PR010,Wound Dressing,2026-07-03,Evening,12,Completed
APT000232,PT00913,PR019,Vitals Check,2026-07-28,Afternoon,3,Completed
APT000233,PT01157,PR013,Wound Dressing,2026-08-19,Evening,6,Cancelled
APT000234,PT01708,PR004,Physiotherapy Session,2026-06-18,Evening,0,Completed
APT000235,PT00989,PR016,Physiotherapy Session,2026-07-21,Morning,7,Rescheduled
APT000236,PT01544,PR013,Diabetic Care Visit,2026-08-16,Evening,13,Completed
APT000237,PT00856,PR010,Wound Dressing,2026-07-22,Evening,8,Completed
APT000238,PT00565,PR003,Nursing Visit,2026-07-12,Morning,9,Completed
APT000239,PT00132,PR018,Wound Dressing,2026-07-22,Morning,13,No-Show
APT000240,PT00082,PR010,Post-Op Care,2026-08-12,Morning,3,Completed
APT000241,PT01128,PR006,Vitals Check,2026-06-05,Evening,9,Completed
APT000242,PT01838,PR006,Vitals Check,2026-06-08,Evening,2,No-Show
APT000243,PT01538,PR004,Post-Op Care,2026-08-19,Afternoon,8,Completed
APT000244,PT01640,PR015,Physiotherapy Session,2026-07-22,Evening,2,Completed
APT000245,PT01148,PR019,Vitals Check,2026-07-23,Afternoon,1,Completed
APT000246,PT00026,PR014,Nursing Visit,2026-07-02,Afternoon,7,Completed
APT000247,PT01686,PR013,Diabetic Care Visit,2026-07-11,Afternoon,1,Completed
APT000248,PT00633,PR016,Wound Dressing,2026-06-12,Evening,12,No-Show
APT000249,PT01477,PR003,Wound Dressing,2026-08-15,Morning,8,No-Show
APT000250,PT00797,PR014,Nursing Visit,2026-07-28,Afternoon,8,Completed
APT000251,PT00995,PR006,Vitals Check,2026-06-29,Afternoon,1,Completed
APT000252,PT01939,PR016,Nursing Visit,2026-08-20,Morning,14,Completed
APT000253,PT01673,PR002,Wound Dressing,2026-08-08,Evening,5,Cancelled
APT000254,PT01394,PR011,Post-Op Care,2026-06-13,Afternoon,14,Completed
APT000255,PT01019,PR001,Physiotherapy Session,2026-08-22,Afternoon,13,No-Show
APT000256,PT01757,PR015,Physiotherapy Session,2026-07-11,Afternoon,1,Completed
APT000257,PT00364,PR006,Physiotherapy Session,2026-06-11,Evening,0,Rescheduled
APT000258,PT00657,PR019,Diabetic Care Visit,2026-07-18,Evening,8,Completed
APT000259,PT00432,PR016,Wound Dressing,2026-07-12,Morning,9,Completed
APT000260,PT00498,PR006,Post-Op Care,2026-07-01,Afternoon,11,Completed
APT000261,PT01223,PR003,Nursing Visit,2026-07-26,Afternoon,0,Completed
APT000262,PT01692,PR001,Diabetic Care Visit,2026-08-16,Evening,9,Completed
APT000263,PT00880,PR019,Physiotherapy Session,2026-07-06,Evening,5,Completed
APT000264,PT00416,PR002,Wound Dressing,2026-07-11,Morning,9,Rescheduled
APT000265,PT01636,PR002,Post-Op Care,2026-06-11,Afternoon,12,No-Show
APT000266,PT01498,PR010,Physiotherapy Session,2026-07-24,Afternoon,12,Completed
APT000267,PT00954,PR005,Physiotherapy Session,2026-06-02,Morning,11,Completed
APT000268,PT00118,PR008,Nursing Visit,2026-06-07,Afternoon,3,Completed
APT000269,PT01638,PR016,Post-Op Care,2026-07-05,Morning,9,Completed
APT000270,PT00408,PR015,Vitals Check,2026-06-18,Morning,9,Rescheduled
APT000271,PT01117,PR017,Vitals Check,2026-07-17,Morning,13,Cancelled
APT000272,PT01302,PR014,Physiotherapy Session,2026-08-24,Afternoon,4,Completed
APT000273,PT00666,PR007,Nursing Visit,2026-07-13,Morning,8,Completed
APT000274,PT00920,PR007,Wound Dressing,2026-08-20,Afternoon,8,Completed
APT000275,PT01801,PR007,Vitals Check,2026-06-20,Morning,7,Completed
APT000276,PT01012,PR003,Vitals Check,2026-07-28,Morning,4,Completed
APT000277,PT00958,PR019,Vitals Check,2026-07-17,Morning,1,No-Show
APT000278,PT00139,PR008,Nursing Visit,2026-08-07,Afternoon,9,Completed
APT000279,PT00632,PR013,Vitals Check,2026-07-17,Morning,1,Completed
APT000280,PT01296,PR009,Vitals Check,2026-07-26,Evening,14,Completed
APT000281,PT01192,PR007,Diabetic Care Visit,2026-08-20,Evening,8,No-Show
APT000282,PT00643,PR010,Diabetic Care Visit,2026-07-31,Evening,1,No-Show
APT000283,PT00511,PR002,Physiotherapy Session,2026-08-28,Evening,9,Completed
APT000284,PT01151,PR008,Physiotherapy Session,2026-08-19,Evening,10,Completed
APT000285,PT00592,PR010,Nursing Visit,2026-08-23,Morning,0,No-Show
APT000286,PT01366,PR010,Post-Op Care,2026-07-08,Morning,3,No-Show
APT000287,PT00009,PR009,Physiotherapy Session,2026-07-13,Afternoon,13,Completed
APT000288,PT01183,PR020,Nursing Visit,2026-08-28,Evening,9,No-Show
APT000289,PT00492,PR010,Vitals Check,2026-08-20,Evening,12,Completed
APT000290,PT00067,PR008,Wound Dressing,2026-06-01,Morning,8,Completed
APT000291,PT00344,PR014,Diabetic Care Visit,2026-06-11,Evening,13,Completed
APT000292,PT00926,PR013,Vitals Check,2026-06-22,Afternoon,7,Completed
APT000293,PT01910,PR004,Physiotherapy Session,2026-07-07,Evening,7,Completed
APT000294,PT01555,PR011,Post-Op Care,2026-07-03,Evening,14,Completed
APT000295,PT00550,PR012,Physiotherapy Session,2026-06-17,Evening,3,Completed
APT000296,PT00686,PR017,Vitals Check,2026-07-14,Morning,4,Rescheduled
APT000297,PT00360,PR002,Diabetic Care Visit,2026-08-15,Evening,11,Cancelled
APT000298,PT00337,PR006,Diabetic Care Visit,2026-06-27,Afternoon,8,No-Show
APT000299,PT00156,PR018,Diabetic Care Visit,2026-08-06,Morning,6,Cancelled
APT000300,PT01298,PR007,Post-Op Care,2026-07-21,Morning,12,Completed
APT000301,PT00527,PR010,Nursing Visit,2026-06-16,Morning,13,No-Show
APT000302,PT01777,PR013,Wound Dressing,2026-07-23,Afternoon,5,Completed
APT000303,PT01070,PR008,Vitals Check,2026-06-01,Morning,0,Completed
APT000304,PT00254,PR012,Post-Op Care,2026-06-23,Afternoon,13,Completed
APT000305,PT00024,PR012,Post-Op Care,2026-06-26,Morning,8,Completed
APT000306,PT01797,PR001,Wound Dressing,2026-07-28,Morning,3,Completed
APT000307,PT01871,PR011,Wound Dressing,2026-08-09,Evening,11,Completed
APT000308,PT01515,PR016,Post-Op Care,2026-08-21,Morning,13,Completed
APT000309,PT00724,PR010,Post-Op Care,2026-06-20,Evening,4,Completed
APT000310,PT00023,PR017,Nursing Visit,2026-07-12,Afternoon,10,Completed
APT000311,PT01594,PR017,Wound Dressing,2026-06-06,Morning,10,Completed
APT000312,PT01978,PR005,Post-Op Care,2026-06-12,Afternoon,14,No-Show
APT000313,PT00637,PR001,Vitals Check,2026-08-12,Evening,7,Completed
APT000314,PT01782,PR020,Post-Op Care,2026-06-21,Morning,0,No-Show
APT000315,PT00648,PR002,Diabetic Care Visit,2026-06-22,Afternoon,0,Completed
APT000316,PT00989,PR016,Wound Dressing,2026-06-24,Evening,3,Completed
APT000317,PT00781,PR002,Post-Op Care,2026-07-19,Afternoon,13,Completed
APT000318,PT00352,PR010,Post-Op Care,2026-06-19,Morning,10,Completed
APT000319,PT00137,PR016,Nursing Visit,2026-07-11,Afternoon,13,Completed
APT000320,PT01469,PR008,Physiotherapy Session,2026-07-04,Morning,10,Rescheduled
APT000321,PT01406,PR019,Nursing Visit,2026-08-19,Evening,0,Completed
APT000322,PT01318,PR020,Post-Op Care,2026-08-20,Afternoon,2,Completed
APT000323,PT00034,PR010,Nursing Visit,2026-07-22,Morning,2,No-Show
APT000324,PT00060,PR007,Diabetic Care Visit,2026-06-12,Evening,14,Completed
APT000325,PT01637,PR009,Vitals Check,2026-08-23,Morning,8,No-Show
APT000326,PT00311,PR006,Physiotherapy Session,2026-08-01,Morning,9,Completed
APT000327,PT01686,PR008,Vitals Check,2026-08-17,Afternoon,14,No-Show
APT000328,PT00041,PR008,Physiotherapy Session,2026-07-27,Morning,11,Completed
APT000329,PT00932,PR005,Physiotherapy Session,2026-08-22,Morning,8,Completed
APT000330,PT00832,PR016,Diabetic Care Visit,2026-06-07,Evening,14,Completed
APT000331,PT00586,PR016,Post-Op Care,2026-08-08,Afternoon,1,Completed
APT000332,PT01136,PR013,Wound Dressing,2026-07-28,Evening,0,Completed
APT000333,PT00971,PR018,Nursing Visit,2026-08-05,Afternoon,4,Completed
APT000334,PT01900,PR008,Vitals Check,2026-07-09,Morning,1,Completed
APT000335,PT00926,PR008,Nursing Visit,2026-06-21,Evening,14,Completed
APT000336,PT01796,PR002,Diabetic Care Visit,2026-06-18,Evening,13,Completed
APT000337,PT01947,PR008,Vitals Check,2026-06-09,Evening,5,Cancelled
APT000338,PT01213,PR005,Physiotherapy Session,2026-07-09,Afternoon,12,Completed
APT000339,PT01394,PR014,Post-Op Care,2026-08-23,Morning,14,Completed
APT000340,PT01344,PR001,Nursing Visit,2026-07-22,Evening,8,Cancelled
APT000341,PT00579,PR017,Physiotherapy Session,2026-06-27,Evening,7,Completed
APT000342,PT01611,PR008,Nursing Visit,2026-06-04,Evening,11,Completed
APT000343,PT01105,PR010,Vitals Check,2026-07-28,Afternoon,1,Cancelled
APT000344,PT00405,PR015,Physiotherapy Session,2026-07-21,Morning,4,No-Show
APT000345,PT00232,PR005,Diabetic Care Visit,2026-07-27,Afternoon,8,Completed
APT000346,PT00867,PR005,Post-Op Care,2026-08-21,Afternoon,4,Completed
APT000347,PT01181,PR014,Physiotherapy Session,2026-06-18,Afternoon,13,Cancelled
APT000348,PT01609,PR007,Vitals Check,2026-07-16,Evening,12,Completed
APT000349,PT01932,PR010,Wound Dressing,2026-07-14,Morning,11,Completed
APT000350,PT01403,PR018,Wound Dressing,2026-08-01,Morning,2,Completed
APT000351,PT00969,PR016,Diabetic Care Visit,2026-07-08,Evening,13,No-Show
APT000352,PT01329,PR013,Nursing Visit,2026-07-30,Evening,13,Completed
APT000353,PT01064,PR004,Nursing Visit,2026-08-05,Morning,0,Completed
APT000354,PT00209,PR010,Vitals Check,2026-06-27,Evening,1,Cancelled
APT000355,PT01428,PR016,Wound Dressing,2026-06-13,Morning,9,Completed
APT000356,PT00408,PR016,Wound Dressing,2026-08-14,Evening,3,No-Show
APT000357,PT00140,PR002,Diabetic Care Visit,2026-08-04,Afternoon,13,Completed
APT000358,PT00773,PR002,Nursing Visit,2026-06-13,Afternoon,12,Completed
APT000359,PT00596,PR004,Wound Dressing,2026-08-06,Morning,2,No-Show
APT000360,PT01037,PR012,Nursing Visit,2026-08-23,Morning,1,Completed
APT000361,PT00592,PR002,Nursing Visit,2026-06-25,Morning,10,Rescheduled
APT000362,PT00643,PR010,Post-Op Care,2026-07-13,Afternoon,10,Completed
APT000363,PT01513,PR020,Post-Op Care,2026-07-26,Afternoon,3,Completed
APT000364,PT01590,PR004,Vitals Check,2026-07-06,Evening,9,No-Show
APT000365,PT01106,PR011,Wound Dressing,2026-07-13,Evening,2,Rescheduled
APT000366,PT00734,PR016,Post-Op Care,2026-07-20,Morning,5,Completed
APT000367,PT00728,PR004,Post-Op Care,2026-07-05,Afternoon,12,Completed
APT000368,PT01985,PR018,Diabetic Care Visit,2026-07-26,Evening,5,Completed
APT000369,PT00316,PR013,Diabetic Care Visit,2026-08-13,Evening,14,Completed
APT000370,PT00788,PR002,Vitals Check,2026-07-14,Afternoon,1,Completed
APT000371,PT00531,PR007,Vitals Check,2026-07-05,Morning,10,Completed
APT000372,PT01014,PR019,Post-Op Care,2026-06-19,Afternoon,9,Completed
APT000373,PT01049,PR001,Post-Op Care,2026-07-16,Morning,10,Completed
APT000374,PT01230,PR005,Post-Op Care,2026-06-01,Morning,4,Completed
APT000375,PT01444,PR005,Wound Dressing,2026-07-20,Evening,4,Completed
APT000376,PT00993,PR004,Diabetic Care Visit,2026-07-12,Evening,4,Completed
APT000377,PT00218,PR009,Wound Dressing,2026-06-18,Evening,14,Completed
APT000378,PT01738,PR003,Wound Dressing,2026-08-25,Morning,2,Completed
APT000379,PT01583,PR016,Wound Dressing,2026-07-28,Evening,0,Completed
APT000380,PT01887,PR004,Physiotherapy Session,2026-08-12,Evening,4,Completed
APT000381,PT01680,PR004,Post-Op Care,2026-08-27,Afternoon,8,Completed
APT000382,PT01107,PR016,Nursing Visit,2026-08-16,Morning,0,Completed
APT000383,PT00089,PR002,Vitals Check,2026-08-07,Evening,13,Completed
APT000384,PT01583,PR019,Wound Dressing,2026-06-06,Morning,4,Completed
APT000385,PT00782,PR020,Diabetic Care Visit,2026-07-04,Morning,0,Completed
APT000386,PT00271,PR015,Physiotherapy Session,2026-08-01,Morning,13,Completed
APT000387,PT01515,PR015,Post-Op Care,2026-06-03,Morning,4,No-Show
APT000388,PT00794,PR001,Physiotherapy Session,2026-06-16,Morning,13,Cancelled
APT000389,PT01908,PR019,Vitals Check,2026-06-28,Afternoon,7,Completed
APT000390,PT00146,PR016,Wound Dressing,2026-07-09,Evening,1,Completed
APT000391,PT00207,PR010,Physiotherapy Session,2026-06-28,Afternoon,0,Completed
APT000392,PT00181,PR011,Diabetic Care Visit,2026-06-18,Evening,5,No-Show
APT000393,PT00975,PR013,Nursing Visit,2026-07-07,Evening,9,Completed
APT000394,PT00497,PR008,Diabetic Care Visit,2026-07-17,Evening,4,No-Show
APT000395,PT00373,PR008,Vitals Check,2026-07-22,Morning,12,No-Show
APT000396,PT00058,PR013,Physiotherapy Session,2026-06-06,Morning,4,Cancelled
APT000397,PT01071,PR003,Nursing Visit,2026-06-01,Morning,10,Completed
APT000398,PT01257,PR005,Nursing Visit,2026-08-08,Morning,0,Completed
APT000399,PT00363,PR006,Physiotherapy Session,2026-06-23,Evening,2,Completed
APT000400,PT00714,PR003,Post-Op Care,2026-06-01,Afternoon,1,Cancelled
APT000401,PT00974,PR002,Wound Dressing,2026-06-15,Morning,5,Completed
APT000402,PT00311,PR003,Vitals Check,2026-07-26,Afternoon,1,Completed
APT000403,PT00559,PR003,Post-Op Care,2026-06-17,Evening,0,No-Show
APT000404,PT01960,PR012,Vitals Check,2026-08-05,Morning,14,Completed
APT000405,PT01774,PR017,Post-Op Care,2026-08-18,Morning,0,Completed
APT000406,PT01228,PR002,Diabetic Care Visit,2026-08-25,Morning,1,Completed
APT000407,PT00890,PR020,Diabetic Care Visit,2026-07-12,Afternoon,14,Completed
APT000408,PT01622,PR003,Vitals Check,2026-08-28,Afternoon,5,Completed
APT000409,PT00614,PR010,Vitals Check,2026-07-05,Afternoon,7,Completed
APT000410,PT01344,PR015,Vitals Check,2026-06-25,Afternoon,11,Completed
APT000411,PT00666,PR006,Nursing Visit,2026-07-01,Evening,2,Cancelled
APT000412,PT00194,PR018,Vitals Check,2026-06-17,Afternoon,1,Completed
APT000413,PT00906,PR003,Physiotherapy Session,2026-06-21,Afternoon,2,Completed
APT000414,PT00462,PR012,Physiotherapy Session,2026-06-11,Afternoon,10,Completed
APT000415,PT01056,PR009,Wound Dressing,2026-06-24,Evening,9,No-Show
APT000416,PT00335,PR006,Nursing Visit,2026-06-04,Afternoon,1,Completed
APT000417,PT00011,PR008,Physiotherapy Session,2026-06-29,Morning,13,Completed
APT000418,PT00251,PR013,Post-Op Care,2026-08-14,Morning,1,Cancelled
APT000419,PT00552,PR019,Vitals Check,2026-08-22,Afternoon,6,Completed
APT000420,PT01806,PR018,Diabetic Care Visit,2026-06-09,Evening,11,Completed
APT000421,PT00607,PR002,Nursing Visit,2026-07-07,Afternoon,11,Completed
APT000422,PT01161,PR013,Physiotherapy Session,2026-06-10,Afternoon,5,Completed
APT000423,PT00273,PR016,Diabetic Care Visit,2026-08-03,Afternoon,6,Cancelled
APT000424,PT01462,PR002,Diabetic Care Visit,2026-08-29,Evening,5,Completed
APT000425,PT00345,PR002,Vitals Check,2026-06-09,Evening,1,Completed
APT000426,PT00476,PR008,Post-Op Care,2026-07-02,Morning,2,Completed
APT000427,PT00532,PR008,Nursing Visit,2026-06-11,Morning,4,No-Show
APT000428,PT01817,PR006,Post-Op Care,2026-07-02,Evening,11,Completed
APT000429,PT01281,PR019,Wound Dressing,2026-06-26,Evening,7,Completed
APT000430,PT00335,PR003,Wound Dressing,2026-06-13,Morning,12,Completed
APT000431,PT00443,PR008,Wound Dressing,2026-07-11,Afternoon,3,Completed
APT000432,PT01937,PR018,Vitals Check,2026-08-18,Afternoon,6,Completed
APT000433,PT01829,PR014,Vitals Check,2026-06-16,Morning,4,No-Show
APT000434,PT01008,PR007,Nursing Visit,2026-07-20,Evening,14,Completed
APT000435,PT01945,PR010,Diabetic Care Visit,2026-07-24,Evening,7,Completed
APT000436,PT01781,PR014,Diabetic Care Visit,2026-06-18,Morning,2,Completed
APT000437,PT01808,PR003,Wound Dressing,2026-07-07,Afternoon,7,Completed
APT000438,PT01189,PR001,Post-Op Care,2026-06-27,Morning,10,Completed
APT000439,PT01983,PR002,Post-Op Care,2026-06-25,Afternoon,10,No-Show
APT000440,PT00822,PR011,Vitals Check,2026-07-21,Afternoon,6,Completed
APT000441,PT01029,PR006,Nursing Visit,2026-06-01,Morning,1,Completed
APT000442,PT01760,PR019,Post-Op Care,2026-07-08,Evening,14,No-Show
APT000443,PT00058,PR013,Nursing Visit,2026-06-22,Evening,8,Completed
APT000444,PT01572,PR014,Wound Dressing,2026-07-26,Evening,2,Completed
APT000445,PT00342,PR005,Physiotherapy Session,2026-06-19,Afternoon,9,Completed
APT000446,PT00270,PR001,Diabetic Care Visit,2026-07-13,Afternoon,6,Completed
APT000447,PT01400,PR001,Nursing Visit,2026-06-28,Evening,11,Completed
APT000448,PT00818,PR003,Wound Dressing,2026-08-27,Morning,13,Completed
APT000449,PT01256,PR010,Nursing Visit,2026-07-29,Afternoon,5,Completed
APT000450,PT00690,PR008,Post-Op Care,2026-06-15,Afternoon,13,No-Show
APT000451,PT01639,PR006,Vitals Check,2026-08-01,Evening,1,Completed
APT000452,PT00964,PR008,Vitals Check,2026-07-16,Evening,11,Cancelled
APT000453,PT00977,PR002,Vitals Check,2026-07-03,Afternoon,10,Completed
APT000454,PT01681,PR004,Nursing Visit,2026-06-13,Afternoon,14,Completed
APT000455,PT00618,PR009,Physiotherapy Session,2026-07-25,Evening,7,Completed
APT000456,PT01373,PR006,Physiotherapy Session,2026-07-03,Afternoon,1,Completed
APT000457,PT01984,PR019,Physiotherapy Session,2026-07-30,Morning,14,Completed
APT000458,PT01466,PR002,Nursing Visit,2026-08-01,Afternoon,7,Completed
APT000459,PT00697,PR006,Physiotherapy Session,2026-07-11,Morning,11,Completed
APT000460,PT00353,PR012,Wound Dressing,2026-07-08,Evening,4,Completed
APT000461,PT01798,PR013,Vitals Check,2026-07-28,Afternoon,1,Completed
APT000462,PT00279,PR008,Vitals Check,2026-07-17,Evening,9,Completed
APT000463,PT00702,PR011,Wound Dressing,2026-06-03,Evening,11,Completed
APT000464,PT00333,PR002,Vitals Check,2026-08-14,Morning,12,Completed
APT000465,PT01302,PR020,Nursing Visit,2026-06-15,Morning,14,Completed
APT000466,PT00029,PR004,Diabetic Care Visit,2026-08-04,Morning,2,Completed
APT000467,PT00754,PR020,Nursing Visit,2026-08-04,Evening,3,Completed
APT000468,PT01051,PR012,Physiotherapy Session,2026-08-04,Afternoon,10,Completed
APT000469,PT00361,PR020,Physiotherapy Session,2026-06-19,Afternoon,6,Completed
APT000470,PT00038,PR010,Wound Dressing,2026-08-25,Morning,1,Completed
APT000471,PT00295,PR008,Physiotherapy Session,2026-08-23,Morning,11,Completed
APT000472,PT00996,PR002,Post-Op Care,2026-06-02,Morning,14,Completed
APT000473,PT00547,PR003,Post-Op Care,2026-08-10,Afternoon,8,Completed
APT000474,PT00884,PR010,Diabetic Care Visit,2026-06-09,Afternoon,8,Cancelled
APT000475,PT01046,PR008,Nursing Visit,2026-06-12,Morning,12,Completed
APT000476,PT00131,PR007,Vitals Check,2026-08-13,Afternoon,12,Rescheduled
APT000477,PT01845,PR012,Diabetic Care Visit,2026-06-10,Morning,0,Completed
APT000478,PT01232,PR004,Post-Op Care,2026-08-17,Afternoon,9,No-Show
APT000479,PT00351,PR018,Nursing Visit,2026-08-17,Morning,7,Cancelled
APT000480,PT01034,PR016,Physiotherapy Session,2026-07-25,Afternoon,11,Completed
APT000481,PT00520,PR009,Nursing Visit,2026-07-01,Afternoon,8,Cancelled
APT000482,PT01632,PR004,Vitals Check,2026-07-29,Afternoon,2,Completed
APT000483,PT00813,PR004,Post-Op Care,2026-06-24,Evening,14,Completed
APT000484,PT00386,PR015,Post-Op Care,2026-07-14,Evening,7,Cancelled
APT000485,PT00722,PR004,Wound Dressing,2026-08-10,Morning,14,Completed
APT000486,PT00306,PR018,Physiotherapy Session,2026-06-14,Afternoon,5,Completed
APT000487,PT01073,PR014,Wound Dressing,2026-06-12,Evening,8,Completed
APT000488,PT00121,PR011,Vitals Check,2026-08-17,Morning,4,No-Show
APT000489,PT00865,PR013,Physiotherapy Session,2026-07-30,Morning,10,Completed
APT000490,PT00925,PR003,Diabetic Care Visit,2026-08-03,Afternoon,2,Completed
APT000491,PT00025,PR009,Physiotherapy Session,2026-06-22,Morning,0,Cancelled
APT000492,PT01006,PR010,Diabetic Care Visit,2026-06-18,Afternoon,11,Completed
APT000493,PT01728,PR015,Diabetic Care Visit,2026-08-03,Evening,1,Cancelled
APT000494,PT01109,PR018,Wound Dressing,2026-07-03,Morning,11,Completed
APT000495,PT01411,PR013,Wound Dressing,2026-08-24,Afternoon,5,Completed
APT000496,PT01438,PR012,Vitals Check,2026-08-24,Afternoon,10,Cancelled
APT000497,PT01144,PR010,Vitals Check,2026-07-09,Evening,5,Completed
APT000498,PT01544,PR013,Diabetic Care Visit,2026-06-28,Evening,13,Completed
APT000499,PT00845,PR011,Physiotherapy Session,2026-07-17,Evening,0,Completed
APT000500,PT01129,PR004,Wound Dressing,2026-08-02,Morning,13,Completed
APT000501,PT00660,PR019,Wound Dressing,2026-06-04,Morning,6,Completed
APT000502,PT00809,PR015,Physiotherapy Session,2026-06-03,Evening,2,Cancelled
APT000503,PT01228,PR010,Post-Op Care,2026-08-27,Evening,10,Completed
APT000504,PT00475,PR011,Physiotherapy Session,2026-06-13,Morning,2,No-Show
APT000505,PT00443,PR013,Physiotherapy Session,2026-07-15,Morning,11,Completed
APT000506,PT01593,PR003,Wound Dressing,2026-08-14,Morning,5,Completed
APT000507,PT01889,PR016,Physiotherapy Session,2026-06-18,Afternoon,2,Completed
APT000508,PT00211,PR010,Vitals Check,2026-07-31,Afternoon,6,Completed
APT000509,PT00250,PR017,Vitals Check,2026-08-23,Afternoon,6,Completed
APT000510,PT00038,PR002,Nursing Visit,2026-08-19,Evening,5,Completed
APT000511,PT01091,PR004,Post-Op Care,2026-08-26,Morning,2,Completed
APT000512,PT00968,PR002,Diabetic Care Visit,2026-07-22,Afternoon,5,Rescheduled
APT000513,PT01161,PR004,Diabetic Care Visit,2026-08-17,Evening,1,Completed
APT000514,PT01562,PR008,Post-Op Care,2026-06-29,Morning,14,Completed
APT000515,PT00054,PR018,Physiotherapy Session,2026-06-19,Evening,9,Completed
APT000516,PT00235,PR009,Physiotherapy Session,2026-06-19,Evening,9,Completed
APT000517,PT01075,PR008,Nursing Visit,2026-06-15,Morning,5,Completed
APT000518,PT00718,PR014,Vitals Check,2026-06-07,Morning,12,Completed
APT000519,PT01557,PR003,Wound Dressing,2026-06-28,Evening,4,No-Show
APT000520,PT00032,PR020,Diabetic Care Visit,2026-06-27,Afternoon,6,Completed
APT000521,PT00176,PR001,Wound Dressing,2026-07-02,Evening,10,No-Show
APT000522,PT00418,PR002,Physiotherapy Session,2026-06-13,Morning,8,Completed
APT000523,PT00534,PR008,Diabetic Care Visit,2026-06-02,Morning,8,No-Show
APT000524,PT01911,PR010,Vitals Check,2026-08-16,Morning,7,Completed
APT000525,PT01805,PR011,Post-Op Care,2026-06-07,Afternoon,14,Cancelled
APT000526,PT00012,PR013,Post-Op Care,2026-07-18,Morning,12,Completed
APT000527,PT00899,PR018,Vitals Check,2026-06-15,Evening,2,Cancelled
APT000528,PT01707,PR019,Vitals Check,2026-08-04,Afternoon,12,Completed
APT000529,PT00967,PR015,Vitals Check,2026-08-03,Morning,7,Completed
APT000530,PT00775,PR018,Diabetic Care Visit,2026-07-19,Morning,7,No-Show
APT000531,PT00969,PR005,Vitals Check,2026-07-08,Evening,3,Completed
APT000532,PT01037,PR020,Vitals Check,2026-08-12,Afternoon,9,No-Show
APT000533,PT00004,PR002,Vitals Check,2026-07-06,Evening,3,Completed
APT000534,PT01271,PR002,Nursing Visit,2026-07-20,Afternoon,9,Completed
APT000535,PT00333,PR002,Vitals Check,2026-07-06,Afternoon,1,Completed
APT000536,PT01238,PR015,Diabetic Care Visit,2026-08-26,Afternoon,8,Completed
APT000537,PT00403,PR012,Wound Dressing,2026-06-14,Afternoon,1,Rescheduled
APT000538,PT01335,PR011,Nursing Visit,2026-08-10,Evening,8,Completed
APT000539,PT01109,PR012,Wound Dressing,2026-06-13,Afternoon,3,Completed
APT000540,PT00434,PR013,Post-Op Care,2026-07-24,Morning,6,Rescheduled
APT000541,PT01478,PR005,Vitals Check,2026-08-07,Evening,11,Completed
APT000542,PT01880,PR005,Diabetic Care Visit,2026-08-22,Morning,7,Completed
APT000543,PT01007,PR005,Vitals Check,2026-08-28,Morning,6,No-Show
APT000544,PT00790,PR007,Nursing Visit,2026-08-14,Morning,12,Completed
APT000545,PT01023,PR020,Physiotherapy Session,2026-07-13,Evening,3,Completed
APT000546,PT01339,PR003,Physiotherapy Session,2026-06-20,Afternoon,13,Completed
APT000547,PT00254,PR018,Nursing Visit,2026-07-05,Morning,13,Rescheduled
APT000548,PT01302,PR018,Nursing Visit,2026-06-23,Morning,13,Completed
APT000549,PT01876,PR010,Physiotherapy Session,2026-07-11,Morning,1,No-Show
APT000550,PT01628,PR011,Post-Op Care,2026-08-23,Evening,6,Completed
APT000551,PT01612,PR004,Nursing Visit,2026-07-13,Evening,12,Rescheduled
APT000552,PT01602,PR010,Diabetic Care Visit,2026-06-25,Afternoon,7,No-Show
APT000553,PT01649,PR002,Physiotherapy Session,2026-07-05,Morning,11,Completed
APT000554,PT01043,PR005,Post-Op Care,2026-06-24,Evening,3,No-Show
APT000555,PT00393,PR011,Diabetic Care Visit,2026-06-21,Evening,4,Completed
APT000556,PT01680,PR004,Wound Dressing,2026-07-14,Afternoon,4,Completed
APT000557,PT01595,PR002,Wound Dressing,2026-06-25,Afternoon,0,No-Show
APT000558,PT00117,PR017,Nursing Visit,2026-06-23,Afternoon,13,Completed
APT000559,PT01261,PR010,Physiotherapy Session,2026-07-19,Afternoon,9,Completed
APT000560,PT00613,PR010,Physiotherapy Session,2026-06-12,Evening,4,Completed
APT000561,PT00805,PR002,Diabetic Care Visit,2026-07-06,Evening,10,Completed
APT000562,PT01310,PR017,Diabetic Care Visit,2026-06-30,Morning,4,Completed
APT000563,PT01326,PR016,Post-Op Care,2026-07-17,Afternoon,2,Completed
APT000564,PT00790,PR007,Wound Dressing,2026-06-03,Afternoon,4,No-Show
APT000565,PT00676,PR019,Post-Op Care,2026-07-25,Evening,13,Cancelled
APT000566,PT01978,PR019,Wound Dressing,2026-08-06,Morning,0,Completed
APT000567,PT01070,PR008,Nursing Visit,2026-08-15,Evening,9,Completed
APT000568,PT00719,PR019,Wound Dressing,2026-07-27,Morning,1,Completed
APT000569,PT00268,PR008,Diabetic Care Visit,2026-07-21,Afternoon,13,Rescheduled
APT000570,PT01218,PR013,Diabetic Care Visit,2026-07-08,Afternoon,9,Rescheduled
APT000571,PT00759,PR015,Physiotherapy Session,2026-06-03,Evening,5,Completed
APT000572,PT01230,PR019,Nursing Visit,2026-08-15,Morning,14,Completed
APT000573,PT01418,PR010,Post-Op Care,2026-08-02,Afternoon,11,Completed
APT000574,PT01603,PR016,Post-Op Care,2026-07-02,Evening,10,Completed
APT000575,PT01889,PR005,Post-Op Care,2026-07-27,Evening,9,Completed
APT000576,PT01872,PR015,Vitals Check,2026-08-22,Evening,13,Completed
APT000577,PT00617,PR016,Wound Dressing,2026-07-12,Afternoon,2,Rescheduled
APT000578,PT01989,PR013,Physiotherapy Session,2026-07-02,Morning,1,No-Show
APT000579,PT00532,PR004,Physiotherapy Session,2026-07-28,Afternoon,4,Completed
APT000580,PT01013,PR002,Post-Op Care,2026-07-21,Afternoon,8,Completed
APT000581,PT01303,PR014,Post-Op Care,2026-08-18,Afternoon,10,Completed
APT000582,PT01514,PR010,Nursing Visit,2026-06-25,Afternoon,11,Completed
APT000583,PT01048,PR013,Vitals Check,2026-07-31,Afternoon,0,Completed
APT000584,PT00259,PR015,Nursing Visit,2026-07-31,Morning,10,Completed
APT000585,PT01966,PR016,Diabetic Care Visit,2026-07-18,Afternoon,5,Completed
APT000586,PT00667,PR014,Nursing Visit,2026-06-24,Morning,13,Completed
APT000587,PT00137,PR015,Diabetic Care Visit,2026-07-30,Morning,13,No-Show
APT000588,PT01802,PR017,Nursing Visit,2026-08-04,Evening,9,Completed
APT000589,PT01312,PR012,Vitals Check,2026-07-28,Afternoon,6,Completed
APT000590,PT01277,PR008,Diabetic Care Visit,2026-08-25,Morning,4,Completed
APT000591,PT01402,PR004,Post-Op Care,2026-08-18,Morning,11,Completed
APT000592,PT00758,PR005,Physiotherapy Session,2026-08-29,Morning,11,Completed
APT000593,PT00054,PR014,Physiotherapy Session,2026-07-06,Afternoon,10,Completed
APT000594,PT00742,PR008,Diabetic Care Visit,2026-07-02,Morning,8,Completed
APT000595,PT00870,PR010,Diabetic Care Visit,2026-07-07,Morning,0,Completed
APT000596,PT00206,PR020,Vitals Check,2026-08-27,Evening,12,Completed
APT000597,PT00016,PR002,Wound Dressing,2026-07-16,Evening,5,Completed
APT000598,PT01269,PR019,Post-Op Care,2026-08-17,Afternoon,5,No-Show
APT000599,PT00504,PR019,Nursing Visit,2026-07-19,Afternoon,5,Completed
APT000600,PT01524,PR005,Nursing Visit,2026-07-10,Evening,12,Completed
APT000601,PT00713,PR016,Physiotherapy Session,2026-06-25,Afternoon,2,No-Show
APT000602,PT01886,PR003,Nursing Visit,2026-06-23,Morning,8,Completed
APT000603,PT01860,PR018,Physiotherapy Session,2026-06-12,Morning,3,Completed
APT000604,PT01336,PR004,Vitals Check,2026-08-25,Evening,1,Completed
APT000605,PT00577,PR013,Physiotherapy Session,2026-07-10,Afternoon,14,Completed
APT000606,PT00742,PR013,Nursing Visit,2026-06-11,Evening,14,Rescheduled
APT000607,PT01648,PR008,Diabetic Care Visit,2026-08-28,Evening,1,Completed
APT000608,PT00430,PR010,Physiotherapy Session,2026-06-18,Evening,1,Completed
APT000609,PT01674,PR018,Physiotherapy Session,2026-06-22,Evening,12,Completed
APT000610,PT00052,PR015,Diabetic Care Visit,2026-08-12,Morning,2,Completed
APT000611,PT01631,PR016,Physiotherapy Session,2026-07-05,Evening,5,Cancelled
APT000612,PT00413,PR019,Wound Dressing,2026-07-15,Morning,4,Completed
APT000613,PT01634,PR003,Post-Op Care,2026-06-19,Evening,8,No-Show
APT000614,PT01273,PR014,Post-Op Care,2026-07-28,Afternoon,11,No-Show
APT000615,PT00513,PR011,Physiotherapy Session,2026-06-13,Afternoon,5,Completed
APT000616,PT01591,PR006,Physiotherapy Session,2026-06-10,Morning,6,Completed
APT000617,PT00288,PR001,Wound Dressing,2026-06-25,Evening,6,Completed
APT000618,PT01573,PR003,Wound Dressing,2026-06-28,Evening,0,Completed
APT000619,PT01447,PR007,Post-Op Care,2026-07-02,Evening,2,Rescheduled
APT000620,PT00713,PR016,Post-Op Care,2026-08-12,Evening,0,Cancelled
APT000621,PT01456,PR015,Wound Dressing,2026-06-29,Morning,10,Completed
APT000622,PT01519,PR002,Post-Op Care,2026-07-18,Evening,10,Completed
APT000623,PT00002,PR003,Post-Op Care,2026-08-07,Morning,2,Completed
APT000624,PT01202,PR008,Post-Op Care,2026-08-21,Afternoon,8,Completed
APT000625,PT00840,PR004,Wound Dressing,2026-06-11,Morning,5,Rescheduled
APT000626,PT01558,PR012,Wound Dressing,2026-08-04,Evening,9,Completed
APT000627,PT01363,PR018,Diabetic Care Visit,2026-08-27,Morning,6,Completed
APT000628,PT01598,PR018,Nursing Visit,2026-07-16,Afternoon,1,Completed
APT000629,PT01868,PR002,Nursing Visit,2026-06-07,Evening,3,Cancelled
APT000630,PT01668,PR013,Post-Op Care,2026-06-20,Morning,14,Completed
APT000631,PT00805,PR002,Wound Dressing,2026-08-01,Afternoon,6,Completed
APT000632,PT00070,PR007,Wound Dressing,2026-06-02,Morning,3,No-Show
APT000633,PT01989,PR004,Wound Dressing,2026-07-18,Evening,6,No-Show
APT000634,PT00086,PR013,Diabetic Care Visit,2026-07-26,Afternoon,13,Completed
APT000635,PT00326,PR004,Wound Dressing,2026-08-20,Afternoon,11,Completed
APT000636,PT01796,PR010,Wound Dressing,2026-07-23,Afternoon,11,Completed
APT000637,PT00209,PR010,Post-Op Care,2026-07-12,Evening,14,Completed
APT000638,PT01108,PR010,Diabetic Care Visit,2026-06-28,Evening,5,Completed
APT000639,PT01817,PR017,Physiotherapy Session,2026-06-13,Evening,8,Rescheduled
APT000640,PT00780,PR011,Wound Dressing,2026-07-10,Evening,12,No-Show
APT000641,PT01374,PR002,Vitals Check,2026-08-06,Evening,5,Completed
APT000642,PT01250,PR001,Physiotherapy Session,2026-07-17,Afternoon,4,Completed
APT000643,PT00582,PR018,Post-Op Care,2026-08-08,Afternoon,10,Completed
APT000644,PT00788,PR002,Diabetic Care Visit,2026-07-15,Morning,5,Completed
APT000645,PT01600,PR014,Vitals Check,2026-07-01,Evening,1,Completed
APT000646,PT00712,PR018,Physiotherapy Session,2026-07-10,Morning,6,Completed
APT000647,PT00372,PR012,Diabetic Care Visit,2026-06-19,Evening,5,No-Show
APT000648,PT01280,PR020,Nursing Visit,2026-07-09,Afternoon,5,Completed
APT000649,PT01645,PR011,Diabetic Care Visit,2026-06-25,Afternoon,2,Completed
APT000650,PT01071,PR003,Diabetic Care Visit,2026-07-03,Evening,7,Completed
APT000651,PT01486,PR014,Vitals Check,2026-06-06,Evening,11,Completed
APT000652,PT00865,PR013,Nursing Visit,2026-08-26,Morning,10,Completed
APT000653,PT01492,PR011,Wound Dressing,2026-08-02,Evening,6,Completed
APT000654,PT01830,PR004,Post-Op Care,2026-06-15,Evening,12,No-Show
APT000655,PT01027,PR009,Physiotherapy Session,2026-07-22,Evening,3,Rescheduled
APT000656,PT00316,PR004,Wound Dressing,2026-08-08,Evening,3,Completed
APT000657,PT00750,PR005,Wound Dressing,2026-06-07,Evening,7,Completed
APT000658,PT01138,PR010,Vitals Check,2026-08-26,Morning,5,Completed
APT000659,PT01348,PR011,Nursing Visit,2026-06-26,Evening,12,No-Show
APT000660,PT00955,PR010,Wound Dressing,2026-07-17,Evening,13,Completed
APT000661,PT01829,PR011,Nursing Visit,2026-06-19,Evening,13,Completed
APT000662,PT00858,PR002,Post-Op Care,2026-07-19,Morning,14,Completed
APT000663,PT00877,PR010,Wound Dressing,2026-07-21,Afternoon,7,Cancelled
APT000664,PT00977,PR010,Diabetic Care Visit,2026-07-06,Afternoon,14,Completed
APT000665,PT00226,PR012,Nursing Visit,2026-07-19,Afternoon,3,Completed
APT000666,PT01896,PR008,Vitals Check,2026-08-05,Afternoon,12,Completed
APT000667,PT00057,PR002,Nursing Visit,2026-07-04,Evening,8,Completed
APT000668,PT00552,PR016,Vitals Check,2026-06-22,Evening,3,No-Show
APT000669,PT00708,PR008,Vitals Check,2026-08-01,Morning,11,Completed
APT000670,PT01787,PR004,Post-Op Care,2026-08-21,Afternoon,2,No-Show
APT000671,PT00938,PR017,Nursing Visit,2026-06-07,Evening,4,Completed
APT000672,PT00616,PR013,Wound Dressing,2026-07-25,Afternoon,4,Rescheduled
APT000673,PT01546,PR002,Diabetic Care Visit,2026-07-20,Afternoon,12,Completed
APT000674,PT00370,PR019,Post-Op Care,2026-06-09,Evening,13,No-Show
APT000675,PT00672,PR011,Wound Dressing,2026-08-16,Morning,10,Completed
APT000676,PT00010,PR004,Diabetic Care Visit,2026-06-23,Morning,6,No-Show
APT000677,PT01981,PR010,Post-Op Care,2026-08-09,Morning,12,Completed
APT000678,PT00679,PR018,Physiotherapy Session,2026-08-13,Morning,12,No-Show
APT000679,PT00125,PR011,Diabetic Care Visit,2026-06-20,Evening,3,Completed
APT000680,PT01437,PR013,Vitals Check,2026-06-02,Morning,5,Completed
APT000681,PT01478,PR015,Nursing Visit,2026-06-10,Morning,4,No-Show
APT000682,PT01380,PR012,Post-Op Care,2026-08-21,Evening,8,Completed
APT000683,PT00185,PR004,Diabetic Care Visit,2026-07-20,Afternoon,3,Completed
APT000684,PT00174,PR010,Diabetic Care Visit,2026-07-01,Morning,3,Completed
APT000685,PT00827,PR008,Post-Op Care,2026-07-04,Afternoon,1,Completed
APT000686,PT01900,PR004,Wound Dressing,2026-06-15,Evening,1,Completed
APT000687,PT01032,PR004,Wound Dressing,2026-06-14,Morning,0,Completed
APT000688,PT01133,PR014,Diabetic Care Visit,2026-07-30,Morning,8,Rescheduled
APT000689,PT01316,PR014,Wound Dressing,2026-07-05,Evening,0,Completed
APT000690,PT01332,PR008,Physiotherapy Session,2026-07-24,Morning,13,Completed
APT000691,PT00193,PR004,Vitals Check,2026-08-06,Morning,14,Cancelled
APT000692,PT01084,PR013,Vitals Check,2026-07-18,Afternoon,0,Completed
APT000693,PT00204,PR016,Diabetic Care Visit,2026-07-01,Afternoon,1,Completed
APT000694,PT00773,PR002,Physiotherapy Session,2026-06-21,Morning,3,No-Show
APT000695,PT01835,PR004,Post-Op Care,2026-07-19,Evening,4,No-Show
APT000696,PT01539,PR010,Nursing Visit,2026-06-12,Morning,8,Completed
APT000697,PT00679,PR020,Nursing Visit,2026-08-11,Afternoon,4,Completed
APT000698,PT01974,PR003,Nursing Visit,2026-07-03,Morning,5,Completed
APT000699,PT01238,PR019,Diabetic Care Visit,2026-07-25,Evening,8,Completed
APT000700,PT00460,PR002,Diabetic Care Visit,2026-07-02,Morning,14,No-Show
APT000701,PT00956,PR009,Post-Op Care,2026-06-27,Evening,12,Completed
APT000702,PT00397,PR014,Diabetic Care Visit,2026-08-12,Afternoon,12,Completed
APT000703,PT01230,PR001,Wound Dressing,2026-06-03,Afternoon,1,Completed
APT000704,PT00038,PR002,Vitals Check,2026-08-27,Morning,11,No-Show
APT000705,PT01580,PR004,Physiotherapy Session,2026-08-24,Evening,1,Rescheduled
APT000706,PT01699,PR011,Wound Dressing,2026-06-13,Afternoon,2,Completed
APT000707,PT00145,PR008,Physiotherapy Session,2026-08-08,Afternoon,4,Completed
APT000708,PT00520,PR009,Wound Dressing,2026-08-08,Evening,10,No-Show
APT000709,PT00740,PR019,Wound Dressing,2026-07-14,Evening,11,No-Show
APT000710,PT00057,PR002,Post-Op Care,2026-07-15,Morning,9,Completed
APT000711,PT01951,PR010,Diabetic Care Visit,2026-08-14,Afternoon,8,Completed
APT000712,PT00306,PR011,Physiotherapy Session,2026-07-25,Morning,12,Cancelled
APT000713,PT00840,PR008,Physiotherapy Session,2026-07-09,Evening,13,Cancelled
APT000714,PT01558,PR011,Vitals Check,2026-08-06,Evening,3,Completed
APT000715,PT01835,PR008,Physiotherapy Session,2026-08-01,Morning,14,Completed
APT000716,PT00785,PR020,Vitals Check,2026-07-30,Evening,7,Completed
APT000717,PT00584,PR020,Physiotherapy Session,2026-08-26,Evening,0,Completed
APT000718,PT01008,PR003,Vitals Check,2026-08-20,Morning,11,Completed
APT000719,PT00773,PR002,Wound Dressing,2026-07-22,Afternoon,11,Cancelled
APT000720,PT01543,PR001,Physiotherapy Session,2026-07-05,Evening,0,No-Show
APT000721,PT00154,PR014,Diabetic Care Visit,2026-08-02,Afternoon,6,Completed
APT000722,PT01890,PR007,Diabetic Care Visit,2026-07-28,Afternoon,2,Completed
APT000723,PT01187,PR004,Physiotherapy Session,2026-07-16,Morning,13,No-Show
APT000724,PT01910,PR004,Nursing Visit,2026-07-22,Afternoon,0,Completed
APT000725,PT01104,PR015,Vitals Check,2026-07-29,Afternoon,1,Rescheduled
APT000726,PT01911,PR010,Diabetic Care Visit,2026-07-11,Afternoon,10,Completed
APT000727,PT01876,PR002,Post-Op Care,2026-07-26,Afternoon,5,Completed
APT000728,PT00546,PR020,Wound Dressing,2026-06-24,Evening,5,Completed
APT000729,PT00202,PR006,Diabetic Care Visit,2026-07-02,Morning,14,Cancelled
APT000730,PT00781,PR010,Vitals Check,2026-07-03,Morning,10,Completed
APT000731,PT00371,PR005,Wound Dressing,2026-06-17,Afternoon,1,No-Show
APT000732,PT00372,PR012,Nursing Visit,2026-08-22,Evening,10,Completed
APT000733,PT00382,PR015,Nursing Visit,2026-06-30,Evening,12,Completed
APT000734,PT01899,PR010,Wound Dressing,2026-06-03,Afternoon,11,Completed
APT000735,PT00282,PR008,Vitals Check,2026-08-28,Afternoon,13,Completed
APT000736,PT01925,PR016,Post-Op Care,2026-06-16,Evening,6,Completed
APT000737,PT00846,PR002,Physiotherapy Session,2026-06-02,Morning,7,No-Show
APT000738,PT01505,PR008,Nursing Visit,2026-07-29,Morning,4,Completed
APT000739,PT00078,PR017,Diabetic Care Visit,2026-06-05,Morning,0,Completed
APT000740,PT00763,PR016,Post-Op Care,2026-08-24,Morning,6,No-Show
APT000741,PT01512,PR004,Post-Op Care,2026-07-15,Evening,0,Completed
APT000742,PT00373,PR013,Diabetic Care Visit,2026-08-02,Morning,13,Completed
APT000743,PT01206,PR002,Diabetic Care Visit,2026-07-16,Afternoon,4,Completed
APT000744,PT00529,PR003,Diabetic Care Visit,2026-07-22,Evening,7,Completed
APT000745,PT00743,PR020,Wound Dressing,2026-08-10,Morning,6,Completed
APT000746,PT00951,PR013,Vitals Check,2026-08-05,Evening,6,Completed
APT000747,PT01945,PR002,Physiotherapy Session,2026-08-04,Morning,14,Completed
APT000748,PT01980,PR010,Vitals Check,2026-08-01,Afternoon,12,No-Show
APT000749,PT00279,PR013,Nursing Visit,2026-06-21,Afternoon,1,Completed
APT000750,PT00977,PR010,Nursing Visit,2026-07-14,Afternoon,0,Completed
APT000751,PT01665,PR019,Vitals Check,2026-08-15,Evening,13,Completed
APT000752,PT01391,PR002,Physiotherapy Session,2026-08-25,Morning,0,Completed
APT000753,PT00535,PR003,Diabetic Care Visit,2026-08-02,Evening,11,Completed
APT000754,PT01360,PR019,Vitals Check,2026-07-19,Morning,2,Cancelled
APT000755,PT00967,PR016,Nursing Visit,2026-07-30,Afternoon,13,Completed
APT000756,PT01388,PR003,Post-Op Care,2026-07-04,Morning,14,Completed
APT000757,PT01287,PR010,Physiotherapy Session,2026-07-06,Afternoon,10,Completed
APT000758,PT00785,PR014,Physiotherapy Session,2026-06-20,Morning,2,Completed
APT000759,PT01018,PR011,Diabetic Care Visit,2026-06-29,Morning,13,Completed
APT000760,PT01704,PR010,Nursing Visit,2026-06-01,Afternoon,1,Completed
APT000761,PT01510,PR019,Post-Op Care,2026-06-17,Evening,5,Completed
APT000762,PT00776,PR002,Post-Op Care,2026-06-06,Morning,4,Completed
APT000763,PT01609,PR003,Wound Dressing,2026-07-10,Morning,5,Cancelled
APT000764,PT01485,PR013,Post-Op Care,2026-06-01,Afternoon,4,Completed
APT000765,PT00990,PR016,Nursing Visit,2026-06-13,Afternoon,10,Completed
APT000766,PT00658,PR008,Post-Op Care,2026-07-31,Morning,12,Completed
APT000767,PT00632,PR008,Post-Op Care,2026-08-19,Evening,9,Completed
APT000768,PT00728,PR004,Wound Dressing,2026-06-01,Afternoon,0,Completed
APT000769,PT00211,PR002,Nursing Visit,2026-06-11,Morning,8,Cancelled
APT000770,PT01188,PR014,Diabetic Care Visit,2026-08-06,Afternoon,7,Cancelled
APT000771,PT01452,PR007,Vitals Check,2026-08-05,Afternoon,8,Completed
APT000772,PT00534,PR013,Nursing Visit,2026-08-01,Afternoon,9,Completed
APT000773,PT00336,PR001,Nursing Visit,2026-07-27,Morning,9,No-Show
APT000774,PT00894,PR020,Wound Dressing,2026-07-25,Afternoon,4,Completed
APT000775,PT01024,PR012,Diabetic Care Visit,2026-06-30,Evening,1,Completed
APT000776,PT01435,PR006,Nursing Visit,2026-07-20,Evening,6,Cancelled
APT000777,PT01150,PR009,Vitals Check,2026-07-01,Morning,7,Completed
APT000778,PT00521,PR010,Physiotherapy Session,2026-08-07,Afternoon,13,Completed
APT000779,PT01419,PR008,Wound Dressing,2026-08-24,Morning,4,Completed
APT000780,PT01538,PR008,Vitals Check,2026-07-27,Morning,6,Completed
APT000781,PT01246,PR020,Vitals Check,2026-06-17,Morning,14,Completed
APT000782,PT01937,PR014,Vitals Check,2026-07-21,Afternoon,6,Completed
APT000783,PT01539,PR002,Post-Op Care,2026-07-03,Evening,2,No-Show
APT000784,PT01989,PR013,Wound Dressing,2026-06-20,Afternoon,5,Completed
APT000785,PT00274,PR015,Wound Dressing,2026-07-25,Morning,6,Completed
APT000786,PT01593,PR017,Post-Op Care,2026-06-11,Morning,1,Completed
APT000787,PT00973,PR009,Wound Dressing,2026-06-17,Morning,10,Completed
APT000788,PT01755,PR008,Wound Dressing,2026-08-20,Morning,10,Completed
APT000789,PT01945,PR002,Diabetic Care Visit,2026-08-07,Evening,6,Rescheduled
APT000790,PT00057,PR002,Physiotherapy Session,2026-06-25,Afternoon,4,Completed
APT000791,PT00044,PR012,Physiotherapy Session,2026-06-19,Morning,12,Completed
APT000792,PT01532,PR004,Physiotherapy Session,2026-07-30,Evening,4,Completed
APT000793,PT00470,PR020,Physiotherapy Session,2026-07-24,Afternoon,4,Completed
APT000794,PT01056,PR017,Vitals Check,2026-06-15,Morning,1,Cancelled
APT000795,PT00224,PR008,Diabetic Care Visit,2026-07-11,Evening,5,Completed
APT000796,PT01996,PR010,Nursing Visit,2026-08-07,Afternoon,14,Completed
APT000797,PT00576,PR008,Diabetic Care Visit,2026-06-22,Morning,6,Completed
APT000798,PT01602,PR010,Physiotherapy Session,2026-07-15,Evening,9,Completed
APT000799,PT01541,PR010,Physiotherapy Session,2026-08-02,Evening,5,Completed
APT000800,PT01026,PR010,Diabetic Care Visit,2026-06-02,Morning,11,Completed
APT000801,PT00066,PR002,Post-Op Care,2026-08-09,Morning,5,Completed
APT000802,PT00391,PR007,Physiotherapy Session,2026-08-21,Evening,2,Completed
APT000803,PT01272,PR006,Wound Dressing,2026-06-11,Morning,10,Completed
APT000804,PT00492,PR002,Wound Dressing,2026-07-31,Morning,0,No-Show
APT000805,PT01288,PR010,Wound Dressing,2026-06-27,Evening,6,Completed
APT000806,PT00954,PR001,Diabetic Care Visit,2026-06-05,Evening,1,Completed
APT000807,PT01110,PR002,Post-Op Care,2026-07-28,Morning,2,Completed
APT000808,PT01495,PR002,Nursing Visit,2026-07-26,Evening,2,Completed
APT000809,PT00534,PR004,Wound Dressing,2026-07-25,Afternoon,9,Completed
APT000810,PT00983,PR008,Diabetic Care Visit,2026-08-14,Afternoon,0,No-Show
APT000811,PT01503,PR010,Wound Dressing,2026-08-28,Morning,8,Cancelled
APT000812,PT00258,PR013,Diabetic Care Visit,2026-06-25,Morning,5,Completed
APT000813,PT01203,PR010,Diabetic Care Visit,2026-08-21,Afternoon,3,No-Show
APT000814,PT01304,PR018,Nursing Visit,2026-06-23,Afternoon,11,Cancelled
APT000815,PT00441,PR008,Nursing Visit,2026-07-28,Evening,8,No-Show
APT000816,PT01376,PR020,Post-Op Care,2026-06-03,Morning,0,Completed
APT000817,PT01131,PR003,Physiotherapy Session,2026-08-09,Afternoon,1,Completed
APT000818,PT01721,PR014,Vitals Check,2026-08-16,Morning,0,Completed
APT000819,PT00318,PR005,Wound Dressing,2026-07-28,Evening,12,Cancelled
APT000820,PT01007,PR001,Nursing Visit,2026-08-10,Evening,14,Rescheduled
APT000821,PT00896,PR005,Vitals Check,2026-06-24,Morning,12,Completed
APT000822,PT00380,PR019,Diabetic Care Visit,2026-08-21,Evening,14,No-Show
APT000823,PT00684,PR008,Diabetic Care Visit,2026-06-14,Evening,1,Completed
APT000824,PT01234,PR002,Physiotherapy Session,2026-08-21,Afternoon,11,Completed
APT000825,PT01571,PR017,Physiotherapy Session,2026-07-21,Evening,10,Cancelled
APT000826,PT00991,PR013,Vitals Check,2026-07-02,Morning,11,Completed
APT000827,PT01971,PR007,Wound Dressing,2026-07-06,Afternoon,7,No-Show
APT000828,PT00326,PR008,Wound Dressing,2026-08-21,Afternoon,4,Completed
APT000829,PT01707,PR016,Physiotherapy Session,2026-06-04,Evening,4,Completed
APT000830,PT01901,PR003,Wound Dressing,2026-07-30,Evening,11,Completed
APT000831,PT00141,PR009,Nursing Visit,2026-08-01,Evening,4,Cancelled
APT000832,PT01705,PR016,Wound Dressing,2026-07-30,Afternoon,1,Completed
APT000833,PT00522,PR010,Wound Dressing,2026-07-07,Morning,3,Completed
APT000834,PT01889,PR005,Diabetic Care Visit,2026-08-27,Afternoon,5,Completed
APT000835,PT00710,PR010,Post-Op Care,2026-08-02,Morning,4,Completed
APT000836,PT00083,PR002,Wound Dressing,2026-07-23,Morning,7,Completed
APT000837,PT00983,PR004,Diabetic Care Visit,2026-06-21,Morning,8,Rescheduled
APT000838,PT01929,PR008,Physiotherapy Session,2026-06-14,Morning,2,Completed
APT000839,PT00954,PR016,Wound Dressing,2026-07-08,Afternoon,6,Completed
APT000840,PT00802,PR003,Vitals Check,2026-06-17,Afternoon,3,Rescheduled
APT000841,PT01766,PR007,Post-Op Care,2026-06-28,Morning,10,Completed
APT000842,PT00727,PR016,Post-Op Care,2026-06-05,Morning,8,Cancelled
APT000843,PT00418,PR002,Vitals Check,2026-08-12,Afternoon,5,Completed
APT000844,PT00059,PR013,Physiotherapy Session,2026-06-09,Afternoon,10,Completed
APT000845,PT00985,PR005,Physiotherapy Session,2026-06-10,Evening,10,Completed
APT000846,PT00376,PR017,Nursing Visit,2026-07-19,Evening,9,Cancelled
APT000847,PT01354,PR002,Wound Dressing,2026-08-23,Afternoon,7,Completed
APT000848,PT01025,PR005,Nursing Visit,2026-06-20,Morning,11,Completed
APT000849,PT00926,PR013,Post-Op Care,2026-08-14,Afternoon,2,Completed
APT000850,PT00911,PR012,Vitals Check,2026-07-17,Afternoon,3,Completed
APT000851,PT01143,PR004,Physiotherapy Session,2026-07-26,Morning,2,Completed
APT000852,PT01058,PR002,Diabetic Care Visit,2026-08-16,Morning,8,Completed
APT000853,PT01631,PR019,Nursing Visit,2026-07-25,Morning,5,Completed
APT000854,PT01712,PR016,Nursing Visit,2026-07-19,Afternoon,7,Completed
APT000855,PT00642,PR014,Post-Op Care,2026-08-26,Evening,4,No-Show
APT000856,PT01349,PR007,Nursing Visit,2026-08-11,Morning,8,No-Show
APT000857,PT01202,PR004,Nursing Visit,2026-07-17,Morning,0,Completed
APT000858,PT00149,PR014,Post-Op Care,2026-06-29,Morning,6,Completed
APT000859,PT01119,PR011,Post-Op Care,2026-08-25,Morning,5,Completed
APT000860,PT01691,PR016,Nursing Visit,2026-06-07,Morning,7,Completed
APT000861,PT01142,PR006,Nursing Visit,2026-08-27,Evening,3,No-Show
APT000862,PT01595,PR010,Diabetic Care Visit,2026-07-17,Evening,12,Rescheduled
APT000863,PT01679,PR012,Wound Dressing,2026-08-16,Afternoon,5,Completed
APT000864,PT01936,PR007,Wound Dressing,2026-08-25,Evening,2,Cancelled
APT000865,PT01164,PR010,Physiotherapy Session,2026-06-06,Evening,13,Completed
APT000866,PT01175,PR010,Post-Op Care,2026-07-21,Evening,9,Rescheduled
APT000867,PT00244,PR008,Diabetic Care Visit,2026-07-09,Evening,10,Completed
APT000868,PT00120,PR006,Vitals Check,2026-07-14,Evening,6,Completed
APT000869,PT01372,PR009,Vitals Check,2026-06-27,Morning,4,Completed
APT000870,PT00301,PR001,Nursing Visit,2026-06-12,Evening,0,Completed
APT000871,PT01549,PR017,Wound Dressing,2026-08-25,Evening,5,No-Show
APT000872,PT00297,PR013,Diabetic Care Visit,2026-08-25,Morning,0,Completed
APT000873,PT00632,PR004,Wound Dressing,2026-07-15,Evening,7,Rescheduled
APT000874,PT00337,PR003,Wound Dressing,2026-07-07,Afternoon,10,Completed
APT000875,PT00272,PR008,Wound Dressing,2026-08-10,Afternoon,10,Cancelled
APT000876,PT00356,PR020,Post-Op Care,2026-06-24,Afternoon,7,Completed
APT000877,PT01086,PR017,Post-Op Care,2026-08-09,Evening,7,No-Show
APT000878,PT01569,PR005,Wound Dressing,2026-08-14,Evening,3,No-Show
APT000879,PT00443,PR013,Wound Dressing,2026-07-29,Afternoon,10,Completed
APT000880,PT00433,PR015,Diabetic Care Visit,2026-08-07,Afternoon,12,Completed
APT000881,PT01788,PR002,Nursing Visit,2026-08-29,Morning,13,Completed
APT000882,PT01788,PR002,Vitals Check,2026-07-28,Evening,14,Cancelled
APT000883,PT01661,PR010,Wound Dressing,2026-06-09,Evening,6,Rescheduled
APT000884,PT01439,PR002,Nursing Visit,2026-08-02,Evening,13,Completed
APT000885,PT00203,PR008,Vitals Check,2026-08-29,Afternoon,5,Completed
APT000886,PT00194,PR020,Physiotherapy Session,2026-06-04,Morning,10,Cancelled
APT000887,PT01600,PR014,Post-Op Care,2026-07-20,Evening,14,Rescheduled
APT000888,PT01761,PR010,Diabetic Care Visit,2026-07-28,Morning,5,Completed
APT000889,PT01935,PR002,Wound Dressing,2026-06-03,Morning,13,Completed
APT000890,PT01395,PR008,Physiotherapy Session,2026-06-18,Afternoon,8,Rescheduled
APT000891,PT00067,PR013,Physiotherapy Session,2026-07-02,Morning,0,Completed
APT000892,PT00213,PR013,Diabetic Care Visit,2026-06-01,Afternoon,2,Rescheduled
APT000893,PT01276,PR012,Vitals Check,2026-07-14,Afternoon,2,Completed
APT000894,PT01128,PR006,Physiotherapy Session,2026-06-08,Morning,12,Completed
APT000895,PT00668,PR002,Diabetic Care Visit,2026-06-20,Afternoon,5,Completed
APT000896,PT01143,PR013,Nursing Visit,2026-06-05,Afternoon,1,Completed
APT000897,PT01396,PR010,Diabetic Care Visit,2026-07-14,Afternoon,9,Completed
APT000898,PT01989,PR004,Physiotherapy Session,2026-06-27,Morning,11,Completed
APT000899,PT01654,PR016,Post-Op Care,2026-06-21,Morning,10,Completed
APT000900,PT00770,PR006,Physiotherapy Session,2026-06-08,Morning,2,Completed
APT000901,PT01719,PR001,Post-Op Care,2026-07-01,Evening,8,Cancelled
APT000902,PT01400,PR001,Physiotherapy Session,2026-06-15,Afternoon,13,Completed
APT000903,PT01050,PR014,Diabetic Care Visit,2026-08-17,Afternoon,10,Completed
APT000904,PT01303,PR014,Wound Dressing,2026-08-12,Afternoon,9,No-Show
APT000905,PT01135,PR001,Nursing Visit,2026-07-09,Evening,5,No-Show
APT000906,PT00356,PR011,Nursing Visit,2026-07-29,Evening,12,Cancelled
APT000907,PT00722,PR013,Diabetic Care Visit,2026-07-08,Afternoon,2,Completed
APT000908,PT01249,PR012,Physiotherapy Session,2026-06-04,Evening,11,Completed
APT000909,PT01776,PR012,Wound Dressing,2026-06-23,Evening,14,Completed
APT000910,PT00575,PR008,Post-Op Care,2026-08-22,Morning,9,Completed
APT000911,PT01845,PR012,Wound Dressing,2026-07-16,Afternoon,9,Completed
APT000912,PT00386,PR005,Nursing Visit,2026-06-20,Afternoon,4,Completed
APT000913,PT00598,PR015,Physiotherapy Session,2026-06-30,Afternoon,12,No-Show
APT000914,PT01047,PR006,Physiotherapy Session,2026-07-30,Afternoon,8,Completed
APT000915,PT00291,PR015,Nursing Visit,2026-08-15,Afternoon,8,Completed
APT000916,PT01842,PR003,Nursing Visit,2026-08-14,Afternoon,10,No-Show
APT000917,PT01691,PR019,Vitals Check,2026-08-15,Morning,8,Completed
APT000918,PT01135,PR005,Wound Dressing,2026-06-30,Afternoon,14,No-Show
APT000919,PT01251,PR001,Nursing Visit,2026-06-02,Evening,3,No-Show
APT000920,PT00703,PR004,Physiotherapy Session,2026-07-12,Morning,1,Completed
APT000921,PT00707,PR019,Diabetic Care Visit,2026-07-31,Afternoon,5,Completed
APT000922,PT00606,PR002,Vitals Check,2026-07-19,Evening,3,Completed
APT000923,PT01870,PR003,Diabetic Care Visit,2026-06-12,Evening,13,No-Show
APT000924,PT00556,PR019,Vitals Check,2026-08-18,Afternoon,13,Completed
APT000925,PT01512,PR008,Physiotherapy Session,2026-07-21,Evening,9,Completed
APT000926,PT01353,PR011,Post-Op Care,2026-06-04,Evening,7,Completed
APT000927,PT00746,PR020,Vitals Check,2026-08-28,Evening,8,Cancelled
APT000928,PT01392,PR012,Nursing Visit,2026-08-27,Afternoon,8,Completed
APT000929,PT00390,PR006,Physiotherapy Session,2026-07-25,Afternoon,8,Completed
APT000930,PT00639,PR002,Wound Dressing,2026-06-05,Afternoon,11,Completed
APT000931,PT01335,PR018,Physiotherapy Session,2026-08-01,Evening,4,Completed
APT000932,PT00435,PR020,Nursing Visit,2026-07-27,Afternoon,6,Completed
APT000933,PT01854,PR015,Diabetic Care Visit,2026-07-03,Morning,5,Completed
APT000934,PT00586,PR016,Wound Dressing,2026-06-10,Morning,8,Completed
APT000935,PT01248,PR004,Physiotherapy Session,2026-07-19,Evening,12,Completed
APT000936,PT00899,PR020,Nursing Visit,2026-07-16,Evening,6,Cancelled
APT000937,PT01559,PR016,Post-Op Care,2026-08-22,Morning,2,Completed
APT000938,PT01967,PR004,Post-Op Care,2026-07-20,Evening,3,Completed
APT000939,PT01417,PR003,Physiotherapy Session,2026-07-23,Evening,14,No-Show
APT000940,PT01438,PR014,Physiotherapy Session,2026-06-25,Evening,7,Completed
APT000941,PT00791,PR017,Wound Dressing,2026-07-13,Evening,1,Completed
APT000942,PT01181,PR012,Diabetic Care Visit,2026-07-31,Afternoon,2,No-Show
APT000943,PT01638,PR016,Wound Dressing,2026-06-27,Afternoon,4,Completed
APT000944,PT00843,PR002,Diabetic Care Visit,2026-07-23,Evening,3,Completed
APT000945,PT01421,PR004,Vitals Check,2026-06-17,Evening,11,Cancelled
APT000946,PT00090,PR010,Physiotherapy Session,2026-08-12,Afternoon,8,Completed
APT000947,PT00843,PR010,Vitals Check,2026-06-20,Evening,3,Completed
APT000948,PT01349,PR003,Wound Dressing,2026-08-24,Morning,0,Cancelled
APT000949,PT00256,PR004,Post-Op Care,2026-07-14,Evening,8,Completed
APT000950,PT00084,PR013,Diabetic Care Visit,2026-08-06,Evening,4,No-Show
APT000951,PT01054,PR001,Nursing Visit,2026-06-10,Afternoon,14,Completed
APT000952,PT00151,PR010,Physiotherapy Session,2026-07-17,Afternoon,2,Completed
APT000953,PT01338,PR007,Post-Op Care,2026-06-24,Morning,7,Completed
APT000954,PT00204,PR016,Wound Dressing,2026-08-11,Evening,14,Completed
APT000955,PT00211,PR002,Nursing Visit,2026-08-10,Morning,12,Completed
APT000956,PT00520,PR017,Diabetic Care Visit,2026-08-22,Afternoon,7,Completed
APT000957,PT01893,PR001,Diabetic Care Visit,2026-06-02,Morning,10,Completed
APT000958,PT01877,PR013,Diabetic Care Visit,2026-07-26,Evening,3,Completed
APT000959,PT00374,PR009,Physiotherapy Session,2026-08-02,Evening,4,Completed
APT000960,PT01750,PR014,Diabetic Care Visit,2026-07-14,Afternoon,5,Completed
APT000961,PT00626,PR009,Wound Dressing,2026-08-01,Evening,5,No-Show
APT000962,PT01551,PR004,Wound Dressing,2026-06-08,Morning,2,Completed
APT000963,PT01999,PR008,Physiotherapy Session,2026-06-06,Evening,6,Completed
APT000964,PT01252,PR018,Diabetic Care Visit,2026-08-01,Afternoon,1,Completed
APT000965,PT00517,PR002,Wound Dressing,2026-08-03,Afternoon,3,Completed
APT000966,PT01981,PR002,Diabetic Care Visit,2026-07-30,Morning,14,Completed
APT000967,PT00137,PR005,Nursing Visit,2026-06-30,Evening,7,Completed
APT000968,PT00598,PR016,Nursing Visit,2026-06-02,Afternoon,3,Completed
APT000969,PT01407,PR010,Vitals Check,2026-07-17,Afternoon,10,Completed
APT000970,PT00740,PR016,Wound Dressing,2026-06-29,Afternoon,1,Completed
APT000971,PT00722,PR008,Vitals Check,2026-07-16,Afternoon,4,No-Show
APT000972,PT01998,PR006,Diabetic Care Visit,2026-07-30,Evening,10,Completed
APT000973,PT00495,PR007,Post-Op Care,2026-06-17,Evening,8,No-Show
APT000974,PT00064,PR012,Vitals Check,2026-06-22,Morning,9,Completed
APT000975,PT00379,PR015,Vitals Check,2026-06-02,Afternoon,6,Completed
APT000976,PT01033,PR016,Post-Op Care,2026-06-29,Afternoon,7,Completed
APT000977,PT00807,PR006,Wound Dressing,2026-07-10,Morning,13,No-Show
APT000978,PT00585,PR013,Post-Op Care,2026-07-27,Afternoon,3,No-Show
APT000979,PT00829,PR007,Nursing Visit,2026-07-07,Afternoon,5,Rescheduled
APT000980,PT00071,PR005,Physiotherapy Session,2026-07-30,Morning,6,Completed
APT000981,PT00463,PR002,Vitals Check,2026-07-07,Evening,7,Completed
APT000982,PT00991,PR013,Wound Dressing,2026-06-03,Evening,7,No-Show
APT000983,PT01600,PR014,Post-Op Care,2026-08-20,Afternoon,1,No-Show
APT000984,PT00482,PR009,Wound Dressing,2026-06-13,Afternoon,4,Completed
APT000985,PT00218,PR003,Vitals Check,2026-07-07,Afternoon,12,Completed
APT000986,PT01849,PR015,Nursing Visit,2026-06-17,Evening,9,Completed
APT000987,PT01370,PR008,Physiotherapy Session,2026-07-28,Afternoon,1,Completed
APT000988,PT00121,PR020,Diabetic Care Visit,2026-07-22,Evening,5,Cancelled
APT000989,PT00694,PR002,Nursing Visit,2026-07-09,Morning,5,Completed
APT000990,PT00187,PR004,Wound Dressing,2026-08-06,Evening,0,Completed
APT000991,PT01241,PR018,Physiotherapy Session,2026-08-14,Morning,10,No-Show
APT000992,PT01821,PR008,Nursing Visit,2026-07-15,Evening,12,Completed
APT000993,PT00172,PR015,Post-Op Care,2026-06-16,Afternoon,8,Rescheduled
APT000994,PT00820,PR011,Post-Op Care,2026-06-04,Morning,9,Rescheduled
APT000995,PT00251,PR013,Nursing Visit,2026-06-12,Afternoon,8,Completed
APT000996,PT00560,PR016,Nursing Visit,2026-08-20,Evening,5,No-Show
APT000997,PT00529,PR017,Nursing Visit,2026-07-23,Evening,7,Completed
APT000998,PT01795,PR002,Diabetic Care Visit,2026-08-11,Evening,12,No-Show
APT000999,PT00749,PR010,Wound Dressing,2026-06-21,Morning,0,Completed
APT001000,PT01256,PR002,Vitals Check,2026-07-31,Afternoon,5,No-Show
APT001001,PT01959,PR004,Wound Dressing,2026-06-05,Evening,3,Completed
APT001002,PT00784,PR008,Diabetic Care Visit,2026-08-26,Morning,2,No-Show
APT001003,PT01726,PR002,Vitals Check,2026-06-26,Morning,2,Completed
APT001004,PT01036,PR017,Nursing Visit,2026-08-24,Evening,8,Completed
APT001005,PT01611,PR004,Wound Dressing,2026-08-13,Afternoon,13,Completed
APT001006,PT01120,PR002,Post-Op Care,2026-08-06,Morning,6,Completed
APT001007,PT00681,PR018,Wound Dressing,2026-06-06,Evening,11,Completed
APT001008,PT01158,PR020,Nursing Visit,2026-07-12,Afternoon,4,Completed
APT001009,PT01309,PR011,Post-Op Care,2026-07-23,Morning,11,Rescheduled
APT001010,PT01622,PR017,Wound Dressing,2026-07-15,Evening,10,Completed
APT001011,PT00794,PR019,Physiotherapy Session,2026-07-16,Afternoon,14,Completed
APT001012,PT00175,PR017,Vitals Check,2026-07-15,Morning,0,Completed
APT001013,PT00383,PR016,Vitals Check,2026-06-17,Evening,12,No-Show
APT001014,PT01553,PR020,Diabetic Care Visit,2026-06-17,Afternoon,12,Completed
APT001015,PT01201,PR013,Vitals Check,2026-06-06,Morning,6,Completed
APT001016,PT00858,PR002,Nursing Visit,2026-07-06,Morning,3,Completed
APT001017,PT00441,PR004,Diabetic Care Visit,2026-07-17,Morning,5,Completed
APT001018,PT01867,PR002,Post-Op Care,2026-08-05,Afternoon,5,Completed
APT001019,PT00039,PR019,Diabetic Care Visit,2026-06-11,Morning,14,Cancelled
APT001020,PT01283,PR004,Vitals Check,2026-07-04,Evening,14,Completed
APT001021,PT01740,PR010,Physiotherapy Session,2026-06-06,Morning,1,Completed
APT001022,PT00172,PR019,Vitals Check,2026-07-20,Morning,13,Completed
APT001023,PT01726,PR010,Wound Dressing,2026-07-17,Evening,7,Completed
APT001024,PT00508,PR013,Vitals Check,2026-07-09,Evening,8,Completed
APT001025,PT01213,PR019,Physiotherapy Session,2026-08-26,Evening,12,No-Show
APT001026,PT00727,PR016,Physiotherapy Session,2026-07-21,Afternoon,6,No-Show
APT001027,PT00728,PR008,Vitals Check,2026-08-29,Evening,7,No-Show
APT001028,PT00262,PR010,Wound Dressing,2026-06-18,Afternoon,2,Completed
APT001029,PT00707,PR015,Wound Dressing,2026-06-29,Morning,10,Completed
APT001030,PT00909,PR007,Post-Op Care,2026-07-16,Evening,7,Rescheduled
APT001031,PT00256,PR004,Post-Op Care,2026-08-27,Afternoon,3,Completed
APT001032,PT01602,PR010,Diabetic Care Visit,2026-08-18,Afternoon,0,Completed
APT001033,PT00924,PR013,Diabetic Care Visit,2026-08-09,Evening,5,Rescheduled
APT001034,PT00958,PR019,Physiotherapy Session,2026-08-15,Morning,7,Completed
APT001035,PT00701,PR013,Post-Op Care,2026-06-06,Morning,3,Completed
APT001036,PT00042,PR008,Diabetic Care Visit,2026-07-28,Morning,10,Completed
APT001037,PT00523,PR009,Nursing Visit,2026-08-11,Afternoon,4,Completed
APT001038,PT00945,PR013,Physiotherapy Session,2026-06-18,Morning,13,No-Show
APT001039,PT00292,PR003,Physiotherapy Session,2026-08-14,Morning,13,Completed
APT001040,PT01982,PR018,Nursing Visit,2026-06-18,Afternoon,4,No-Show
APT001041,PT01687,PR020,Diabetic Care Visit,2026-07-26,Evening,2,Cancelled
APT001042,PT00750,PR019,Physiotherapy Session,2026-07-16,Morning,1,Completed
APT001043,PT01383,PR003,Nursing Visit,2026-06-15,Evening,10,Cancelled
APT001044,PT01423,PR013,Physiotherapy Session,2026-06-12,Afternoon,12,Completed
APT001045,PT01641,PR020,Wound Dressing,2026-06-13,Morning,11,Completed
APT001046,PT01487,PR014,Nursing Visit,2026-06-22,Morning,9,Completed
APT001047,PT01288,PR010,Wound Dressing,2026-07-30,Afternoon,8,Completed
APT001048,PT00826,PR006,Vitals Check,2026-08-11,Morning,8,No-Show
APT001049,PT00526,PR002,Nursing Visit,2026-08-26,Afternoon,13,No-Show
APT001050,PT00731,PR012,Post-Op Care,2026-06-26,Afternoon,4,No-Show
APT001051,PT00027,PR019,Wound Dressing,2026-07-21,Morning,12,Completed
APT001052,PT00028,PR007,Vitals Check,2026-08-20,Evening,9,Completed
APT001053,PT01139,PR004,Physiotherapy Session,2026-06-05,Evening,10,No-Show
APT001054,PT01442,PR013,Nursing Visit,2026-07-27,Morning,14,Completed
APT001055,PT01004,PR018,Nursing Visit,2026-08-19,Morning,2,No-Show
APT001056,PT01765,PR020,Vitals Check,2026-06-13,Afternoon,10,Rescheduled
APT001057,PT01634,PR017,Vitals Check,2026-07-24,Morning,0,Completed
APT001058,PT00669,PR008,Vitals Check,2026-08-03,Morning,2,Completed
APT001059,PT01550,PR018,Post-Op Care,2026-07-04,Evening,5,Completed
APT001060,PT00732,PR010,Wound Dressing,2026-07-03,Afternoon,10,No-Show
APT001061,PT01549,PR009,Vitals Check,2026-07-11,Morning,10,No-Show
APT001062,PT00730,PR020,Diabetic Care Visit,2026-06-05,Afternoon,8,Cancelled
APT001063,PT01469,PR004,Diabetic Care Visit,2026-06-24,Evening,9,Completed
APT001064,PT00091,PR018,Wound Dressing,2026-06-29,Afternoon,3,Completed
APT001065,PT01978,PR005,Vitals Check,2026-07-23,Afternoon,8,Completed
APT001066,PT01794,PR018,Vitals Check,2026-07-26,Evening,0,Completed
APT001067,PT00267,PR014,Nursing Visit,2026-08-16,Morning,12,Completed
APT001068,PT00223,PR017,Vitals Check,2026-07-12,Morning,6,Completed
APT001069,PT00550,PR014,Physiotherapy Session,2026-07-28,Evening,5,Completed
APT001070,PT00892,PR005,Post-Op Care,2026-07-23,Morning,2,Completed
APT001071,PT00224,PR013,Physiotherapy Session,2026-08-29,Evening,10,Completed
APT001072,PT00251,PR004,Diabetic Care Visit,2026-08-12,Morning,2,Completed
APT001073,PT01729,PR005,Diabetic Care Visit,2026-07-02,Afternoon,6,Cancelled
APT001074,PT00286,PR011,Post-Op Care,2026-07-25,Afternoon,0,Completed
APT001075,PT01188,PR020,Wound Dressing,2026-07-05,Evening,3,Rescheduled
APT001076,PT00695,PR020,Vitals Check,2026-06-17,Afternoon,2,No-Show
APT001077,PT00562,PR009,Wound Dressing,2026-07-03,Morning,11,Completed
APT001078,PT00760,PR017,Diabetic Care Visit,2026-06-28,Morning,3,No-Show
APT001079,PT00011,PR013,Wound Dressing,2026-07-14,Morning,6,No-Show
APT001080,PT00956,PR009,Physiotherapy Session,2026-06-26,Morning,0,No-Show
APT001081,PT01512,PR013,Physiotherapy Session,2026-08-15,Morning,12,Completed
APT001082,PT00442,PR002,Post-Op Care,2026-06-16,Morning,13,Cancelled
APT001083,PT00024,PR011,Nursing Visit,2026-07-08,Morning,3,No-Show
APT001084,PT01289,PR004,Physiotherapy Session,2026-06-08,Afternoon,8,No-Show
APT001085,PT00893,PR015,Vitals Check,2026-08-07,Afternoon,11,Completed
APT001086,PT01906,PR006,Nursing Visit,2026-07-05,Evening,5,Completed
APT001087,PT00329,PR009,Physiotherapy Session,2026-07-06,Morning,9,Completed
APT001088,PT01332,PR013,Nursing Visit,2026-08-24,Evening,1,No-Show
APT001089,PT01491,PR016,Nursing Visit,2026-08-19,Afternoon,13,Completed
APT001090,PT00044,PR014,Wound Dressing,2026-08-05,Evening,4,Completed
APT001091,PT01137,PR016,Physiotherapy Session,2026-08-16,Afternoon,5,Completed
APT001092,PT01689,PR002,Diabetic Care Visit,2026-07-28,Afternoon,12,Completed
APT001093,PT01356,PR010,Vitals Check,2026-06-19,Afternoon,11,Completed
APT001094,PT01282,PR001,Wound Dressing,2026-07-07,Afternoon,14,Completed
APT001095,PT01726,PR010,Physiotherapy Session,2026-07-24,Evening,13,Cancelled
APT001096,PT01879,PR003,Vitals Check,2026-07-19,Afternoon,1,Completed
APT001097,PT01719,PR005,Wound Dressing,2026-07-06,Morning,7,No-Show
APT001098,PT00812,PR007,Physiotherapy Session,2026-07-26,Morning,1,Completed
APT001099,PT01825,PR008,Nursing Visit,2026-07-24,Evening,0,Cancelled
APT001100,PT00799,PR005,Wound Dressing,2026-06-11,Afternoon,1,Completed
APT001101,PT01592,PR019,Post-Op Care,2026-07-29,Evening,3,Completed
APT001102,PT00128,PR015,Physiotherapy Session,2026-07-18,Evening,3,Rescheduled
APT001103,PT01739,PR002,Nursing Visit,2026-06-28,Evening,6,Completed
APT001104,PT01439,PR010,Physiotherapy Session,2026-08-06,Morning,10,Completed
APT001105,PT00202,PR009,Physiotherapy Session,2026-07-28,Afternoon,6,Completed
APT001106,PT00544,PR007,Vitals Check,2026-08-05,Evening,1,Completed
APT001107,PT00742,PR008,Physiotherapy Session,2026-06-04,Afternoon,7,Completed
APT001108,PT01056,PR009,Diabetic Care Visit,2026-07-01,Afternoon,9,No-Show
APT001109,PT00733,PR008,Wound Dressing,2026-08-18,Evening,2,Completed
APT001110,PT01482,PR010,Diabetic Care Visit,2026-07-02,Morning,12,Completed
APT001111,PT01444,PR019,Post-Op Care,2026-07-19,Afternoon,12,Rescheduled
APT001112,PT01696,PR002,Vitals Check,2026-07-05,Afternoon,8,No-Show
APT001113,PT00598,PR019,Wound Dressing,2026-07-23,Afternoon,14,Completed
APT001114,PT00868,PR020,Diabetic Care Visit,2026-07-20,Evening,12,Completed
APT001115,PT01775,PR003,Diabetic Care Visit,2026-06-07,Afternoon,5,Completed
APT001116,PT01235,PR002,Wound Dressing,2026-07-18,Afternoon,1,No-Show
APT001117,PT00099,PR002,Vitals Check,2026-07-08,Morning,1,Completed
APT001118,PT00349,PR011,Wound Dressing,2026-07-02,Afternoon,1,Completed
APT001119,PT00943,PR013,Post-Op Care,2026-06-13,Morning,3,Completed
APT001120,PT01145,PR009,Diabetic Care Visit,2026-07-23,Evening,3,Completed
APT001121,PT00148,PR009,Wound Dressing,2026-06-06,Morning,5,Completed
APT001122,PT01508,PR018,Diabetic Care Visit,2026-07-17,Evening,9,Completed
APT001123,PT00105,PR010,Nursing Visit,2026-06-01,Evening,7,Completed
APT001124,PT01447,PR009,Vitals Check,2026-07-07,Afternoon,12,No-Show
APT001125,PT01175,PR010,Nursing Visit,2026-07-02,Morning,2,Completed
APT001126,PT00663,PR010,Nursing Visit,2026-07-12,Afternoon,5,Completed
APT001127,PT01599,PR008,Wound Dressing,2026-06-08,Morning,7,No-Show
APT001128,PT01411,PR008,Nursing Visit,2026-06-06,Afternoon,9,Cancelled
APT001129,PT01728,PR019,Physiotherapy Session,2026-06-12,Afternoon,7,Completed
APT001130,PT01968,PR002,Diabetic Care Visit,2026-06-03,Evening,13,Completed
APT001131,PT00709,PR006,Vitals Check,2026-06-19,Morning,11,Cancelled
APT001132,PT01992,PR013,Physiotherapy Session,2026-07-13,Evening,14,Completed
APT001133,PT00857,PR015,Physiotherapy Session,2026-08-09,Evening,0,Completed
APT001134,PT00014,PR010,Nursing Visit,2026-08-01,Evening,12,Completed
APT001135,PT01034,PR015,Vitals Check,2026-06-30,Afternoon,14,Cancelled
APT001136,PT01812,PR020,Diabetic Care Visit,2026-06-22,Evening,14,Completed
APT001137,PT00247,PR008,Vitals Check,2026-08-22,Evening,5,Completed
APT001138,PT01705,PR015,Physiotherapy Session,2026-07-17,Evening,1,Rescheduled
APT001139,PT01258,PR019,Wound Dressing,2026-06-28,Afternoon,4,Completed
APT001140,PT00990,PR015,Diabetic Care Visit,2026-08-20,Afternoon,14,Cancelled
APT001141,PT00927,PR004,Diabetic Care Visit,2026-08-13,Afternoon,6,Completed
APT001142,PT01185,PR002,Diabetic Care Visit,2026-08-14,Evening,13,Cancelled
APT001143,PT00365,PR019,Post-Op Care,2026-07-26,Evening,13,No-Show
APT001144,PT01152,PR002,Post-Op Care,2026-08-15,Evening,1,No-Show
APT001145,PT01708,PR004,Post-Op Care,2026-08-07,Morning,5,Completed
APT001146,PT01111,PR006,Wound Dressing,2026-08-29,Afternoon,8,Cancelled
APT001147,PT00956,PR007,Wound Dressing,2026-07-26,Morning,7,Completed
APT001148,PT00391,PR006,Wound Dressing,2026-06-05,Afternoon,13,Completed
APT001149,PT00399,PR007,Diabetic Care Visit,2026-06-06,Morning,7,Completed
APT001150,PT00623,PR013,Post-Op Care,2026-07-28,Afternoon,7,Completed
APT001151,PT01710,PR020,Vitals Check,2026-07-10,Morning,8,Completed
APT001152,PT01166,PR020,Vitals Check,2026-06-16,Morning,6,No-Show
APT001153,PT00439,PR006,Post-Op Care,2026-07-18,Morning,10,Rescheduled
APT001154,PT00090,PR010,Vitals Check,2026-08-22,Afternoon,8,Completed
APT001155,PT00386,PR019,Nursing Visit,2026-08-26,Afternoon,12,Completed
APT001156,PT01176,PR005,Diabetic Care Visit,2026-08-13,Morning,12,No-Show
APT001157,PT00943,PR013,Diabetic Care Visit,2026-08-22,Morning,5,Completed
APT001158,PT00155,PR009,Diabetic Care Visit,2026-07-09,Morning,1,Rescheduled
APT001159,PT00889,PR004,Post-Op Care,2026-08-15,Morning,14,Completed
APT001160,PT01552,PR010,Vitals Check,2026-06-26,Morning,9,Completed
APT001161,PT01298,PR007,Post-Op Care,2026-07-12,Morning,6,Completed
APT001162,PT01939,PR001,Wound Dressing,2026-06-03,Afternoon,2,Completed
APT001163,PT00725,PR020,Nursing Visit,2026-06-20,Morning,14,Completed
APT001164,PT01589,PR003,Vitals Check,2026-06-28,Morning,12,Cancelled
APT001165,PT00539,PR020,Vitals Check,2026-07-10,Evening,14,Cancelled
APT001166,PT01043,PR015,Wound Dressing,2026-08-27,Morning,6,Completed
APT001167,PT01059,PR020,Nursing Visit,2026-08-29,Morning,2,No-Show
APT001168,PT01701,PR010,Post-Op Care,2026-06-30,Afternoon,6,Completed
APT001169,PT01275,PR003,Wound Dressing,2026-06-07,Afternoon,9,Completed
APT001170,PT00450,PR010,Post-Op Care,2026-08-21,Morning,7,Completed
APT001171,PT01875,PR007,Diabetic Care Visit,2026-07-05,Morning,3,Completed
APT001172,PT01371,PR010,Post-Op Care,2026-08-16,Morning,5,Completed
APT001173,PT00456,PR014,Diabetic Care Visit,2026-08-15,Morning,2,Rescheduled
APT001174,PT00779,PR001,Post-Op Care,2026-06-11,Morning,13,Completed
APT001175,PT00260,PR007,Diabetic Care Visit,2026-06-22,Afternoon,5,Completed
APT001176,PT00130,PR010,Vitals Check,2026-08-29,Afternoon,6,Completed
APT001177,PT00449,PR013,Post-Op Care,2026-06-16,Morning,10,Completed
APT001178,PT01453,PR001,Nursing Visit,2026-06-13,Morning,3,Completed
APT001179,PT00571,PR003,Physiotherapy Session,2026-06-17,Morning,14,Rescheduled
APT001180,PT00219,PR013,Wound Dressing,2026-07-02,Morning,0,Completed
APT001181,PT01148,PR016,Diabetic Care Visit,2026-07-20,Morning,4,Completed
APT001182,PT01913,PR017,Vitals Check,2026-08-03,Evening,11,Cancelled
APT001183,PT01148,PR015,Diabetic Care Visit,2026-06-23,Afternoon,13,Completed
APT001184,PT01707,PR019,Wound Dressing,2026-08-03,Morning,4,No-Show
APT001185,PT01759,PR006,Diabetic Care Visit,2026-08-15,Morning,7,Completed
APT001186,PT01343,PR007,Post-Op Care,2026-08-29,Morning,3,Completed
APT001187,PT01990,PR010,Nursing Visit,2026-08-10,Evening,6,Completed
APT001188,PT01359,PR019,Diabetic Care Visit,2026-08-17,Afternoon,9,Completed
APT001189,PT00893,PR001,Post-Op Care,2026-07-31,Evening,0,Completed
APT001190,PT01470,PR014,Wound Dressing,2026-08-24,Evening,9,No-Show
APT001191,PT00017,PR007,Diabetic Care Visit,2026-08-14,Afternoon,1,Rescheduled
APT001192,PT00578,PR005,Vitals Check,2026-06-05,Evening,5,No-Show
APT001193,PT00744,PR008,Vitals Check,2026-06-14,Evening,3,Completed
APT001194,PT01313,PR002,Post-Op Care,2026-06-19,Morning,4,Completed
APT001195,PT00086,PR013,Post-Op Care,2026-06-26,Evening,2,Cancelled
APT001196,PT01959,PR013,Wound Dressing,2026-07-11,Morning,13,Completed
APT001197,PT00524,PR004,Nursing Visit,2026-06-12,Afternoon,9,Completed
APT001198,PT01211,PR009,Post-Op Care,2026-06-21,Morning,0,Completed
APT001199,PT00726,PR013,Post-Op Care,2026-07-18,Evening,1,No-Show
APT001200,PT00383,PR019,Diabetic Care Visit,2026-07-04,Afternoon,1,Completed
APT001201,PT00492,PR002,Physiotherapy Session,2026-07-07,Evening,9,Completed
APT001202,PT00811,PR010,Nursing Visit,2026-06-17,Morning,0,No-Show
APT001203,PT00323,PR002,Nursing Visit,2026-07-14,Afternoon,5,Completed
APT001204,PT01737,PR002,Diabetic Care Visit,2026-08-26,Morning,9,Completed
APT001205,PT01057,PR008,Nursing Visit,2026-07-27,Afternoon,13,Completed
APT001206,PT01088,PR006,Post-Op Care,2026-06-06,Afternoon,8,Completed
APT001207,PT00175,PR009,Post-Op Care,2026-06-29,Afternoon,1,No-Show
APT001208,PT01864,PR011,Wound Dressing,2026-07-02,Evening,10,Rescheduled
APT001209,PT01684,PR010,Physiotherapy Session,2026-06-18,Morning,5,Completed
APT001210,PT00219,PR013,Vitals Check,2026-08-12,Afternoon,4,Completed
APT001211,PT01612,PR004,Wound Dressing,2026-07-16,Morning,7,No-Show
APT001212,PT00731,PR011,Post-Op Care,2026-07-28,Evening,11,Completed
APT001213,PT01447,PR006,Nursing Visit,2026-08-22,Evening,14,Completed
APT001214,PT00370,PR005,Diabetic Care Visit,2026-07-08,Afternoon,1,Completed
APT001215,PT01016,PR008,Physiotherapy Session,2026-06-11,Evening,6,Completed
APT001216,PT00171,PR013,Nursing Visit,2026-07-04,Evening,8,Completed
APT001217,PT00042,PR004,Wound Dressing,2026-07-02,Morning,5,Cancelled
APT001218,PT01333,PR013,Nursing Visit,2026-08-18,Afternoon,10,Completed
APT001219,PT01901,PR017,Vitals Check,2026-08-15,Evening,2,Rescheduled
APT001220,PT01342,PR016,Diabetic Care Visit,2026-07-07,Morning,2,Completed
APT001221,PT00165,PR009,Physiotherapy Session,2026-06-08,Morning,3,Completed
APT001222,PT00722,PR004,Diabetic Care Visit,2026-08-28,Afternoon,3,Completed
APT001223,PT01531,PR001,Vitals Check,2026-08-21,Morning,0,Completed
APT001224,PT00315,PR012,Vitals Check,2026-06-10,Evening,4,Completed
APT001225,PT01941,PR010,Nursing Visit,2026-06-26,Evening,4,Completed
APT001226,PT01413,PR017,Wound Dressing,2026-07-10,Afternoon,11,No-Show
APT001227,PT00820,PR012,Diabetic Care Visit,2026-07-27,Afternoon,8,No-Show
APT001228,PT01385,PR001,Physiotherapy Session,2026-07-05,Evening,9,Completed
APT001229,PT00517,PR010,Physiotherapy Session,2026-08-11,Afternoon,9,No-Show
APT001230,PT01688,PR012,Nursing Visit,2026-08-05,Evening,0,Completed
APT001231,PT01801,PR009,Wound Dressing,2026-06-28,Afternoon,4,Completed
APT001232,PT00718,PR020,Nursing Visit,2026-07-20,Afternoon,12,Completed
APT001233,PT00325,PR009,Wound Dressing,2026-07-09,Evening,6,Completed
APT001234,PT01153,PR013,Vitals Check,2026-06-30,Evening,5,Completed
APT001235,PT00960,PR012,Post-Op Care,2026-08-17,Afternoon,0,Completed
APT001236,PT00396,PR010,Diabetic Care Visit,2026-07-30,Morning,7,No-Show
APT001237,PT01745,PR016,Wound Dressing,2026-07-08,Morning,1,Cancelled
APT001238,PT01225,PR017,Physiotherapy Session,2026-07-04,Afternoon,2,No-Show
APT001239,PT00895,PR014,Vitals Check,2026-08-17,Evening,11,Rescheduled
APT001240,PT00506,PR016,Diabetic Care Visit,2026-06-25,Evening,1,Completed
APT001241,PT00501,PR009,Wound Dressing,2026-08-25,Morning,7,Completed
APT001242,PT00112,PR014,Physiotherapy Session,2026-07-20,Afternoon,10,Completed
APT001243,PT00026,PR012,Wound Dressing,2026-06-17,Evening,11,Completed
APT001244,PT01522,PR014,Vitals Check,2026-06-22,Evening,11,Completed
APT001245,PT00466,PR013,Diabetic Care Visit,2026-06-18,Evening,7,Cancelled
APT001246,PT00892,PR001,Nursing Visit,2026-06-06,Morning,2,Completed
APT001247,PT01744,PR009,Physiotherapy Session,2026-07-14,Morning,13,Rescheduled
APT001248,PT00159,PR010,Post-Op Care,2026-06-29,Morning,10,No-Show
APT001249,PT00464,PR008,Physiotherapy Session,2026-06-11,Evening,4,Completed
APT001250,PT01572,PR011,Vitals Check,2026-08-07,Morning,6,Completed
APT001251,PT01440,PR007,Vitals Check,2026-07-15,Morning,3,Cancelled
APT001252,PT00622,PR002,Diabetic Care Visit,2026-06-10,Afternoon,12,Completed
APT001253,PT01580,PR004,Nursing Visit,2026-06-26,Morning,3,Completed
APT001254,PT01564,PR015,Nursing Visit,2026-06-09,Afternoon,5,Completed
APT001255,PT01820,PR009,Wound Dressing,2026-07-12,Afternoon,10,No-Show
APT001256,PT00815,PR015,Vitals Check,2026-06-06,Afternoon,9,Completed
APT001257,PT00852,PR004,Physiotherapy Session,2026-08-09,Morning,4,Completed
APT001258,PT01694,PR015,Wound Dressing,2026-07-22,Morning,1,Completed
APT001259,PT01490,PR010,Vitals Check,2026-06-14,Afternoon,12,Completed
APT001260,PT01376,PR014,Diabetic Care Visit,2026-07-28,Afternoon,9,No-Show
APT001261,PT01143,PR013,Diabetic Care Visit,2026-06-20,Afternoon,4,Completed
APT001262,PT01549,PR007,Physiotherapy Session,2026-06-28,Afternoon,7,Completed
APT001263,PT01764,PR020,Vitals Check,2026-08-06,Morning,14,Completed
APT001264,PT01188,PR011,Post-Op Care,2026-07-08,Morning,7,Cancelled
APT001265,PT01062,PR020,Physiotherapy Session,2026-06-23,Afternoon,14,Completed
APT001266,PT01201,PR004,Vitals Check,2026-06-10,Morning,13,Completed
APT001267,PT00829,PR017,Vitals Check,2026-06-15,Afternoon,3,Rescheduled
APT001268,PT01090,PR002,Physiotherapy Session,2026-08-29,Morning,0,No-Show
APT001269,PT00852,PR013,Wound Dressing,2026-06-25,Morning,9,Completed
APT001270,PT01895,PR008,Wound Dressing,2026-06-04,Evening,7,No-Show
APT001271,PT00759,PR005,Nursing Visit,2026-07-02,Afternoon,0,Completed
APT001272,PT00744,PR008,Vitals Check,2026-06-26,Afternoon,8,Completed
APT001273,PT00174,PR010,Wound Dressing,2026-08-01,Evening,7,Completed
APT001274,PT01061,PR009,Nursing Visit,2026-06-16,Evening,2,Completed
APT001275,PT01211,PR017,Nursing Visit,2026-07-31,Morning,6,Completed
APT001276,PT00530,PR002,Physiotherapy Session,2026-08-13,Evening,13,Completed
APT001277,PT00794,PR015,Vitals Check,2026-08-05,Afternoon,14,Completed
APT001278,PT00975,PR004,Nursing Visit,2026-07-08,Afternoon,6,Completed
APT001279,PT01266,PR018,Wound Dressing,2026-07-20,Afternoon,13,No-Show
APT001280,PT00747,PR008,Post-Op Care,2026-07-12,Morning,1,Completed
APT001281,PT00322,PR017,Wound Dressing,2026-08-11,Evening,7,Completed
APT001282,PT01298,PR009,Nursing Visit,2026-08-26,Morning,10,Completed
APT001283,PT00662,PR005,Post-Op Care,2026-06-12,Afternoon,3,Completed
APT001284,PT00327,PR001,Wound Dressing,2026-08-05,Afternoon,10,Completed
APT001285,PT01482,PR010,Wound Dressing,2026-06-14,Afternoon,1,Completed
APT001286,PT00179,PR018,Diabetic Care Visit,2026-08-13,Evening,3,Completed
APT001287,PT01430,PR010,Physiotherapy Session,2026-08-08,Afternoon,10,Completed
APT001288,PT01559,PR019,Vitals Check,2026-08-14,Morning,12,Cancelled
APT001289,PT01662,PR018,Post-Op Care,2026-07-24,Evening,2,Completed
APT001290,PT01144,PR010,Nursing Visit,2026-08-12,Evening,13,No-Show
APT001291,PT00757,PR006,Physiotherapy Session,2026-06-02,Morning,8,No-Show
APT001292,PT00948,PR018,Physiotherapy Session,2026-06-22,Afternoon,13,Completed
APT001293,PT00106,PR020,Diabetic Care Visit,2026-06-20,Afternoon,3,Cancelled
APT001294,PT00814,PR020,Wound Dressing,2026-08-07,Afternoon,1,No-Show
APT001295,PT01946,PR010,Physiotherapy Session,2026-06-07,Afternoon,4,Completed
APT001296,PT00492,PR002,Wound Dressing,2026-08-14,Evening,14,No-Show
APT001297,PT01217,PR016,Physiotherapy Session,2026-06-13,Evening,8,Completed
APT001298,PT01599,PR013,Vitals Check,2026-06-29,Afternoon,6,Completed
APT001299,PT00787,PR016,Diabetic Care Visit,2026-06-13,Morning,14,Completed
APT001300,PT01545,PR010,Nursing Visit,2026-06-23,Afternoon,11,Cancelled
APT001301,PT00603,PR015,Diabetic Care Visit,2026-06-29,Evening,3,Completed
APT001302,PT01637,PR007,Diabetic Care Visit,2026-08-04,Morning,14,Rescheduled
APT001303,PT00138,PR006,Post-Op Care,2026-08-17,Evening,13,No-Show
APT001304,PT01246,PR011,Physiotherapy Session,2026-07-07,Morning,1,Completed
APT001305,PT01676,PR013,Wound Dressing,2026-08-26,Afternoon,9,Cancelled
APT001306,PT00440,PR010,Diabetic Care Visit,2026-08-15,Morning,4,Completed
APT001307,PT00558,PR007,Vitals Check,2026-06-21,Afternoon,8,Completed
APT001308,PT01560,PR005,Nursing Visit,2026-06-25,Evening,12,No-Show
APT001309,PT00507,PR013,Vitals Check,2026-06-18,Afternoon,8,Completed
APT001310,PT01092,PR014,Vitals Check,2026-08-10,Afternoon,1,Completed
APT001311,PT00898,PR013,Nursing Visit,2026-08-25,Afternoon,13,Completed
APT001312,PT01303,PR012,Vitals Check,2026-07-11,Morning,13,Completed
APT001313,PT01939,PR005,Diabetic Care Visit,2026-06-29,Afternoon,11,Completed
APT001314,PT00333,PR010,Wound Dressing,2026-06-12,Evening,4,Completed
APT001315,PT01285,PR010,Physiotherapy Session,2026-07-23,Morning,4,Completed
APT001316,PT00373,PR004,Diabetic Care Visit,2026-08-15,Evening,2,Rescheduled
APT001317,PT01747,PR012,Diabetic Care Visit,2026-08-17,Morning,2,No-Show
APT001318,PT01471,PR018,Diabetic Care Visit,2026-06-18,Evening,4,Completed
APT001319,PT01117,PR017,Post-Op Care,2026-06-28,Evening,10,Completed
APT001320,PT00983,PR008,Nursing Visit,2026-08-17,Afternoon,11,Completed
APT001321,PT01381,PR015,Vitals Check,2026-07-13,Evening,2,Cancelled
APT001322,PT00951,PR013,Physiotherapy Session,2026-06-19,Morning,12,Rescheduled
APT001323,PT01245,PR002,Wound Dressing,2026-08-27,Afternoon,7,Completed
APT001324,PT01046,PR008,Diabetic Care Visit,2026-06-14,Morning,5,Completed
APT001325,PT00938,PR006,Vitals Check,2026-08-04,Evening,6,Completed
APT001326,PT00392,PR007,Diabetic Care Visit,2026-07-03,Evening,14,Completed
APT001327,PT00842,PR003,Diabetic Care Visit,2026-08-06,Afternoon,9,No-Show
APT001328,PT01406,PR005,Vitals Check,2026-08-09,Morning,1,Completed
APT001329,PT01649,PR002,Post-Op Care,2026-08-03,Afternoon,9,Completed
APT001330,PT00430,PR002,Nursing Visit,2026-06-10,Afternoon,3,Cancelled
APT001331,PT01502,PR002,Vitals Check,2026-07-17,Morning,3,Completed
APT001332,PT01726,PR002,Physiotherapy Session,2026-07-08,Morning,9,Rescheduled
APT001333,PT01602,PR010,Vitals Check,2026-08-17,Morning,14,Completed
APT001334,PT00039,PR001,Vitals Check,2026-08-28,Morning,10,Completed
APT001335,PT00671,PR002,Vitals Check,2026-08-05,Afternoon,1,Cancelled
APT001336,PT01085,PR003,Wound Dressing,2026-06-18,Afternoon,2,No-Show
APT001337,PT01645,PR020,Diabetic Care Visit,2026-08-22,Morning,2,Completed
APT001338,PT00479,PR010,Physiotherapy Session,2026-08-29,Morning,8,Completed
APT001339,PT00385,PR008,Nursing Visit,2026-06-19,Evening,13,Cancelled
APT001340,PT00452,PR010,Post-Op Care,2026-08-03,Evening,0,Cancelled
APT001341,PT00516,PR015,Vitals Check,2026-06-13,Afternoon,3,Completed
APT001342,PT00533,PR011,Wound Dressing,2026-07-07,Evening,0,Completed
APT001343,PT01665,PR015,Wound Dressing,2026-06-04,Afternoon,5,Completed
APT001344,PT00185,PR004,Nursing Visit,2026-08-03,Evening,4,No-Show
APT001345,PT00045,PR010,Physiotherapy Session,2026-07-21,Afternoon,10,Completed
APT001346,PT01196,PR010,Diabetic Care Visit,2026-07-02,Evening,2,No-Show
APT001347,PT00339,PR002,Nursing Visit,2026-07-17,Morning,1,No-Show
APT001348,PT00954,PR001,Diabetic Care Visit,2026-06-23,Afternoon,0,Completed
APT001349,PT01760,PR001,Vitals Check,2026-07-29,Morning,10,Completed
APT001350,PT01349,PR009,Wound Dressing,2026-06-25,Evening,10,Completed
APT001351,PT00832,PR015,Nursing Visit,2026-08-09,Evening,1,Completed
APT001352,PT00308,PR015,Vitals Check,2026-07-13,Evening,6,Completed
APT001353,PT00369,PR003,Vitals Check,2026-07-28,Afternoon,4,Completed
APT001354,PT00380,PR005,Physiotherapy Session,2026-08-25,Morning,8,Completed
APT001355,PT01581,PR015,Post-Op Care,2026-08-21,Evening,10,Completed
APT001356,PT01536,PR006,Nursing Visit,2026-06-28,Evening,11,Completed
APT001357,PT01291,PR007,Post-Op Care,2026-07-20,Afternoon,8,Completed
APT001358,PT01860,PR018,Post-Op Care,2026-08-26,Afternoon,2,Completed
APT001359,PT00018,PR018,Wound Dressing,2026-08-20,Morning,0,Cancelled
APT001360,PT00727,PR005,Wound Dressing,2026-06-12,Afternoon,6,Completed
APT001361,PT00443,PR004,Diabetic Care Visit,2026-06-25,Afternoon,7,Completed
APT001362,PT00513,PR014,Post-Op Care,2026-07-08,Morning,1,Cancelled
APT001363,PT01605,PR019,Physiotherapy Session,2026-08-08,Evening,4,Cancelled
APT001364,PT00181,PR012,Diabetic Care Visit,2026-08-19,Morning,1,Completed
APT001365,PT01721,PR018,Wound Dressing,2026-07-07,Morning,9,Completed
APT001366,PT00939,PR005,Diabetic Care Visit,2026-06-01,Morning,7,Completed
APT001367,PT00113,PR010,Nursing Visit,2026-07-30,Evening,2,Completed
APT001368,PT00407,PR008,Diabetic Care Visit,2026-06-27,Evening,0,Completed
APT001369,PT01505,PR013,Physiotherapy Session,2026-07-23,Morning,11,No-Show
APT001370,PT01358,PR016,Wound Dressing,2026-08-16,Evening,10,Completed
APT001371,PT00183,PR010,Vitals Check,2026-06-06,Morning,14,Completed
APT001372,PT00280,PR002,Post-Op Care,2026-06-08,Evening,6,Completed
APT001373,PT00938,PR009,Wound Dressing,2026-08-19,Evening,13,Completed
APT001374,PT00344,PR014,Diabetic Care Visit,2026-07-21,Morning,10,No-Show
APT001375,PT00193,PR013,Diabetic Care Visit,2026-07-16,Evening,5,Completed
APT001376,PT01828,PR013,Post-Op Care,2026-08-04,Morning,9,Completed
APT001377,PT01219,PR015,Diabetic Care Visit,2026-08-20,Morning,0,Completed
APT001378,PT01482,PR002,Wound Dressing,2026-07-01,Afternoon,12,No-Show
APT001379,PT01577,PR013,Wound Dressing,2026-07-20,Afternoon,11,Cancelled
APT001380,PT00047,PR008,Physiotherapy Session,2026-07-12,Morning,12,Rescheduled
APT001381,PT00043,PR006,Post-Op Care,2026-07-06,Afternoon,9,Completed
APT001382,PT01106,PR014,Vitals Check,2026-07-01,Afternoon,2,Completed
APT001383,PT00541,PR008,Diabetic Care Visit,2026-07-03,Evening,12,Completed
APT001384,PT01143,PR013,Physiotherapy Session,2026-08-21,Morning,1,Completed
APT001385,PT01602,PR010,Physiotherapy Session,2026-08-12,Evening,12,Completed
APT001386,PT01232,PR008,Physiotherapy Session,2026-08-26,Evening,14,No-Show
APT001387,PT00705,PR011,Diabetic Care Visit,2026-07-27,Morning,0,Cancelled
APT001388,PT00798,PR004,Post-Op Care,2026-08-28,Evening,5,Completed
APT001389,PT01989,PR004,Physiotherapy Session,2026-06-03,Afternoon,0,Completed
APT001390,PT01192,PR006,Post-Op Care,2026-07-28,Morning,8,Completed
APT001391,PT00224,PR008,Nursing Visit,2026-06-07,Morning,3,Completed
APT001392,PT00764,PR014,Vitals Check,2026-06-12,Evening,10,Completed
APT001393,PT00097,PR006,Diabetic Care Visit,2026-08-27,Morning,0,Completed
APT001394,PT01143,PR008,Wound Dressing,2026-07-29,Morning,13,Completed
APT001395,PT00603,PR015,Wound Dressing,2026-08-04,Morning,9,Completed
APT001396,PT00327,PR001,Nursing Visit,2026-06-18,Afternoon,9,Completed
APT001397,PT00835,PR019,Wound Dressing,2026-07-11,Afternoon,11,Cancelled
APT001398,PT01845,PR011,Vitals Check,2026-07-11,Evening,1,Completed
APT001399,PT01721,PR012,Physiotherapy Session,2026-07-29,Evening,14,Cancelled
APT001400,PT01114,PR019,Physiotherapy Session,2026-07-12,Afternoon,14,No-Show
APT001401,PT01316,PR020,Post-Op Care,2026-06-27,Afternoon,7,Completed
APT001402,PT01529,PR019,Post-Op Care,2026-07-09,Evening,5,Completed
APT001403,PT00641,PR007,Physiotherapy Session,2026-07-21,Evening,4,Completed
APT001404,PT00904,PR009,Post-Op Care,2026-08-08,Afternoon,5,Completed
APT001405,PT01520,PR013,Nursing Visit,2026-07-15,Morning,1,Completed
APT001406,PT01212,PR004,Nursing Visit,2026-08-22,Afternoon,14,Completed
APT001407,PT01617,PR016,Vitals Check,2026-07-01,Afternoon,11,Completed
APT001408,PT00646,PR008,Diabetic Care Visit,2026-08-01,Afternoon,13,Completed
APT001409,PT00817,PR003,Post-Op Care,2026-07-16,Evening,0,Completed
APT001410,PT01005,PR018,Wound Dressing,2026-08-26,Afternoon,1,Completed
APT001411,PT00558,PR009,Wound Dressing,2026-07-01,Afternoon,4,Completed
APT001412,PT00496,PR002,Vitals Check,2026-07-04,Afternoon,14,Completed
APT001413,PT01424,PR018,Post-Op Care,2026-08-14,Afternoon,8,Completed
APT001414,PT01467,PR016,Physiotherapy Session,2026-06-29,Morning,5,Completed
APT001415,PT01094,PR015,Post-Op Care,2026-06-18,Morning,0,Completed
APT001416,PT01234,PR002,Physiotherapy Session,2026-08-07,Afternoon,10,No-Show
APT001417,PT01301,PR018,Wound Dressing,2026-07-18,Afternoon,9,Completed
APT001418,PT01976,PR015,Nursing Visit,2026-06-02,Evening,0,Completed
APT001419,PT01796,PR010,Diabetic Care Visit,2026-07-09,Evening,6,No-Show
APT001420,PT00020,PR002,Diabetic Care Visit,2026-08-09,Morning,10,Completed
APT001421,PT01744,PR009,Diabetic Care Visit,2026-06-18,Evening,1,Completed
APT001422,PT00605,PR016,Wound Dressing,2026-07-25,Afternoon,6,Completed
APT001423,PT01243,PR007,Diabetic Care Visit,2026-07-14,Morning,3,Completed
APT001424,PT01701,PR002,Diabetic Care Visit,2026-08-24,Morning,2,No-Show
APT001425,PT00125,PR012,Nursing Visit,2026-06-07,Afternoon,6,Completed
APT001426,PT01392,PR020,Physiotherapy Session,2026-06-10,Evening,5,Completed
APT001427,PT00867,PR001,Physiotherapy Session,2026-07-06,Evening,7,Completed
APT001428,PT00391,PR006,Post-Op Care,2026-07-20,Morning,13,Completed
APT001429,PT01479,PR010,Wound Dressing,2026-08-11,Afternoon,9,Completed
APT001430,PT01237,PR018,Vitals Check,2026-07-23,Afternoon,1,Completed
APT001431,PT01746,PR019,Post-Op Care,2026-06-12,Evening,5,Completed
APT001432,PT00343,PR019,Post-Op Care,2026-07-07,Morning,2,Completed
APT001433,PT00057,PR002,Physiotherapy Session,2026-08-21,Evening,3,Completed
APT001434,PT01167,PR002,Physiotherapy Session,2026-06-03,Morning,10,Cancelled
APT001435,PT00923,PR008,Wound Dressing,2026-08-01,Morning,7,Completed
APT001436,PT00687,PR018,Nursing Visit,2026-07-28,Morning,9,Completed
APT001437,PT00712,PR018,Nursing Visit,2026-08-10,Evening,8,Completed
APT001438,PT01516,PR002,Nursing Visit,2026-07-25,Afternoon,2,Completed
APT001439,PT00774,PR017,Wound Dressing,2026-06-07,Afternoon,0,Completed
APT001440,PT00102,PR001,Post-Op Care,2026-08-14,Evening,0,Completed
APT001441,PT00682,PR018,Vitals Check,2026-07-27,Evening,3,No-Show
APT001442,PT01490,PR002,Post-Op Care,2026-08-10,Evening,4,Cancelled
APT001443,PT00767,PR012,Diabetic Care Visit,2026-08-24,Evening,10,Cancelled
APT001444,PT01928,PR011,Wound Dressing,2026-08-13,Afternoon,2,Completed
APT001445,PT00072,PR006,Vitals Check,2026-06-18,Morning,8,Completed
APT001446,PT00765,PR003,Vitals Check,2026-06-26,Afternoon,0,Completed
APT001447,PT00465,PR009,Diabetic Care Visit,2026-07-01,Morning,11,Completed
APT001448,PT00528,PR016,Wound Dressing,2026-07-19,Morning,8,Completed
APT001449,PT00883,PR016,Diabetic Care Visit,2026-07-28,Afternoon,13,No-Show
APT001450,PT01343,PR017,Vitals Check,2026-06-18,Morning,13,Completed
APT001451,PT01726,PR002,Post-Op Care,2026-06-27,Afternoon,0,Completed
APT001452,PT01690,PR004,Vitals Check,2026-07-19,Afternoon,5,No-Show
APT001453,PT00820,PR012,Wound Dressing,2026-07-28,Afternoon,12,Completed
APT001454,PT01296,PR006,Nursing Visit,2026-07-12,Morning,11,Completed
APT001455,PT00596,PR004,Vitals Check,2026-08-09,Afternoon,1,Completed
APT001456,PT00150,PR018,Nursing Visit,2026-08-08,Morning,9,Cancelled
APT001457,PT00688,PR010,Vitals Check,2026-07-12,Evening,0,Completed
APT001458,PT01995,PR002,Wound Dressing,2026-07-02,Afternoon,9,Cancelled
APT001459,PT01080,PR002,Wound Dressing,2026-08-08,Evening,0,No-Show
APT001460,PT01228,PR002,Diabetic Care Visit,2026-07-19,Morning,10,Completed
APT001461,PT01607,PR009,Physiotherapy Session,2026-08-14,Afternoon,11,Completed
APT001462,PT01702,PR014,Post-Op Care,2026-07-31,Evening,12,No-Show
APT001463,PT00655,PR003,Vitals Check,2026-06-23,Evening,3,No-Show
APT001464,PT00718,PR014,Post-Op Care,2026-07-18,Afternoon,1,Cancelled
APT001465,PT00209,PR010,Physiotherapy Session,2026-06-01,Morning,14,No-Show
APT001466,PT01179,PR004,Post-Op Care,2026-07-12,Evening,4,Completed
APT001467,PT00907,PR007,Diabetic Care Visit,2026-07-27,Morning,6,Completed
APT001468,PT00150,PR020,Wound Dressing,2026-07-24,Morning,13,Rescheduled
APT001469,PT00788,PR010,Physiotherapy Session,2026-07-20,Morning,10,Completed
APT001470,PT01073,PR018,Post-Op Care,2026-08-25,Morning,6,Cancelled
APT001471,PT01953,PR003,Wound Dressing,2026-07-01,Morning,11,No-Show
APT001472,PT00690,PR013,Diabetic Care Visit,2026-06-11,Evening,1,Completed
APT001473,PT00238,PR002,Physiotherapy Session,2026-08-28,Morning,6,Completed
APT001474,PT00822,PR014,Vitals Check,2026-06-10,Afternoon,12,Completed
APT001475,PT00213,PR004,Nursing Visit,2026-07-19,Evening,12,Completed
APT001476,PT01135,PR015,Diabetic Care Visit,2026-08-18,Evening,5,Completed
APT001477,PT00179,PR011,Vitals Check,2026-07-24,Afternoon,10,Cancelled
APT001478,PT00416,PR002,Physiotherapy Session,2026-07-26,Afternoon,0,No-Show
APT001479,PT00457,PR007,Nursing Visit,2026-07-05,Evening,4,No-Show
APT001480,PT01705,PR016,Nursing Visit,2026-06-22,Evening,8,Completed
APT001481,PT01098,PR016,Physiotherapy Session,2026-07-27,Morning,4,No-Show
APT001482,PT00219,PR008,Physiotherapy Session,2026-07-29,Evening,12,Completed
APT001483,PT00778,PR002,Post-Op Care,2026-06-21,Morning,13,Completed
APT001484,PT00351,PR011,Post-Op Care,2026-07-27,Afternoon,8,No-Show
APT001485,PT01809,PR002,Physiotherapy Session,2026-07-06,Evening,14,Completed
APT001486,PT00957,PR002,Physiotherapy Session,2026-06-22,Afternoon,4,Completed
APT001487,PT00666,PR007,Physiotherapy Session,2026-06-07,Evening,13,Rescheduled
APT001488,PT00615,PR006,Post-Op Care,2026-08-11,Afternoon,11,Completed
APT001489,PT01351,PR015,Vitals Check,2026-06-03,Afternoon,0,Completed
APT001490,PT01518,PR011,Nursing Visit,2026-07-11,Morning,8,Completed
APT001491,PT01230,PR001,Wound Dressing,2026-08-02,Afternoon,13,Completed
APT001492,PT02000,PR004,Nursing Visit,2026-08-01,Afternoon,12,Completed
APT001493,PT01446,PR001,Physiotherapy Session,2026-08-09,Morning,3,Completed
APT001494,PT00565,PR007,Vitals Check,2026-06-15,Afternoon,0,Completed
APT001495,PT01048,PR013,Physiotherapy Session,2026-07-08,Evening,14,No-Show
APT001496,PT00131,PR006,Post-Op Care,2026-07-14,Morning,7,Completed
APT001497,PT00878,PR006,Physiotherapy Session,2026-08-29,Afternoon,0,Rescheduled
APT001498,PT01117,PR006,Post-Op Care,2026-07-08,Evening,13,Completed
APT001499,PT01157,PR004,Nursing Visit,2026-07-06,Evening,9,Completed
APT001500,PT01059,PR014,Nursing Visit,2026-08-13,Afternoon,7,Completed
APT001501,PT00192,PR019,Wound Dressing,2026-06-03,Afternoon,12,Completed
APT001502,PT00549,PR011,Diabetic Care Visit,2026-07-31,Evening,14,Completed
APT001503,PT01691,PR016,Vitals Check,2026-08-13,Evening,1,Rescheduled
APT001504,PT01421,PR013,Vitals Check,2026-07-24,Afternoon,14,Cancelled
APT001505,PT00131,PR017,Post-Op Care,2026-06-19,Evening,13,Completed
APT001506,PT01225,PR007,Vitals Check,2026-08-23,Morning,4,No-Show
APT001507,PT00487,PR018,Physiotherapy Session,2026-06-30,Morning,11,Completed
APT001508,PT00058,PR008,Nursing Visit,2026-06-16,Afternoon,12,Completed
APT001509,PT01925,PR016,Nursing Visit,2026-07-18,Afternoon,0,Completed
APT001510,PT01537,PR008,Post-Op Care,2026-06-21,Evening,6,Completed
APT001511,PT01930,PR014,Diabetic Care Visit,2026-06-20,Afternoon,14,Completed
APT001512,PT00278,PR020,Wound Dressing,2026-08-01,Evening,3,Completed
APT001513,PT01922,PR008,Diabetic Care Visit,2026-08-05,Afternoon,13,Completed
APT001514,PT01729,PR015,Nursing Visit,2026-06-25,Evening,11,Completed
APT001515,PT01151,PR004,Vitals Check,2026-08-11,Afternoon,3,Completed
APT001516,PT00294,PR012,Vitals Check,2026-06-13,Afternoon,10,Completed
APT001517,PT01125,PR001,Vitals Check,2026-06-20,Afternoon,9,Completed
APT001518,PT01482,PR002,Diabetic Care Visit,2026-08-28,Afternoon,3,Completed
APT001519,PT00806,PR012,Post-Op Care,2026-06-10,Afternoon,10,No-Show
APT001520,PT01051,PR018,Vitals Check,2026-08-05,Morning,10,Completed
APT001521,PT00096,PR012,Vitals Check,2026-07-21,Morning,3,Completed
APT001522,PT01075,PR008,Wound Dressing,2026-07-12,Afternoon,10,Completed
APT001523,PT01321,PR010,Physiotherapy Session,2026-06-10,Afternoon,8,Completed
APT001524,PT00069,PR007,Post-Op Care,2026-07-28,Morning,2,Completed
APT001525,PT00971,PR014,Diabetic Care Visit,2026-07-18,Morning,6,Completed
APT001526,PT00106,PR020,Physiotherapy Session,2026-07-22,Evening,7,No-Show
APT001527,PT00949,PR017,Physiotherapy Session,2026-06-20,Afternoon,3,Completed
APT001528,PT00484,PR009,Vitals Check,2026-08-06,Afternoon,9,Completed
APT001529,PT01985,PR014,Vitals Check,2026-07-13,Evening,10,Completed
APT001530,PT00244,PR008,Vitals Check,2026-07-06,Evening,6,Completed
APT001531,PT00422,PR002,Diabetic Care Visit,2026-06-17,Evening,12,Completed
APT001532,PT00748,PR019,Post-Op Care,2026-08-28,Morning,2,Completed
APT001533,PT01744,PR003,Nursing Visit,2026-06-18,Afternoon,8,Completed
APT001534,PT01409,PR001,Nursing Visit,2026-07-05,Morning,3,No-Show
APT001535,PT01719,PR001,Diabetic Care Visit,2026-07-14,Afternoon,11,Completed
APT001536,PT00163,PR002,Diabetic Care Visit,2026-07-23,Evening,6,Completed
APT001537,PT01132,PR008,Wound Dressing,2026-07-04,Morning,8,Completed
APT001538,PT01040,PR002,Wound Dressing,2026-06-07,Afternoon,13,Completed
APT001539,PT00662,PR005,Diabetic Care Visit,2026-06-11,Evening,13,Completed
APT001540,PT01607,PR003,Wound Dressing,2026-06-28,Morning,4,Completed
APT001541,PT00703,PR013,Diabetic Care Visit,2026-06-13,Afternoon,4,Completed
APT001542,PT00770,PR006,Wound Dressing,2026-06-17,Morning,13,Rescheduled
APT001543,PT01168,PR009,Post-Op Care,2026-07-03,Morning,14,Completed
APT001544,PT00601,PR008,Post-Op Care,2026-08-09,Afternoon,1,Cancelled
APT001545,PT00353,PR018,Physiotherapy Session,2026-08-05,Evening,5,No-Show
APT001546,PT01731,PR020,Post-Op Care,2026-07-24,Morning,7,Completed
APT001547,PT00498,PR017,Vitals Check,2026-08-17,Evening,12,Completed
APT001548,PT00451,PR005,Nursing Visit,2026-08-05,Morning,1,Completed
APT001549,PT00678,PR007,Diabetic Care Visit,2026-07-29,Morning,12,Rescheduled
APT001550,PT01903,PR002,Post-Op Care,2026-08-07,Afternoon,13,Completed
APT001551,PT01945,PR002,Post-Op Care,2026-06-13,Morning,10,Completed
APT001552,PT01076,PR009,Diabetic Care Visit,2026-07-31,Evening,12,Completed
APT001553,PT01985,PR018,Diabetic Care Visit,2026-08-01,Afternoon,12,Completed
APT001554,PT01363,PR014,Vitals Check,2026-07-26,Morning,3,Cancelled
APT001555,PT01168,PR017,Diabetic Care Visit,2026-08-04,Afternoon,2,Completed
APT001556,PT01962,PR017,Vitals Check,2026-07-02,Afternoon,10,Rescheduled
APT001557,PT00818,PR006,Wound Dressing,2026-06-17,Evening,10,Completed
APT001558,PT01651,PR008,Vitals Check,2026-08-07,Evening,12,Completed
APT001559,PT01490,PR010,Physiotherapy Session,2026-08-19,Evening,4,Completed
APT001560,PT00342,PR019,Diabetic Care Visit,2026-07-13,Evening,7,Cancelled
APT001561,PT00328,PR008,Wound Dressing,2026-08-26,Morning,8,Completed
APT001562,PT01763,PR008,Physiotherapy Session,2026-08-12,Morning,11,No-Show
APT001563,PT00458,PR020,Wound Dressing,2026-07-23,Evening,6,Rescheduled
APT001564,PT01124,PR004,Nursing Visit,2026-08-20,Evening,12,Completed
APT001565,PT01271,PR010,Wound Dressing,2026-08-28,Evening,6,No-Show
APT001566,PT00105,PR010,Physiotherapy Session,2026-06-15,Afternoon,1,Completed
APT001567,PT01758,PR018,Physiotherapy Session,2026-08-27,Afternoon,7,Completed
APT001568,PT00051,PR015,Vitals Check,2026-08-22,Evening,7,Completed
APT001569,PT00062,PR009,Vitals Check,2026-06-11,Evening,9,Rescheduled
APT001570,PT01941,PR002,Vitals Check,2026-07-29,Morning,12,Cancelled
APT001571,PT01013,PR010,Vitals Check,2026-06-19,Afternoon,5,Completed
APT001572,PT00427,PR013,Wound Dressing,2026-08-28,Morning,10,Completed
APT001573,PT00545,PR016,Vitals Check,2026-06-12,Afternoon,9,No-Show
APT001574,PT00265,PR010,Nursing Visit,2026-06-23,Afternoon,5,No-Show
APT001575,PT01603,PR019,Diabetic Care Visit,2026-07-14,Afternoon,14,No-Show
APT001576,PT01007,PR015,Diabetic Care Visit,2026-06-08,Afternoon,8,Completed
APT001577,PT00809,PR019,Physiotherapy Session,2026-06-14,Morning,3,Completed
APT001578,PT01542,PR010,Post-Op Care,2026-07-17,Morning,7,Completed
APT001579,PT00880,PR015,Physiotherapy Session,2026-07-09,Evening,9,Rescheduled
APT001580,PT00910,PR017,Vitals Check,2026-08-16,Morning,5,Completed
APT001581,PT01990,PR002,Vitals Check,2026-06-28,Morning,6,Completed
APT001582,PT00221,PR013,Diabetic Care Visit,2026-06-18,Evening,9,No-Show
APT001583,PT01762,PR019,Wound Dressing,2026-07-16,Afternoon,12,Completed
APT001584,PT01180,PR003,Diabetic Care Visit,2026-07-26,Morning,0,Cancelled
APT001585,PT01329,PR013,Post-Op Care,2026-08-03,Morning,5,Completed
APT001586,PT01280,PR012,Wound Dressing,2026-07-23,Evening,10,Completed
APT001587,PT01374,PR002,Diabetic Care Visit,2026-06-14,Morning,14,Completed
APT001588,PT01338,PR003,Wound Dressing,2026-08-09,Afternoon,5,Completed
APT001589,PT01455,PR019,Vitals Check,2026-08-27,Afternoon,7,Cancelled
APT001590,PT01055,PR014,Post-Op Care,2026-07-02,Morning,3,Completed
APT001591,PT01325,PR002,Post-Op Care,2026-08-18,Morning,5,Completed
APT001592,PT00848,PR001,Diabetic Care Visit,2026-07-03,Afternoon,2,Completed
APT001593,PT01521,PR002,Vitals Check,2026-07-05,Afternoon,9,Completed
APT001594,PT01508,PR011,Physiotherapy Session,2026-08-17,Evening,1,Completed
APT001595,PT01362,PR018,Wound Dressing,2026-07-09,Evening,11,Completed
APT001596,PT01298,PR007,Vitals Check,2026-07-04,Afternoon,12,No-Show
APT001597,PT01201,PR008,Post-Op Care,2026-07-01,Afternoon,10,Completed
APT001598,PT01051,PR011,Wound Dressing,2026-08-19,Morning,14,Completed
APT001599,PT00332,PR002,Nursing Visit,2026-08-16,Morning,10,Cancelled
APT001600,PT00875,PR007,Physiotherapy Session,2026-06-05,Afternoon,11,Cancelled
APT001601,PT00544,PR006,Diabetic Care Visit,2026-06-08,Afternoon,5,Completed
APT001602,PT00437,PR003,Diabetic Care Visit,2026-08-16,Afternoon,14,Completed
APT001603,PT00355,PR009,Vitals Check,2026-06-25,Afternoon,13,Completed
APT001604,PT01463,PR016,Nursing Visit,2026-08-24,Evening,7,Cancelled
APT001605,PT01705,PR015,Physiotherapy Session,2026-07-06,Afternoon,10,Completed
APT001606,PT01705,PR001,Vitals Check,2026-06-03,Afternoon,9,Completed
APT001607,PT00874,PR019,Vitals Check,2026-07-09,Evening,1,No-Show
APT001608,PT01410,PR011,Wound Dressing,2026-08-15,Evening,7,Completed
APT001609,PT00852,PR013,Wound Dressing,2026-08-20,Afternoon,2,Completed
APT001610,PT01042,PR019,Vitals Check,2026-07-24,Afternoon,2,Cancelled
APT001611,PT01082,PR003,Post-Op Care,2026-06-24,Afternoon,13,Completed
APT001612,PT00268,PR008,Post-Op Care,2026-07-01,Morning,13,Completed
APT001613,PT01289,PR004,Vitals Check,2026-07-25,Afternoon,2,Completed
APT001614,PT01464,PR014,Nursing Visit,2026-07-28,Morning,11,Completed
APT001615,PT00036,PR014,Post-Op Care,2026-06-06,Morning,5,Completed
APT001616,PT00908,PR010,Post-Op Care,2026-08-04,Afternoon,12,Completed
APT001617,PT01943,PR016,Nursing Visit,2026-07-09,Evening,3,Completed
APT001618,PT00054,PR014,Wound Dressing,2026-07-27,Evening,10,Completed
APT001619,PT01034,PR019,Wound Dressing,2026-08-19,Evening,0,Completed
APT001620,PT00076,PR006,Physiotherapy Session,2026-08-23,Afternoon,3,Completed
APT001621,PT00622,PR010,Diabetic Care Visit,2026-06-09,Afternoon,13,Completed
APT001622,PT00999,PR013,Wound Dressing,2026-07-02,Evening,9,No-Show
APT001623,PT01934,PR017,Diabetic Care Visit,2026-07-24,Afternoon,10,Completed
APT001624,PT01826,PR016,Nursing Visit,2026-06-07,Evening,9,No-Show
APT001625,PT00245,PR009,Diabetic Care Visit,2026-07-23,Evening,14,No-Show
APT001626,PT01532,PR004,Wound Dressing,2026-08-26,Morning,8,Completed
APT001627,PT01186,PR012,Vitals Check,2026-06-15,Morning,13,Completed
APT001628,PT00991,PR004,Wound Dressing,2026-06-21,Evening,5,Completed
APT001629,PT00212,PR010,Nursing Visit,2026-08-03,Morning,14,Cancelled
APT001630,PT00729,PR015,Diabetic Care Visit,2026-06-14,Afternoon,2,Completed
APT001631,PT01539,PR010,Post-Op Care,2026-08-16,Afternoon,11,Completed
APT001632,PT01068,PR004,Post-Op Care,2026-06-03,Evening,3,Cancelled
APT001633,PT00010,PR013,Wound Dressing,2026-08-02,Afternoon,10,Cancelled
APT001634,PT00393,PR014,Vitals Check,2026-07-16,Afternoon,6,Completed
APT001635,PT00603,PR019,Post-Op Care,2026-07-03,Morning,13,Completed
APT001636,PT01089,PR020,Physiotherapy Session,2026-08-04,Evening,0,Completed
APT001637,PT00375,PR008,Physiotherapy Session,2026-06-10,Morning,6,Completed
APT001638,PT01822,PR005,Vitals Check,2026-06-20,Afternoon,7,Rescheduled
APT001639,PT00807,PR017,Vitals Check,2026-08-05,Morning,9,Completed
APT001640,PT01999,PR008,Physiotherapy Session,2026-08-14,Evening,2,Completed
APT001641,PT00599,PR017,Diabetic Care Visit,2026-06-01,Evening,5,Completed
APT001642,PT00068,PR002,Nursing Visit,2026-06-10,Afternoon,1,Completed
APT001643,PT01731,PR011,Physiotherapy Session,2026-08-05,Morning,1,Completed
APT001644,PT01810,PR017,Diabetic Care Visit,2026-08-22,Afternoon,3,Completed
APT001645,PT00939,PR016,Nursing Visit,2026-07-02,Afternoon,12,Completed
APT001646,PT00041,PR013,Nursing Visit,2026-07-24,Morning,3,Completed
APT001647,PT00400,PR010,Wound Dressing,2026-08-03,Evening,10,Completed
APT001648,PT00886,PR002,Vitals Check,2026-07-24,Morning,1,No-Show
APT001649,PT01195,PR003,Post-Op Care,2026-07-21,Morning,11,No-Show
APT001650,PT00518,PR009,Physiotherapy Session,2026-08-10,Morning,12,Completed
APT001651,PT00468,PR004,Nursing Visit,2026-08-07,Evening,7,Completed
APT001652,PT00427,PR008,Vitals Check,2026-06-06,Afternoon,0,Completed
APT001653,PT01587,PR013,Post-Op Care,2026-08-08,Evening,9,Completed
APT001654,PT01495,PR010,Wound Dressing,2026-08-25,Evening,2,No-Show
APT001655,PT01451,PR010,Wound Dressing,2026-08-02,Afternoon,4,Completed
APT001656,PT01233,PR019,Post-Op Care,2026-06-23,Evening,4,Cancelled
APT001657,PT01256,PR010,Wound Dressing,2026-07-17,Evening,10,Completed
APT001658,PT01190,PR007,Post-Op Care,2026-06-05,Morning,13,Completed
APT001659,PT00006,PR007,Post-Op Care,2026-06-25,Morning,3,Completed
APT001660,PT01581,PR005,Physiotherapy Session,2026-06-27,Afternoon,2,Cancelled
APT001661,PT00139,PR013,Vitals Check,2026-08-12,Morning,1,No-Show
APT001662,PT01431,PR005,Post-Op Care,2026-06-25,Morning,0,Completed
APT001663,PT00847,PR003,Wound Dressing,2026-08-10,Morning,9,Completed
APT001664,PT00543,PR008,Wound Dressing,2026-08-16,Afternoon,1,Completed
APT001665,PT01039,PR008,Vitals Check,2026-07-25,Morning,2,Cancelled
APT001666,PT00224,PR008,Post-Op Care,2026-07-14,Morning,2,Completed
APT001667,PT01815,PR013,Post-Op Care,2026-07-15,Morning,6,Completed
APT001668,PT01844,PR003,Wound Dressing,2026-07-22,Evening,8,Completed
APT001669,PT00291,PR001,Post-Op Care,2026-07-04,Morning,11,Completed
APT001670,PT01843,PR016,Post-Op Care,2026-07-04,Morning,9,Completed
APT001671,PT00568,PR015,Nursing Visit,2026-06-01,Morning,10,Completed
APT001672,PT01404,PR002,Nursing Visit,2026-06-12,Evening,8,Completed
APT001673,PT01263,PR020,Nursing Visit,2026-07-19,Afternoon,13,No-Show
APT001674,PT00756,PR012,Physiotherapy Session,2026-07-22,Evening,0,Completed
APT001675,PT00365,PR015,Wound Dressing,2026-07-31,Afternoon,14,Completed
APT001676,PT00355,PR006,Diabetic Care Visit,2026-06-30,Morning,10,Completed
APT001677,PT01087,PR011,Diabetic Care Visit,2026-06-29,Evening,12,Completed
APT001678,PT00364,PR006,Vitals Check,2026-07-06,Evening,6,Completed
APT001679,PT01102,PR001,Vitals Check,2026-07-12,Evening,13,Completed
APT001680,PT00627,PR015,Diabetic Care Visit,2026-08-22,Afternoon,11,No-Show
APT001681,PT01460,PR013,Post-Op Care,2026-07-12,Afternoon,11,Completed
APT001682,PT01306,PR012,Post-Op Care,2026-07-01,Afternoon,11,Completed
APT001683,PT01532,PR008,Wound Dressing,2026-06-05,Morning,10,Completed
APT001684,PT00798,PR004,Diabetic Care Visit,2026-07-03,Morning,12,No-Show
APT001685,PT00839,PR006,Post-Op Care,2026-08-12,Morning,5,Cancelled
APT001686,PT01021,PR010,Diabetic Care Visit,2026-08-04,Morning,6,Completed
APT001687,PT00189,PR018,Diabetic Care Visit,2026-08-21,Morning,1,No-Show
APT001688,PT00427,PR013,Post-Op Care,2026-08-02,Evening,10,Completed
APT001689,PT01197,PR019,Physiotherapy Session,2026-07-13,Evening,2,Completed
APT001690,PT00928,PR002,Vitals Check,2026-08-28,Evening,13,Completed
APT001691,PT00719,PR001,Physiotherapy Session,2026-06-25,Afternoon,12,Completed
APT001692,PT01859,PR012,Vitals Check,2026-06-02,Evening,4,Rescheduled
APT001693,PT00686,PR006,Wound Dressing,2026-07-14,Morning,13,No-Show
APT001694,PT01180,PR009,Vitals Check,2026-08-17,Evening,9,Completed
APT001695,PT01374,PR002,Physiotherapy Session,2026-07-25,Evening,12,No-Show
APT001696,PT00318,PR001,Wound Dressing,2026-07-31,Afternoon,3,No-Show
APT001697,PT00555,PR002,Physiotherapy Session,2026-06-17,Morning,3,Completed
APT001698,PT01812,PR018,Physiotherapy Session,2026-06-08,Evening,9,Completed
APT001699,PT01067,PR017,Vitals Check,2026-06-27,Afternoon,9,Completed
APT001700,PT00437,PR006,Physiotherapy Session,2026-07-19,Evening,0,Completed
APT001701,PT01148,PR019,Physiotherapy Session,2026-07-09,Afternoon,11,Completed
APT001702,PT01175,PR010,Physiotherapy Session,2026-08-23,Afternoon,14,No-Show
APT001703,PT00185,PR013,Wound Dressing,2026-07-03,Evening,4,Completed
APT001704,PT00065,PR015,Physiotherapy Session,2026-06-30,Afternoon,5,Cancelled
APT001705,PT01857,PR003,Post-Op Care,2026-08-25,Morning,12,Completed
APT001706,PT01366,PR010,Post-Op Care,2026-06-08,Morning,11,Completed
APT001707,PT00581,PR018,Physiotherapy Session,2026-06-09,Afternoon,6,Completed
APT001708,PT00185,PR013,Post-Op Care,2026-08-24,Evening,6,No-Show
APT001709,PT01757,PR016,Physiotherapy Session,2026-08-29,Morning,1,Cancelled
APT001710,PT00644,PR016,Vitals Check,2026-08-03,Evening,1,Completed
APT001711,PT01335,PR012,Vitals Check,2026-06-06,Afternoon,2,Completed
APT001712,PT00315,PR014,Wound Dressing,2026-07-26,Evening,4,Completed
APT001713,PT01091,PR013,Diabetic Care Visit,2026-08-21,Morning,2,Completed
APT001714,PT00821,PR009,Diabetic Care Visit,2026-08-10,Evening,9,Completed
APT001715,PT01509,PR009,Vitals Check,2026-08-09,Evening,4,Completed
APT001716,PT01970,PR003,Nursing Visit,2026-07-28,Afternoon,4,Completed
APT001717,PT01792,PR014,Nursing Visit,2026-07-24,Afternoon,12,Completed
APT001718,PT00083,PR002,Nursing Visit,2026-06-10,Morning,14,Completed
APT001719,PT00797,PR020,Wound Dressing,2026-07-03,Morning,0,No-Show
APT001720,PT00992,PR014,Post-Op Care,2026-08-19,Afternoon,6,Completed
APT001721,PT00438,PR014,Wound Dressing,2026-07-23,Morning,4,Completed
APT001722,PT01909,PR011,Vitals Check,2026-06-12,Evening,1,Completed
APT001723,PT01470,PR014,Nursing Visit,2026-08-17,Morning,4,No-Show
APT001724,PT00169,PR018,Diabetic Care Visit,2026-08-27,Afternoon,7,Completed
APT001725,PT01592,PR001,Vitals Check,2026-08-28,Morning,12,No-Show
APT001726,PT00579,PR007,Post-Op Care,2026-07-06,Afternoon,9,Completed
APT001727,PT00663,PR010,Nursing Visit,2026-06-11,Evening,8,Completed
APT001728,PT00724,PR010,Diabetic Care Visit,2026-08-03,Evening,9,Completed
APT001729,PT00182,PR007,Nursing Visit,2026-07-09,Evening,14,No-Show
APT001730,PT01051,PR014,Physiotherapy Session,2026-08-09,Afternoon,14,Completed
APT001731,PT01192,PR017,Diabetic Care Visit,2026-06-03,Evening,7,Completed
APT001732,PT00609,PR013,Physiotherapy Session,2026-07-31,Morning,7,Completed
APT001733,PT00302,PR008,Vitals Check,2026-06-17,Evening,9,Completed
APT001734,PT01999,PR004,Physiotherapy Session,2026-08-28,Evening,1,Completed
APT001735,PT01195,PR003,Nursing Visit,2026-08-07,Afternoon,6,Completed
APT001736,PT01922,PR004,Wound Dressing,2026-08-15,Evening,10,No-Show
APT001737,PT01187,PR008,Nursing Visit,2026-06-15,Afternoon,0,Completed
APT001738,PT01724,PR001,Post-Op Care,2026-07-17,Afternoon,4,Completed
APT001739,PT00766,PR009,Wound Dressing,2026-07-12,Morning,5,Completed
APT001740,PT00639,PR010,Post-Op Care,2026-08-28,Afternoon,2,Completed
APT001741,PT01996,PR002,Diabetic Care Visit,2026-08-27,Afternoon,2,Cancelled
APT001742,PT01253,PR010,Diabetic Care Visit,2026-08-13,Afternoon,10,No-Show
APT001743,PT00397,PR018,Nursing Visit,2026-07-22,Morning,3,Completed
APT001744,PT00698,PR020,Wound Dressing,2026-06-23,Evening,14,Completed
APT001745,PT00898,PR004,Wound Dressing,2026-08-01,Afternoon,13,Rescheduled
APT001746,PT00701,PR013,Wound Dressing,2026-06-09,Evening,1,Completed
APT001747,PT00908,PR002,Vitals Check,2026-07-15,Morning,1,Completed
APT001748,PT01587,PR013,Physiotherapy Session,2026-06-19,Morning,0,Completed
APT001749,PT00479,PR010,Post-Op Care,2026-08-13,Evening,2,Cancelled
APT001750,PT01631,PR005,Nursing Visit,2026-08-13,Afternoon,6,No-Show
APT001751,PT01103,PR017,Nursing Visit,2026-06-13,Afternoon,6,No-Show
APT001752,PT00556,PR005,Vitals Check,2026-08-12,Evening,0,Completed
APT001753,PT00573,PR006,Diabetic Care Visit,2026-06-28,Evening,14,Completed
APT001754,PT00401,PR020,Diabetic Care Visit,2026-08-04,Afternoon,6,Cancelled
APT001755,PT00135,PR012,Nursing Visit,2026-06-02,Evening,2,No-Show
APT001756,PT00495,PR003,Physiotherapy Session,2026-07-22,Morning,5,Rescheduled
APT001757,PT00562,PR009,Physiotherapy Session,2026-06-19,Afternoon,8,Cancelled
APT001758,PT01412,PR007,Physiotherapy Session,2026-08-16,Morning,12,Completed
APT001759,PT00616,PR008,Vitals Check,2026-08-08,Afternoon,14,No-Show
APT001760,PT01526,PR010,Wound Dressing,2026-08-19,Afternoon,5,Rescheduled
APT001761,PT01665,PR019,Nursing Visit,2026-06-07,Morning,0,Completed
APT001762,PT00145,PR004,Physiotherapy Session,2026-07-25,Afternoon,7,Completed
APT001763,PT00095,PR011,Nursing Visit,2026-08-14,Morning,5,No-Show
APT001764,PT00717,PR007,Vitals Check,2026-07-21,Afternoon,13,Completed
APT001765,PT01665,PR016,Nursing Visit,2026-07-06,Evening,3,Completed
APT001766,PT00014,PR002,Physiotherapy Session,2026-06-14,Evening,14,Completed
APT001767,PT00274,PR001,Nursing Visit,2026-06-13,Evening,14,Completed
APT001768,PT01573,PR006,Nursing Visit,2026-06-21,Evening,10,No-Show
APT001769,PT00226,PR014,Nursing Visit,2026-07-02,Afternoon,8,Completed
APT001770,PT00815,PR015,Nursing Visit,2026-06-07,Morning,14,No-Show
APT001771,PT01582,PR018,Diabetic Care Visit,2026-06-08,Morning,7,Completed
APT001772,PT01202,PR013,Wound Dressing,2026-07-26,Afternoon,0,Completed
APT001773,PT01003,PR019,Diabetic Care Visit,2026-07-04,Evening,11,No-Show
APT001774,PT00685,PR011,Post-Op Care,2026-08-06,Morning,7,Cancelled
APT001775,PT00985,PR001,Wound Dressing,2026-07-18,Evening,0,Completed
APT001776,PT00909,PR007,Wound Dressing,2026-06-06,Afternoon,4,Completed
APT001777,PT01941,PR010,Nursing Visit,2026-08-03,Evening,0,Rescheduled
APT001778,PT00427,PR008,Physiotherapy Session,2026-08-05,Afternoon,14,No-Show
APT001779,PT00961,PR013,Wound Dressing,2026-08-08,Morning,7,Completed
APT001780,PT00983,PR008,Nursing Visit,2026-06-14,Evening,0,Cancelled
APT001781,PT00865,PR004,Physiotherapy Session,2026-08-08,Morning,0,Completed
APT001782,PT01068,PR008,Post-Op Care,2026-06-17,Evening,1,Completed
APT001783,PT01522,PR011,Wound Dressing,2026-07-04,Morning,0,No-Show
APT001784,PT00521,PR010,Nursing Visit,2026-07-30,Afternoon,12,Completed
APT001785,PT01494,PR013,Vitals Check,2026-08-08,Evening,0,Cancelled
APT001786,PT01384,PR005,Wound Dressing,2026-07-24,Morning,11,No-Show
APT001787,PT01955,PR001,Physiotherapy Session,2026-07-22,Evening,2,Completed
APT001788,PT00844,PR001,Physiotherapy Session,2026-07-21,Afternoon,14,Completed
APT001789,PT01392,PR018,Vitals Check,2026-06-25,Afternoon,13,Completed
APT001790,PT00400,PR002,Post-Op Care,2026-08-19,Morning,2,No-Show
APT001791,PT01003,PR019,Physiotherapy Session,2026-07-05,Morning,9,Completed
APT001792,PT00256,PR013,Nursing Visit,2026-06-26,Evening,14,No-Show
APT001793,PT00975,PR008,Diabetic Care Visit,2026-08-09,Afternoon,8,Completed
APT001794,PT00540,PR003,Diabetic Care Visit,2026-06-01,Afternoon,6,Completed
APT001795,PT00084,PR008,Nursing Visit,2026-07-06,Evening,13,Cancelled
APT001796,PT00561,PR003,Physiotherapy Session,2026-07-04,Afternoon,0,Completed
APT001797,PT00623,PR008,Diabetic Care Visit,2026-06-15,Morning,0,Completed
APT001798,PT01430,PR002,Physiotherapy Session,2026-08-09,Afternoon,2,No-Show
APT001799,PT01137,PR005,Post-Op Care,2026-07-15,Afternoon,3,Rescheduled
APT001800,PT00664,PR010,Wound Dressing,2026-06-11,Morning,12,Completed
APT001801,PT01344,PR001,Diabetic Care Visit,2026-07-16,Evening,1,No-Show
APT001802,PT01282,PR015,Post-Op Care,2026-08-20,Morning,4,Cancelled
APT001803,PT00563,PR002,Post-Op Care,2026-07-31,Afternoon,11,Rescheduled
APT001804,PT00611,PR009,Physiotherapy Session,2026-06-29,Evening,7,Completed
APT001805,PT01125,PR001,Post-Op Care,2026-06-20,Afternoon,13,Completed
APT001806,PT00177,PR006,Vitals Check,2026-08-22,Afternoon,8,No-Show
APT001807,PT01765,PR012,Post-Op Care,2026-06-11,Evening,4,Completed
APT001808,PT01934,PR003,Wound Dressing,2026-07-18,Morning,12,No-Show
APT001809,PT01427,PR009,Nursing Visit,2026-07-23,Morning,3,No-Show
APT001810,PT01607,PR006,Post-Op Care,2026-06-14,Evening,9,No-Show
APT001811,PT01311,PR002,Vitals Check,2026-07-04,Morning,0,Completed
APT001812,PT01286,PR008,Physiotherapy Session,2026-07-30,Morning,12,No-Show
APT001813,PT01922,PR013,Vitals Check,2026-08-17,Afternoon,6,Completed
APT001814,PT00363,PR006,Post-Op Care,2026-06-25,Morning,9,Completed
APT001815,PT01249,PR018,Vitals Check,2026-06-07,Evening,10,Completed
APT001816,PT00454,PR008,Nursing Visit,2026-07-29,Evening,14,Completed
APT001817,PT01417,PR009,Post-Op Care,2026-06-02,Morning,6,Completed
APT001818,PT01287,PR002,Vitals Check,2026-07-10,Evening,13,Completed
APT001819,PT00429,PR010,Nursing Visit,2026-06-13,Evening,9,Completed
APT001820,PT00682,PR020,Post-Op Care,2026-07-29,Evening,9,Completed
APT001821,PT01929,PR013,Post-Op Care,2026-06-18,Afternoon,0,Completed
APT001822,PT01145,PR007,Diabetic Care Visit,2026-06-29,Evening,0,No-Show
APT001823,PT00371,PR016,Wound Dressing,2026-08-07,Evening,7,No-Show
APT001824,PT00653,PR016,Vitals Check,2026-06-26,Evening,1,Completed
APT001825,PT00328,PR008,Nursing Visit,2026-08-01,Evening,9,Cancelled
APT001826,PT00381,PR009,Vitals Check,2026-06-29,Evening,12,Completed
APT001827,PT01889,PR001,Post-Op Care,2026-07-13,Afternoon,7,Rescheduled
APT001828,PT01277,PR013,Wound Dressing,2026-07-11,Afternoon,5,Completed
APT001829,PT00410,PR017,Post-Op Care,2026-08-17,Morning,7,Completed
APT001830,PT01160,PR002,Physiotherapy Session,2026-08-11,Afternoon,10,Cancelled
APT001831,PT01744,PR017,Diabetic Care Visit,2026-08-07,Afternoon,2,Rescheduled
APT001832,PT00449,PR013,Wound Dressing,2026-07-23,Afternoon,1,Completed
APT001833,PT01453,PR015,Post-Op Care,2026-06-26,Afternoon,10,Completed
APT001834,PT00428,PR016,Vitals Check,2026-07-23,Afternoon,13,Completed
APT001835,PT01102,PR016,Diabetic Care Visit,2026-07-16,Evening,9,Completed
APT001836,PT01907,PR008,Physiotherapy Session,2026-08-23,Evening,2,Completed
APT001837,PT00905,PR010,Vitals Check,2026-08-27,Morning,0,Cancelled
APT001838,PT01087,PR020,Vitals Check,2026-06-14,Morning,11,Completed
APT001839,PT00100,PR011,Wound Dressing,2026-07-23,Afternoon,2,Completed
APT001840,PT01127,PR010,Wound Dressing,2026-06-08,Afternoon,3,Completed
APT001841,PT01852,PR009,Post-Op Care,2026-07-14,Afternoon,9,Completed
APT001842,PT00151,PR010,Post-Op Care,2026-06-09,Evening,5,Completed
APT001843,PT00038,PR002,Diabetic Care Visit,2026-08-20,Morning,9,Completed
APT001844,PT00607,PR002,Vitals Check,2026-08-15,Evening,4,Cancelled
APT001845,PT01829,PR011,Diabetic Care Visit,2026-07-08,Afternoon,7,Completed
APT001846,PT00017,PR009,Post-Op Care,2026-07-28,Evening,14,No-Show
APT001847,PT01412,PR006,Vitals Check,2026-06-09,Afternoon,10,Completed
APT001848,PT01468,PR003,Wound Dressing,2026-06-01,Afternoon,10,Completed
APT001849,PT00694,PR010,Physiotherapy Session,2026-07-19,Afternoon,1,No-Show
APT001850,PT00136,PR018,Nursing Visit,2026-08-28,Morning,8,Completed
APT001851,PT01517,PR010,Diabetic Care Visit,2026-08-18,Evening,4,Completed
APT001852,PT00500,PR013,Physiotherapy Session,2026-06-16,Morning,8,Completed
APT001853,PT01419,PR013,Nursing Visit,2026-08-14,Morning,12,No-Show
APT001854,PT00320,PR008,Diabetic Care Visit,2026-08-25,Morning,2,Cancelled
APT001855,PT00339,PR010,Nursing Visit,2026-07-13,Afternoon,2,Completed
APT001856,PT01229,PR013,Vitals Check,2026-07-13,Morning,11,Completed
APT001857,PT01021,PR002,Post-Op Care,2026-08-06,Afternoon,5,Completed
APT001858,PT01216,PR020,Nursing Visit,2026-06-20,Evening,2,Completed
APT001859,PT00423,PR018,Nursing Visit,2026-07-07,Afternoon,13,Completed
APT001860,PT01642,PR010,Diabetic Care Visit,2026-08-03,Afternoon,14,Completed
APT001861,PT01939,PR001,Wound Dressing,2026-06-22,Afternoon,8,Completed
APT001862,PT00145,PR004,Diabetic Care Visit,2026-07-15,Morning,10,Completed
APT001863,PT00873,PR005,Post-Op Care,2026-08-03,Afternoon,9,Completed
APT001864,PT00696,PR013,Wound Dressing,2026-07-20,Morning,2,Completed
APT001865,PT01180,PR006,Wound Dressing,2026-08-24,Morning,7,Completed
APT001866,PT00278,PR020,Diabetic Care Visit,2026-08-12,Afternoon,10,Completed
APT001867,PT01847,PR006,Physiotherapy Session,2026-08-03,Afternoon,10,Completed
APT001868,PT00934,PR002,Vitals Check,2026-08-22,Morning,12,Completed
APT001869,PT01236,PR015,Nursing Visit,2026-08-14,Morning,4,Completed
APT001870,PT00029,PR004,Nursing Visit,2026-07-13,Morning,11,No-Show
APT001871,PT01246,PR014,Vitals Check,2026-07-24,Evening,13,Completed
APT001872,PT01516,PR010,Wound Dressing,2026-08-01,Afternoon,1,Completed
APT001873,PT00639,PR002,Physiotherapy Session,2026-06-07,Evening,12,Completed
APT001874,PT00581,PR018,Post-Op Care,2026-06-29,Morning,5,Completed
APT001875,PT01617,PR016,Nursing Visit,2026-06-20,Evening,3,Completed
APT001876,PT01535,PR004,Wound Dressing,2026-06-29,Afternoon,13,Completed
APT001877,PT01115,PR013,Vitals Check,2026-07-26,Evening,3,Completed
APT001878,PT01011,PR003,Diabetic Care Visit,2026-06-20,Morning,9,No-Show
APT001879,PT01247,PR007,Wound Dressing,2026-07-31,Afternoon,13,Completed
APT001880,PT01901,PR009,Post-Op Care,2026-08-08,Evening,6,Rescheduled
APT001881,PT00859,PR015,Physiotherapy Session,2026-08-02,Afternoon,9,Completed
APT001882,PT01000,PR010,Diabetic Care Visit,2026-06-20,Evening,10,Completed
APT001883,PT01634,PR003,Wound Dressing,2026-08-22,Morning,7,No-Show
APT001884,PT01689,PR002,Post-Op Care,2026-08-24,Morning,5,Cancelled
APT001885,PT01749,PR005,Nursing Visit,2026-07-19,Evening,12,Completed
APT001886,PT00129,PR007,Post-Op Care,2026-06-13,Evening,12,Cancelled
APT001887,PT01743,PR001,Nursing Visit,2026-08-19,Evening,2,Completed
APT001888,PT00198,PR018,Vitals Check,2026-08-21,Afternoon,13,Completed
APT001889,PT00652,PR006,Wound Dressing,2026-06-01,Afternoon,14,Completed
APT001890,PT01202,PR013,Nursing Visit,2026-08-27,Evening,11,Completed
APT001891,PT00247,PR008,Wound Dressing,2026-07-15,Evening,8,Cancelled
APT001892,PT01048,PR008,Post-Op Care,2026-08-22,Morning,9,Completed
APT001893,PT00555,PR010,Vitals Check,2026-08-19,Morning,2,Completed
APT001894,PT01561,PR010,Nursing Visit,2026-07-18,Afternoon,3,Completed
APT001895,PT01677,PR015,Physiotherapy Session,2026-06-14,Morning,9,Completed
APT001896,PT01192,PR006,Diabetic Care Visit,2026-06-16,Afternoon,5,Cancelled
APT001897,PT00829,PR009,Physiotherapy Session,2026-08-13,Afternoon,5,No-Show
APT001898,PT00055,PR011,Post-Op Care,2026-07-24,Evening,4,Rescheduled
APT001899,PT01763,PR013,Diabetic Care Visit,2026-06-21,Evening,6,Completed
APT001900,PT00058,PR008,Physiotherapy Session,2026-06-21,Evening,10,Completed
APT001901,PT01110,PR002,Nursing Visit,2026-06-26,Evening,10,Completed
APT001902,PT01989,PR004,Vitals Check,2026-06-28,Afternoon,12,Completed
APT001903,PT01954,PR018,Nursing Visit,2026-08-29,Evening,8,Completed
APT001904,PT01131,PR003,Post-Op Care,2026-08-07,Morning,13,Completed
APT001905,PT01682,PR010,Vitals Check,2026-07-13,Afternoon,11,Completed
APT001906,PT00278,PR012,Post-Op Care,2026-08-20,Afternoon,14,No-Show
APT001907,PT00749,PR010,Diabetic Care Visit,2026-07-03,Evening,4,Completed
APT001908,PT00101,PR013,Wound Dressing,2026-07-26,Evening,9,Completed
APT001909,PT00484,PR017,Diabetic Care Visit,2026-06-20,Evening,2,Completed
APT001910,PT00276,PR004,Wound Dressing,2026-07-02,Afternoon,10,Completed
APT001911,PT00716,PR003,Diabetic Care Visit,2026-06-18,Morning,5,Completed
APT001912,PT01691,PR019,Nursing Visit,2026-08-05,Evening,14,No-Show
APT001913,PT01553,PR012,Nursing Visit,2026-06-27,Evening,6,Rescheduled
APT001914,PT00324,PR004,Vitals Check,2026-06-26,Morning,6,Completed
APT001915,PT01990,PR002,Post-Op Care,2026-08-15,Morning,10,Cancelled
APT001916,PT00111,PR010,Wound Dressing,2026-08-12,Afternoon,5,Completed
APT001917,PT00680,PR008,Nursing Visit,2026-06-22,Evening,1,No-Show
APT001918,PT00144,PR002,Nursing Visit,2026-08-27,Morning,1,No-Show
APT001919,PT00182,PR003,Wound Dressing,2026-08-08,Afternoon,9,No-Show
APT001920,PT00215,PR003,Nursing Visit,2026-08-13,Afternoon,3,Completed
APT001921,PT01439,PR002,Post-Op Care,2026-06-10,Morning,10,No-Show
APT001922,PT00180,PR017,Vitals Check,2026-07-10,Morning,1,Completed
APT001923,PT00375,PR004,Post-Op Care,2026-08-20,Evening,4,Completed
APT001924,PT00631,PR012,Physiotherapy Session,2026-06-27,Afternoon,0,Completed
APT001925,PT00083,PR010,Diabetic Care Visit,2026-08-25,Morning,12,Completed
APT001926,PT01524,PR005,Post-Op Care,2026-07-08,Morning,7,Completed
APT001927,PT01039,PR008,Post-Op Care,2026-07-01,Morning,9,Cancelled
APT001928,PT01278,PR014,Diabetic Care Visit,2026-06-26,Morning,9,Completed
APT001929,PT01753,PR015,Nursing Visit,2026-07-26,Evening,3,Completed
APT001930,PT01055,PR014,Post-Op Care,2026-08-22,Morning,0,Completed
APT001931,PT00008,PR009,Wound Dressing,2026-06-03,Evening,1,No-Show
APT001932,PT00063,PR014,Diabetic Care Visit,2026-07-22,Morning,14,No-Show
APT001933,PT00489,PR020,Post-Op Care,2026-08-26,Afternoon,5,Completed
APT001934,PT00395,PR004,Nursing Visit,2026-06-19,Morning,4,Completed
APT001935,PT00699,PR015,Post-Op Care,2026-06-19,Evening,11,Completed
APT001936,PT00895,PR012,Nursing Visit,2026-06-09,Afternoon,5,Completed
APT001937,PT01895,PR013,Wound Dressing,2026-07-15,Afternoon,7,Completed
APT001938,PT00146,PR019,Post-Op Care,2026-06-04,Evening,8,No-Show
APT001939,PT01110,PR002,Physiotherapy Session,2026-07-27,Afternoon,1,No-Show
APT001940,PT01155,PR016,Nursing Visit,2026-06-24,Morning,8,Completed
APT001941,PT00390,PR017,Diabetic Care Visit,2026-06-15,Afternoon,3,Completed
APT001942,PT01668,PR013,Vitals Check,2026-07-16,Afternoon,1,Completed
APT001943,PT01050,PR012,Nursing Visit,2026-07-13,Morning,8,Completed
APT001944,PT00672,PR020,Post-Op Care,2026-08-14,Evening,2,Completed
APT001945,PT01775,PR006,Diabetic Care Visit,2026-07-12,Evening,5,Completed
APT001946,PT01934,PR009,Post-Op Care,2026-07-14,Evening,1,Completed
APT001947,PT01397,PR002,Vitals Check,2026-08-17,Morning,13,Completed
APT001948,PT00689,PR003,Physiotherapy Session,2026-06-14,Evening,6,Completed
APT001949,PT01823,PR001,Post-Op Care,2026-07-13,Morning,13,Completed
APT001950,PT01114,PR019,Post-Op Care,2026-06-15,Afternoon,3,Completed
APT001951,PT01924,PR014,Physiotherapy Session,2026-07-23,Afternoon,6,Completed
APT001952,PT01911,PR010,Physiotherapy Session,2026-06-30,Morning,11,Rescheduled
APT001953,PT00560,PR019,Wound Dressing,2026-06-11,Evening,10,Completed
APT001954,PT00153,PR012,Physiotherapy Session,2026-07-10,Morning,0,Completed
APT001955,PT01624,PR016,Nursing Visit,2026-06-05,Afternoon,12,No-Show
APT001956,PT01866,PR012,Wound Dressing,2026-07-30,Morning,8,Cancelled
APT001957,PT00354,PR009,Physiotherapy Session,2026-06-16,Morning,1,Completed
APT001958,PT01994,PR004,Vitals Check,2026-07-15,Afternoon,1,Completed
APT001959,PT00466,PR004,Vitals Check,2026-08-23,Morning,12,Completed
APT001960,PT01409,PR019,Diabetic Care Visit,2026-08-17,Afternoon,3,Completed
APT001961,PT01294,PR003,Diabetic Care Visit,2026-08-26,Afternoon,14,No-Show
APT001962,PT00188,PR008,Vitals Check,2026-06-27,Afternoon,11,Completed
APT001963,PT00727,PR019,Physiotherapy Session,2026-06-25,Evening,1,Completed
APT001964,PT01374,PR002,Post-Op Care,2026-07-10,Afternoon,0,Completed
APT001965,PT01030,PR015,Diabetic Care Visit,2026-08-02,Afternoon,4,Rescheduled
APT001966,PT00196,PR006,Vitals Check,2026-06-30,Evening,7,No-Show
APT001967,PT00215,PR017,Diabetic Care Visit,2026-06-10,Afternoon,5,Cancelled
APT001968,PT00082,PR002,Physiotherapy Session,2026-06-12,Morning,6,Completed
APT001969,PT01778,PR016,Nursing Visit,2026-08-06,Afternoon,6,Rescheduled
APT001970,PT00882,PR001,Post-Op Care,2026-07-02,Evening,1,Cancelled
APT001971,PT01544,PR013,Nursing Visit,2026-06-29,Evening,10,Completed
APT001972,PT01184,PR002,Vitals Check,2026-07-06,Afternoon,9,Completed
APT001973,PT00643,PR002,Diabetic Care Visit,2026-06-06,Afternoon,2,Completed
APT001974,PT00613,PR002,Vitals Check,2026-08-28,Afternoon,7,Completed
APT001975,PT00767,PR018,Wound Dressing,2026-06-14,Morning,0,Completed
APT001976,PT00339,PR010,Diabetic Care Visit,2026-07-29,Afternoon,0,No-Show
APT001977,PT01745,PR005,Vitals Check,2026-07-23,Evening,9,Rescheduled
APT001978,PT01835,PR004,Nursing Visit,2026-08-26,Morning,7,Completed
APT001979,PT00628,PR007,Wound Dressing,2026-06-29,Afternoon,7,Completed
APT001980,PT01819,PR006,Post-Op Care,2026-07-27,Afternoon,4,Cancelled
APT001981,PT00084,PR008,Vitals Check,2026-06-17,Afternoon,4,Completed
APT001982,PT01522,PR020,Physiotherapy Session,2026-08-09,Morning,14,No-Show
APT001983,PT01347,PR002,Post-Op Care,2026-07-09,Morning,7,Completed
APT001984,PT01468,PR009,Physiotherapy Session,2026-06-01,Afternoon,13,Completed
APT001985,PT00333,PR010,Wound Dressing,2026-06-05,Morning,10,Cancelled
APT001986,PT01033,PR015,Diabetic Care Visit,2026-07-28,Afternoon,5,Completed
APT001987,PT00820,PR018,Nursing Visit,2026-06-27,Evening,11,Cancelled
APT001988,PT01919,PR001,Nursing Visit,2026-07-26,Afternoon,13,Completed
APT001989,PT00174,PR010,Wound Dressing,2026-07-19,Afternoon,0,Cancelled
APT001990,PT00610,PR010,Vitals Check,2026-08-19,Afternoon,5,Completed
APT001991,PT01390,PR002,Vitals Check,2026-08-20,Afternoon,9,Completed
APT001992,PT01831,PR003,Wound Dressing,2026-08-05,Afternoon,12,Rescheduled
APT001993,PT01110,PR002,Vitals Check,2026-07-10,Evening,7,Completed
APT001994,PT00501,PR003,Diabetic Care Visit,2026-08-16,Evening,11,Completed
APT001995,PT01477,PR003,Post-Op Care,2026-06-06,Afternoon,2,Completed
APT001996,PT01821,PR004,Physiotherapy Session,2026-08-22,Evening,5,No-Show
APT001997,PT01932,PR002,Post-Op Care,2026-06-17,Afternoon,13,Completed
APT001998,PT01564,PR015,Diabetic Care Visit,2026-07-13,Afternoon,10,Completed
APT001999,PT00329,PR009,Vitals Check,2026-08-15,Afternoon,6,Cancelled
APT002000,PT01532,PR004,Wound Dressing,2026-08-06,Afternoon,8,Cancelled
APT002001,PT01582,PR011,Nursing Visit,2026-08-27,Afternoon,12,Completed
APT002002,PT00780,PR014,Wound Dressing,2026-07-14,Evening,2,No-Show
APT002003,PT00234,PR020,Vitals Check,2026-07-02,Evening,1,No-Show
APT002004,PT00062,PR006,Nursing Visit,2026-07-11,Afternoon,8,No-Show
APT002005,PT01377,PR018,Physiotherapy Session,2026-08-01,Afternoon,0,No-Show
APT002006,PT00520,PR017,Vitals Check,2026-08-20,Morning,5,Completed
APT002007,PT00590,PR004,Vitals Check,2026-08-01,Afternoon,1,Completed
APT002008,PT00987,PR003,Post-Op Care,2026-07-22,Morning,12,Completed
APT002009,PT01011,PR007,Post-Op Care,2026-06-04,Evening,4,Completed
APT002010,PT00671,PR010,Post-Op Care,2026-07-07,Morning,2,No-Show
APT002011,PT01729,PR005,Nursing Visit,2026-08-07,Evening,3,No-Show
APT002012,PT00388,PR003,Vitals Check,2026-07-16,Morning,13,Completed
APT002013,PT00271,PR019,Wound Dressing,2026-06-22,Morning,3,No-Show
APT002014,PT01808,PR007,Diabetic Care Visit,2026-08-28,Morning,7,Completed
APT002015,PT01132,PR013,Wound Dressing,2026-08-13,Evening,13,Cancelled
APT002016,PT00682,PR014,Physiotherapy Session,2026-07-28,Afternoon,6,Completed
APT002017,PT00135,PR018,Diabetic Care Visit,2026-07-07,Morning,0,Rescheduled
APT002018,PT00590,PR013,Vitals Check,2026-06-24,Evening,6,Completed
APT002019,PT01682,PR002,Vitals Check,2026-06-29,Evening,4,Completed
APT002020,PT00809,PR005,Wound Dressing,2026-07-13,Morning,5,Completed
APT002021,PT00307,PR013,Post-Op Care,2026-08-25,Afternoon,12,Completed
APT002022,PT00674,PR009,Diabetic Care Visit,2026-07-13,Morning,3,No-Show
APT002023,PT00329,PR007,Wound Dressing,2026-06-07,Afternoon,10,Completed
APT002024,PT00279,PR004,Physiotherapy Session,2026-08-19,Evening,5,Completed
APT002025,PT00712,PR012,Physiotherapy Session,2026-08-10,Morning,11,No-Show
APT002026,PT00275,PR010,Diabetic Care Visit,2026-06-07,Afternoon,8,Completed
APT002027,PT00496,PR002,Wound Dressing,2026-07-20,Morning,0,Completed
APT002028,PT00347,PR013,Vitals Check,2026-07-09,Evening,7,Completed
APT002029,PT00610,PR002,Wound Dressing,2026-08-17,Evening,12,Completed
APT002030,PT01402,PR008,Post-Op Care,2026-08-07,Morning,12,No-Show
APT002031,PT00020,PR002,Diabetic Care Visit,2026-08-11,Evening,8,Completed
APT002032,PT00375,PR013,Physiotherapy Session,2026-07-11,Evening,11,Completed
APT002033,PT01076,PR007,Nursing Visit,2026-08-06,Afternoon,13,Completed
APT002034,PT01257,PR015,Nursing Visit,2026-08-24,Morning,0,Completed
APT002035,PT00459,PR013,Wound Dressing,2026-06-22,Morning,2,Completed
APT002036,PT01703,PR017,Vitals Check,2026-08-26,Morning,1,Rescheduled
APT002037,PT01548,PR002,Nursing Visit,2026-07-21,Evening,12,Completed
APT002038,PT00525,PR007,Nursing Visit,2026-06-24,Afternoon,5,Completed
APT002039,PT01700,PR005,Post-Op Care,2026-06-02,Evening,0,Completed
APT002040,PT00945,PR013,Wound Dressing,2026-08-29,Afternoon,3,No-Show
APT002041,PT00339,PR010,Nursing Visit,2026-07-19,Evening,4,No-Show
APT002042,PT01102,PR016,Physiotherapy Session,2026-08-22,Morning,7,Completed
APT002043,PT00048,PR017,Nursing Visit,2026-08-24,Afternoon,7,Completed
APT002044,PT01986,PR018,Diabetic Care Visit,2026-07-05,Afternoon,10,Rescheduled
APT002045,PT01596,PR008,Post-Op Care,2026-07-11,Evening,9,Completed
APT002046,PT01515,PR019,Post-Op Care,2026-08-19,Evening,13,Completed
APT002047,PT00549,PR012,Vitals Check,2026-07-04,Morning,0,Completed
APT002048,PT00094,PR005,Diabetic Care Visit,2026-07-21,Afternoon,5,Rescheduled
APT002049,PT00703,PR013,Physiotherapy Session,2026-06-12,Afternoon,3,Cancelled
APT002050,PT00130,PR002,Vitals Check,2026-07-15,Evening,2,Rescheduled
APT002051,PT00057,PR002,Nursing Visit,2026-07-04,Evening,14,Completed
APT002052,PT00318,PR005,Vitals Check,2026-07-18,Evening,0,No-Show
APT002053,PT01201,PR004,Nursing Visit,2026-06-12,Morning,2,Completed
APT002054,PT01654,PR016,Vitals Check,2026-07-24,Afternoon,3,Completed
APT002055,PT01639,PR009,Physiotherapy Session,2026-07-06,Afternoon,11,Completed
APT002056,PT01627,PR010,Post-Op Care,2026-07-08,Morning,5,Completed
APT002057,PT01999,PR004,Physiotherapy Session,2026-08-27,Evening,5,Cancelled
APT002058,PT01673,PR010,Diabetic Care Visit,2026-06-04,Morning,4,Completed
APT002059,PT01692,PR016,Vitals Check,2026-08-22,Morning,5,Completed
APT002060,PT01845,PR020,Diabetic Care Visit,2026-07-24,Morning,11,Completed
APT002061,PT00307,PR013,Diabetic Care Visit,2026-08-14,Evening,14,No-Show
APT002062,PT00855,PR016,Post-Op Care,2026-07-21,Morning,10,No-Show
APT002063,PT00206,PR020,Physiotherapy Session,2026-06-28,Afternoon,14,Cancelled
APT002064,PT00762,PR010,Vitals Check,2026-06-19,Afternoon,14,Rescheduled
APT002065,PT00696,PR008,Diabetic Care Visit,2026-07-09,Morning,9,Completed
APT002066,PT01507,PR010,Wound Dressing,2026-06-14,Afternoon,10,No-Show
APT002067,PT00592,PR002,Post-Op Care,2026-06-24,Afternoon,8,Completed
APT002068,PT01001,PR004,Diabetic Care Visit,2026-07-05,Morning,4,Completed
APT002069,PT01841,PR012,Nursing Visit,2026-06-17,Afternoon,6,Completed
APT002070,PT00974,PR002,Diabetic Care Visit,2026-08-20,Evening,4,No-Show
APT002071,PT01592,PR001,Vitals Check,2026-07-16,Afternoon,4,Completed
APT002072,PT00110,PR008,Physiotherapy Session,2026-08-08,Morning,3,Rescheduled
APT002073,PT00309,PR014,Wound Dressing,2026-08-09,Evening,1,No-Show
APT002074,PT00255,PR018,Nursing Visit,2026-07-25,Evening,13,Completed
APT002075,PT01750,PR018,Post-Op Care,2026-06-29,Evening,10,Completed
APT002076,PT01348,PR014,Vitals Check,2026-07-07,Evening,14,No-Show
APT002077,PT00817,PR006,Vitals Check,2026-08-17,Morning,13,Completed
APT002078,PT00044,PR020,Post-Op Care,2026-06-01,Evening,3,Completed
APT002079,PT01033,PR015,Nursing Visit,2026-06-13,Evening,9,Completed
APT002080,PT01632,PR008,Vitals Check,2026-08-11,Afternoon,2,Cancelled
APT002081,PT01500,PR020,Nursing Visit,2026-06-04,Evening,13,Completed
APT002082,PT01599,PR004,Vitals Check,2026-08-23,Evening,2,No-Show
APT002083,PT00452,PR002,Wound Dressing,2026-08-15,Afternoon,6,No-Show
APT002084,PT00010,PR013,Diabetic Care Visit,2026-06-17,Afternoon,11,Completed
APT002085,PT01689,PR010,Diabetic Care Visit,2026-06-28,Afternoon,8,Completed
APT002086,PT01163,PR007,Diabetic Care Visit,2026-08-18,Afternoon,5,No-Show
APT002087,PT00692,PR010,Nursing Visit,2026-08-23,Morning,10,Completed
APT002088,PT00903,PR015,Vitals Check,2026-08-11,Afternoon,5,No-Show
APT002089,PT01101,PR016,Post-Op Care,2026-08-12,Afternoon,10,Cancelled
APT002090,PT01571,PR003,Post-Op Care,2026-07-06,Afternoon,13,Completed
APT002091,PT01355,PR010,Nursing Visit,2026-07-14,Evening,4,Completed
APT002092,PT00399,PR009,Post-Op Care,2026-06-24,Evening,14,Completed
APT002093,PT00038,PR002,Post-Op Care,2026-08-11,Evening,10,No-Show
APT002094,PT00539,PR014,Wound Dressing,2026-07-28,Afternoon,10,No-Show
APT002095,PT01670,PR018,Diabetic Care Visit,2026-08-04,Morning,11,Completed
APT002096,PT00724,PR002,Nursing Visit,2026-07-08,Evening,10,Rescheduled
APT002097,PT01668,PR008,Wound Dressing,2026-06-18,Afternoon,11,Completed
APT002098,PT00773,PR010,Diabetic Care Visit,2026-08-02,Afternoon,7,Completed
APT002099,PT01188,PR012,Diabetic Care Visit,2026-08-25,Evening,9,Completed
APT002100,PT00700,PR010,Physiotherapy Session,2026-07-10,Evening,12,Completed
APT002101,PT01221,PR012,Vitals Check,2026-06-28,Afternoon,8,Completed
APT002102,PT01051,PR020,Post-Op Care,2026-07-17,Morning,11,Completed
APT002103,PT01673,PR010,Wound Dressing,2026-07-10,Evening,7,No-Show
APT002104,PT01586,PR013,Wound Dressing,2026-07-15,Morning,9,Completed
APT002105,PT00507,PR004,Nursing Visit,2026-08-01,Morning,6,No-Show
APT002106,PT00933,PR003,Wound Dressing,2026-06-26,Evening,10,Completed
APT002107,PT00773,PR002,Nursing Visit,2026-08-18,Evening,9,Completed
APT002108,PT00729,PR019,Nursing Visit,2026-08-19,Morning,13,Cancelled
APT002109,PT01737,PR010,Wound Dressing,2026-08-13,Afternoon,7,Completed
APT002110,PT01818,PR013,Diabetic Care Visit,2026-08-08,Evening,3,Completed
APT002111,PT00962,PR008,Post-Op Care,2026-07-11,Evening,10,No-Show
APT002112,PT01621,PR001,Wound Dressing,2026-07-12,Morning,10,No-Show
APT002113,PT00728,PR004,Post-Op Care,2026-06-18,Evening,12,Completed
APT002114,PT00186,PR006,Physiotherapy Session,2026-07-24,Evening,1,Cancelled
APT002115,PT00504,PR005,Diabetic Care Visit,2026-07-04,Afternoon,9,Completed
APT002116,PT00650,PR004,Vitals Check,2026-07-13,Morning,14,Completed
APT002117,PT01662,PR011,Diabetic Care Visit,2026-06-17,Evening,11,No-Show
APT002118,PT00574,PR008,Diabetic Care Visit,2026-07-06,Morning,3,Cancelled
APT002119,PT01630,PR004,Physiotherapy Session,2026-08-15,Evening,10,Cancelled
APT002120,PT00935,PR002,Nursing Visit,2026-07-31,Morning,10,Completed
APT002121,PT00875,PR006,Physiotherapy Session,2026-07-20,Morning,10,Completed
APT002122,PT00642,PR011,Wound Dressing,2026-07-22,Morning,1,No-Show
APT002123,PT00325,PR009,Wound Dressing,2026-07-17,Evening,2,Completed
APT002124,PT00569,PR010,Post-Op Care,2026-07-17,Afternoon,6,Completed
APT002125,PT00599,PR006,Post-Op Care,2026-08-18,Evening,12,Completed
APT002126,PT01856,PR004,Vitals Check,2026-06-26,Evening,0,Completed
APT002127,PT01504,PR015,Vitals Check,2026-06-02,Afternoon,4,No-Show
APT002128,PT00874,PR016,Diabetic Care Visit,2026-08-26,Afternoon,5,Completed
APT002129,PT00442,PR002,Physiotherapy Session,2026-06-22,Afternoon,2,No-Show
APT002130,PT00216,PR003,Vitals Check,2026-07-25,Evening,7,Completed
APT002131,PT01533,PR011,Physiotherapy Session,2026-08-25,Morning,13,Completed
APT002132,PT00429,PR010,Wound Dressing,2026-08-26,Morning,4,Completed
APT002133,PT00428,PR005,Physiotherapy Session,2026-08-28,Morning,12,No-Show
APT002134,PT00152,PR020,Physiotherapy Session,2026-08-02,Evening,1,No-Show
APT002135,PT00296,PR013,Wound Dressing,2026-08-02,Afternoon,2,Completed
APT002136,PT00979,PR002,Nursing Visit,2026-07-06,Morning,8,No-Show
APT002137,PT00323,PR010,Physiotherapy Session,2026-07-25,Afternoon,13,Completed
APT002138,PT01128,PR009,Post-Op Care,2026-07-29,Morning,8,Completed
APT002139,PT01852,PR003,Post-Op Care,2026-06-26,Evening,14,Completed
APT002140,PT00346,PR008,Nursing Visit,2026-08-27,Morning,12,Completed
APT002141,PT00181,PR012,Wound Dressing,2026-07-10,Afternoon,14,No-Show
APT002142,PT00100,PR014,Vitals Check,2026-07-24,Morning,11,Rescheduled
APT002143,PT01816,PR010,Post-Op Care,2026-08-05,Evening,9,Completed
APT002144,PT01486,PR014,Physiotherapy Session,2026-06-08,Evening,11,Completed
APT002145,PT00035,PR016,Wound Dressing,2026-06-01,Evening,6,Completed
APT002146,PT01062,PR018,Nursing Visit,2026-07-07,Afternoon,11,Completed
APT002147,PT00325,PR006,Diabetic Care Visit,2026-07-29,Evening,0,No-Show
APT002148,PT01861,PR015,Vitals Check,2026-07-16,Evening,6,No-Show
APT002149,PT01052,PR013,Nursing Visit,2026-08-04,Morning,12,Cancelled
APT002150,PT00956,PR007,Wound Dressing,2026-08-01,Morning,3,No-Show
APT002151,PT01960,PR012,Physiotherapy Session,2026-06-20,Morning,6,Completed
APT002152,PT00800,PR005,Physiotherapy Session,2026-07-09,Morning,11,Completed
APT002153,PT00485,PR011,Physiotherapy Session,2026-06-06,Evening,1,Completed
APT002154,PT01581,PR015,Physiotherapy Session,2026-07-01,Evening,1,Completed
APT002155,PT00703,PR008,Diabetic Care Visit,2026-06-21,Evening,6,No-Show
APT002156,PT01328,PR004,Wound Dressing,2026-06-06,Evening,1,Cancelled
APT002157,PT01156,PR007,Nursing Visit,2026-08-15,Evening,0,No-Show
APT002158,PT01125,PR005,Post-Op Care,2026-08-29,Morning,11,Completed
APT002159,PT00136,PR014,Diabetic Care Visit,2026-06-11,Morning,1,Completed
APT002160,PT00032,PR012,Vitals Check,2026-06-12,Afternoon,11,Completed
APT002161,PT00729,PR019,Nursing Visit,2026-06-30,Afternoon,14,Completed
APT002162,PT01700,PR005,Wound Dressing,2026-06-09,Afternoon,12,Completed
APT002163,PT00707,PR005,Vitals Check,2026-07-18,Evening,3,No-Show
APT002164,PT01605,PR015,Diabetic Care Visit,2026-08-29,Afternoon,2,No-Show
APT002165,PT00856,PR002,Nursing Visit,2026-08-09,Evening,4,Cancelled
APT002166,PT01895,PR004,Physiotherapy Session,2026-08-18,Afternoon,10,Completed
APT002167,PT00150,PR011,Post-Op Care,2026-08-16,Evening,10,Completed
APT002168,PT01366,PR010,Post-Op Care,2026-07-10,Evening,1,Completed
APT002169,PT01829,PR014,Post-Op Care,2026-06-06,Morning,6,Completed
APT002170,PT01590,PR013,Wound Dressing,2026-07-21,Afternoon,14,No-Show
APT002171,PT00475,PR011,Vitals Check,2026-07-25,Afternoon,7,Completed
APT002172,PT01808,PR006,Diabetic Care Visit,2026-07-03,Morning,8,Completed
APT002173,PT00511,PR002,Vitals Check,2026-07-16,Afternoon,9,Completed
APT002174,PT00034,PR002,Physiotherapy Session,2026-07-28,Morning,9,No-Show
APT002175,PT01012,PR003,Diabetic Care Visit,2026-06-12,Morning,8,Completed
APT002176,PT00983,PR008,Physiotherapy Session,2026-06-28,Afternoon,0,Completed
APT002177,PT00121,PR018,Diabetic Care Visit,2026-07-21,Evening,6,No-Show
APT002178,PT01692,PR019,Nursing Visit,2026-06-07,Evening,3,No-Show
APT002179,PT01934,PR017,Nursing Visit,2026-06-05,Afternoon,5,Completed
APT002180,PT00156,PR012,Physiotherapy Session,2026-07-04,Morning,6,No-Show
APT002181,PT01549,PR003,Diabetic Care Visit,2026-07-27,Afternoon,1,Completed
APT002182,PT01099,PR010,Vitals Check,2026-08-06,Afternoon,9,Completed
APT002183,PT01817,PR003,Diabetic Care Visit,2026-06-16,Afternoon,6,Completed
APT002184,PT01683,PR012,Physiotherapy Session,2026-06-14,Afternoon,13,Completed
APT002185,PT00766,PR003,Post-Op Care,2026-08-08,Morning,13,Cancelled
APT002186,PT00927,PR004,Vitals Check,2026-07-12,Morning,14,Completed
APT002187,PT01880,PR001,Diabetic Care Visit,2026-06-27,Afternoon,8,No-Show
APT002188,PT00029,PR013,Post-Op Care,2026-08-27,Evening,0,Completed
APT002189,PT00278,PR018,Wound Dressing,2026-07-22,Morning,9,Cancelled
APT002190,PT00763,PR005,Nursing Visit,2026-08-15,Afternoon,11,Cancelled
APT002191,PT01127,PR002,Physiotherapy Session,2026-06-03,Afternoon,4,Completed
APT002192,PT01672,PR007,Post-Op Care,2026-07-23,Afternoon,11,Cancelled
APT002193,PT01365,PR013,Physiotherapy Session,2026-07-22,Afternoon,13,Completed
APT002194,PT00669,PR008,Post-Op Care,2026-06-25,Evening,1,Completed
APT002195,PT00681,PR012,Diabetic Care Visit,2026-06-29,Evening,10,Cancelled
APT002196,PT00124,PR017,Vitals Check,2026-07-13,Afternoon,5,Completed
APT002197,PT00025,PR003,Wound Dressing,2026-06-21,Afternoon,14,Completed
APT002198,PT01218,PR008,Vitals Check,2026-06-01,Evening,14,No-Show
APT002199,PT01589,PR009,Vitals Check,2026-08-04,Evening,2,Rescheduled
APT002200,PT01597,PR015,Vitals Check,2026-07-08,Evening,5,Rescheduled
APT002201,PT01360,PR001,Diabetic Care Visit,2026-07-03,Afternoon,9,No-Show
APT002202,PT00173,PR010,Nursing Visit,2026-08-24,Morning,0,Completed
APT002203,PT01814,PR020,Post-Op Care,2026-08-29,Afternoon,8,Completed
APT002204,PT00364,PR017,Physiotherapy Session,2026-08-22,Evening,4,Completed
APT002205,PT01265,PR003,Wound Dressing,2026-07-09,Evening,7,No-Show
APT002206,PT01521,PR010,Vitals Check,2026-08-26,Morning,10,Completed
APT002207,PT01877,PR004,Nursing Visit,2026-08-23,Morning,6,Completed
APT002208,PT01929,PR004,Post-Op Care,2026-06-20,Evening,5,Completed
APT002209,PT01709,PR012,Vitals Check,2026-07-24,Afternoon,8,Completed
APT002210,PT01174,PR004,Vitals Check,2026-06-08,Afternoon,1,No-Show
APT002211,PT01543,PR016,Physiotherapy Session,2026-07-10,Morning,14,Completed
APT002212,PT01558,PR018,Vitals Check,2026-06-17,Afternoon,8,Completed
APT002213,PT00687,PR011,Wound Dressing,2026-06-18,Morning,4,No-Show
APT002214,PT01110,PR010,Vitals Check,2026-08-22,Afternoon,5,Completed
APT002215,PT01609,PR017,Vitals Check,2026-08-13,Morning,9,Completed
APT002216,PT00483,PR002,Vitals Check,2026-08-14,Afternoon,7,Rescheduled
APT002217,PT00228,PR019,Vitals Check,2026-08-23,Afternoon,6,No-Show
APT002218,PT00187,PR008,Physiotherapy Session,2026-08-28,Evening,3,Completed
APT002219,PT01887,PR004,Nursing Visit,2026-08-10,Afternoon,4,Completed
APT002220,PT01286,PR013,Diabetic Care Visit,2026-07-20,Evening,11,Completed
APT002221,PT01161,PR004,Post-Op Care,2026-06-15,Afternoon,7,Completed
APT002222,PT00507,PR008,Wound Dressing,2026-07-31,Morning,3,Rescheduled
APT002223,PT01064,PR008,Diabetic Care Visit,2026-06-16,Afternoon,2,Completed
APT002224,PT01194,PR008,Diabetic Care Visit,2026-06-23,Evening,1,Rescheduled
APT002225,PT00671,PR010,Diabetic Care Visit,2026-07-22,Evening,14,No-Show
APT002226,PT00839,PR009,Wound Dressing,2026-08-18,Morning,5,No-Show
APT002227,PT01211,PR003,Physiotherapy Session,2026-06-04,Evening,3,Completed
APT002228,PT01341,PR012,Nursing Visit,2026-06-24,Morning,8,No-Show
APT002229,PT01155,PR001,Nursing Visit,2026-07-26,Afternoon,7,Completed
APT002230,PT00722,PR004,Diabetic Care Visit,2026-07-15,Afternoon,0,Completed
APT002231,PT01899,PR002,Wound Dressing,2026-06-05,Morning,2,Completed
APT002232,PT00649,PR001,Wound Dressing,2026-08-29,Afternoon,0,Completed
APT002233,PT00099,PR002,Physiotherapy Session,2026-07-05,Morning,5,Completed
APT002234,PT01801,PR006,Diabetic Care Visit,2026-07-26,Evening,6,Completed
APT002235,PT01945,PR002,Diabetic Care Visit,2026-07-23,Afternoon,12,No-Show
APT002236,PT00351,PR020,Post-Op Care,2026-07-08,Morning,9,No-Show
APT002237,PT01208,PR014,Diabetic Care Visit,2026-06-28,Evening,12,Completed
APT002238,PT00037,PR002,Post-Op Care,2026-08-05,Morning,11,Completed
APT002239,PT00313,PR015,Wound Dressing,2026-06-01,Evening,12,Cancelled
APT002240,PT00070,PR006,Wound Dressing,2026-06-05,Afternoon,11,Completed
APT002241,PT00025,PR003,Physiotherapy Session,2026-08-29,Morning,1,Cancelled
APT002242,PT00359,PR015,Physiotherapy Session,2026-07-05,Evening,5,Completed
APT002243,PT01505,PR013,Diabetic Care Visit,2026-06-14,Evening,6,Completed
APT002244,PT00037,PR010,Post-Op Care,2026-08-13,Afternoon,8,No-Show
APT002245,PT01079,PR019,Physiotherapy Session,2026-06-02,Morning,12,Completed
APT002246,PT00050,PR013,Physiotherapy Session,2026-07-20,Afternoon,3,Completed
APT002247,PT00151,PR002,Diabetic Care Visit,2026-08-14,Afternoon,0,Completed
APT002248,PT00932,PR005,Post-Op Care,2026-06-23,Afternoon,6,Completed
APT002249,PT00025,PR007,Wound Dressing,2026-08-16,Afternoon,0,Completed
APT002250,PT01848,PR010,Diabetic Care Visit,2026-06-05,Afternoon,14,Completed
APT002251,PT00653,PR019,Vitals Check,2026-08-22,Evening,1,Completed
APT002252,PT01783,PR007,Vitals Check,2026-06-20,Morning,8,Rescheduled
APT002253,PT00023,PR003,Post-Op Care,2026-08-05,Evening,10,Completed
APT002254,PT01546,PR002,Physiotherapy Session,2026-06-25,Afternoon,0,Completed
APT002255,PT01341,PR014,Nursing Visit,2026-06-27,Evening,0,Completed
APT002256,PT01846,PR001,Nursing Visit,2026-08-10,Morning,3,No-Show
APT002257,PT01770,PR005,Diabetic Care Visit,2026-08-27,Morning,10,No-Show
APT002258,PT00423,PR014,Vitals Check,2026-07-12,Morning,11,Completed
APT002259,PT00453,PR006,Nursing Visit,2026-06-16,Afternoon,2,Completed
APT002260,PT01992,PR008,Vitals Check,2026-06-18,Evening,6,Rescheduled
APT002261,PT00714,PR017,Diabetic Care Visit,2026-06-12,Evening,13,No-Show
APT002262,PT00849,PR008,Diabetic Care Visit,2026-08-20,Afternoon,10,Rescheduled
APT002263,PT01013,PR010,Post-Op Care,2026-06-13,Afternoon,3,No-Show
APT002264,PT01965,PR003,Diabetic Care Visit,2026-07-14,Evening,9,Completed
APT002265,PT01390,PR002,Physiotherapy Session,2026-07-26,Evening,3,Completed
APT002266,PT01916,PR018,Wound Dressing,2026-08-13,Evening,11,Rescheduled
APT002267,PT00672,PR014,Wound Dressing,2026-06-18,Morning,1,Completed
APT002268,PT01650,PR013,Post-Op Care,2026-06-22,Evening,8,Completed
APT002269,PT00753,PR004,Wound Dressing,2026-08-23,Evening,3,Cancelled
APT002270,PT01926,PR003,Diabetic Care Visit,2026-07-02,Morning,4,Completed
APT002271,PT00065,PR001,Nursing Visit,2026-06-15,Morning,1,Completed
APT002272,PT00967,PR015,Nursing Visit,2026-08-24,Evening,2,Completed
APT002273,PT01123,PR002,Post-Op Care,2026-07-10,Evening,7,Completed
APT002274,PT00608,PR015,Vitals Check,2026-06-02,Afternoon,11,Completed
APT002275,PT00048,PR003,Nursing Visit,2026-07-27,Morning,14,Completed
APT002276,PT00111,PR002,Nursing Visit,2026-06-09,Morning,14,Completed
APT002277,PT00333,PR010,Post-Op Care,2026-08-12,Evening,3,No-Show
APT002278,PT01948,PR013,Vitals Check,2026-08-25,Afternoon,4,Completed
APT002279,PT01850,PR017,Vitals Check,2026-07-13,Morning,12,Completed
APT002280,PT01335,PR018,Diabetic Care Visit,2026-06-02,Morning,6,Completed
APT002281,PT01839,PR018,Vitals Check,2026-08-14,Morning,7,Completed
APT002282,PT01596,PR004,Physiotherapy Session,2026-06-09,Afternoon,8,No-Show
APT002283,PT01317,PR020,Physiotherapy Session,2026-07-03,Morning,4,Completed
APT002284,PT01393,PR019,Diabetic Care Visit,2026-06-10,Afternoon,1,Completed
APT002285,PT01901,PR007,Diabetic Care Visit,2026-07-18,Evening,2,Completed
APT002286,PT00216,PR007,Wound Dressing,2026-07-24,Afternoon,5,No-Show
APT002287,PT01088,PR003,Nursing Visit,2026-07-29,Evening,12,Completed
APT002288,PT00895,PR012,Nursing Visit,2026-06-04,Morning,1,Completed
APT002289,PT01050,PR018,Diabetic Care Visit,2026-08-28,Morning,4,Completed
APT002290,PT00836,PR009,Diabetic Care Visit,2026-07-12,Morning,14,No-Show
APT002291,PT00130,PR010,Physiotherapy Session,2026-06-10,Morning,6,No-Show
APT002292,PT01048,PR004,Nursing Visit,2026-08-19,Afternoon,7,Completed
APT002293,PT00819,PR009,Diabetic Care Visit,2026-08-19,Morning,12,No-Show
APT002294,PT01380,PR020,Wound Dressing,2026-07-03,Afternoon,10,Completed
APT002295,PT01412,PR009,Physiotherapy Session,2026-08-02,Afternoon,11,Completed
APT002296,PT01724,PR016,Post-Op Care,2026-07-11,Morning,9,No-Show
APT002297,PT00720,PR002,Diabetic Care Visit,2026-06-23,Morning,7,Completed
APT002298,PT01614,PR020,Physiotherapy Session,2026-07-13,Evening,9,Completed
APT002299,PT01325,PR002,Diabetic Care Visit,2026-06-16,Morning,1,Completed
APT002300,PT00542,PR002,Wound Dressing,2026-07-17,Morning,2,No-Show
APT002301,PT01019,PR005,Wound Dressing,2026-08-20,Morning,4,Completed
APT002302,PT00866,PR014,Nursing Visit,2026-06-17,Afternoon,9,Completed
APT002303,PT01904,PR003,Vitals Check,2026-07-10,Afternoon,10,Completed
APT002304,PT00767,PR011,Nursing Visit,2026-08-15,Evening,0,Completed
APT002305,PT01119,PR012,Wound Dressing,2026-07-01,Afternoon,13,Completed
APT002306,PT00799,PR019,Vitals Check,2026-07-16,Morning,1,Completed
APT002307,PT00496,PR010,Wound Dressing,2026-08-02,Evening,1,Completed
APT002308,PT00434,PR013,Post-Op Care,2026-06-10,Afternoon,9,Rescheduled
APT002309,PT01273,PR018,Wound Dressing,2026-06-12,Afternoon,6,Cancelled
APT002310,PT01348,PR020,Diabetic Care Visit,2026-07-01,Afternoon,6,Cancelled
APT002311,PT01612,PR004,Vitals Check,2026-07-16,Evening,9,Completed
APT002312,PT01405,PR001,Physiotherapy Session,2026-08-01,Evening,5,No-Show
APT002313,PT00924,PR004,Nursing Visit,2026-08-18,Morning,11,Cancelled
APT002314,PT00072,PR006,Vitals Check,2026-06-29,Afternoon,12,Completed
APT002315,PT00537,PR017,Post-Op Care,2026-06-23,Evening,2,Completed
APT002316,PT01548,PR002,Wound Dressing,2026-07-02,Afternoon,11,Completed
APT002317,PT00175,PR017,Nursing Visit,2026-07-15,Evening,8,Rescheduled
APT002318,PT01527,PR019,Physiotherapy Session,2026-06-04,Evening,8,No-Show
APT002319,PT00496,PR010,Diabetic Care Visit,2026-07-17,Evening,4,Completed
APT002320,PT00434,PR004,Nursing Visit,2026-06-19,Morning,12,Rescheduled
APT002321,PT01577,PR013,Nursing Visit,2026-06-25,Morning,9,Rescheduled
APT002322,PT00852,PR013,Post-Op Care,2026-06-09,Afternoon,0,Completed
APT002323,PT00368,PR020,Diabetic Care Visit,2026-07-22,Afternoon,11,No-Show
APT002324,PT00250,PR017,Nursing Visit,2026-06-12,Evening,4,No-Show
APT002325,PT01138,PR010,Wound Dressing,2026-06-09,Afternoon,7,Completed
APT002326,PT01069,PR009,Post-Op Care,2026-06-08,Evening,2,Completed
APT002327,PT00489,PR014,Nursing Visit,2026-06-20,Afternoon,9,Completed
APT002328,PT00658,PR013,Physiotherapy Session,2026-07-05,Morning,2,Completed
APT002329,PT01154,PR006,Physiotherapy Session,2026-08-05,Morning,10,Completed
APT002330,PT01517,PR010,Physiotherapy Session,2026-08-09,Morning,11,Completed
APT002331,PT01914,PR004,Nursing Visit,2026-08-26,Evening,4,Completed
APT002332,PT00978,PR005,Wound Dressing,2026-06-26,Afternoon,4,Completed
APT002333,PT00391,PR007,Diabetic Care Visit,2026-07-09,Morning,7,Completed
APT002334,PT01019,PR019,Post-Op Care,2026-06-18,Evening,10,Completed
APT002335,PT00929,PR018,Post-Op Care,2026-06-16,Evening,8,Completed
APT002336,PT00175,PR009,Wound Dressing,2026-06-23,Afternoon,4,Completed
APT002337,PT01798,PR008,Physiotherapy Session,2026-07-20,Morning,6,Completed
APT002338,PT01320,PR010,Physiotherapy Session,2026-08-01,Morning,6,Cancelled
APT002339,PT00275,PR010,Vitals Check,2026-08-07,Evening,4,Cancelled
APT002340,PT01036,PR006,Vitals Check,2026-08-18,Morning,1,Completed
APT002341,PT00912,PR007,Physiotherapy Session,2026-08-02,Afternoon,0,Completed
APT002342,PT00672,PR011,Vitals Check,2026-07-28,Afternoon,5,Completed
APT002343,PT00132,PR012,Vitals Check,2026-08-17,Afternoon,2,Completed
APT002344,PT01715,PR011,Post-Op Care,2026-08-18,Afternoon,6,No-Show
APT002345,PT01585,PR010,Wound Dressing,2026-08-02,Evening,3,No-Show
APT002346,PT00594,PR013,Physiotherapy Session,2026-07-17,Evening,14,Completed
APT002347,PT01287,PR010,Nursing Visit,2026-06-26,Afternoon,6,Cancelled
APT002348,PT00931,PR004,Wound Dressing,2026-08-21,Afternoon,9,Cancelled
APT002349,PT01098,PR019,Post-Op Care,2026-08-06,Evening,5,Completed
APT002350,PT00866,PR014,Physiotherapy Session,2026-06-16,Afternoon,9,Completed
APT002351,PT00401,PR011,Vitals Check,2026-07-16,Afternoon,4,No-Show
APT002352,PT00096,PR014,Vitals Check,2026-06-03,Afternoon,2,Completed
APT002353,PT00587,PR015,Nursing Visit,2026-07-03,Afternoon,6,Completed
APT002354,PT01450,PR013,Diabetic Care Visit,2026-08-02,Afternoon,1,No-Show
APT002355,PT01584,PR015,Vitals Check,2026-06-03,Afternoon,2,Cancelled
APT002356,PT00119,PR013,Nursing Visit,2026-06-20,Evening,2,Completed
APT002357,PT01585,PR002,Nursing Visit,2026-06-01,Morning,9,Completed
APT002358,PT00427,PR013,Vitals Check,2026-08-13,Morning,11,No-Show
APT002359,PT00060,PR007,Post-Op Care,2026-08-18,Afternoon,5,Cancelled
APT002360,PT01337,PR007,Post-Op Care,2026-07-24,Afternoon,1,Completed
APT002361,PT01094,PR001,Post-Op Care,2026-07-22,Evening,12,Completed
APT002362,PT00776,PR002,Wound Dressing,2026-08-02,Evening,7,Cancelled
APT002363,PT01945,PR002,Diabetic Care Visit,2026-07-29,Morning,8,Completed
APT002364,PT00222,PR010,Physiotherapy Session,2026-08-25,Morning,14,Cancelled
APT002365,PT01406,PR001,Post-Op Care,2026-06-20,Morning,14,Completed
APT002366,PT01706,PR010,Wound Dressing,2026-07-28,Evening,14,Completed
APT002367,PT01565,PR005,Physiotherapy Session,2026-07-15,Afternoon,14,Completed
APT002368,PT01628,PR012,Wound Dressing,2026-06-08,Morning,1,No-Show
APT002369,PT01986,PR018,Post-Op Care,2026-06-18,Evening,14,Completed
APT002370,PT00094,PR016,Wound Dressing,2026-08-01,Morning,3,Completed
APT002371,PT01573,PR017,Physiotherapy Session,2026-06-22,Morning,8,Completed
APT002372,PT01403,PR014,Diabetic Care Visit,2026-08-02,Evening,2,Completed
APT002373,PT00556,PR005,Nursing Visit,2026-06-22,Morning,11,Completed
APT002374,PT00478,PR002,Post-Op Care,2026-08-28,Afternoon,1,Completed
APT002375,PT00816,PR008,Post-Op Care,2026-06-15,Morning,6,No-Show
APT002376,PT00430,PR010,Physiotherapy Session,2026-06-14,Afternoon,6,Completed
APT002377,PT00804,PR010,Vitals Check,2026-08-13,Evening,5,Completed
APT002378,PT00723,PR007,Physiotherapy Session,2026-06-10,Afternoon,7,Completed
APT002379,PT01838,PR006,Wound Dressing,2026-07-15,Afternoon,14,Completed
APT002380,PT01764,PR018,Nursing Visit,2026-08-02,Evening,0,Completed
APT002381,PT00969,PR019,Vitals Check,2026-08-22,Morning,5,Completed
APT002382,PT00623,PR008,Wound Dressing,2026-08-18,Afternoon,9,Completed
APT002383,PT00012,PR013,Post-Op Care,2026-08-20,Afternoon,3,Completed
APT002384,PT00057,PR002,Post-Op Care,2026-06-24,Afternoon,2,Completed
APT002385,PT01300,PR010,Wound Dressing,2026-07-02,Afternoon,11,Completed
APT002386,PT00559,PR017,Diabetic Care Visit,2026-07-11,Morning,14,Cancelled
APT002387,PT00934,PR010,Physiotherapy Session,2026-06-19,Morning,8,Completed
APT002388,PT01810,PR003,Physiotherapy Session,2026-06-09,Evening,1,Completed
APT002389,PT01549,PR003,Post-Op Care,2026-06-07,Afternoon,10,Completed
APT002390,PT01581,PR016,Wound Dressing,2026-08-23,Afternoon,0,Completed
APT002391,PT00992,PR020,Post-Op Care,2026-07-05,Morning,1,No-Show
APT002392,PT01351,PR005,Vitals Check,2026-08-09,Evening,14,Completed
APT002393,PT00862,PR010,Post-Op Care,2026-06-05,Evening,5,Completed
APT002394,PT01694,PR016,Nursing Visit,2026-06-12,Evening,6,Completed
APT002395,PT01525,PR014,Post-Op Care,2026-08-08,Morning,7,Completed
APT002396,PT01555,PR011,Nursing Visit,2026-07-26,Morning,13,Completed
APT002397,PT01936,PR007,Vitals Check,2026-07-17,Evening,11,Cancelled
APT002398,PT00473,PR004,Diabetic Care Visit,2026-08-01,Afternoon,9,Completed
APT002399,PT01195,PR003,Diabetic Care Visit,2026-06-15,Evening,8,Completed
APT002400,PT01762,PR005,Physiotherapy Session,2026-06-30,Afternoon,9,No-Show
APT002401,PT00258,PR004,Post-Op Care,2026-08-02,Evening,7,Cancelled
APT002402,PT01639,PR003,Nursing Visit,2026-08-05,Evening,1,Cancelled
APT002403,PT00483,PR002,Wound Dressing,2026-07-10,Afternoon,8,Rescheduled
APT002404,PT01268,PR011,Nursing Visit,2026-06-05,Afternoon,2,Completed
APT002405,PT00704,PR006,Diabetic Care Visit,2026-06-18,Afternoon,12,Rescheduled
APT002406,PT01610,PR002,Nursing Visit,2026-07-01,Afternoon,7,No-Show
APT002407,PT01454,PR004,Wound Dressing,2026-07-13,Evening,12,No-Show
APT002408,PT00393,PR020,Physiotherapy Session,2026-08-28,Afternoon,9,Completed
APT002409,PT00105,PR002,Vitals Check,2026-06-14,Morning,4,Completed
APT002410,PT01876,PR010,Post-Op Care,2026-06-06,Evening,13,Cancelled
APT002411,PT00167,PR017,Diabetic Care Visit,2026-07-07,Evening,9,No-Show
APT002412,PT01065,PR006,Wound Dressing,2026-07-16,Afternoon,7,Completed
APT002413,PT00309,PR011,Wound Dressing,2026-07-28,Afternoon,6,No-Show
APT002414,PT00249,PR014,Post-Op Care,2026-07-09,Afternoon,4,Completed
APT002415,PT01453,PR019,Wound Dressing,2026-06-30,Morning,4,Completed
APT002416,PT01575,PR009,Physiotherapy Session,2026-07-14,Afternoon,8,Completed
APT002417,PT00677,PR012,Nursing Visit,2026-06-21,Afternoon,1,Completed
APT002418,PT01775,PR006,Vitals Check,2026-07-06,Morning,2,Completed
APT002419,PT01101,PR005,Post-Op Care,2026-06-21,Morning,9,Completed
APT002420,PT00500,PR004,Physiotherapy Session,2026-07-18,Morning,1,Completed
APT002421,PT01375,PR019,Post-Op Care,2026-07-06,Afternoon,14,Completed
APT002422,PT01247,PR003,Physiotherapy Session,2026-08-07,Morning,14,Completed
APT002423,PT00547,PR007,Post-Op Care,2026-06-18,Evening,0,Completed
APT002424,PT00899,PR012,Post-Op Care,2026-07-10,Morning,3,Completed
APT002425,PT00489,PR011,Physiotherapy Session,2026-06-04,Evening,10,Completed
APT002426,PT01717,PR009,Nursing Visit,2026-06-22,Afternoon,4,Completed
APT002427,PT01047,PR017,Diabetic Care Visit,2026-06-10,Morning,2,Completed
APT002428,PT00089,PR010,Post-Op Care,2026-07-20,Evening,9,No-Show
APT002429,PT00254,PR018,Nursing Visit,2026-07-22,Afternoon,13,Completed
APT002430,PT01234,PR010,Physiotherapy Session,2026-07-20,Morning,1,No-Show
APT002431,PT01017,PR013,Vitals Check,2026-07-15,Afternoon,13,Completed
APT002432,PT01445,PR010,Wound Dressing,2026-07-28,Evening,13,Rescheduled
APT002433,PT00148,PR017,Wound Dressing,2026-06-21,Morning,6,Completed
APT002434,PT00069,PR006,Nursing Visit,2026-06-12,Morning,2,No-Show
APT002435,PT01495,PR002,Diabetic Care Visit,2026-07-12,Afternoon,13,Completed
APT002436,PT00944,PR004,Nursing Visit,2026-06-10,Afternoon,9,Completed
APT002437,PT01183,PR018,Vitals Check,2026-07-28,Afternoon,11,Completed
APT002438,PT01937,PR014,Post-Op Care,2026-06-22,Morning,4,No-Show
APT002439,PT00367,PR014,Nursing Visit,2026-07-07,Evening,7,Cancelled
APT002440,PT00086,PR013,Physiotherapy Session,2026-08-22,Morning,4,Completed
APT002441,PT00222,PR002,Nursing Visit,2026-08-21,Evening,10,Rescheduled
APT002442,PT01743,PR019,Diabetic Care Visit,2026-07-24,Evening,0,Cancelled
APT002443,PT01312,PR012,Post-Op Care,2026-07-25,Afternoon,5,Completed
APT002444,PT01962,PR009,Diabetic Care Visit,2026-07-04,Morning,5,Completed
APT002445,PT01000,PR002,Diabetic Care Visit,2026-08-01,Afternoon,6,Completed
APT002446,PT01713,PR016,Wound Dressing,2026-08-06,Evening,13,Completed
APT002447,PT00599,PR007,Physiotherapy Session,2026-06-14,Morning,13,Rescheduled
APT002448,PT01198,PR004,Physiotherapy Session,2026-08-22,Evening,10,Completed
APT002449,PT01998,PR007,Vitals Check,2026-08-18,Evening,6,Completed
APT002450,PT00227,PR015,Physiotherapy Session,2026-07-10,Afternoon,4,Completed
APT002451,PT00169,PR011,Diabetic Care Visit,2026-06-28,Afternoon,7,Completed
APT002452,PT01452,PR007,Physiotherapy Session,2026-06-06,Morning,1,Completed
APT002453,PT00067,PR013,Post-Op Care,2026-07-29,Morning,8,Completed
APT002454,PT00861,PR013,Vitals Check,2026-06-22,Afternoon,4,Cancelled
APT002455,PT01169,PR008,Physiotherapy Session,2026-06-07,Morning,9,Completed
APT002456,PT00009,PR009,Nursing Visit,2026-06-13,Morning,8,Completed
APT002457,PT01780,PR010,Diabetic Care Visit,2026-08-11,Morning,13,Cancelled
APT002458,PT00710,PR002,Nursing Visit,2026-06-01,Afternoon,14,Completed
APT002459,PT00479,PR002,Post-Op Care,2026-06-20,Afternoon,1,No-Show
APT002460,PT01607,PR009,Nursing Visit,2026-06-16,Afternoon,7,Completed
APT002461,PT01788,PR010,Wound Dressing,2026-06-21,Evening,1,Completed
APT002462,PT01670,PR020,Wound Dressing,2026-06-07,Afternoon,11,Completed
APT002463,PT00458,PR012,Nursing Visit,2026-06-15,Evening,7,Completed
APT002464,PT00424,PR002,Physiotherapy Session,2026-06-20,Morning,6,Completed
APT002465,PT01064,PR013,Vitals Check,2026-07-30,Afternoon,4,Completed
APT002466,PT00466,PR013,Nursing Visit,2026-06-08,Morning,14,Rescheduled
APT002467,PT01046,PR008,Diabetic Care Visit,2026-07-28,Afternoon,2,No-Show
APT002468,PT01668,PR008,Diabetic Care Visit,2026-08-18,Evening,1,Cancelled
APT002469,PT00726,PR013,Diabetic Care Visit,2026-07-12,Afternoon,13,Completed
APT002470,PT00892,PR005,Physiotherapy Session,2026-07-03,Morning,7,Completed
APT002471,PT00509,PR004,Diabetic Care Visit,2026-06-23,Afternoon,12,Completed
APT002472,PT01988,PR020,Physiotherapy Session,2026-07-08,Afternoon,11,Completed
APT002473,PT01760,PR001,Post-Op Care,2026-06-20,Evening,1,Cancelled
APT002474,PT00891,PR012,Post-Op Care,2026-06-28,Afternoon,6,Completed
APT002475,PT01696,PR002,Diabetic Care Visit,2026-06-29,Evening,9,Cancelled
APT002476,PT00200,PR013,Wound Dressing,2026-06-10,Afternoon,10,Rescheduled
APT002477,PT00271,PR015,Physiotherapy Session,2026-08-07,Morning,10,No-Show
APT002478,PT01445,PR002,Nursing Visit,2026-06-15,Afternoon,8,Rescheduled
APT002479,PT00970,PR005,Diabetic Care Visit,2026-08-16,Afternoon,14,Completed
APT002480,PT00314,PR010,Nursing Visit,2026-06-09,Morning,10,No-Show
APT002481,PT00767,PR012,Diabetic Care Visit,2026-06-02,Morning,2,Completed
APT002482,PT00398,PR009,Diabetic Care Visit,2026-06-26,Morning,13,Completed
APT002483,PT00834,PR005,Vitals Check,2026-06-11,Evening,0,Completed
APT002484,PT00529,PR003,Physiotherapy Session,2026-07-19,Evening,12,No-Show
APT002485,PT01748,PR010,Post-Op Care,2026-07-10,Morning,5,Completed
APT002486,PT01295,PR014,Wound Dressing,2026-06-18,Evening,9,Cancelled
APT002487,PT01436,PR013,Diabetic Care Visit,2026-08-15,Evening,2,Completed
APT002488,PT00323,PR002,Vitals Check,2026-06-02,Morning,4,No-Show
APT002489,PT00730,PR014,Diabetic Care Visit,2026-06-27,Evening,11,Cancelled
APT002490,PT00962,PR004,Physiotherapy Session,2026-07-26,Evening,2,Completed
APT002491,PT00109,PR005,Diabetic Care Visit,2026-08-23,Afternoon,11,Completed
APT002492,PT01196,PR010,Wound Dressing,2026-08-25,Evening,3,Cancelled
APT002493,PT00077,PR004,Vitals Check,2026-06-29,Morning,11,Completed
APT002494,PT01607,PR006,Post-Op Care,2026-06-16,Afternoon,1,Cancelled
APT002495,PT00520,PR007,Wound Dressing,2026-08-29,Evening,8,No-Show
APT002496,PT01379,PR012,Wound Dressing,2026-07-13,Afternoon,2,Completed
APT002497,PT00221,PR004,Post-Op Care,2026-06-01,Evening,9,Completed
APT002498,PT01423,PR008,Vitals Check,2026-06-20,Evening,11,No-Show
APT002499,PT00113,PR010,Diabetic Care Visit,2026-07-16,Morning,13,Cancelled
APT002500,PT00764,PR011,Nursing Visit,2026-07-24,Afternoon,13,Completed
APT002501,PT00761,PR007,Vitals Check,2026-06-04,Morning,6,Completed
APT002502,PT01754,PR005,Wound Dressing,2026-07-23,Morning,2,Cancelled
APT002503,PT01521,PR002,Vitals Check,2026-07-25,Afternoon,6,No-Show
APT002504,PT01595,PR010,Wound Dressing,2026-06-11,Evening,10,Rescheduled
APT002505,PT01758,PR018,Vitals Check,2026-08-02,Afternoon,14,Completed
APT002506,PT01308,PR005,Physiotherapy Session,2026-06-13,Afternoon,3,Completed
APT002507,PT00090,PR010,Nursing Visit,2026-07-29,Evening,5,Cancelled
APT002508,PT01066,PR004,Diabetic Care Visit,2026-07-20,Evening,10,Completed
APT002509,PT01006,PR010,Diabetic Care Visit,2026-08-03,Afternoon,13,Cancelled
APT002510,PT01323,PR012,Nursing Visit,2026-07-11,Evening,12,No-Show
APT002511,PT01397,PR002,Nursing Visit,2026-08-15,Morning,11,No-Show
APT002512,PT01468,PR017,Post-Op Care,2026-06-29,Evening,13,Completed
APT002513,PT01221,PR018,Diabetic Care Visit,2026-06-02,Morning,8,Completed
APT002514,PT01571,PR006,Vitals Check,2026-06-22,Evening,1,Rescheduled
APT002515,PT01576,PR016,Diabetic Care Visit,2026-07-08,Evening,3,Completed
APT002516,PT00443,PR008,Nursing Visit,2026-07-14,Evening,3,Completed
APT002517,PT00223,PR009,Vitals Check,2026-06-22,Afternoon,1,Completed
APT002518,PT00075,PR012,Vitals Check,2026-06-26,Afternoon,6,Completed
APT002519,PT00733,PR013,Nursing Visit,2026-07-08,Afternoon,11,Completed
APT002520,PT00524,PR013,Wound Dressing,2026-08-11,Evening,2,Completed
APT002521,PT00112,PR014,Diabetic Care Visit,2026-06-08,Morning,12,Completed
APT002522,PT01409,PR016,Physiotherapy Session,2026-07-12,Evening,6,Completed
APT002523,PT01924,PR012,Wound Dressing,2026-08-22,Evening,13,Completed
APT002524,PT00102,PR016,Post-Op Care,2026-07-18,Afternoon,13,Completed
APT002525,PT00653,PR019,Wound Dressing,2026-06-30,Morning,6,Completed
APT002526,PT01823,PR019,Nursing Visit,2026-07-03,Morning,9,Completed
APT002527,PT00884,PR002,Diabetic Care Visit,2026-08-01,Evening,10,Rescheduled
APT002528,PT00608,PR001,Wound Dressing,2026-08-25,Morning,6,Completed
APT002529,PT01117,PR017,Vitals Check,2026-08-10,Evening,4,Completed
APT002530,PT01532,PR008,Diabetic Care Visit,2026-07-24,Morning,10,Completed
APT002531,PT00606,PR010,Diabetic Care Visit,2026-06-13,Morning,8,Completed
APT002532,PT00949,PR009,Wound Dressing,2026-08-06,Afternoon,8,Completed
APT002533,PT00126,PR010,Vitals Check,2026-06-18,Afternoon,1,No-Show
APT002534,PT00237,PR012,Vitals Check,2026-06-28,Afternoon,2,Cancelled
APT002535,PT00626,PR017,Post-Op Care,2026-06-22,Evening,9,Completed
APT002536,PT00283,PR002,Diabetic Care Visit,2026-07-13,Afternoon,10,Completed
APT002537,PT01737,PR010,Nursing Visit,2026-08-11,Evening,9,Cancelled
APT002538,PT00835,PR001,Vitals Check,2026-06-04,Morning,4,No-Show
APT002539,PT00643,PR010,Nursing Visit,2026-07-02,Morning,1,Cancelled
APT002540,PT01169,PR013,Diabetic Care Visit,2026-08-24,Evening,11,Completed
APT002541,PT00326,PR008,Vitals Check,2026-07-05,Evening,12,Completed
APT002542,PT01799,PR016,Nursing Visit,2026-08-27,Evening,6,Cancelled
APT002543,PT01522,PR018,Nursing Visit,2026-06-11,Evening,14,Completed
APT002544,PT01802,PR009,Post-Op Care,2026-08-04,Afternoon,2,Completed
APT002545,PT00159,PR002,Diabetic Care Visit,2026-08-28,Evening,13,Completed
APT002546,PT01630,PR004,Physiotherapy Session,2026-06-01,Morning,2,Completed
APT002547,PT00895,PR012,Nursing Visit,2026-07-27,Evening,13,Completed
APT002548,PT01079,PR015,Post-Op Care,2026-07-25,Afternoon,13,No-Show
APT002549,PT01771,PR002,Vitals Check,2026-06-01,Morning,11,Completed
APT002550,PT01638,PR005,Wound Dressing,2026-07-31,Afternoon,5,Completed
APT002551,PT00813,PR004,Nursing Visit,2026-06-01,Evening,2,Completed
APT002552,PT00625,PR005,Physiotherapy Session,2026-06-20,Morning,5,Completed
APT002553,PT01871,PR011,Diabetic Care Visit,2026-08-13,Afternoon,13,Completed
APT002554,PT00412,PR010,Diabetic Care Visit,2026-08-02,Afternoon,6,Completed
APT002555,PT00191,PR005,Vitals Check,2026-07-03,Afternoon,8,Completed
APT002556,PT01150,PR017,Post-Op Care,2026-07-02,Evening,13,Cancelled
APT002557,PT01331,PR002,Diabetic Care Visit,2026-06-26,Evening,7,No-Show
APT002558,PT01433,PR017,Diabetic Care Visit,2026-06-20,Afternoon,8,Completed
APT002559,PT00865,PR004,Diabetic Care Visit,2026-06-19,Morning,5,Completed
APT002560,PT01261,PR010,Nursing Visit,2026-06-30,Evening,10,Completed
APT002561,PT00972,PR003,Post-Op Care,2026-08-25,Morning,14,Completed
APT002562,PT01405,PR016,Post-Op Care,2026-07-30,Morning,11,Completed
APT002563,PT01959,PR008,Nursing Visit,2026-08-08,Afternoon,7,Completed
APT002564,PT01567,PR001,Post-Op Care,2026-07-16,Evening,9,Completed
APT002565,PT00671,PR002,Post-Op Care,2026-07-20,Morning,0,Cancelled
APT002566,PT00454,PR008,Post-Op Care,2026-07-15,Morning,8,No-Show
APT002567,PT00219,PR004,Vitals Check,2026-06-19,Evening,4,Completed
APT002568,PT00770,PR003,Physiotherapy Session,2026-06-02,Afternoon,2,Completed
APT002569,PT01226,PR009,Wound Dressing,2026-07-26,Evening,14,Completed
APT002570,PT01792,PR011,Vitals Check,2026-07-12,Morning,13,Completed
APT002571,PT00715,PR012,Vitals Check,2026-07-07,Afternoon,3,Completed
APT002572,PT00396,PR010,Physiotherapy Session,2026-07-10,Afternoon,11,Completed
APT002573,PT01551,PR008,Wound Dressing,2026-08-28,Afternoon,11,Completed
APT002574,PT00343,PR016,Nursing Visit,2026-08-06,Morning,2,Completed
APT002575,PT01800,PR003,Post-Op Care,2026-07-15,Afternoon,8,Completed
APT002576,PT00400,PR010,Physiotherapy Session,2026-07-03,Afternoon,5,Rescheduled
APT002577,PT01963,PR017,Physiotherapy Session,2026-08-13,Afternoon,10,Completed
APT002578,PT01181,PR020,Diabetic Care Visit,2026-07-12,Evening,14,Completed
APT002579,PT00888,PR003,Nursing Visit,2026-06-02,Afternoon,13,No-Show
APT002580,PT01162,PR007,Physiotherapy Session,2026-06-06,Evening,12,Completed
APT002581,PT00538,PR017,Post-Op Care,2026-06-19,Morning,4,Completed
APT002582,PT01389,PR009,Physiotherapy Session,2026-06-18,Evening,9,Completed
APT002583,PT01932,PR002,Post-Op Care,2026-08-13,Morning,2,Completed
APT002584,PT00131,PR017,Vitals Check,2026-07-05,Afternoon,0,Completed
APT002585,PT01093,PR007,Diabetic Care Visit,2026-08-07,Afternoon,0,Completed
APT002586,PT00939,PR001,Physiotherapy Session,2026-06-13,Morning,13,Completed
APT002587,PT01614,PR011,Post-Op Care,2026-08-05,Afternoon,10,Completed
APT002588,PT01253,PR002,Physiotherapy Session,2026-08-14,Morning,14,Completed
APT002589,PT00050,PR013,Nursing Visit,2026-06-16,Morning,2,Completed
APT002590,PT00472,PR014,Post-Op Care,2026-08-26,Evening,3,Completed
APT002591,PT00622,PR010,Physiotherapy Session,2026-07-28,Morning,10,Completed
APT002592,PT00659,PR010,Physiotherapy Session,2026-08-08,Morning,3,Cancelled
APT002593,PT01662,PR012,Vitals Check,2026-07-17,Afternoon,5,Completed
APT002594,PT01410,PR011,Diabetic Care Visit,2026-06-05,Morning,11,Completed
APT002595,PT00245,PR007,Wound Dressing,2026-07-31,Afternoon,13,Completed
APT002596,PT01220,PR020,Diabetic Care Visit,2026-06-14,Evening,10,Completed
APT002597,PT01857,PR003,Diabetic Care Visit,2026-07-07,Evening,8,Completed
APT002598,PT01166,PR018,Nursing Visit,2026-06-12,Evening,10,Rescheduled
APT002599,PT01357,PR013,Diabetic Care Visit,2026-07-17,Afternoon,13,No-Show
APT002600,PT01313,PR010,Nursing Visit,2026-07-25,Afternoon,5,Completed
APT002601,PT00441,PR004,Post-Op Care,2026-07-19,Afternoon,4,Completed
APT002602,PT01379,PR011,Diabetic Care Visit,2026-08-24,Afternoon,12,Completed
APT002603,PT00011,PR004,Post-Op Care,2026-08-02,Evening,4,Completed
APT002604,PT01980,PR002,Physiotherapy Session,2026-08-01,Afternoon,1,Rescheduled
APT002605,PT01353,PR020,Physiotherapy Session,2026-07-14,Evening,8,Cancelled
APT002606,PT00736,PR004,Post-Op Care,2026-08-07,Afternoon,4,Completed
APT002607,PT01594,PR009,Post-Op Care,2026-06-14,Evening,7,Completed
APT002608,PT00285,PR019,Diabetic Care Visit,2026-06-05,Evening,5,Completed
APT002609,PT00026,PR011,Vitals Check,2026-07-25,Morning,10,Completed
APT002610,PT00301,PR015,Diabetic Care Visit,2026-07-19,Evening,1,No-Show
APT002611,PT00903,PR016,Diabetic Care Visit,2026-06-30,Morning,7,Cancelled
APT002612,PT00700,PR002,Post-Op Care,2026-08-20,Afternoon,8,Completed
APT002613,PT00839,PR003,Physiotherapy Session,2026-07-06,Evening,13,Rescheduled
APT002614,PT01066,PR013,Nursing Visit,2026-06-10,Evening,0,Completed
APT002615,PT01509,PR003,Wound Dressing,2026-07-29,Morning,12,Completed
APT002616,PT01840,PR011,Physiotherapy Session,2026-08-26,Evening,9,Completed
APT002617,PT01313,PR002,Diabetic Care Visit,2026-07-25,Evening,13,No-Show
APT002618,PT00539,PR014,Post-Op Care,2026-06-19,Morning,6,Completed
APT002619,PT01979,PR010,Vitals Check,2026-07-18,Morning,3,Completed
APT002620,PT01754,PR001,Nursing Visit,2026-08-18,Evening,9,Cancelled
APT002621,PT00713,PR005,Nursing Visit,2026-06-15,Afternoon,4,Completed
APT002622,PT00926,PR008,Wound Dressing,2026-07-10,Evening,0,No-Show
APT002623,PT01126,PR002,Physiotherapy Session,2026-06-06,Afternoon,2,Completed
APT002624,PT01487,PR014,Wound Dressing,2026-07-18,Evening,9,Completed
APT002625,PT00456,PR020,Physiotherapy Session,2026-07-05,Evening,7,Completed
APT002626,PT01759,PR007,Vitals Check,2026-07-26,Morning,8,Completed
APT002627,PT00662,PR005,Diabetic Care Visit,2026-08-22,Evening,8,Completed
APT002628,PT00701,PR013,Physiotherapy Session,2026-08-04,Evening,11,Completed
APT002629,PT00953,PR002,Diabetic Care Visit,2026-07-18,Afternoon,3,Completed
APT002630,PT01052,PR004,Physiotherapy Session,2026-07-26,Evening,11,Completed
APT002631,PT01263,PR011,Nursing Visit,2026-07-16,Afternoon,12,No-Show
APT002632,PT00146,PR005,Wound Dressing,2026-06-03,Morning,2,Cancelled
APT002633,PT00516,PR001,Wound Dressing,2026-07-24,Evening,8,Completed
APT002634,PT00574,PR013,Wound Dressing,2026-06-18,Afternoon,11,Rescheduled
APT002635,PT00933,PR009,Nursing Visit,2026-08-09,Afternoon,7,Completed
APT002636,PT01961,PR020,Physiotherapy Session,2026-06-13,Morning,2,Completed
APT002637,PT01929,PR013,Post-Op Care,2026-06-25,Morning,0,Completed
APT002638,PT00349,PR018,Nursing Visit,2026-08-11,Evening,7,Completed
APT002639,PT01297,PR009,Post-Op Care,2026-08-05,Evening,1,Completed
APT002640,PT01639,PR003,Wound Dressing,2026-08-20,Evening,4,Completed
APT002641,PT01554,PR001,Wound Dressing,2026-06-05,Morning,4,Completed
APT002642,PT00450,PR010,Vitals Check,2026-06-05,Morning,8,Rescheduled
APT002643,PT00163,PR002,Wound Dressing,2026-07-20,Morning,14,Completed
APT002644,PT01781,PR014,Nursing Visit,2026-06-26,Morning,0,No-Show
APT002645,PT01655,PR005,Post-Op Care,2026-07-30,Afternoon,9,Completed
APT002646,PT00910,PR017,Wound Dressing,2026-07-28,Evening,3,Cancelled
APT002647,PT00261,PR010,Diabetic Care Visit,2026-08-12,Afternoon,12,No-Show
APT002648,PT01047,PR003,Post-Op Care,2026-07-25,Morning,10,Completed
APT002649,PT00796,PR001,Diabetic Care Visit,2026-07-16,Morning,8,Completed
APT002650,PT01105,PR010,Diabetic Care Visit,2026-06-10,Morning,2,No-Show
APT002651,PT01857,PR009,Wound Dressing,2026-06-02,Afternoon,2,No-Show
APT002652,PT00349,PR014,Vitals Check,2026-08-26,Morning,14,Completed
APT002653,PT01074,PR013,Physiotherapy Session,2026-06-23,Morning,9,No-Show
APT002654,PT00076,PR017,Diabetic Care Visit,2026-08-02,Morning,2,Completed
APT002655,PT00148,PR003,Diabetic Care Visit,2026-07-31,Afternoon,10,Rescheduled
APT002656,PT00638,PR010,Physiotherapy Session,2026-08-16,Afternoon,0,Completed
APT002657,PT00328,PR004,Physiotherapy Session,2026-08-27,Morning,5,No-Show
APT002658,PT00560,PR005,Wound Dressing,2026-06-09,Morning,5,Completed
APT002659,PT00397,PR012,Nursing Visit,2026-07-23,Evening,6,Completed
APT002660,PT00170,PR010,Vitals Check,2026-07-19,Evening,5,Completed
APT002661,PT00866,PR012,Diabetic Care Visit,2026-06-24,Evening,12,Completed
APT002662,PT01816,PR010,Vitals Check,2026-08-18,Evening,3,Completed
APT002663,PT01195,PR003,Physiotherapy Session,2026-08-27,Afternoon,4,No-Show
APT002664,PT00857,PR015,Vitals Check,2026-06-06,Morning,4,Completed
APT002665,PT00239,PR007,Vitals Check,2026-06-14,Morning,10,Completed
APT002666,PT00553,PR016,Post-Op Care,2026-07-04,Evening,5,Completed
APT002667,PT01194,PR013,Post-Op Care,2026-07-10,Afternoon,7,Rescheduled
APT002668,PT00345,PR010,Nursing Visit,2026-08-18,Evening,11,Completed
APT002669,PT00504,PR016,Post-Op Care,2026-08-25,Afternoon,1,Completed
APT002670,PT00832,PR016,Post-Op Care,2026-07-16,Afternoon,1,Completed
APT002671,PT00425,PR006,Nursing Visit,2026-08-04,Afternoon,9,Completed
APT002672,PT01216,PR020,Vitals Check,2026-08-16,Morning,14,Completed
APT002673,PT00143,PR002,Diabetic Care Visit,2026-07-07,Evening,11,Completed
APT002674,PT01674,PR020,Diabetic Care Visit,2026-07-13,Evening,13,No-Show
APT002675,PT00643,PR010,Nursing Visit,2026-08-10,Morning,3,Completed
APT002676,PT01735,PR009,Post-Op Care,2026-08-17,Morning,7,Completed
APT002677,PT00824,PR004,Wound Dressing,2026-07-09,Afternoon,10,Completed
APT002678,PT01764,PR020,Diabetic Care Visit,2026-08-21,Afternoon,12,Completed
APT002679,PT00155,PR003,Physiotherapy Session,2026-06-27,Morning,12,Completed
APT002680,PT00226,PR020,Post-Op Care,2026-08-10,Morning,12,Completed
APT002681,PT00768,PR015,Post-Op Care,2026-07-01,Morning,7,Cancelled
APT002682,PT00406,PR019,Nursing Visit,2026-07-06,Evening,4,Completed
APT002683,PT00518,PR009,Nursing Visit,2026-06-23,Afternoon,13,Completed
APT002684,PT01279,PR014,Diabetic Care Visit,2026-06-10,Morning,3,Cancelled
APT002685,PT01391,PR010,Nursing Visit,2026-06-11,Afternoon,3,Completed
APT002686,PT01840,PR018,Diabetic Care Visit,2026-07-23,Evening,4,No-Show
APT002687,PT01955,PR001,Diabetic Care Visit,2026-06-08,Morning,13,Completed
APT002688,PT00887,PR017,Physiotherapy Session,2026-06-11,Morning,13,Completed
APT002689,PT00388,PR017,Physiotherapy Session,2026-08-15,Morning,1,Completed
APT002690,PT00251,PR008,Wound Dressing,2026-08-11,Evening,2,Completed
APT002691,PT01958,PR009,Physiotherapy Session,2026-06-12,Evening,1,Completed
APT002692,PT01266,PR012,Nursing Visit,2026-06-01,Evening,8,No-Show
APT002693,PT01826,PR015,Post-Op Care,2026-06-30,Morning,4,Completed
APT002694,PT00367,PR014,Nursing Visit,2026-08-12,Afternoon,3,Completed
APT002695,PT00535,PR006,Diabetic Care Visit,2026-07-06,Afternoon,0,Completed
APT002696,PT01236,PR001,Diabetic Care Visit,2026-07-20,Evening,14,Completed
APT002697,PT01774,PR006,Post-Op Care,2026-08-22,Morning,14,Completed
APT002698,PT01344,PR001,Wound Dressing,2026-08-08,Afternoon,9,Completed
APT002699,PT01996,PR010,Vitals Check,2026-06-26,Evening,6,Completed
APT002700,PT00517,PR002,Post-Op Care,2026-08-19,Morning,1,Completed
APT002701,PT01728,PR019,Diabetic Care Visit,2026-07-17,Evening,9,Completed
APT002702,PT01984,PR015,Physiotherapy Session,2026-08-01,Morning,12,Completed
APT002703,PT01798,PR008,Wound Dressing,2026-06-13,Evening,6,Completed
APT002704,PT00274,PR001,Nursing Visit,2026-06-18,Morning,14,Completed
APT002705,PT01973,PR010,Vitals Check,2026-08-12,Afternoon,7,Completed
APT002706,PT00896,PR001,Diabetic Care Visit,2026-07-01,Morning,5,Completed
APT002707,PT01319,PR016,Nursing Visit,2026-08-26,Evening,11,No-Show
APT002708,PT00749,PR002,Physiotherapy Session,2026-06-21,Evening,9,Completed
APT002709,PT01507,PR002,Vitals Check,2026-06-02,Evening,0,Completed
APT002710,PT01735,PR003,Physiotherapy Session,2026-06-14,Afternoon,0,Completed
APT002711,PT01402,PR008,Post-Op Care,2026-06-05,Evening,11,Completed
APT002712,PT00131,PR017,Wound Dressing,2026-08-13,Morning,8,Completed
APT002713,PT00439,PR009,Physiotherapy Session,2026-06-18,Afternoon,9,Completed
APT002714,PT01178,PR016,Wound Dressing,2026-07-11,Morning,9,Completed
APT002715,PT01740,PR010,Vitals Check,2026-08-19,Morning,5,Completed
APT002716,PT01999,PR008,Wound Dressing,2026-06-05,Afternoon,0,Rescheduled
APT002717,PT01296,PR009,Post-Op Care,2026-07-27,Evening,9,No-Show
APT002718,PT00803,PR005,Post-Op Care,2026-06-03,Morning,3,Completed
APT002719,PT01461,PR002,Wound Dressing,2026-08-09,Evening,12,Rescheduled
APT002720,PT01188,PR012,Post-Op Care,2026-06-28,Afternoon,10,Cancelled
APT002721,PT00660,PR015,Physiotherapy Session,2026-07-11,Afternoon,4,Completed
APT002722,PT01008,PR003,Vitals Check,2026-08-02,Afternoon,12,Completed
APT002723,PT01478,PR019,Diabetic Care Visit,2026-06-10,Evening,13,Completed
APT002724,PT00050,PR013,Wound Dressing,2026-08-13,Afternoon,1,Completed
APT002725,PT00854,PR010,Post-Op Care,2026-08-28,Afternoon,2,Completed
APT002726,PT01889,PR015,Vitals Check,2026-07-09,Afternoon,1,Completed
APT002727,PT00969,PR016,Physiotherapy Session,2026-06-21,Afternoon,5,Completed
APT002728,PT00488,PR018,Diabetic Care Visit,2026-06-04,Morning,11,Completed
APT002729,PT01888,PR010,Vitals Check,2026-08-06,Evening,3,Completed
APT002730,PT00735,PR002,Post-Op Care,2026-07-08,Evening,4,Completed
APT002731,PT01258,PR016,Post-Op Care,2026-07-16,Afternoon,13,Completed
APT002732,PT00735,PR002,Diabetic Care Visit,2026-07-28,Evening,3,Cancelled
APT002733,PT00847,PR003,Physiotherapy Session,2026-07-22,Afternoon,2,Completed
APT002734,PT01645,PR011,Vitals Check,2026-07-06,Afternoon,8,Completed
APT002735,PT00085,PR005,Physiotherapy Session,2026-06-09,Evening,8,Completed
APT002736,PT01008,PR003,Diabetic Care Visit,2026-07-23,Evening,8,Completed
APT002737,PT00873,PR001,Nursing Visit,2026-08-25,Afternoon,7,Rescheduled
APT002738,PT00784,PR004,Physiotherapy Session,2026-07-15,Morning,1,No-Show
APT002739,PT01618,PR010,Vitals Check,2026-08-19,Morning,8,Completed
APT002740,PT01284,PR001,Diabetic Care Visit,2026-07-15,Evening,3,No-Show
APT002741,PT00692,PR010,Diabetic Care Visit,2026-07-18,Afternoon,2,Completed
APT002742,PT00850,PR002,Vitals Check,2026-07-19,Evening,3,No-Show
APT002743,PT00612,PR001,Nursing Visit,2026-08-04,Morning,0,Completed
APT002744,PT00994,PR018,Physiotherapy Session,2026-08-27,Afternoon,3,No-Show
APT002745,PT01998,PR006,Physiotherapy Session,2026-07-24,Afternoon,9,Completed
APT002746,PT00777,PR013,Vitals Check,2026-07-05,Afternoon,6,Completed
APT002747,PT01464,PR020,Nursing Visit,2026-08-18,Evening,0,Completed
APT002748,PT01312,PR020,Wound Dressing,2026-08-12,Evening,8,Cancelled
APT002749,PT00351,PR011,Nursing Visit,2026-08-14,Morning,7,Completed
APT002750,PT01700,PR001,Nursing Visit,2026-06-19,Morning,0,Completed
APT002751,PT00605,PR016,Diabetic Care Visit,2026-08-05,Afternoon,0,Completed
APT002752,PT01179,PR008,Diabetic Care Visit,2026-06-10,Evening,0,No-Show
APT002753,PT00440,PR010,Physiotherapy Session,2026-07-30,Afternoon,14,Completed
APT002754,PT00378,PR002,Vitals Check,2026-06-30,Evening,14,Cancelled
APT002755,PT00576,PR004,Diabetic Care Visit,2026-07-16,Evening,5,Completed
APT002756,PT00519,PR011,Wound Dressing,2026-06-18,Evening,10,Completed
APT002757,PT00392,PR006,Wound Dressing,2026-06-03,Afternoon,8,Completed
APT002758,PT01136,PR004,Diabetic Care Visit,2026-07-29,Afternoon,13,Completed
APT002759,PT01839,PR014,Vitals Check,2026-07-09,Evening,13,Rescheduled
APT002760,PT00500,PR004,Post-Op Care,2026-08-26,Morning,2,Completed
APT002761,PT00574,PR013,Nursing Visit,2026-07-06,Afternoon,8,Completed
APT002762,PT01783,PR007,Vitals Check,2026-08-04,Evening,7,No-Show
APT002763,PT00470,PR011,Post-Op Care,2026-06-01,Morning,3,Cancelled
APT002764,PT00062,PR009,Wound Dressing,2026-07-02,Afternoon,6,Completed
APT002765,PT00098,PR008,Diabetic Care Visit,2026-08-23,Evening,13,No-Show
APT002766,PT01456,PR016,Physiotherapy Session,2026-08-24,Evening,13,Completed
APT002767,PT00506,PR001,Nursing Visit,2026-06-10,Morning,14,No-Show
APT002768,PT01393,PR005,Post-Op Care,2026-06-23,Morning,0,Rescheduled
APT002769,PT01850,PR007,Nursing Visit,2026-07-20,Morning,8,Completed
APT002770,PT00065,PR001,Wound Dressing,2026-07-07,Afternoon,13,Completed
APT002771,PT00808,PR004,Vitals Check,2026-07-22,Evening,8,Completed
APT002772,PT01234,PR002,Diabetic Care Visit,2026-06-16,Afternoon,0,No-Show
APT002773,PT00185,PR013,Diabetic Care Visit,2026-08-28,Evening,5,Completed
APT002774,PT01172,PR014,Diabetic Care Visit,2026-07-19,Evening,6,Completed
APT002775,PT01113,PR020,Nursing Visit,2026-06-16,Afternoon,2,No-Show
APT002776,PT00608,PR016,Vitals Check,2026-07-04,Morning,7,No-Show
APT002777,PT01808,PR006,Physiotherapy Session,2026-06-29,Afternoon,6,Completed
APT002778,PT01002,PR008,Diabetic Care Visit,2026-07-30,Evening,6,No-Show
APT002779,PT01647,PR010,Wound Dressing,2026-08-03,Evening,12,Completed
APT002780,PT00175,PR007,Physiotherapy Session,2026-06-08,Morning,6,Cancelled
APT002781,PT00097,PR003,Diabetic Care Visit,2026-08-04,Afternoon,5,Completed
APT002782,PT00325,PR006,Post-Op Care,2026-08-02,Morning,10,Cancelled
APT002783,PT00054,PR011,Diabetic Care Visit,2026-08-25,Morning,10,Completed
APT002784,PT01948,PR008,Vitals Check,2026-07-12,Afternoon,0,Completed
APT002785,PT00228,PR001,Post-Op Care,2026-07-25,Afternoon,3,Completed
APT002786,PT01245,PR002,Diabetic Care Visit,2026-06-11,Evening,0,No-Show
APT002787,PT00284,PR020,Vitals Check,2026-07-26,Evening,13,Completed
APT002788,PT00437,PR017,Post-Op Care,2026-08-13,Morning,13,Completed
APT002789,PT00584,PR012,Physiotherapy Session,2026-08-28,Afternoon,3,Completed
APT002790,PT01352,PR016,Wound Dressing,2026-06-16,Evening,7,Rescheduled
APT002791,PT01533,PR018,Post-Op Care,2026-07-06,Evening,10,Completed
APT002792,PT01738,PR006,Wound Dressing,2026-07-14,Afternoon,8,No-Show
APT002793,PT01964,PR009,Post-Op Care,2026-07-18,Afternoon,10,Completed
APT002794,PT01567,PR005,Vitals Check,2026-07-27,Evening,2,Completed
APT002795,PT00773,PR002,Post-Op Care,2026-08-03,Evening,13,No-Show
APT002796,PT00359,PR001,Physiotherapy Session,2026-06-29,Afternoon,0,Completed
APT002797,PT01314,PR015,Nursing Visit,2026-08-21,Evening,0,Completed
APT002798,PT01448,PR003,Diabetic Care Visit,2026-07-03,Morning,1,Completed
APT002799,PT01858,PR003,Physiotherapy Session,2026-08-14,Morning,7,Cancelled
APT002800,PT00701,PR008,Vitals Check,2026-07-19,Morning,8,Completed
APT002801,PT00969,PR019,Wound Dressing,2026-06-26,Morning,14,Completed
APT002802,PT00216,PR007,Diabetic Care Visit,2026-08-05,Afternoon,11,No-Show
APT002803,PT01342,PR005,Nursing Visit,2026-06-29,Evening,14,Completed
APT002804,PT01616,PR017,Post-Op Care,2026-07-19,Evening,14,Completed
APT002805,PT00376,PR009,Diabetic Care Visit,2026-07-28,Evening,0,Completed
APT002806,PT01221,PR014,Wound Dressing,2026-08-08,Evening,6,Completed
APT002807,PT00508,PR013,Diabetic Care Visit,2026-08-25,Evening,8,Completed
APT002808,PT00322,PR006,Post-Op Care,2026-08-23,Evening,3,Completed
APT002809,PT00973,PR007,Wound Dressing,2026-07-28,Morning,7,Completed
APT002810,PT00358,PR002,Post-Op Care,2026-07-02,Morning,0,Completed
APT002811,PT00480,PR005,Vitals Check,2026-08-15,Evening,13,Completed
APT002812,PT01520,PR013,Nursing Visit,2026-08-14,Evening,1,Completed
APT002813,PT00893,PR015,Vitals Check,2026-06-29,Afternoon,4,Completed
APT002814,PT02000,PR004,Wound Dressing,2026-07-08,Evening,8,Completed
APT002815,PT01578,PR015,Vitals Check,2026-06-14,Afternoon,14,Completed
APT002816,PT00700,PR002,Diabetic Care Visit,2026-08-04,Evening,6,No-Show
APT002817,PT01691,PR019,Wound Dressing,2026-06-10,Evening,7,Completed
APT002818,PT01233,PR001,Nursing Visit,2026-08-06,Evening,8,No-Show
APT002819,PT00831,PR010,Vitals Check,2026-06-14,Evening,1,Completed
APT002820,PT00233,PR014,Physiotherapy Session,2026-07-23,Afternoon,5,Completed
APT002821,PT01710,PR018,Vitals Check,2026-07-22,Morning,0,No-Show
APT002822,PT00950,PR007,Wound Dressing,2026-06-03,Morning,7,No-Show
APT002823,PT00225,PR019,Vitals Check,2026-06-12,Afternoon,5,No-Show
APT002824,PT01029,PR009,Wound Dressing,2026-08-02,Evening,10,Completed
APT002825,PT00732,PR010,Physiotherapy Session,2026-08-10,Afternoon,4,Completed
APT002826,PT00497,PR013,Physiotherapy Session,2026-06-20,Evening,11,Completed
APT002827,PT00216,PR006,Diabetic Care Visit,2026-07-25,Afternoon,12,Completed
APT002828,PT00989,PR005,Vitals Check,2026-07-01,Evening,10,No-Show
APT002829,PT01989,PR004,Post-Op Care,2026-06-15,Evening,13,Cancelled
APT002830,PT01354,PR002,Post-Op Care,2026-06-01,Morning,6,Completed
APT002831,PT01227,PR013,Nursing Visit,2026-06-12,Afternoon,7,Completed
APT002832,PT00264,PR006,Physiotherapy Session,2026-06-27,Afternoon,3,Cancelled
APT002833,PT01095,PR006,Diabetic Care Visit,2026-07-10,Afternoon,11,No-Show
APT002834,PT01411,PR004,Wound Dressing,2026-08-08,Evening,9,Completed
APT002835,PT01163,PR003,Diabetic Care Visit,2026-06-28,Evening,6,Completed
APT002836,PT01138,PR002,Wound Dressing,2026-07-28,Evening,11,No-Show
APT002837,PT01582,PR011,Physiotherapy Session,2026-07-06,Afternoon,7,Completed
APT002838,PT00990,PR015,Wound Dressing,2026-06-24,Afternoon,3,Completed
APT002839,PT01864,PR014,Diabetic Care Visit,2026-06-16,Evening,9,Completed
APT002840,PT01201,PR008,Diabetic Care Visit,2026-07-04,Afternoon,2,Completed
APT002841,PT00496,PR002,Post-Op Care,2026-07-09,Morning,10,No-Show
APT002842,PT01145,PR006,Physiotherapy Session,2026-07-07,Evening,4,No-Show
APT002843,PT00005,PR010,Nursing Visit,2026-07-25,Evening,2,Completed
APT002844,PT01770,PR016,Physiotherapy Session,2026-08-22,Evening,13,Completed
APT002845,PT01986,PR012,Nursing Visit,2026-06-26,Evening,5,No-Show
APT002846,PT01469,PR004,Diabetic Care Visit,2026-08-15,Evening,0,No-Show
APT002847,PT01261,PR002,Post-Op Care,2026-07-17,Afternoon,9,Completed
APT002848,PT00647,PR005,Diabetic Care Visit,2026-06-22,Afternoon,0,Completed
APT002849,PT01281,PR001,Nursing Visit,2026-07-15,Morning,14,Completed
APT002850,PT01440,PR007,Nursing Visit,2026-08-13,Morning,10,Completed
APT002851,PT00962,PR004,Post-Op Care,2026-06-03,Evening,9,Completed
APT002852,PT00653,PR016,Post-Op Care,2026-07-08,Evening,11,Completed
APT002853,PT00710,PR002,Diabetic Care Visit,2026-08-29,Morning,9,Completed
APT002854,PT01808,PR007,Vitals Check,2026-08-26,Evening,14,Completed
APT002855,PT00167,PR003,Post-Op Care,2026-06-30,Afternoon,3,Completed
APT002856,PT01942,PR011,Vitals Check,2026-07-18,Afternoon,8,Completed
APT002857,PT00282,PR004,Diabetic Care Visit,2026-07-14,Afternoon,2,No-Show
APT002858,PT01579,PR007,Diabetic Care Visit,2026-08-18,Afternoon,9,Cancelled
APT002859,PT01676,PR008,Vitals Check,2026-07-25,Afternoon,8,No-Show
APT002860,PT01889,PR001,Nursing Visit,2026-08-29,Morning,9,Completed
APT002861,PT01466,PR002,Wound Dressing,2026-06-24,Afternoon,13,Completed
APT002862,PT01669,PR019,Diabetic Care Visit,2026-08-17,Evening,10,Completed
APT002863,PT00154,PR018,Nursing Visit,2026-08-16,Morning,5,Completed
APT002864,PT00132,PR020,Wound Dressing,2026-06-06,Evening,14,Completed
APT002865,PT01169,PR013,Diabetic Care Visit,2026-06-22,Afternoon,12,Completed
APT002866,PT01352,PR001,Vitals Check,2026-06-08,Afternoon,7,Completed
APT002867,PT00909,PR007,Diabetic Care Visit,2026-06-28,Evening,7,Completed
APT002868,PT00682,PR020,Vitals Check,2026-07-02,Afternoon,14,Completed
APT002869,PT00904,PR006,Nursing Visit,2026-06-23,Morning,1,Completed
APT002870,PT01369,PR020,Physiotherapy Session,2026-06-15,Morning,10,Completed
APT002871,PT01048,PR004,Wound Dressing,2026-07-17,Morning,8,Completed
APT002872,PT01574,PR018,Wound Dressing,2026-07-23,Afternoon,7,Completed
APT002873,PT01442,PR013,Post-Op Care,2026-07-16,Morning,9,Completed
APT002874,PT00091,PR020,Vitals Check,2026-06-03,Afternoon,4,Completed
APT002875,PT01461,PR010,Vitals Check,2026-06-28,Evening,14,Completed
APT002876,PT01891,PR015,Post-Op Care,2026-08-01,Evening,9,Completed
APT002877,PT00544,PR009,Nursing Visit,2026-06-29,Afternoon,0,Completed
APT002878,PT00299,PR008,Physiotherapy Session,2026-07-24,Morning,3,Cancelled
APT002879,PT00281,PR016,Physiotherapy Session,2026-08-20,Afternoon,2,Completed
APT002880,PT01191,PR002,Physiotherapy Session,2026-06-11,Evening,13,Completed
APT002881,PT01170,PR013,Diabetic Care Visit,2026-07-10,Morning,12,Completed
APT002882,PT00614,PR002,Vitals Check,2026-06-10,Afternoon,6,Completed
APT002883,PT00852,PR004,Physiotherapy Session,2026-08-27,Morning,12,Completed
APT002884,PT00995,PR007,Post-Op Care,2026-07-17,Evening,7,No-Show
APT002885,PT00093,PR009,Wound Dressing,2026-06-01,Morning,8,Completed
APT002886,PT00383,PR015,Physiotherapy Session,2026-06-13,Morning,1,Completed
APT002887,PT00723,PR007,Diabetic Care Visit,2026-08-29,Evening,5,Completed
APT002888,PT00921,PR002,Nursing Visit,2026-07-23,Afternoon,13,Completed
APT002889,PT00853,PR008,Physiotherapy Session,2026-07-15,Evening,11,No-Show
APT002890,PT00747,PR004,Wound Dressing,2026-06-28,Evening,11,Completed
APT002891,PT01590,PR013,Physiotherapy Session,2026-06-21,Morning,1,Completed
APT002892,PT01068,PR013,Diabetic Care Visit,2026-07-03,Morning,0,Completed
APT002893,PT00170,PR002,Wound Dressing,2026-06-10,Morning,9,Completed
APT002894,PT00818,PR009,Post-Op Care,2026-07-24,Evening,12,No-Show
APT002895,PT00539,PR018,Physiotherapy Session,2026-08-27,Evening,2,Completed
APT002896,PT00481,PR015,Nursing Visit,2026-06-28,Morning,4,Completed
APT002897,PT01520,PR013,Post-Op Care,2026-07-26,Afternoon,7,Completed
APT002898,PT00911,PR012,Nursing Visit,2026-07-04,Afternoon,4,Completed
APT002899,PT00079,PR013,Post-Op Care,2026-08-05,Afternoon,10,Completed
APT002900,PT01765,PR014,Wound Dressing,2026-08-21,Evening,12,Completed
APT002901,PT00836,PR009,Physiotherapy Session,2026-08-19,Evening,4,Completed
APT002902,PT01238,PR001,Physiotherapy Session,2026-06-29,Morning,12,Completed
APT002903,PT01722,PR018,Diabetic Care Visit,2026-06-15,Morning,3,Completed
APT002904,PT01044,PR016,Diabetic Care Visit,2026-07-27,Evening,13,Completed
APT002905,PT00385,PR004,Diabetic Care Visit,2026-08-01,Afternoon,3,No-Show
APT002906,PT00453,PR017,Diabetic Care Visit,2026-06-21,Evening,14,Completed
APT002907,PT00033,PR014,Vitals Check,2026-06-05,Afternoon,8,Rescheduled
APT002908,PT01219,PR016,Post-Op Care,2026-06-21,Evening,7,Rescheduled
APT002909,PT00705,PR014,Vitals Check,2026-07-23,Afternoon,1,Completed
APT002910,PT00643,PR010,Physiotherapy Session,2026-07-12,Afternoon,4,No-Show
APT002911,PT00379,PR001,Physiotherapy Session,2026-07-16,Evening,3,Completed
APT002912,PT01307,PR016,Vitals Check,2026-07-23,Evening,7,Completed
APT002913,PT01769,PR002,Nursing Visit,2026-08-10,Morning,6,No-Show
APT002914,PT01736,PR009,Physiotherapy Session,2026-08-02,Morning,5,Completed
APT002915,PT00475,PR011,Diabetic Care Visit,2026-06-16,Morning,5,Completed
APT002916,PT01181,PR014,Nursing Visit,2026-07-08,Morning,3,No-Show
APT002917,PT00893,PR015,Diabetic Care Visit,2026-07-11,Morning,2,Completed
APT002918,PT00948,PR014,Nursing Visit,2026-06-01,Morning,6,Completed
APT002919,PT01474,PR010,Post-Op Care,2026-08-14,Evening,3,Completed
APT002920,PT00965,PR013,Diabetic Care Visit,2026-08-14,Evening,0,Completed
APT002921,PT01938,PR010,Physiotherapy Session,2026-06-14,Afternoon,13,Completed
APT002922,PT00620,PR013,Wound Dressing,2026-06-18,Morning,0,Completed
APT002923,PT01541,PR010,Post-Op Care,2026-07-31,Evening,8,Completed
APT002924,PT01931,PR009,Nursing Visit,2026-08-06,Afternoon,10,Completed
APT002925,PT00857,PR016,Physiotherapy Session,2026-08-18,Evening,13,Completed
APT002926,PT01001,PR013,Wound Dressing,2026-07-01,Morning,0,Completed
APT002927,PT00210,PR007,Post-Op Care,2026-06-14,Afternoon,10,Completed
APT002928,PT01218,PR008,Vitals Check,2026-07-06,Morning,6,Completed
APT002929,PT01421,PR008,Nursing Visit,2026-07-24,Morning,10,Cancelled
APT002930,PT00300,PR016,Nursing Visit,2026-08-06,Afternoon,9,No-Show
APT002931,PT01102,PR019,Wound Dressing,2026-08-03,Afternoon,7,Completed
APT002932,PT00490,PR003,Nursing Visit,2026-07-05,Evening,10,No-Show
APT002933,PT00273,PR016,Vitals Check,2026-07-10,Afternoon,4,Cancelled
APT002934,PT01527,PR015,Wound Dressing,2026-06-17,Morning,12,No-Show
APT002935,PT00046,PR009,Wound Dressing,2026-06-06,Evening,2,Completed
APT002936,PT01815,PR008,Physiotherapy Session,2026-06-21,Afternoon,4,Completed
APT002937,PT01087,PR018,Diabetic Care Visit,2026-07-26,Evening,10,Completed
APT002938,PT01666,PR009,Wound Dressing,2026-06-04,Evening,14,Cancelled
APT002939,PT00941,PR012,Diabetic Care Visit,2026-08-14,Afternoon,5,No-Show
APT002940,PT00093,PR006,Physiotherapy Session,2026-08-11,Afternoon,4,Completed
APT002941,PT01237,PR020,Vitals Check,2026-06-08,Afternoon,4,Completed
APT002942,PT01072,PR002,Diabetic Care Visit,2026-07-26,Morning,14,No-Show
APT002943,PT01694,PR001,Diabetic Care Visit,2026-06-02,Evening,10,No-Show
APT002944,PT00505,PR011,Post-Op Care,2026-08-18,Morning,2,No-Show
APT002945,PT00607,PR002,Vitals Check,2026-08-03,Morning,3,No-Show
APT002946,PT00518,PR017,Post-Op Care,2026-08-07,Evening,10,Completed
APT002947,PT01158,PR018,Nursing Visit,2026-06-16,Evening,9,Completed
APT002948,PT00468,PR004,Diabetic Care Visit,2026-06-15,Morning,10,Completed
APT002949,PT00426,PR010,Diabetic Care Visit,2026-06-04,Evening,0,Completed
APT002950,PT00623,PR008,Nursing Visit,2026-06-22,Morning,10,Completed
APT002951,PT01698,PR011,Physiotherapy Session,2026-08-07,Morning,12,Completed
APT002952,PT01025,PR001,Vitals Check,2026-08-22,Evening,3,Completed
APT002953,PT00837,PR017,Diabetic Care Visit,2026-08-06,Afternoon,14,Completed
APT002954,PT01320,PR002,Wound Dressing,2026-06-24,Morning,8,Completed
APT002955,PT01228,PR002,Physiotherapy Session,2026-06-20,Evening,10,Completed
APT002956,PT01951,PR010,Vitals Check,2026-07-12,Afternoon,1,Completed
APT002957,PT00225,PR001,Wound Dressing,2026-07-28,Afternoon,10,Completed
APT002958,PT00267,PR011,Post-Op Care,2026-07-24,Afternoon,11,Completed
APT002959,PT01892,PR017,Post-Op Care,2026-06-07,Morning,0,Completed
APT002960,PT01720,PR002,Nursing Visit,2026-06-02,Evening,3,Completed
APT002961,PT00578,PR019,Nursing Visit,2026-08-20,Morning,0,Completed
APT002962,PT00275,PR002,Post-Op Care,2026-08-13,Afternoon,12,No-Show
APT002963,PT00218,PR017,Physiotherapy Session,2026-08-09,Afternoon,11,Completed
APT002964,PT01328,PR004,Diabetic Care Visit,2026-08-19,Evening,2,Completed
APT002965,PT00938,PR006,Vitals Check,2026-08-13,Morning,10,Completed
APT002966,PT01893,PR005,Wound Dressing,2026-08-09,Morning,13,Completed
APT002967,PT00086,PR008,Wound Dressing,2026-08-23,Afternoon,11,Completed
APT002968,PT01164,PR002,Post-Op Care,2026-07-12,Afternoon,14,No-Show
APT002969,PT01192,PR006,Diabetic Care Visit,2026-07-14,Evening,4,No-Show
APT002970,PT01285,PR010,Diabetic Care Visit,2026-06-21,Morning,10,Completed
APT002971,PT00639,PR002,Physiotherapy Session,2026-06-16,Evening,4,Completed
APT002972,PT01513,PR018,Wound Dressing,2026-06-17,Afternoon,7,Completed
APT002973,PT00696,PR004,Vitals Check,2026-08-18,Afternoon,12,Completed
APT002974,PT00182,PR009,Post-Op Care,2026-08-01,Morning,6,Completed
APT002975,PT01250,PR016,Physiotherapy Session,2026-08-09,Morning,14,Completed
APT002976,PT01524,PR019,Nursing Visit,2026-08-02,Evening,11,Rescheduled
APT002977,PT01588,PR005,Diabetic Care Visit,2026-06-30,Evening,10,Completed
APT002978,PT00385,PR008,Vitals Check,2026-08-06,Afternoon,11,Cancelled
APT002979,PT00201,PR008,Post-Op Care,2026-07-10,Morning,6,Completed
APT002980,PT00390,PR006,Post-Op Care,2026-07-28,Afternoon,1,Completed
APT002981,PT00066,PR010,Nursing Visit,2026-08-06,Afternoon,9,Completed
APT002982,PT00128,PR005,Post-Op Care,2026-07-20,Morning,2,Completed
APT002983,PT01430,PR002,Diabetic Care Visit,2026-08-04,Afternoon,0,No-Show
APT002984,PT00376,PR017,Vitals Check,2026-08-23,Morning,2,Completed
APT002985,PT00132,PR020,Vitals Check,2026-08-18,Morning,14,Rescheduled
APT002986,PT00597,PR017,Vitals Check,2026-06-15,Afternoon,11,Completed
APT002987,PT01444,PR015,Post-Op Care,2026-07-12,Morning,9,Completed
APT002988,PT00234,PR020,Wound Dressing,2026-07-04,Morning,5,Completed
APT002989,PT00518,PR007,Vitals Check,2026-06-07,Morning,0,No-Show
APT002990,PT01575,PR009,Diabetic Care Visit,2026-06-22,Morning,13,Completed
APT002991,PT01613,PR012,Wound Dressing,2026-06-16,Evening,2,Completed
APT002992,PT01727,PR002,Vitals Check,2026-07-28,Evening,5,Completed
APT002993,PT01708,PR008,Vitals Check,2026-08-06,Morning,9,Completed
APT002994,PT00036,PR020,Diabetic Care Visit,2026-08-28,Evening,13,No-Show
APT002995,PT00023,PR006,Nursing Visit,2026-07-22,Morning,4,Completed
APT002996,PT01928,PR020,Physiotherapy Session,2026-07-06,Evening,4,Completed
APT002997,PT01840,PR018,Nursing Visit,2026-06-05,Evening,2,Completed
APT002998,PT01422,PR002,Wound Dressing,2026-07-15,Evening,4,No-Show
APT002999,PT01125,PR005,Wound Dressing,2026-07-25,Morning,14,Completed
APT003000,PT00272,PR004,Wound Dressing,2026-07-24,Afternoon,0,Completed
APT003001,PT01856,PR008,Post-Op Care,2026-08-05,Evening,0,No-Show
APT003002,PT01345,PR009,Vitals Check,2026-07-07,Evening,4,Cancelled
APT003003,PT01944,PR007,Nursing Visit,2026-07-08,Afternoon,7,Completed
APT003004,PT01756,PR006,Diabetic Care Visit,2026-07-10,Evening,12,Completed
APT003005,PT00793,PR011,Nursing Visit,2026-06-10,Evening,13,Completed
APT003006,PT01051,PR012,Nursing Visit,2026-07-20,Afternoon,14,No-Show
APT003007,PT01185,PR002,Vitals Check,2026-06-04,Morning,8,Completed
APT003008,PT00086,PR008,Physiotherapy Session,2026-08-27,Afternoon,10,Completed
APT003009,PT01803,PR020,Nursing Visit,2026-06-27,Evening,8,Completed
APT003010,PT01601,PR006,Vitals Check,2026-06-02,Afternoon,6,Completed
APT003011,PT00128,PR019,Nursing Visit,2026-06-03,Morning,2,No-Show
APT003012,PT00021,PR017,Post-Op Care,2026-08-05,Afternoon,12,Completed
APT003013,PT01815,PR008,Physiotherapy Session,2026-07-23,Afternoon,0,Completed
APT003014,PT00959,PR002,Post-Op Care,2026-07-29,Afternoon,9,Completed
APT003015,PT01397,PR002,Nursing Visit,2026-06-15,Evening,0,Completed
APT003016,PT00783,PR010,Physiotherapy Session,2026-07-04,Evening,1,Completed
APT003017,PT00415,PR004,Physiotherapy Session,2026-08-02,Afternoon,1,Completed
APT003018,PT01815,PR008,Diabetic Care Visit,2026-08-07,Evening,9,Cancelled
APT003019,PT00447,PR019,Wound Dressing,2026-07-08,Evening,9,Cancelled
APT003020,PT01759,PR017,Wound Dressing,2026-06-11,Afternoon,14,Completed
APT003021,PT00014,PR002,Post-Op Care,2026-08-13,Afternoon,5,No-Show
APT003022,PT00994,PR020,Physiotherapy Session,2026-08-12,Morning,4,No-Show
APT003023,PT00670,PR016,Nursing Visit,2026-06-03,Afternoon,2,Cancelled
APT003024,PT00208,PR019,Wound Dressing,2026-07-07,Evening,6,Completed
APT003025,PT00910,PR006,Wound Dressing,2026-06-24,Morning,9,Rescheduled
APT003026,PT01540,PR002,Nursing Visit,2026-08-19,Morning,11,Completed
APT003027,PT01960,PR020,Wound Dressing,2026-06-25,Evening,10,Completed
APT003028,PT00058,PR004,Physiotherapy Session,2026-07-10,Evening,3,Completed
APT003029,PT01472,PR002,Wound Dressing,2026-06-20,Evening,13,Completed
APT003030,PT01938,PR002,Vitals Check,2026-06-30,Morning,1,Cancelled
APT003031,PT01909,PR014,Nursing Visit,2026-06-11,Evening,5,Completed
APT003032,PT01982,PR011,Wound Dressing,2026-08-14,Evening,0,Completed
APT003033,PT01001,PR013,Physiotherapy Session,2026-07-08,Evening,8,Completed
APT003034,PT01324,PR008,Wound Dressing,2026-07-30,Afternoon,5,Completed
APT003035,PT00399,PR009,Physiotherapy Session,2026-08-03,Afternoon,0,Completed
APT003036,PT01570,PR015,Vitals Check,2026-06-23,Morning,8,Completed
APT003037,PT01221,PR018,Physiotherapy Session,2026-07-28,Evening,3,Completed
APT003038,PT00513,PR012,Vitals Check,2026-07-30,Morning,10,Completed
APT003039,PT00354,PR009,Post-Op Care,2026-07-26,Afternoon,4,Completed
APT003040,PT01412,PR009,Wound Dressing,2026-06-29,Evening,0,Completed
APT003041,PT00740,PR015,Vitals Check,2026-08-21,Morning,9,Completed
APT003042,PT00844,PR016,Nursing Visit,2026-06-11,Morning,14,Completed
APT003043,PT00909,PR003,Diabetic Care Visit,2026-06-12,Afternoon,8,Completed
APT003044,PT00271,PR005,Diabetic Care Visit,2026-07-24,Evening,3,Cancelled
APT003045,PT00151,PR010,Post-Op Care,2026-06-07,Afternoon,10,Cancelled
APT003046,PT01046,PR013,Post-Op Care,2026-06-02,Afternoon,4,Completed
APT003047,PT01564,PR015,Physiotherapy Session,2026-07-28,Morning,9,Completed
APT003048,PT00594,PR004,Physiotherapy Session,2026-07-14,Afternoon,5,Completed
APT003049,PT00792,PR002,Nursing Visit,2026-07-12,Afternoon,11,Completed
APT003050,PT01361,PR016,Physiotherapy Session,2026-07-29,Morning,10,Completed
APT003051,PT01428,PR001,Post-Op Care,2026-06-29,Morning,2,No-Show
APT003052,PT00671,PR002,Diabetic Care Visit,2026-07-01,Afternoon,10,Cancelled
APT003053,PT01793,PR009,Nursing Visit,2026-08-28,Morning,10,Completed
APT003054,PT00324,PR004,Post-Op Care,2026-07-27,Evening,13,Completed
APT003055,PT00945,PR013,Vitals Check,2026-06-01,Morning,1,Completed
APT003056,PT00681,PR014,Wound Dressing,2026-07-15,Morning,11,Rescheduled
APT003057,PT01822,PR001,Diabetic Care Visit,2026-08-11,Morning,0,Completed
APT003058,PT01694,PR019,Wound Dressing,2026-07-03,Morning,5,Cancelled
APT003059,PT01088,PR006,Diabetic Care Visit,2026-07-10,Evening,6,Completed
APT003060,PT01184,PR010,Wound Dressing,2026-07-04,Evening,6,Cancelled
APT003061,PT01907,PR008,Diabetic Care Visit,2026-06-18,Morning,2,Completed
APT003062,PT00557,PR010,Physiotherapy Session,2026-06-18,Morning,3,Completed
APT003063,PT00947,PR002,Physiotherapy Session,2026-06-07,Morning,1,Completed
APT003064,PT01437,PR008,Wound Dressing,2026-08-21,Morning,6,Completed
APT003065,PT00767,PR014,Vitals Check,2026-07-12,Morning,11,Completed
APT003066,PT00755,PR006,Nursing Visit,2026-08-09,Morning,1,Completed
APT003067,PT00685,PR011,Wound Dressing,2026-07-19,Evening,2,Completed
APT003068,PT01733,PR020,Vitals Check,2026-06-15,Morning,14,Completed
APT003069,PT00237,PR012,Post-Op Care,2026-07-25,Afternoon,10,Cancelled
APT003070,PT00914,PR004,Physiotherapy Session,2026-07-15,Morning,3,Completed
APT003071,PT00588,PR010,Post-Op Care,2026-08-25,Evening,5,Cancelled
APT003072,PT00080,PR008,Vitals Check,2026-08-12,Afternoon,7,Completed
APT003073,PT00610,PR010,Post-Op Care,2026-07-04,Morning,4,Completed
APT003074,PT01347,PR002,Post-Op Care,2026-07-18,Evening,2,Cancelled
APT003075,PT01552,PR002,Diabetic Care Visit,2026-08-06,Morning,1,Completed
APT003076,PT00473,PR004,Wound Dressing,2026-06-01,Afternoon,1,Completed
APT003077,PT01319,PR016,Diabetic Care Visit,2026-08-27,Morning,11,Completed
APT003078,PT01845,PR020,Vitals Check,2026-08-08,Evening,5,No-Show
APT003079,PT00800,PR015,Post-Op Care,2026-06-11,Morning,13,Completed
APT003080,PT01660,PR010,Wound Dressing,2026-06-04,Evening,1,Completed
APT003081,PT00137,PR001,Nursing Visit,2026-07-10,Evening,13,Completed
APT003082,PT01430,PR010,Vitals Check,2026-07-04,Evening,10,Completed
APT003083,PT01643,PR015,Nursing Visit,2026-06-07,Evening,1,Completed
APT003084,PT00612,PR015,Diabetic Care Visit,2026-07-06,Evening,0,No-Show
APT003085,PT01586,PR013,Post-Op Care,2026-06-11,Evening,11,Completed
APT003086,PT00428,PR005,Vitals Check,2026-07-07,Evening,6,Completed
APT003087,PT00650,PR013,Post-Op Care,2026-06-27,Afternoon,1,Completed
APT003088,PT01922,PR008,Vitals Check,2026-07-09,Evening,7,No-Show
APT003089,PT01106,PR011,Vitals Check,2026-06-16,Afternoon,12,Completed
APT003090,PT01329,PR013,Physiotherapy Session,2026-07-13,Morning,11,Completed
APT003091,PT01570,PR019,Diabetic Care Visit,2026-08-12,Morning,2,Completed
APT003092,PT01605,PR015,Diabetic Care Visit,2026-07-27,Evening,12,Completed
APT003093,PT01431,PR016,Nursing Visit,2026-07-12,Evening,14,Completed
APT003094,PT00683,PR016,Vitals Check,2026-07-14,Afternoon,5,Rescheduled
APT003095,PT01026,PR002,Diabetic Care Visit,2026-08-10,Evening,12,Rescheduled
APT003096,PT00548,PR002,Post-Op Care,2026-07-07,Morning,1,Completed
APT003097,PT00510,PR005,Diabetic Care Visit,2026-06-26,Afternoon,12,Completed
APT003098,PT01540,PR002,Physiotherapy Session,2026-08-15,Evening,9,No-Show
APT003099,PT01655,PR019,Diabetic Care Visit,2026-07-12,Morning,14,Completed
APT003100,PT00374,PR017,Post-Op Care,2026-06-18,Morning,13,Completed
APT003101,PT01445,PR002,Physiotherapy Session,2026-08-28,Morning,11,Completed
APT003102,PT01780,PR010,Nursing Visit,2026-06-09,Afternoon,11,Completed
APT003103,PT01147,PR011,Nursing Visit,2026-08-25,Evening,5,Completed
APT003104,PT01502,PR002,Diabetic Care Visit,2026-06-22,Morning,1,Completed
APT003105,PT01840,PR020,Nursing Visit,2026-08-14,Morning,10,Completed
APT003106,PT00039,PR016,Diabetic Care Visit,2026-06-21,Morning,2,Completed
APT003107,PT00728,PR013,Wound Dressing,2026-07-27,Evening,3,Completed
APT003108,PT00811,PR010,Wound Dressing,2026-07-03,Morning,5,Cancelled
APT003109,PT00436,PR005,Nursing Visit,2026-08-14,Morning,8,No-Show
APT003110,PT01915,PR010,Nursing Visit,2026-08-13,Evening,12,Completed
APT003111,PT01572,PR018,Post-Op Care,2026-06-27,Morning,0,Rescheduled
APT003112,PT01549,PR009,Physiotherapy Session,2026-06-12,Evening,7,Completed
APT003113,PT00810,PR005,Nursing Visit,2026-08-15,Afternoon,5,No-Show
APT003114,PT00153,PR011,Physiotherapy Session,2026-06-04,Evening,11,Completed
APT003115,PT00862,PR002,Nursing Visit,2026-07-11,Morning,14,No-Show
APT003116,PT00969,PR001,Nursing Visit,2026-08-04,Afternoon,10,Completed
APT003117,PT00126,PR010,Post-Op Care,2026-08-01,Morning,13,Completed
APT003118,PT00309,PR018,Nursing Visit,2026-06-29,Morning,2,No-Show
APT003119,PT00617,PR016,Physiotherapy Session,2026-08-01,Morning,0,Cancelled
APT003120,PT01843,PR015,Physiotherapy Session,2026-07-31,Morning,14,Completed
APT003121,PT00240,PR018,Wound Dressing,2026-06-13,Afternoon,3,Completed
APT003122,PT01754,PR019,Diabetic Care Visit,2026-08-13,Morning,13,Completed
APT003123,PT01669,PR015,Physiotherapy Session,2026-08-10,Morning,8,Completed
APT003124,PT01736,PR003,Wound Dressing,2026-08-16,Evening,4,Completed
APT003125,PT00895,PR018,Nursing Visit,2026-08-10,Afternoon,13,Completed
APT003126,PT00969,PR005,Post-Op Care,2026-08-09,Evening,4,Completed
APT003127,PT00608,PR005,Post-Op Care,2026-07-06,Afternoon,5,Completed
APT003128,PT00112,PR018,Vitals Check,2026-08-15,Evening,14,Completed
APT003129,PT00308,PR001,Vitals Check,2026-08-11,Evening,12,Completed
APT003130,PT01572,PR020,Physiotherapy Session,2026-07-26,Morning,2,Completed
APT003131,PT00505,PR011,Nursing Visit,2026-08-03,Afternoon,2,Completed
APT003132,PT00668,PR002,Diabetic Care Visit,2026-08-22,Evening,0,Cancelled
APT003133,PT00552,PR005,Vitals Check,2026-08-11,Afternoon,11,Completed
APT003134,PT01852,PR007,Diabetic Care Visit,2026-06-18,Morning,5,Completed
APT003135,PT00747,PR004,Wound Dressing,2026-06-15,Evening,4,Completed
APT003136,PT00746,PR018,Post-Op Care,2026-07-30,Evening,9,Completed
APT003137,PT01585,PR002,Diabetic Care Visit,2026-06-01,Afternoon,5,Completed
APT003138,PT00794,PR005,Post-Op Care,2026-07-03,Evening,4,Rescheduled
APT003139,PT01289,PR008,Nursing Visit,2026-07-08,Afternoon,3,Completed
APT003140,PT00408,PR019,Nursing Visit,2026-06-03,Morning,0,Completed
APT003141,PT01998,PR009,Diabetic Care Visit,2026-06-22,Morning,13,Completed
APT003142,PT00635,PR011,Vitals Check,2026-07-13,Morning,4,Completed
APT003143,PT00196,PR009,Post-Op Care,2026-06-11,Morning,7,Completed
APT003144,PT01281,PR005,Physiotherapy Session,2026-06-19,Afternoon,1,Completed
APT003145,PT00508,PR013,Post-Op Care,2026-08-09,Afternoon,2,Completed
APT003146,PT00645,PR012,Wound Dressing,2026-08-01,Evening,4,Completed
APT003147,PT00480,PR005,Diabetic Care Visit,2026-07-02,Morning,0,Completed
APT003148,PT00859,PR001,Vitals Check,2026-07-03,Morning,10,Completed
APT003149,PT01524,PR019,Diabetic Care Visit,2026-07-04,Evening,4,Completed
APT003150,PT01762,PR005,Wound Dressing,2026-06-19,Afternoon,12,No-Show
APT003151,PT00647,PR005,Physiotherapy Session,2026-07-15,Afternoon,7,Completed
APT003152,PT00260,PR007,Post-Op Care,2026-06-15,Evening,5,No-Show
APT003153,PT01585,PR010,Wound Dressing,2026-07-24,Afternoon,2,No-Show
APT003154,PT00669,PR008,Wound Dressing,2026-07-23,Afternoon,13,Completed
APT003155,PT00701,PR004,Nursing Visit,2026-07-18,Morning,7,Completed
APT003156,PT00925,PR006,Vitals Check,2026-06-20,Morning,1,Completed
APT003157,PT00862,PR002,Post-Op Care,2026-06-13,Afternoon,0,No-Show
APT003158,PT00018,PR020,Diabetic Care Visit,2026-06-28,Evening,9,Completed
APT003159,PT00955,PR002,Nursing Visit,2026-08-19,Evening,12,No-Show
APT003160,PT00368,PR018,Diabetic Care Visit,2026-06-18,Afternoon,7,Rescheduled
APT003161,PT01929,PR008,Vitals Check,2026-06-08,Morning,3,Completed
APT003162,PT00641,PR003,Wound Dressing,2026-07-09,Afternoon,7,Completed
APT003163,PT01489,PR008,Wound Dressing,2026-08-16,Morning,11,Completed
APT003164,PT01489,PR013,Post-Op Care,2026-06-23,Morning,11,Completed
APT003165,PT01696,PR010,Post-Op Care,2026-07-24,Morning,9,Completed
APT003166,PT01843,PR016,Physiotherapy Session,2026-06-19,Afternoon,10,Completed
APT003167,PT01782,PR020,Nursing Visit,2026-07-30,Morning,4,Completed
APT003168,PT01511,PR002,Vitals Check,2026-08-22,Afternoon,12,Cancelled
APT003169,PT00076,PR017,Vitals Check,2026-07-27,Evening,14,Completed
APT003170,PT00564,PR008,Wound Dressing,2026-06-17,Afternoon,3,Completed
APT003171,PT00540,PR017,Post-Op Care,2026-08-13,Morning,1,Cancelled
APT003172,PT01624,PR016,Post-Op Care,2026-08-16,Morning,7,Completed
APT003173,PT01066,PR008,Nursing Visit,2026-06-06,Morning,8,Completed
APT003174,PT01724,PR016,Vitals Check,2026-07-12,Morning,7,Completed
APT003175,PT00521,PR002,Nursing Visit,2026-06-26,Evening,11,Completed
APT003176,PT01372,PR007,Post-Op Care,2026-07-28,Afternoon,14,Completed
APT003177,PT00373,PR004,Physiotherapy Session,2026-08-19,Morning,6,Completed
APT003178,PT01151,PR013,Nursing Visit,2026-08-16,Afternoon,14,Completed
APT003179,PT01148,PR019,Physiotherapy Session,2026-07-31,Afternoon,6,No-Show
APT003180,PT00391,PR006,Physiotherapy Session,2026-07-02,Afternoon,5,Completed
APT003181,PT01710,PR018,Physiotherapy Session,2026-06-24,Evening,10,Completed
APT003182,PT01504,PR015,Wound Dressing,2026-06-14,Morning,14,Completed
APT003183,PT01373,PR006,Diabetic Care Visit,2026-07-24,Afternoon,13,Completed
APT003184,PT01156,PR007,Diabetic Care Visit,2026-08-26,Afternoon,2,Completed
APT003185,PT01794,PR012,Wound Dressing,2026-06-02,Afternoon,1,Completed
APT003186,PT00239,PR017,Wound Dressing,2026-08-12,Morning,3,No-Show
APT003187,PT00256,PR013,Nursing Visit,2026-06-14,Morning,10,Completed
APT003188,PT01837,PR013,Nursing Visit,2026-08-07,Afternoon,8,Completed
APT003189,PT01577,PR004,Diabetic Care Visit,2026-07-14,Morning,10,No-Show
APT003190,PT01085,PR003,Physiotherapy Session,2026-06-30,Evening,11,Completed
APT003191,PT00450,PR010,Nursing Visit,2026-08-27,Evening,9,No-Show
APT003192,PT00536,PR002,Vitals Check,2026-06-02,Morning,14,Cancelled
APT003193,PT01328,PR004,Wound Dressing,2026-08-18,Morning,4,No-Show
APT003194,PT00226,PR014,Nursing Visit,2026-06-14,Afternoon,14,Completed
APT003195,PT00295,PR008,Nursing Visit,2026-07-06,Morning,3,Completed
APT003196,PT01305,PR008,Vitals Check,2026-06-16,Afternoon,2,Completed
APT003197,PT01984,PR015,Physiotherapy Session,2026-06-08,Evening,10,Completed
APT003198,PT01733,PR014,Vitals Check,2026-08-29,Morning,3,Completed
APT003199,PT01490,PR010,Wound Dressing,2026-06-15,Evening,7,Cancelled
APT003200,PT01245,PR010,Wound Dressing,2026-06-26,Evening,11,Completed
APT003201,PT00383,PR019,Physiotherapy Session,2026-06-08,Afternoon,9,Cancelled
APT003202,PT00137,PR019,Vitals Check,2026-07-13,Morning,1,Completed
APT003203,PT01546,PR002,Physiotherapy Session,2026-08-20,Evening,10,No-Show
APT003204,PT00798,PR013,Post-Op Care,2026-07-16,Afternoon,5,Completed
APT003205,PT01558,PR020,Post-Op Care,2026-08-20,Evening,13,Completed
APT003206,PT01427,PR017,Wound Dressing,2026-07-07,Evening,10,Cancelled
APT003207,PT00084,PR004,Wound Dressing,2026-07-20,Evening,12,Cancelled
APT003208,PT00028,PR006,Post-Op Care,2026-06-01,Afternoon,7,Completed
APT003209,PT00631,PR011,Vitals Check,2026-06-21,Evening,3,Completed
APT003210,PT00325,PR007,Diabetic Care Visit,2026-06-30,Evening,4,Completed
APT003211,PT00378,PR010,Diabetic Care Visit,2026-08-06,Evening,8,Completed
APT003212,PT00288,PR015,Nursing Visit,2026-07-09,Evening,4,Completed
APT003213,PT01007,PR019,Post-Op Care,2026-06-12,Morning,7,Completed
APT003214,PT00031,PR008,Diabetic Care Visit,2026-06-25,Afternoon,2,Completed
APT003215,PT00779,PR015,Diabetic Care Visit,2026-06-03,Morning,2,Completed
APT003216,PT01005,PR011,Post-Op Care,2026-06-11,Morning,9,Completed
APT003217,PT01027,PR009,Post-Op Care,2026-07-29,Afternoon,5,Completed
APT003218,PT01041,PR019,Nursing Visit,2026-07-16,Morning,1,Completed
APT003219,PT00079,PR004,Diabetic Care Visit,2026-07-09,Afternoon,1,Completed
APT003220,PT00293,PR007,Vitals Check,2026-07-20,Afternoon,8,Completed
APT003221,PT01604,PR010,Vitals Check,2026-08-13,Afternoon,13,Completed
APT003222,PT01293,PR002,Physiotherapy Session,2026-07-03,Evening,11,Completed
APT003223,PT01639,PR007,Vitals Check,2026-07-22,Morning,5,Cancelled
APT003224,PT00391,PR009,Diabetic Care Visit,2026-06-11,Afternoon,11,Completed
APT003225,PT00207,PR010,Physiotherapy Session,2026-07-05,Afternoon,6,No-Show
APT003226,PT00197,PR008,Vitals Check,2026-06-08,Afternoon,6,Completed
APT003227,PT00166,PR002,Vitals Check,2026-08-18,Evening,7,Rescheduled
APT003228,PT00444,PR008,Physiotherapy Session,2026-06-23,Afternoon,2,Completed
APT003229,PT00383,PR019,Post-Op Care,2026-06-19,Afternoon,1,Completed
APT003230,PT00755,PR003,Nursing Visit,2026-07-23,Evening,8,Completed
APT003231,PT00615,PR017,Vitals Check,2026-06-10,Morning,6,No-Show
APT003232,PT00881,PR015,Vitals Check,2026-06-15,Afternoon,12,Completed
APT003233,PT01249,PR018,Nursing Visit,2026-06-01,Morning,6,No-Show
APT003234,PT01689,PR002,Physiotherapy Session,2026-06-25,Afternoon,2,Rescheduled
APT003235,PT00603,PR016,Wound Dressing,2026-08-09,Evening,5,Completed
APT003236,PT00461,PR019,Diabetic Care Visit,2026-06-03,Afternoon,5,Completed
APT003237,PT00875,PR006,Nursing Visit,2026-07-08,Morning,5,Completed
APT003238,PT01009,PR004,Wound Dressing,2026-07-18,Evening,8,No-Show
APT003239,PT00565,PR006,Post-Op Care,2026-06-20,Afternoon,13,No-Show
APT003240,PT01697,PR004,Nursing Visit,2026-06-21,Evening,9,Completed
APT003241,PT01753,PR016,Diabetic Care Visit,2026-08-10,Morning,12,Completed
APT003242,PT01843,PR001,Diabetic Care Visit,2026-07-11,Morning,8,Completed
APT003243,PT00743,PR020,Diabetic Care Visit,2026-06-26,Afternoon,7,Completed
APT003244,PT00901,PR018,Vitals Check,2026-07-26,Evening,13,Completed
APT003245,PT01042,PR001,Vitals Check,2026-08-16,Afternoon,4,Completed
APT003246,PT01230,PR019,Diabetic Care Visit,2026-06-21,Evening,9,Completed
APT003247,PT00034,PR010,Diabetic Care Visit,2026-07-08,Evening,11,Completed
APT003248,PT00020,PR002,Wound Dressing,2026-08-15,Evening,6,No-Show
APT003249,PT00265,PR010,Post-Op Care,2026-07-08,Afternoon,10,Completed
APT003250,PT01740,PR002,Vitals Check,2026-08-25,Afternoon,14,Cancelled
APT003251,PT00929,PR018,Post-Op Care,2026-06-26,Evening,13,Completed
APT003252,PT00165,PR007,Physiotherapy Session,2026-07-25,Morning,3,Completed
APT003253,PT01001,PR004,Post-Op Care,2026-08-16,Morning,6,Completed
APT003254,PT00986,PR013,Vitals Check,2026-07-30,Evening,11,Completed
APT003255,PT01510,PR016,Wound Dressing,2026-06-14,Evening,9,Completed
APT003256,PT00433,PR001,Vitals Check,2026-06-05,Evening,1,Completed
APT003257,PT01008,PR009,Physiotherapy Session,2026-06-21,Afternoon,12,Completed
APT003258,PT00399,PR007,Nursing Visit,2026-06-25,Afternoon,9,Cancelled
APT003259,PT00966,PR016,Nursing Visit,2026-08-14,Morning,10,Completed
APT003260,PT01782,PR014,Diabetic Care Visit,2026-07-08,Morning,14,No-Show
APT003261,PT00499,PR011,Vitals Check,2026-06-05,Afternoon,5,Completed
APT003262,PT00422,PR002,Post-Op Care,2026-06-07,Morning,12,Completed
APT003263,PT00741,PR013,Nursing Visit,2026-06-15,Afternoon,4,Completed
APT003264,PT00763,PR016,Diabetic Care Visit,2026-07-24,Evening,7,Completed
APT003265,PT00260,PR009,Physiotherapy Session,2026-08-18,Afternoon,2,Completed
APT003266,PT00535,PR009,Diabetic Care Visit,2026-07-17,Evening,9,Completed
APT003267,PT00452,PR002,Physiotherapy Session,2026-06-05,Evening,6,No-Show
APT003268,PT00075,PR020,Wound Dressing,2026-07-19,Morning,9,Rescheduled
APT003269,PT01719,PR015,Diabetic Care Visit,2026-07-21,Morning,12,No-Show
APT003270,PT00831,PR010,Vitals Check,2026-07-07,Morning,10,Completed
APT003271,PT00033,PR011,Physiotherapy Session,2026-08-26,Evening,7,Completed
APT003272,PT00852,PR013,Diabetic Care Visit,2026-06-01,Evening,7,Completed
APT003273,PT00748,PR015,Post-Op Care,2026-08-20,Evening,1,Completed
APT003274,PT00561,PR003,Post-Op Care,2026-07-05,Morning,12,Completed
APT003275,PT00449,PR004,Diabetic Care Visit,2026-07-06,Morning,2,Completed
APT003276,PT00836,PR017,Diabetic Care Visit,2026-08-17,Evening,11,Completed
APT003277,PT01757,PR016,Physiotherapy Session,2026-07-26,Morning,13,Completed
APT003278,PT00439,PR017,Physiotherapy Session,2026-06-22,Afternoon,12,No-Show
APT003279,PT01929,PR004,Vitals Check,2026-07-15,Morning,8,No-Show
APT003280,PT00905,PR002,Physiotherapy Session,2026-08-06,Evening,4,Completed
APT003281,PT01249,PR011,Vitals Check,2026-06-29,Afternoon,5,Cancelled
APT003282,PT01540,PR002,Post-Op Care,2026-08-29,Afternoon,11,Completed
APT003283,PT00230,PR016,Vitals Check,2026-06-19,Morning,10,No-Show
APT003284,PT01212,PR004,Diabetic Care Visit,2026-07-20,Evening,7,No-Show
APT003285,PT00498,PR003,Post-Op Care,2026-08-10,Morning,13,Completed
APT003286,PT00554,PR017,Diabetic Care Visit,2026-07-03,Morning,12,Completed
APT003287,PT00174,PR002,Post-Op Care,2026-08-15,Afternoon,2,Completed
APT003288,PT01128,PR009,Diabetic Care Visit,2026-08-04,Morning,11,Completed
APT003289,PT01029,PR007,Vitals Check,2026-06-21,Evening,7,Completed
APT003290,PT00156,PR012,Diabetic Care Visit,2026-06-16,Evening,7,Completed
APT003291,PT00536,PR010,Wound Dressing,2026-07-03,Morning,2,Rescheduled
APT003292,PT00051,PR019,Nursing Visit,2026-08-07,Evening,2,No-Show
APT003293,PT00669,PR013,Diabetic Care Visit,2026-07-12,Morning,1,Completed
APT003294,PT01453,PR016,Vitals Check,2026-08-27,Morning,13,Completed
APT003295,PT00535,PR007,Nursing Visit,2026-06-25,Morning,4,Completed
APT003296,PT00357,PR004,Wound Dressing,2026-08-17,Evening,9,Completed
APT003297,PT01724,PR015,Nursing Visit,2026-08-26,Evening,1,Completed
APT003298,PT00284,PR020,Nursing Visit,2026-08-28,Afternoon,4,Rescheduled
APT003299,PT01341,PR014,Vitals Check,2026-06-21,Afternoon,2,Completed
APT003300,PT00046,PR017,Physiotherapy Session,2026-08-01,Afternoon,3,Completed
APT003301,PT00163,PR010,Vitals Check,2026-08-16,Afternoon,14,No-Show
APT003302,PT00971,PR011,Vitals Check,2026-07-24,Evening,7,Completed
APT003303,PT01198,PR004,Post-Op Care,2026-06-07,Afternoon,3,Completed
APT003304,PT01130,PR014,Post-Op Care,2026-07-16,Afternoon,11,Completed
APT003305,PT01916,PR014,Post-Op Care,2026-08-28,Afternoon,14,Completed
APT003306,PT00062,PR003,Physiotherapy Session,2026-06-13,Evening,10,No-Show
APT003307,PT01884,PR002,Diabetic Care Visit,2026-06-22,Morning,11,Completed
APT003308,PT01041,PR001,Physiotherapy Session,2026-06-10,Evening,13,Completed
APT003309,PT01755,PR008,Wound Dressing,2026-06-08,Evening,6,No-Show
APT003310,PT01344,PR015,Physiotherapy Session,2026-06-06,Afternoon,10,Cancelled
APT003311,PT01974,PR017,Physiotherapy Session,2026-07-09,Evening,7,Cancelled
APT003312,PT00960,PR018,Physiotherapy Session,2026-06-29,Morning,6,Completed
APT003313,PT00265,PR002,Wound Dressing,2026-08-11,Morning,8,Completed
APT003314,PT01008,PR003,Wound Dressing,2026-07-13,Afternoon,2,No-Show
APT003315,PT01001,PR013,Wound Dressing,2026-08-07,Afternoon,11,Completed
APT003316,PT00659,PR002,Diabetic Care Visit,2026-06-02,Morning,3,No-Show
APT003317,PT01935,PR002,Wound Dressing,2026-06-16,Morning,10,No-Show
APT003318,PT01258,PR019,Wound Dressing,2026-06-14,Evening,7,No-Show
APT003319,PT01986,PR012,Nursing Visit,2026-08-21,Evening,7,Completed
APT003320,PT00424,PR010,Post-Op Care,2026-07-29,Afternoon,6,Completed
APT003321,PT00977,PR002,Wound Dressing,2026-07-18,Morning,4,Completed
APT003322,PT00956,PR007,Wound Dressing,2026-07-26,Morning,8,Cancelled
APT003323,PT01037,PR020,Physiotherapy Session,2026-07-30,Afternoon,5,Completed
APT003324,PT00799,PR001,Wound Dressing,2026-08-20,Morning,5,Completed
APT003325,PT00326,PR004,Physiotherapy Session,2026-06-06,Evening,4,No-Show
APT003326,PT01145,PR006,Nursing Visit,2026-07-07,Morning,10,No-Show
APT003327,PT00543,PR008,Vitals Check,2026-08-03,Morning,10,Completed
APT003328,PT00420,PR014,Post-Op Care,2026-08-08,Afternoon,13,Completed
APT003329,PT01190,PR006,Vitals Check,2026-07-07,Morning,0,Completed
APT003330,PT00623,PR013,Diabetic Care Visit,2026-06-16,Afternoon,4,Completed
APT003331,PT01793,PR003,Vitals Check,2026-06-13,Afternoon,5,No-Show
APT003332,PT01814,PR012,Wound Dressing,2026-08-17,Afternoon,5,Completed
APT003333,PT00124,PR017,Wound Dressing,2026-08-10,Afternoon,13,Completed
APT003334,PT01755,PR004,Diabetic Care Visit,2026-06-16,Afternoon,2,No-Show
APT003335,PT00370,PR001,Diabetic Care Visit,2026-07-05,Afternoon,4,Completed
APT003336,PT00038,PR010,Vitals Check,2026-07-23,Afternoon,14,Cancelled
APT003337,PT01917,PR014,Wound Dressing,2026-08-03,Afternoon,3,Cancelled
APT003338,PT01108,PR002,Nursing Visit,2026-06-29,Morning,1,Completed
APT003339,PT00269,PR003,Post-Op Care,2026-08-27,Morning,3,Completed
APT003340,PT01467,PR016,Vitals Check,2026-08-10,Afternoon,14,Completed
APT003341,PT00212,PR010,Diabetic Care Visit,2026-07-12,Morning,9,Completed
APT003342,PT00789,PR012,Wound Dressing,2026-08-16,Morning,4,Completed
APT003343,PT01519,PR010,Wound Dressing,2026-06-28,Afternoon,2,No-Show
APT003344,PT01348,PR014,Physiotherapy Session,2026-08-13,Afternoon,2,No-Show
APT003345,PT00171,PR004,Nursing Visit,2026-08-02,Morning,8,Completed
APT003346,PT00401,PR018,Diabetic Care Visit,2026-07-24,Morning,4,Completed
APT003347,PT00285,PR001,Wound Dressing,2026-08-04,Morning,0,Completed
APT003348,PT00856,PR010,Physiotherapy Session,2026-07-04,Evening,9,No-Show
APT003349,PT00214,PR010,Physiotherapy Session,2026-08-02,Evening,14,Completed
APT003350,PT01345,PR017,Nursing Visit,2026-06-10,Evening,0,Completed
APT003351,PT00067,PR008,Post-Op Care,2026-07-21,Morning,5,Completed
APT003352,PT01285,PR010,Diabetic Care Visit,2026-08-20,Morning,1,No-Show
APT003353,PT01423,PR013,Diabetic Care Visit,2026-08-12,Evening,1,Rescheduled
APT003354,PT01748,PR002,Wound Dressing,2026-07-28,Evening,4,Completed
APT003355,PT01150,PR003,Post-Op Care,2026-06-29,Evening,2,Completed
APT003356,PT00500,PR013,Post-Op Care,2026-07-08,Afternoon,4,Completed
APT003357,PT01592,PR019,Nursing Visit,2026-06-12,Afternoon,14,Completed
APT003358,PT01275,PR009,Physiotherapy Session,2026-07-20,Morning,8,Completed
APT003359,PT00231,PR005,Post-Op Care,2026-08-24,Evening,5,Completed
APT003360,PT00285,PR005,Nursing Visit,2026-06-21,Afternoon,7,No-Show
APT003361,PT01773,PR014,Diabetic Care Visit,2026-07-18,Evening,1,Completed
APT003362,PT01210,PR020,Wound Dressing,2026-06-12,Afternoon,11,Completed
APT003363,PT01144,PR002,Physiotherapy Session,2026-06-15,Afternoon,13,Completed
APT003364,PT01720,PR002,Vitals Check,2026-08-17,Evening,12,No-Show
APT003365,PT00198,PR018,Wound Dressing,2026-07-07,Afternoon,14,No-Show
APT003366,PT01665,PR019,Vitals Check,2026-07-05,Morning,0,Completed
APT003367,PT01111,PR017,Nursing Visit,2026-08-09,Evening,6,No-Show
APT003368,PT01210,PR014,Vitals Check,2026-08-28,Evening,14,Completed
APT003369,PT01170,PR004,Post-Op Care,2026-08-26,Evening,8,Completed
APT003370,PT01260,PR020,Diabetic Care Visit,2026-07-09,Morning,1,Completed
APT003371,PT00233,PR011,Vitals Check,2026-08-09,Evening,10,Completed
APT003372,PT00972,PR009,Wound Dressing,2026-07-28,Afternoon,7,Completed
APT003373,PT01426,PR004,Nursing Visit,2026-08-18,Evening,12,Rescheduled
APT003374,PT00833,PR009,Diabetic Care Visit,2026-06-03,Morning,1,Completed
APT003375,PT00510,PR005,Nursing Visit,2026-08-06,Afternoon,12,Completed
APT003376,PT01478,PR016,Physiotherapy Session,2026-08-29,Morning,11,Completed
APT003377,PT00505,PR018,Wound Dressing,2026-07-25,Morning,1,Completed
APT003378,PT01157,PR008,Nursing Visit,2026-07-06,Evening,10,Completed
APT003379,PT00005,PR010,Nursing Visit,2026-08-11,Morning,9,Completed
APT003380,PT01182,PR002,Diabetic Care Visit,2026-08-14,Morning,6,Cancelled
APT003381,PT00137,PR015,Post-Op Care,2026-07-28,Morning,0,Completed
APT003382,PT01163,PR003,Diabetic Care Visit,2026-08-11,Afternoon,7,Completed
APT003383,PT01595,PR002,Wound Dressing,2026-06-19,Morning,0,Completed
APT003384,PT01243,PR006,Physiotherapy Session,2026-06-14,Evening,13,Completed
APT003385,PT00066,PR010,Nursing Visit,2026-06-14,Afternoon,13,No-Show
APT003386,PT00922,PR011,Post-Op Care,2026-08-10,Morning,14,Completed
APT003387,PT01130,PR018,Vitals Check,2026-07-04,Evening,14,Completed
APT003388,PT00423,PR014,Diabetic Care Visit,2026-06-02,Afternoon,6,Completed
APT003389,PT00428,PR015,Physiotherapy Session,2026-07-15,Morning,1,Completed
APT003390,PT01812,PR011,Diabetic Care Visit,2026-08-10,Morning,1,Completed
APT003391,PT01672,PR006,Diabetic Care Visit,2026-07-23,Evening,2,Completed
APT003392,PT00293,PR007,Nursing Visit,2026-07-03,Morning,2,Completed
APT003393,PT00696,PR004,Wound Dressing,2026-08-13,Afternoon,11,No-Show
APT003394,PT00328,PR008,Vitals Check,2026-08-26,Morning,1,Completed
APT003395,PT00702,PR018,Vitals Check,2026-06-19,Morning,3,Completed
APT003396,PT00473,PR008,Nursing Visit,2026-08-29,Morning,13,Completed
APT003397,PT00747,PR013,Post-Op Care,2026-06-17,Evening,0,Completed
APT003398,PT01881,PR010,Diabetic Care Visit,2026-06-19,Afternoon,7,Completed
APT003399,PT00333,PR010,Wound Dressing,2026-08-28,Afternoon,12,Completed
APT003400,PT00842,PR006,Diabetic Care Visit,2026-07-04,Morning,4,Completed
APT003401,PT01171,PR014,Nursing Visit,2026-07-23,Afternoon,3,Completed
APT003402,PT01580,PR008,Vitals Check,2026-08-16,Afternoon,5,Rescheduled
APT003403,PT00945,PR008,Nursing Visit,2026-07-27,Afternoon,9,Completed
APT003404,PT00353,PR012,Diabetic Care Visit,2026-06-15,Afternoon,11,Completed
APT003405,PT00314,PR010,Post-Op Care,2026-07-22,Morning,0,Cancelled
APT003406,PT00926,PR004,Physiotherapy Session,2026-07-08,Afternoon,9,Cancelled
APT003407,PT00513,PR020,Physiotherapy Session,2026-07-29,Evening,12,Completed
APT003408,PT00071,PR019,Diabetic Care Visit,2026-06-07,Afternoon,5,Cancelled
APT003409,PT00858,PR010,Diabetic Care Visit,2026-07-18,Morning,3,No-Show
APT003410,PT00448,PR012,Physiotherapy Session,2026-08-28,Morning,10,Completed
APT003411,PT00939,PR015,Physiotherapy Session,2026-08-13,Afternoon,9,Rescheduled
APT003412,PT01567,PR016,Nursing Visit,2026-06-15,Afternoon,6,Completed
APT003413,PT00087,PR006,Wound Dressing,2026-06-20,Evening,5,No-Show
APT003414,PT01652,PR016,Nursing Visit,2026-07-14,Morning,4,No-Show
APT003415,PT00296,PR004,Wound Dressing,2026-08-03,Morning,7,Completed
APT003416,PT01696,PR002,Diabetic Care Visit,2026-06-20,Morning,3,No-Show
APT003417,PT00828,PR002,Post-Op Care,2026-07-03,Evening,10,No-Show
APT003418,PT01519,PR010,Vitals Check,2026-07-04,Morning,12,Completed
APT003419,PT00016,PR010,Physiotherapy Session,2026-08-10,Afternoon,9,Rescheduled
APT003420,PT00185,PR004,Wound Dressing,2026-08-01,Afternoon,8,Completed
APT003421,PT01308,PR001,Wound Dressing,2026-08-26,Morning,7,Completed
APT003422,PT01318,PR012,Vitals Check,2026-08-04,Afternoon,8,Completed
APT003423,PT01986,PR020,Nursing Visit,2026-08-02,Evening,0,Completed
APT003424,PT00124,PR009,Physiotherapy Session,2026-06-17,Evening,4,Cancelled
APT003425,PT01992,PR004,Wound Dressing,2026-08-28,Evening,6,Completed
APT003426,PT00537,PR017,Physiotherapy Session,2026-07-04,Morning,14,Completed
APT003427,PT01226,PR003,Wound Dressing,2026-07-15,Afternoon,5,Completed
APT003428,PT00600,PR005,Physiotherapy Session,2026-07-14,Afternoon,8,Completed
APT003429,PT01247,PR007,Post-Op Care,2026-06-28,Evening,3,Completed
APT003430,PT00329,PR017,Wound Dressing,2026-07-08,Afternoon,14,Completed
APT003431,PT00568,PR001,Vitals Check,2026-08-23,Evening,13,Completed
APT003432,PT00755,PR017,Wound Dressing,2026-06-15,Evening,2,Completed
APT003433,PT01222,PR010,Nursing Visit,2026-06-16,Evening,11,Completed
APT003434,PT00385,PR013,Diabetic Care Visit,2026-06-13,Morning,8,Cancelled
APT003435,PT01208,PR011,Vitals Check,2026-08-11,Morning,3,Completed
APT003436,PT01322,PR020,Physiotherapy Session,2026-06-18,Evening,10,Completed
APT003437,PT00060,PR007,Post-Op Care,2026-07-17,Afternoon,9,Completed
APT003438,PT00451,PR001,Wound Dressing,2026-08-21,Evening,7,Completed
APT003439,PT01026,PR010,Nursing Visit,2026-06-16,Evening,3,Completed
APT003440,PT01196,PR002,Nursing Visit,2026-08-23,Evening,2,Completed
APT003441,PT00959,PR002,Wound Dressing,2026-07-01,Evening,10,Completed
APT003442,PT01024,PR012,Wound Dressing,2026-07-04,Morning,5,Rescheduled
APT003443,PT01744,PR017,Post-Op Care,2026-08-05,Evening,5,Completed
APT003444,PT00955,PR010,Physiotherapy Session,2026-07-16,Evening,12,Rescheduled
APT003445,PT00767,PR020,Post-Op Care,2026-07-28,Morning,13,No-Show
APT003446,PT00956,PR009,Nursing Visit,2026-07-01,Morning,10,No-Show
APT003447,PT01989,PR004,Diabetic Care Visit,2026-06-19,Morning,0,No-Show
APT003448,PT01699,PR011,Vitals Check,2026-07-21,Afternoon,2,Completed
APT003449,PT00656,PR001,Diabetic Care Visit,2026-06-28,Afternoon,6,Completed
APT003450,PT01693,PR016,Nursing Visit,2026-07-13,Evening,4,No-Show
APT003451,PT01629,PR009,Nursing Visit,2026-07-20,Evening,1,Completed
APT003452,PT01396,PR010,Diabetic Care Visit,2026-06-04,Morning,5,Completed
APT003453,PT00132,PR018,Vitals Check,2026-08-24,Morning,10,Completed
APT003454,PT01955,PR005,Post-Op Care,2026-07-27,Evening,12,No-Show
APT003455,PT00259,PR016,Physiotherapy Session,2026-08-21,Evening,5,No-Show
APT003456,PT01012,PR003,Vitals Check,2026-08-27,Afternoon,12,Completed
APT003457,PT00124,PR009,Vitals Check,2026-06-02,Afternoon,0,No-Show
APT003458,PT00064,PR011,Physiotherapy Session,2026-08-24,Afternoon,11,No-Show
APT003459,PT01927,PR006,Vitals Check,2026-07-12,Morning,1,Completed
APT003460,PT00228,PR005,Vitals Check,2026-07-04,Morning,4,No-Show
APT003461,PT00322,PR009,Physiotherapy Session,2026-07-18,Evening,11,Completed
APT003462,PT00982,PR017,Post-Op Care,2026-08-09,Afternoon,6,Completed
APT003463,PT00183,PR010,Diabetic Care Visit,2026-08-02,Evening,10,No-Show
APT003464,PT01668,PR013,Post-Op Care,2026-08-10,Afternoon,5,Completed
APT003465,PT00144,PR010,Wound Dressing,2026-07-31,Morning,14,Cancelled
APT003466,PT01644,PR005,Vitals Check,2026-08-11,Afternoon,0,Completed
APT003467,PT01330,PR003,Nursing Visit,2026-08-28,Evening,12,No-Show
APT003468,PT00820,PR012,Diabetic Care Visit,2026-08-26,Morning,5,Completed
APT003469,PT01072,PR010,Wound Dressing,2026-08-07,Evening,14,Completed
APT003470,PT01727,PR002,Vitals Check,2026-06-01,Morning,8,Completed
APT003471,PT00645,PR018,Vitals Check,2026-07-27,Morning,2,Completed
APT003472,PT00174,PR010,Diabetic Care Visit,2026-08-12,Morning,5,Completed
APT003473,PT00656,PR016,Wound Dressing,2026-07-31,Afternoon,3,No-Show
APT003474,PT01196,PR010,Wound Dressing,2026-08-14,Morning,3,Cancelled
APT003475,PT01492,PR014,Vitals Check,2026-06-06,Evening,0,Completed
APT003476,PT00241,PR002,Post-Op Care,2026-07-27,Afternoon,13,Completed
APT003477,PT00110,PR008,Diabetic Care Visit,2026-06-19,Afternoon,3,Completed
APT003478,PT01882,PR004,Vitals Check,2026-06-17,Afternoon,14,No-Show
APT003479,PT01445,PR010,Nursing Visit,2026-06-28,Afternoon,13,Rescheduled
APT003480,PT01033,PR016,Diabetic Care Visit,2026-06-24,Evening,6,Completed
APT003481,PT01909,PR014,Diabetic Care Visit,2026-07-08,Afternoon,13,Completed
APT003482,PT00412,PR002,Nursing Visit,2026-08-19,Morning,10,Rescheduled
APT003483,PT00309,PR011,Wound Dressing,2026-08-01,Evening,5,Completed
APT003484,PT00806,PR018,Diabetic Care Visit,2026-06-22,Afternoon,0,Completed
APT003485,PT01999,PR008,Nursing Visit,2026-06-13,Afternoon,0,Completed
APT003486,PT00053,PR008,Post-Op Care,2026-08-26,Evening,0,Rescheduled
APT003487,PT01876,PR002,Physiotherapy Session,2026-08-20,Afternoon,0,No-Show
APT003488,PT01153,PR004,Vitals Check,2026-06-20,Afternoon,13,Completed
APT003489,PT01840,PR011,Nursing Visit,2026-06-06,Evening,5,No-Show
APT003490,PT00879,PR004,Vitals Check,2026-07-26,Afternoon,12,No-Show
APT003491,PT01344,PR016,Diabetic Care Visit,2026-07-31,Morning,10,Completed
APT003492,PT01908,PR016,Physiotherapy Session,2026-07-03,Evening,10,Completed
APT003493,PT00497,PR008,Physiotherapy Session,2026-08-10,Morning,3,Completed
APT003494,PT01442,PR004,Diabetic Care Visit,2026-08-25,Afternoon,3,Completed
APT003495,PT00395,PR008,Nursing Visit,2026-06-01,Afternoon,14,Completed
APT003496,PT01478,PR015,Physiotherapy Session,2026-08-04,Morning,12,Rescheduled
APT003497,PT01036,PR007,Nursing Visit,2026-06-25,Afternoon,6,No-Show
APT003498,PT01154,PR017,Vitals Check,2026-07-17,Morning,3,Completed
APT003499,PT00900,PR002,Nursing Visit,2026-07-07,Morning,12,Cancelled
APT003500,PT01501,PR003,Nursing Visit,2026-06-17,Afternoon,1,No-Show
APT003501,PT00558,PR006,Physiotherapy Session,2026-08-09,Afternoon,3,No-Show
APT003502,PT01448,PR009,Vitals Check,2026-08-17,Evening,5,Completed
APT003503,PT01687,PR011,Physiotherapy Session,2026-06-03,Evening,9,No-Show
APT003504,PT01574,PR014,Physiotherapy Session,2026-06-01,Morning,7,Completed
APT003505,PT01531,PR019,Wound Dressing,2026-07-03,Evening,5,No-Show
APT003506,PT00169,PR014,Wound Dressing,2026-06-12,Morning,12,Completed
APT003507,PT01597,PR005,Physiotherapy Session,2026-06-14,Morning,1,Cancelled
APT003508,PT01169,PR013,Physiotherapy Session,2026-08-28,Evening,0,No-Show
APT003509,PT01862,PR012,Post-Op Care,2026-06-20,Morning,13,Completed
APT003510,PT01326,PR016,Nursing Visit,2026-08-14,Evening,3,Completed
APT003511,PT01383,PR009,Post-Op Care,2026-06-03,Morning,0,Cancelled
APT003512,PT00530,PR010,Wound Dressing,2026-08-22,Evening,6,Completed
APT003513,PT00009,PR007,Vitals Check,2026-08-09,Evening,12,Completed
APT003514,PT00115,PR006,Wound Dressing,2026-07-06,Afternoon,6,Cancelled
APT003515,PT01852,PR009,Physiotherapy Session,2026-07-05,Evening,4,Completed
APT003516,PT00067,PR004,Physiotherapy Session,2026-08-13,Morning,12,Completed
APT003517,PT00072,PR003,Physiotherapy Session,2026-07-09,Afternoon,6,Completed
APT003518,PT01656,PR002,Post-Op Care,2026-07-13,Evening,6,Completed
APT003519,PT01118,PR010,Wound Dressing,2026-08-12,Morning,10,No-Show
APT003520,PT00906,PR009,Diabetic Care Visit,2026-06-12,Evening,4,Completed
APT003521,PT00101,PR008,Physiotherapy Session,2026-06-15,Morning,4,Cancelled
APT003522,PT01525,PR018,Physiotherapy Session,2026-06-02,Afternoon,14,Completed
APT003523,PT00064,PR020,Post-Op Care,2026-08-25,Afternoon,4,Completed
APT003524,PT01377,PR018,Vitals Check,2026-06-09,Evening,1,Completed
APT003525,PT01725,PR009,Diabetic Care Visit,2026-06-30,Evening,12,Completed
APT003526,PT01213,PR016,Nursing Visit,2026-07-06,Afternoon,7,Cancelled
APT003527,PT00139,PR008,Physiotherapy Session,2026-07-14,Afternoon,12,Completed
APT003528,PT00595,PR011,Vitals Check,2026-07-31,Evening,2,Completed
APT003529,PT01308,PR019,Nursing Visit,2026-07-16,Morning,11,Completed
APT003530,PT00207,PR002,Vitals Check,2026-07-27,Evening,12,Completed
APT003531,PT00338,PR011,Vitals Check,2026-08-29,Morning,1,Completed
APT003532,PT01897,PR008,Vitals Check,2026-06-14,Evening,14,Completed
APT003533,PT01363,PR012,Physiotherapy Session,2026-08-08,Evening,12,Cancelled
APT003534,PT01173,PR012,Vitals Check,2026-07-18,Afternoon,11,Completed
APT003535,PT00835,PR016,Physiotherapy Session,2026-06-24,Afternoon,4,Completed
APT003536,PT00511,PR010,Wound Dressing,2026-07-27,Evening,1,Completed
APT003537,PT00590,PR013,Diabetic Care Visit,2026-08-27,Evening,7,No-Show
APT003538,PT00488,PR012,Physiotherapy Session,2026-07-02,Afternoon,9,No-Show
APT003539,PT00678,PR003,Diabetic Care Visit,2026-06-02,Afternoon,2,Completed
APT003540,PT01494,PR013,Post-Op Care,2026-08-06,Evening,5,No-Show
APT003541,PT01503,PR002,Diabetic Care Visit,2026-08-03,Evening,10,Completed
APT003542,PT01753,PR019,Nursing Visit,2026-08-02,Evening,10,Completed
APT003543,PT01226,PR006,Physiotherapy Session,2026-08-29,Morning,8,Completed
APT003544,PT00620,PR008,Physiotherapy Session,2026-08-01,Afternoon,13,Completed
APT003545,PT00412,PR010,Post-Op Care,2026-06-03,Afternoon,4,Completed
APT003546,PT01863,PR015,Post-Op Care,2026-08-13,Afternoon,4,No-Show
APT003547,PT00592,PR010,Physiotherapy Session,2026-06-29,Evening,7,No-Show
APT003548,PT00487,PR020,Physiotherapy Session,2026-08-24,Evening,0,Completed
APT003549,PT00376,PR017,Post-Op Care,2026-08-10,Afternoon,13,Completed
APT003550,PT00515,PR005,Diabetic Care Visit,2026-06-02,Afternoon,2,Completed
APT003551,PT00710,PR010,Physiotherapy Session,2026-08-23,Morning,3,Completed
APT003552,PT01578,PR016,Wound Dressing,2026-07-06,Morning,9,Completed
APT003553,PT00322,PR006,Diabetic Care Visit,2026-07-09,Afternoon,10,Completed
APT003554,PT01714,PR018,Vitals Check,2026-06-08,Afternoon,1,No-Show
APT003555,PT00773,PR002,Nursing Visit,2026-06-29,Evening,11,Completed
APT003556,PT00621,PR019,Post-Op Care,2026-08-13,Evening,10,Completed
APT003557,PT01614,PR011,Post-Op Care,2026-07-21,Morning,0,Completed
APT003558,PT01634,PR007,Wound Dressing,2026-08-24,Morning,13,Completed
APT003559,PT01752,PR019,Post-Op Care,2026-08-22,Afternoon,11,Completed
APT003560,PT01257,PR016,Nursing Visit,2026-07-01,Morning,10,Completed
APT003561,PT01107,PR016,Wound Dressing,2026-06-07,Morning,10,No-Show
APT003562,PT01267,PR006,Diabetic Care Visit,2026-06-04,Afternoon,4,Cancelled
APT003563,PT00459,PR008,Vitals Check,2026-07-18,Morning,10,Cancelled
APT003564,PT01037,PR014,Vitals Check,2026-07-23,Evening,11,Completed
APT003565,PT00301,PR005,Diabetic Care Visit,2026-06-03,Afternoon,9,Rescheduled
APT003566,PT01646,PR020,Post-Op Care,2026-07-29,Morning,7,Completed
APT003567,PT01491,PR005,Post-Op Care,2026-06-08,Evening,10,Completed
APT003568,PT00123,PR014,Post-Op Care,2026-06-02,Morning,6,Rescheduled
APT003569,PT01782,PR011,Post-Op Care,2026-06-13,Afternoon,12,No-Show
APT003570,PT01688,PR020,Nursing Visit,2026-08-09,Morning,11,Completed
APT003571,PT00504,PR016,Wound Dressing,2026-08-12,Evening,1,Completed
APT003572,PT01530,PR008,Physiotherapy Session,2026-08-04,Evening,10,Completed
APT003573,PT01272,PR003,Wound Dressing,2026-06-25,Afternoon,4,Completed
APT003574,PT00194,PR020,Nursing Visit,2026-07-31,Evening,4,Completed
APT003575,PT01812,PR020,Post-Op Care,2026-06-18,Evening,0,Rescheduled
APT003576,PT00674,PR017,Post-Op Care,2026-07-08,Afternoon,14,Cancelled
APT003577,PT01733,PR020,Post-Op Care,2026-07-29,Afternoon,2,Completed
APT003578,PT01959,PR004,Post-Op Care,2026-06-01,Afternoon,9,Completed
APT003579,PT01695,PR009,Post-Op Care,2026-07-07,Morning,14,Completed
APT003580,PT00056,PR015,Post-Op Care,2026-08-12,Morning,5,Completed
APT003581,PT01059,PR012,Diabetic Care Visit,2026-08-20,Afternoon,13,Completed
APT003582,PT00854,PR002,Diabetic Care Visit,2026-06-11,Afternoon,6,Completed
APT003583,PT00500,PR008,Vitals Check,2026-08-19,Morning,11,Completed
APT003584,PT01949,PR018,Vitals Check,2026-07-29,Afternoon,11,Completed
APT003585,PT01249,PR018,Vitals Check,2026-07-10,Morning,6,Completed
APT003586,PT00920,PR017,Vitals Check,2026-06-29,Evening,14,Completed
APT003587,PT01811,PR002,Vitals Check,2026-08-03,Evening,12,Completed
APT003588,PT01779,PR002,Vitals Check,2026-07-24,Evening,0,Completed
APT003589,PT01808,PR003,Post-Op Care,2026-07-25,Evening,11,Completed
APT003590,PT01594,PR003,Post-Op Care,2026-08-20,Evening,6,Completed
APT003591,PT00598,PR016,Vitals Check,2026-06-26,Evening,2,Completed
APT003592,PT00965,PR013,Diabetic Care Visit,2026-07-14,Afternoon,6,No-Show
APT003593,PT01269,PR005,Vitals Check,2026-08-03,Evening,7,Completed
APT003594,PT01596,PR004,Diabetic Care Visit,2026-07-24,Afternoon,0,No-Show
APT003595,PT00521,PR010,Wound Dressing,2026-08-14,Evening,4,Completed
APT003596,PT00177,PR009,Post-Op Care,2026-07-26,Afternoon,8,No-Show
APT003597,PT01506,PR019,Physiotherapy Session,2026-07-14,Evening,7,Completed
APT003598,PT01046,PR008,Nursing Visit,2026-06-02,Afternoon,3,Completed
APT003599,PT01019,PR019,Wound Dressing,2026-07-22,Evening,2,Completed
APT003600,PT01466,PR002,Nursing Visit,2026-07-04,Morning,12,Completed
APT003601,PT00870,PR010,Nursing Visit,2026-08-07,Afternoon,3,Completed
APT003602,PT01267,PR009,Physiotherapy Session,2026-07-17,Evening,11,Completed
APT003603,PT01493,PR006,Wound Dressing,2026-07-29,Evening,11,Completed
APT003604,PT00043,PR007,Wound Dressing,2026-07-27,Morning,10,Completed
APT003605,PT00394,PR007,Wound Dressing,2026-07-18,Evening,10,Completed
APT003606,PT00521,PR002,Diabetic Care Visit,2026-08-11,Afternoon,6,Completed
APT003607,PT01745,PR005,Physiotherapy Session,2026-07-05,Morning,1,Completed
APT003608,PT00034,PR010,Vitals Check,2026-08-02,Afternoon,9,Completed
APT003609,PT01078,PR003,Physiotherapy Session,2026-06-19,Afternoon,5,Completed
APT003610,PT00912,PR003,Wound Dressing,2026-08-10,Evening,6,Completed
APT003611,PT01953,PR006,Diabetic Care Visit,2026-07-06,Afternoon,10,Completed
APT003612,PT00494,PR004,Diabetic Care Visit,2026-07-20,Morning,6,Completed
APT003613,PT00637,PR016,Nursing Visit,2026-08-03,Morning,6,Completed
APT003614,PT00908,PR002,Post-Op Care,2026-06-27,Evening,11,Completed
APT003615,PT01866,PR020,Nursing Visit,2026-06-02,Afternoon,2,Completed
APT003616,PT01886,PR006,Diabetic Care Visit,2026-08-14,Morning,1,Completed
APT003617,PT01053,PR018,Nursing Visit,2026-08-01,Afternoon,14,Completed
APT003618,PT00634,PR020,Vitals Check,2026-08-24,Afternoon,0,Completed
APT003619,PT00562,PR007,Nursing Visit,2026-08-21,Evening,8,No-Show
APT003620,PT01494,PR013,Post-Op Care,2026-07-04,Evening,8,Completed
APT003621,PT00538,PR017,Nursing Visit,2026-08-10,Afternoon,12,Completed
APT003622,PT00462,PR018,Wound Dressing,2026-06-06,Evening,8,Completed
APT003623,PT00716,PR006,Diabetic Care Visit,2026-08-27,Morning,12,No-Show
APT003624,PT01707,PR016,Vitals Check,2026-08-03,Evening,0,Completed
APT003625,PT00124,PR007,Post-Op Care,2026-08-20,Evening,12,Completed
APT003626,PT00218,PR007,Diabetic Care Visit,2026-08-09,Morning,8,Completed
APT003627,PT00242,PR002,Post-Op Care,2026-07-15,Evening,14,Rescheduled
APT003628,PT00188,PR013,Diabetic Care Visit,2026-07-06,Morning,6,Completed
APT003629,PT01997,PR011,Physiotherapy Session,2026-06-04,Afternoon,6,Completed
APT003630,PT00524,PR004,Post-Op Care,2026-06-24,Afternoon,14,Completed
APT003631,PT00067,PR004,Post-Op Care,2026-06-19,Morning,1,Rescheduled
APT003632,PT00698,PR011,Diabetic Care Visit,2026-08-09,Evening,5,Completed
APT003633,PT00282,PR004,Post-Op Care,2026-07-18,Evening,6,Cancelled
APT003634,PT01208,PR012,Vitals Check,2026-06-20,Afternoon,12,Rescheduled
APT003635,PT01902,PR003,Diabetic Care Visit,2026-06-14,Afternoon,2,Completed
APT003636,PT00299,PR008,Post-Op Care,2026-06-26,Morning,11,Completed
APT003637,PT01661,PR010,Nursing Visit,2026-08-05,Afternoon,14,Completed
APT003638,PT01997,PR014,Physiotherapy Session,2026-06-05,Morning,6,Completed
APT003639,PT00977,PR010,Nursing Visit,2026-06-08,Evening,12,Completed
APT003640,PT00410,PR017,Physiotherapy Session,2026-08-03,Afternoon,14,Completed
APT003641,PT01016,PR013,Post-Op Care,2026-08-06,Morning,4,No-Show
APT003642,PT00229,PR012,Wound Dressing,2026-06-26,Afternoon,3,Completed
APT003643,PT00797,PR014,Physiotherapy Session,2026-08-11,Evening,0,Completed
APT003644,PT00946,PR002,Wound Dressing,2026-08-13,Morning,1,Completed
APT003645,PT01479,PR010,Post-Op Care,2026-06-11,Morning,0,Completed
APT003646,PT01999,PR008,Vitals Check,2026-06-20,Morning,10,No-Show
APT003647,PT01098,PR016,Vitals Check,2026-07-15,Afternoon,5,Completed
APT003648,PT01841,PR014,Physiotherapy Session,2026-08-01,Afternoon,3,Completed
APT003649,PT01421,PR008,Nursing Visit,2026-08-28,Morning,7,Completed
APT003650,PT01804,PR018,Post-Op Care,2026-08-19,Morning,11,Completed
APT003651,PT01448,PR003,Post-Op Care,2026-08-07,Evening,14,Rescheduled
APT003652,PT00892,PR016,Vitals Check,2026-06-23,Morning,0,Rescheduled
APT003653,PT01940,PR019,Post-Op Care,2026-07-08,Morning,6,Completed
APT003654,PT01405,PR016,Vitals Check,2026-06-09,Afternoon,6,No-Show
APT003655,PT00567,PR010,Nursing Visit,2026-08-04,Morning,7,Completed
APT003656,PT01264,PR011,Diabetic Care Visit,2026-06-12,Morning,6,Completed
APT003657,PT01080,PR010,Physiotherapy Session,2026-08-15,Morning,14,Completed
APT003658,PT01785,PR010,Vitals Check,2026-06-17,Evening,1,No-Show
APT003659,PT00790,PR006,Diabetic Care Visit,2026-07-17,Evening,1,Completed
APT003660,PT01208,PR020,Nursing Visit,2026-08-06,Evening,8,Completed
APT003661,PT01350,PR004,Physiotherapy Session,2026-06-28,Morning,9,Completed
APT003662,PT00419,PR009,Wound Dressing,2026-07-11,Afternoon,1,Completed
APT003663,PT00731,PR011,Nursing Visit,2026-07-13,Evening,4,Cancelled
APT003664,PT01580,PR004,Post-Op Care,2026-08-01,Morning,12,Cancelled
APT003665,PT01758,PR011,Post-Op Care,2026-06-02,Evening,7,Completed
APT003666,PT00911,PR018,Vitals Check,2026-08-17,Afternoon,2,Completed
APT003667,PT00806,PR014,Post-Op Care,2026-08-12,Afternoon,11,No-Show
APT003668,PT00208,PR019,Wound Dressing,2026-06-13,Morning,5,No-Show
APT003669,PT00383,PR019,Diabetic Care Visit,2026-08-02,Morning,8,Completed
APT003670,PT00925,PR009,Physiotherapy Session,2026-08-11,Morning,6,Completed
APT003671,PT01733,PR014,Diabetic Care Visit,2026-08-02,Evening,4,Completed
APT003672,PT00021,PR009,Vitals Check,2026-06-08,Morning,14,Completed
APT003673,PT00201,PR004,Nursing Visit,2026-08-24,Afternoon,0,No-Show
APT003674,PT01594,PR007,Diabetic Care Visit,2026-07-02,Afternoon,2,Completed
APT003675,PT01266,PR020,Wound Dressing,2026-07-27,Afternoon,10,Completed
APT003676,PT00864,PR011,Physiotherapy Session,2026-07-24,Afternoon,3,Completed
APT003677,PT00001,PR004,Vitals Check,2026-08-15,Afternoon,4,Rescheduled
APT003678,PT01524,PR019,Diabetic Care Visit,2026-08-09,Afternoon,13,Completed
APT003679,PT01266,PR020,Diabetic Care Visit,2026-07-23,Evening,1,Cancelled
APT003680,PT00137,PR019,Vitals Check,2026-06-27,Morning,2,Completed
APT003681,PT00559,PR009,Physiotherapy Session,2026-06-11,Evening,10,Completed
APT003682,PT01526,PR010,Post-Op Care,2026-06-26,Evening,12,Completed
APT003683,PT00116,PR006,Wound Dressing,2026-06-10,Afternoon,1,Completed
APT003684,PT00175,PR009,Post-Op Care,2026-07-30,Morning,9,Cancelled
APT003685,PT01792,PR012,Post-Op Care,2026-06-20,Afternoon,2,Completed
APT003686,PT00034,PR010,Nursing Visit,2026-06-28,Evening,8,Completed
APT003687,PT00211,PR002,Vitals Check,2026-07-04,Evening,3,Completed
APT003688,PT00270,PR001,Wound Dressing,2026-07-27,Evening,4,No-Show
APT003689,PT01527,PR019,Nursing Visit,2026-06-11,Morning,9,Completed
APT003690,PT01645,PR011,Nursing Visit,2026-06-11,Evening,1,Completed
APT003691,PT01088,PR007,Nursing Visit,2026-06-08,Evening,2,Cancelled
APT003692,PT01472,PR002,Nursing Visit,2026-07-27,Evening,9,Rescheduled
APT003693,PT00758,PR015,Nursing Visit,2026-06-15,Afternoon,1,Completed
APT003694,PT01937,PR018,Post-Op Care,2026-06-09,Morning,9,Completed
APT003695,PT01235,PR010,Post-Op Care,2026-06-30,Afternoon,11,Completed
APT003696,PT00469,PR012,Post-Op Care,2026-08-27,Morning,11,Cancelled
APT003697,PT01411,PR004,Wound Dressing,2026-07-16,Evening,6,Completed
APT003698,PT01367,PR014,Nursing Visit,2026-08-04,Evening,1,Completed
APT003699,PT01135,PR016,Vitals Check,2026-07-17,Afternoon,6,No-Show
APT003700,PT01995,PR002,Post-Op Care,2026-07-02,Morning,7,Rescheduled
APT003701,PT00030,PR003,Vitals Check,2026-07-30,Evening,13,Completed
APT003702,PT00691,PR010,Wound Dressing,2026-07-12,Afternoon,0,Completed
APT003703,PT00392,PR009,Post-Op Care,2026-07-22,Morning,6,Completed
APT003704,PT01407,PR002,Nursing Visit,2026-06-25,Afternoon,14,Completed
APT003705,PT00244,PR004,Vitals Check,2026-07-18,Evening,9,Completed
APT003706,PT01131,PR017,Physiotherapy Session,2026-07-30,Evening,11,Cancelled
APT003707,PT00714,PR003,Wound Dressing,2026-06-07,Evening,10,No-Show
APT003708,PT00010,PR008,Wound Dressing,2026-06-01,Afternoon,8,Completed
APT003709,PT01331,PR010,Wound Dressing,2026-06-26,Afternoon,10,Completed
APT003710,PT00326,PR004,Nursing Visit,2026-08-03,Evening,10,Completed
APT003711,PT00871,PR002,Wound Dressing,2026-08-07,Afternoon,4,Completed
APT003712,PT00892,PR016,Diabetic Care Visit,2026-07-16,Morning,3,Completed
APT003713,PT01251,PR015,Nursing Visit,2026-08-11,Evening,3,Completed
APT003714,PT00848,PR005,Diabetic Care Visit,2026-07-22,Morning,0,Completed
APT003715,PT01839,PR018,Post-Op Care,2026-07-11,Evening,7,Cancelled
APT003716,PT00334,PR008,Post-Op Care,2026-06-03,Morning,6,Completed
APT003717,PT01525,PR012,Diabetic Care Visit,2026-08-24,Morning,1,No-Show
APT003718,PT01283,PR004,Post-Op Care,2026-06-11,Morning,5,Completed
APT003719,PT01064,PR013,Post-Op Care,2026-06-15,Afternoon,6,No-Show
APT003720,PT01234,PR010,Wound Dressing,2026-06-03,Afternoon,1,No-Show
APT003721,PT01548,PR002,Nursing Visit,2026-08-25,Afternoon,8,Completed
APT003722,PT01267,PR007,Vitals Check,2026-08-28,Afternoon,9,Completed
APT003723,PT01295,PR020,Post-Op Care,2026-06-01,Morning,13,Cancelled
APT003724,PT00824,PR008,Post-Op Care,2026-06-30,Afternoon,0,Completed
APT003725,PT00352,PR010,Wound Dressing,2026-08-13,Afternoon,6,Completed
APT003726,PT01174,PR013,Post-Op Care,2026-08-27,Afternoon,0,Completed
APT003727,PT01981,PR010,Post-Op Care,2026-07-13,Morning,2,No-Show
APT003728,PT00096,PR014,Physiotherapy Session,2026-06-24,Evening,11,Completed
APT003729,PT01513,PR018,Nursing Visit,2026-06-25,Afternoon,4,No-Show
APT003730,PT01574,PR020,Diabetic Care Visit,2026-07-28,Afternoon,10,Completed
APT003731,PT01724,PR019,Post-Op Care,2026-06-11,Morning,9,Cancelled
APT003732,PT00491,PR019,Nursing Visit,2026-06-21,Evening,7,No-Show
APT003733,PT00503,PR010,Post-Op Care,2026-07-23,Evening,12,Completed
APT003734,PT00454,PR004,Wound Dressing,2026-07-08,Afternoon,7,Completed
APT003735,PT00162,PR012,Post-Op Care,2026-08-09,Morning,7,Completed
APT003736,PT00715,PR014,Physiotherapy Session,2026-06-24,Evening,8,Completed
APT003737,PT01263,PR011,Post-Op Care,2026-06-22,Morning,0,Cancelled
APT003738,PT01609,PR017,Physiotherapy Session,2026-07-31,Evening,7,Rescheduled
APT003739,PT01401,PR017,Post-Op Care,2026-06-29,Evening,1,Completed
APT003740,PT01322,PR012,Nursing Visit,2026-07-06,Afternoon,13,Completed
APT003741,PT01089,PR018,Post-Op Care,2026-06-06,Evening,0,Completed
APT003742,PT00580,PR013,Diabetic Care Visit,2026-06-10,Morning,12,Completed
APT003743,PT00123,PR014,Post-Op Care,2026-07-07,Afternoon,4,Completed
APT003744,PT00231,PR016,Post-Op Care,2026-07-17,Afternoon,0,Completed
APT003745,PT00059,PR004,Physiotherapy Session,2026-07-17,Morning,3,Completed
APT003746,PT01514,PR002,Diabetic Care Visit,2026-08-16,Morning,14,Completed
APT003747,PT01709,PR011,Diabetic Care Visit,2026-06-08,Afternoon,4,Completed
APT003748,PT00452,PR002,Wound Dressing,2026-08-24,Afternoon,6,Completed
APT003749,PT00361,PR014,Vitals Check,2026-08-01,Morning,13,Completed
APT003750,PT00430,PR010,Wound Dressing,2026-06-06,Evening,10,Completed
APT003751,PT01367,PR012,Nursing Visit,2026-07-10,Evening,4,Completed
APT003752,PT01817,PR003,Wound Dressing,2026-08-05,Morning,11,Completed
APT003753,PT00931,PR004,Physiotherapy Session,2026-06-18,Evening,11,Completed
APT003754,PT01614,PR020,Vitals Check,2026-06-05,Morning,13,Completed
APT003755,PT00715,PR014,Vitals Check,2026-06-19,Evening,14,Completed
APT003756,PT00613,PR002,Diabetic Care Visit,2026-07-03,Evening,3,Cancelled
APT003757,PT01521,PR002,Physiotherapy Session,2026-06-10,Morning,13,Cancelled
APT003758,PT00604,PR008,Vitals Check,2026-07-19,Evening,11,Cancelled
APT003759,PT01643,PR019,Diabetic Care Visit,2026-06-29,Morning,12,Completed
APT003760,PT01884,PR010,Nursing Visit,2026-06-11,Morning,14,Completed
APT003761,PT00345,PR002,Physiotherapy Session,2026-06-11,Afternoon,3,Cancelled
APT003762,PT01976,PR016,Diabetic Care Visit,2026-08-08,Afternoon,10,Completed
APT003763,PT01588,PR019,Post-Op Care,2026-07-23,Afternoon,8,No-Show
APT003764,PT01085,PR007,Post-Op Care,2026-07-25,Evening,1,Completed
APT003765,PT00285,PR001,Physiotherapy Session,2026-06-17,Evening,14,No-Show
APT003766,PT01585,PR010,Diabetic Care Visit,2026-08-17,Afternoon,13,Completed
APT003767,PT00463,PR002,Nursing Visit,2026-08-16,Evening,6,No-Show
APT003768,PT00951,PR008,Diabetic Care Visit,2026-08-27,Morning,1,Rescheduled
APT003769,PT01119,PR014,Post-Op Care,2026-08-17,Morning,3,Completed
APT003770,PT01138,PR002,Physiotherapy Session,2026-06-07,Evening,0,Cancelled
APT003771,PT00593,PR015,Wound Dressing,2026-08-19,Afternoon,3,No-Show
APT003772,PT00835,PR015,Nursing Visit,2026-06-21,Evening,14,Completed
APT003773,PT01809,PR002,Wound Dressing,2026-06-09,Morning,13,No-Show
APT003774,PT01049,PR001,Wound Dressing,2026-08-16,Afternoon,12,Completed
APT003775,PT01779,PR002,Vitals Check,2026-08-14,Afternoon,10,Completed
APT003776,PT01560,PR015,Diabetic Care Visit,2026-07-13,Morning,1,Completed
APT003777,PT01245,PR002,Vitals Check,2026-07-04,Afternoon,12,Rescheduled
APT003778,PT00521,PR002,Wound Dressing,2026-06-17,Afternoon,14,Completed
APT003779,PT01284,PR015,Vitals Check,2026-08-14,Morning,6,Completed
APT003780,PT01987,PR013,Physiotherapy Session,2026-07-20,Morning,11,Completed
APT003781,PT00599,PR017,Physiotherapy Session,2026-07-01,Afternoon,3,No-Show
APT003782,PT01372,PR017,Physiotherapy Session,2026-06-14,Morning,2,Completed
APT003783,PT00732,PR002,Vitals Check,2026-08-24,Morning,3,No-Show
APT003784,PT01050,PR018,Diabetic Care Visit,2026-07-14,Afternoon,7,Completed
APT003785,PT00640,PR020,Nursing Visit,2026-08-08,Evening,14,Completed
APT003786,PT00017,PR006,Wound Dressing,2026-07-21,Evening,13,Completed
APT003787,PT01777,PR008,Wound Dressing,2026-08-22,Evening,5,No-Show
APT003788,PT00376,PR009,Physiotherapy Session,2026-07-18,Evening,10,No-Show
APT003789,PT00419,PR007,Diabetic Care Visit,2026-07-08,Afternoon,7,Completed
APT003790,PT00090,PR002,Physiotherapy Session,2026-06-14,Morning,7,Rescheduled
APT003791,PT00148,PR006,Wound Dressing,2026-08-02,Morning,10,Cancelled
APT003792,PT00595,PR014,Vitals Check,2026-06-21,Morning,10,Completed
APT003793,PT00455,PR003,Physiotherapy Session,2026-06-07,Morning,11,No-Show
APT003794,PT00380,PR001,Post-Op Care,2026-07-17,Morning,2,No-Show
APT003795,PT00899,PR011,Nursing Visit,2026-07-25,Morning,7,Completed
APT003796,PT00743,PR014,Diabetic Care Visit,2026-08-09,Morning,6,Completed
APT003797,PT01665,PR016,Wound Dressing,2026-07-12,Morning,6,Completed
APT003798,PT01271,PR002,Physiotherapy Session,2026-07-05,Morning,12,No-Show
APT003799,PT01294,PR007,Diabetic Care Visit,2026-07-05,Afternoon,0,Completed
APT003800,PT01663,PR002,Nursing Visit,2026-07-26,Morning,6,Completed
APT003801,PT00577,PR008,Vitals Check,2026-07-24,Evening,0,Completed
APT003802,PT01051,PR018,Post-Op Care,2026-06-03,Morning,5,Completed
APT003803,PT00439,PR007,Wound Dressing,2026-07-05,Evening,11,Rescheduled
APT003804,PT01474,PR010,Wound Dressing,2026-08-18,Evening,8,No-Show
APT003805,PT01662,PR011,Physiotherapy Session,2026-08-06,Evening,9,No-Show
APT003806,PT00330,PR002,Post-Op Care,2026-06-26,Morning,6,Completed
APT003807,PT00186,PR009,Physiotherapy Session,2026-07-09,Evening,4,Cancelled
APT003808,PT01416,PR004,Nursing Visit,2026-07-12,Evening,1,Completed
APT003809,PT00573,PR017,Vitals Check,2026-06-13,Afternoon,10,Completed
APT003810,PT00405,PR015,Physiotherapy Session,2026-07-27,Morning,6,Completed
APT003811,PT01403,PR020,Wound Dressing,2026-08-29,Afternoon,1,Completed
APT003812,PT01904,PR009,Diabetic Care Visit,2026-08-19,Afternoon,14,Completed
APT003813,PT00853,PR008,Post-Op Care,2026-06-09,Morning,4,Completed
APT003814,PT00510,PR016,Diabetic Care Visit,2026-06-14,Afternoon,2,Completed
APT003815,PT01120,PR002,Diabetic Care Visit,2026-08-17,Afternoon,14,Completed
APT003816,PT00172,PR005,Physiotherapy Session,2026-07-28,Morning,9,No-Show
APT003817,PT00697,PR003,Diabetic Care Visit,2026-08-14,Morning,6,No-Show
APT003818,PT00214,PR002,Diabetic Care Visit,2026-08-28,Afternoon,9,Completed
APT003819,PT00812,PR006,Physiotherapy Session,2026-06-14,Evening,10,Cancelled
APT003820,PT00323,PR002,Wound Dressing,2026-07-10,Morning,13,Completed
APT003821,PT00707,PR019,Physiotherapy Session,2026-08-20,Evening,9,Completed
APT003822,PT00631,PR020,Wound Dressing,2026-07-14,Afternoon,3,Completed
APT003823,PT01226,PR007,Post-Op Care,2026-06-26,Morning,0,No-Show
APT003824,PT00458,PR018,Nursing Visit,2026-06-28,Morning,14,Completed
APT003825,PT00185,PR008,Physiotherapy Session,2026-08-21,Evening,11,Completed
APT003826,PT01209,PR005,Diabetic Care Visit,2026-06-22,Evening,1,Completed
APT003827,PT01177,PR016,Vitals Check,2026-06-20,Morning,8,Completed
APT003828,PT01158,PR014,Physiotherapy Session,2026-07-18,Morning,4,No-Show
APT003829,PT01124,PR008,Physiotherapy Session,2026-06-30,Evening,9,Cancelled
APT003830,PT00251,PR004,Physiotherapy Session,2026-08-09,Afternoon,9,Completed
APT003831,PT01326,PR015,Wound Dressing,2026-08-13,Morning,9,No-Show
APT003832,PT01572,PR012,Vitals Check,2026-06-21,Evening,4,Completed
APT003833,PT00291,PR001,Post-Op Care,2026-08-13,Morning,0,Cancelled
APT003834,PT00999,PR008,Wound Dressing,2026-07-16,Evening,14,Completed
APT003835,PT01008,PR007,Diabetic Care Visit,2026-06-10,Afternoon,6,Completed
APT003836,PT01660,PR010,Vitals Check,2026-06-20,Afternoon,2,Completed
APT003837,PT01598,PR012,Nursing Visit,2026-06-16,Morning,12,Completed
APT003838,PT01604,PR002,Nursing Visit,2026-07-05,Evening,14,Completed
APT003839,PT00205,PR019,Diabetic Care Visit,2026-06-12,Morning,0,Completed
APT003840,PT00904,PR006,Vitals Check,2026-08-06,Evening,4,Cancelled
APT003841,PT01583,PR016,Nursing Visit,2026-07-20,Morning,13,Completed
APT003842,PT01999,PR004,Nursing Visit,2026-08-06,Morning,5,Completed
APT003843,PT00187,PR008,Wound Dressing,2026-08-28,Evening,4,Completed
APT003844,PT01426,PR013,Nursing Visit,2026-07-27,Afternoon,13,Completed
APT003845,PT00861,PR004,Diabetic Care Visit,2026-08-17,Afternoon,9,No-Show
APT003846,PT01408,PR018,Vitals Check,2026-07-24,Evening,13,Completed
APT003847,PT00682,PR014,Wound Dressing,2026-06-22,Evening,3,Completed
APT003848,PT00666,PR006,Nursing Visit,2026-08-18,Afternoon,1,Completed
APT003849,PT01722,PR012,Nursing Visit,2026-08-26,Evening,9,Completed
APT003850,PT01609,PR003,Nursing Visit,2026-08-12,Morning,14,Completed
APT003851,PT01628,PR011,Vitals Check,2026-06-10,Afternoon,9,Completed
APT003852,PT00501,PR003,Post-Op Care,2026-08-28,Afternoon,2,Completed
APT003853,PT01034,PR019,Physiotherapy Session,2026-08-23,Afternoon,13,Completed
APT003854,PT01723,PR010,Wound Dressing,2026-08-05,Evening,7,Completed
APT003855,PT00703,PR008,Wound Dressing,2026-06-29,Morning,3,Completed
APT003856,PT00569,PR002,Vitals Check,2026-08-24,Evening,2,Cancelled
APT003857,PT00100,PR018,Diabetic Care Visit,2026-06-18,Afternoon,13,Completed
APT003858,PT01400,PR015,Diabetic Care Visit,2026-08-11,Morning,5,Completed
APT003859,PT00801,PR013,Nursing Visit,2026-06-02,Afternoon,10,Completed
APT003860,PT00496,PR002,Physiotherapy Session,2026-07-09,Morning,12,Cancelled
APT003861,PT01013,PR002,Vitals Check,2026-08-22,Evening,1,Completed
APT003862,PT00965,PR004,Vitals Check,2026-08-16,Evening,6,Completed
APT003863,PT01065,PR017,Nursing Visit,2026-06-09,Afternoon,2,Completed
APT003864,PT01508,PR018,Nursing Visit,2026-06-06,Morning,7,Completed
APT003865,PT01191,PR002,Post-Op Care,2026-08-25,Evening,14,No-Show
APT003866,PT01565,PR016,Wound Dressing,2026-06-20,Afternoon,3,Cancelled
APT003867,PT00364,PR017,Vitals Check,2026-07-04,Morning,6,No-Show
APT003868,PT00032,PR014,Vitals Check,2026-07-09,Evening,5,No-Show
APT003869,PT00748,PR015,Diabetic Care Visit,2026-08-19,Evening,13,Completed
APT003870,PT01904,PR006,Post-Op Care,2026-08-03,Evening,12,Completed
APT003871,PT01848,PR002,Vitals Check,2026-08-15,Afternoon,14,Completed
APT003872,PT01524,PR001,Wound Dressing,2026-06-18,Evening,11,Completed
APT003873,PT00551,PR004,Physiotherapy Session,2026-07-24,Afternoon,2,Completed
APT003874,PT00645,PR014,Diabetic Care Visit,2026-06-05,Afternoon,1,Completed
APT003875,PT00619,PR008,Wound Dressing,2026-08-07,Evening,13,No-Show
APT003876,PT00999,PR008,Wound Dressing,2026-06-06,Evening,2,No-Show
APT003877,PT00115,PR003,Vitals Check,2026-08-24,Afternoon,12,No-Show
APT003878,PT01904,PR007,Physiotherapy Session,2026-08-27,Morning,3,Completed
APT003879,PT00880,PR015,Post-Op Care,2026-06-27,Morning,2,No-Show
APT003880,PT00495,PR009,Diabetic Care Visit,2026-07-13,Evening,11,Rescheduled
APT003881,PT01854,PR015,Nursing Visit,2026-07-19,Afternoon,0,Completed
APT003882,PT01608,PR019,Diabetic Care Visit,2026-08-03,Evening,4,Completed
APT003883,PT01990,PR002,Wound Dressing,2026-06-13,Afternoon,8,Cancelled
APT003884,PT00768,PR005,Diabetic Care Visit,2026-07-22,Afternoon,4,Completed
APT003885,PT00119,PR004,Wound Dressing,2026-08-21,Morning,11,Completed
APT003886,PT00376,PR009,Diabetic Care Visit,2026-07-19,Morning,4,Completed
APT003887,PT01393,PR019,Vitals Check,2026-07-20,Afternoon,11,No-Show
APT003888,PT01713,PR001,Vitals Check,2026-08-14,Morning,13,Completed
APT003889,PT01142,PR009,Nursing Visit,2026-08-02,Morning,10,Completed
APT003890,PT00709,PR003,Vitals Check,2026-06-30,Evening,0,Completed
APT003891,PT00850,PR010,Nursing Visit,2026-08-21,Afternoon,1,Completed
APT003892,PT01785,PR002,Wound Dressing,2026-06-20,Afternoon,12,Cancelled
APT003893,PT01818,PR004,Nursing Visit,2026-08-24,Morning,6,Completed
APT003894,PT01754,PR001,Nursing Visit,2026-08-21,Morning,0,Completed
APT003895,PT01022,PR014,Wound Dressing,2026-06-20,Afternoon,14,No-Show
APT003896,PT00703,PR013,Diabetic Care Visit,2026-07-26,Evening,8,Completed
APT003897,PT00984,PR002,Wound Dressing,2026-07-13,Evening,14,Completed
APT003898,PT00675,PR004,Physiotherapy Session,2026-06-26,Afternoon,2,No-Show
APT003899,PT00069,PR006,Post-Op Care,2026-08-17,Afternoon,5,Completed
APT003900,PT01076,PR007,Nursing Visit,2026-06-24,Afternoon,5,No-Show
APT003901,PT01634,PR003,Vitals Check,2026-08-09,Morning,11,Completed
APT003902,PT00246,PR004,Physiotherapy Session,2026-07-19,Morning,5,Completed
APT003903,PT00330,PR002,Nursing Visit,2026-06-02,Evening,6,Completed
APT003904,PT00890,PR018,Vitals Check,2026-06-18,Evening,3,Rescheduled
APT003905,PT00127,PR007,Diabetic Care Visit,2026-07-14,Afternoon,8,Completed
APT003906,PT01031,PR011,Physiotherapy Session,2026-06-28,Morning,6,Completed
APT003907,PT01883,PR011,Nursing Visit,2026-06-08,Morning,1,Completed
APT003908,PT01113,PR018,Vitals Check,2026-08-01,Afternoon,10,Completed
APT003909,PT00711,PR004,Nursing Visit,2026-06-08,Evening,0,Completed
APT003910,PT01229,PR004,Diabetic Care Visit,2026-06-23,Afternoon,12,No-Show
APT003911,PT00203,PR013,Diabetic Care Visit,2026-06-07,Morning,3,Completed
APT003912,PT00667,PR018,Wound Dressing,2026-07-07,Afternoon,5,Completed
APT003913,PT01346,PR010,Wound Dressing,2026-06-27,Afternoon,14,Completed
APT003914,PT00225,PR015,Nursing Visit,2026-06-18,Afternoon,6,Completed
APT003915,PT01449,PR008,Physiotherapy Session,2026-07-18,Morning,4,Completed
APT003916,PT01510,PR005,Nursing Visit,2026-08-27,Morning,4,Completed
APT003917,PT00885,PR005,Vitals Check,2026-06-14,Evening,12,No-Show
APT003918,PT01110,PR002,Wound Dressing,2026-08-13,Evening,7,Completed
APT003919,PT01370,PR013,Diabetic Care Visit,2026-07-25,Morning,5,Rescheduled
APT003920,PT01037,PR018,Vitals Check,2026-07-09,Afternoon,3,No-Show
APT003921,PT01107,PR001,Wound Dressing,2026-06-26,Morning,2,No-Show
APT003922,PT00360,PR010,Wound Dressing,2026-07-05,Morning,5,No-Show
APT003923,PT01320,PR002,Nursing Visit,2026-08-19,Morning,10,No-Show
APT003924,PT00678,PR007,Diabetic Care Visit,2026-06-25,Evening,1,Completed
APT003925,PT01707,PR001,Vitals Check,2026-08-14,Evening,9,Completed
APT003926,PT01688,PR018,Physiotherapy Session,2026-07-07,Afternoon,12,Completed
APT003927,PT00442,PR010,Wound Dressing,2026-07-09,Evening,2,Completed
APT003928,PT00100,PR012,Post-Op Care,2026-08-04,Evening,14,Completed
APT003929,PT00854,PR002,Vitals Check,2026-07-31,Afternoon,10,Completed
APT003930,PT00746,PR018,Wound Dressing,2026-06-18,Afternoon,0,Completed
APT003931,PT00202,PR017,Wound Dressing,2026-08-12,Morning,3,Completed
APT003932,PT00370,PR001,Nursing Visit,2026-06-29,Morning,12,Completed
APT003933,PT00266,PR013,Vitals Check,2026-07-28,Afternoon,2,Completed
APT003934,PT01247,PR006,Post-Op Care,2026-06-28,Morning,2,No-Show
APT003935,PT01154,PR003,Post-Op Care,2026-06-02,Afternoon,4,Completed
APT003936,PT01017,PR008,Vitals Check,2026-08-06,Evening,1,Completed
APT003937,PT01171,PR020,Post-Op Care,2026-07-15,Afternoon,9,Completed
APT003938,PT00959,PR010,Vitals Check,2026-08-16,Morning,6,Completed
APT003939,PT01105,PR002,Vitals Check,2026-07-17,Morning,3,Rescheduled
APT003940,PT00386,PR001,Post-Op Care,2026-06-02,Evening,4,Completed
APT003941,PT01315,PR018,Physiotherapy Session,2026-08-04,Evening,14,Completed
APT003942,PT01815,PR008,Diabetic Care Visit,2026-07-27,Afternoon,14,Completed
APT003943,PT00334,PR013,Post-Op Care,2026-06-06,Morning,6,Completed
APT003944,PT01959,PR008,Physiotherapy Session,2026-06-05,Morning,2,Completed
APT003945,PT01892,PR009,Post-Op Care,2026-06-05,Evening,3,Completed
APT003946,PT01212,PR008,Post-Op Care,2026-08-21,Afternoon,5,No-Show
APT003947,PT01831,PR003,Diabetic Care Visit,2026-08-15,Morning,2,Cancelled
APT003948,PT01233,PR015,Nursing Visit,2026-07-16,Morning,13,Completed
APT003949,PT00349,PR014,Vitals Check,2026-06-04,Morning,12,Completed
APT003950,PT01016,PR004,Physiotherapy Session,2026-08-24,Morning,7,Completed
APT003951,PT01309,PR012,Post-Op Care,2026-08-20,Afternoon,3,Completed
APT003952,PT01886,PR009,Diabetic Care Visit,2026-07-30,Afternoon,3,Completed
APT003953,PT01104,PR001,Post-Op Care,2026-08-28,Evening,4,Completed
APT003954,PT00021,PR009,Nursing Visit,2026-08-26,Evening,10,Completed
APT003955,PT01402,PR013,Nursing Visit,2026-07-20,Evening,3,Completed
APT003956,PT00583,PR017,Post-Op Care,2026-06-16,Afternoon,6,Completed
APT003957,PT01042,PR005,Post-Op Care,2026-08-01,Morning,4,Completed
APT003958,PT01130,PR012,Nursing Visit,2026-07-01,Morning,14,Completed
APT003959,PT01736,PR007,Vitals Check,2026-06-16,Evening,9,Cancelled
APT003960,PT01600,PR012,Post-Op Care,2026-08-21,Morning,5,Completed
APT003961,PT00600,PR001,Diabetic Care Visit,2026-08-03,Evening,13,No-Show
APT003962,PT01620,PR010,Diabetic Care Visit,2026-08-22,Afternoon,9,Cancelled
APT003963,PT01844,PR017,Diabetic Care Visit,2026-08-16,Morning,10,Cancelled
APT003964,PT00126,PR002,Vitals Check,2026-07-07,Morning,2,Completed
APT003965,PT01448,PR006,Physiotherapy Session,2026-07-02,Morning,3,Rescheduled
APT003966,PT01704,PR002,Nursing Visit,2026-08-01,Evening,7,No-Show
APT003967,PT01253,PR010,Physiotherapy Session,2026-07-17,Evening,6,Completed
APT003968,PT00158,PR010,Wound Dressing,2026-06-24,Morning,14,Cancelled
APT003969,PT01853,PR016,Post-Op Care,2026-07-07,Afternoon,5,No-Show
APT003970,PT00256,PR013,Physiotherapy Session,2026-07-10,Afternoon,5,Completed
APT003971,PT00547,PR006,Vitals Check,2026-08-20,Morning,2,Completed
APT003972,PT01794,PR011,Nursing Visit,2026-08-03,Morning,1,Completed
APT003973,PT00566,PR003,Post-Op Care,2026-08-04,Afternoon,1,Completed
APT003974,PT00834,PR001,Nursing Visit,2026-06-14,Evening,2,No-Show
APT003975,PT01746,PR005,Vitals Check,2026-08-13,Afternoon,7,Completed
APT003976,PT01769,PR010,Wound Dressing,2026-08-09,Morning,5,No-Show
APT003977,PT00221,PR008,Vitals Check,2026-07-27,Morning,5,Completed
APT003978,PT00265,PR002,Diabetic Care Visit,2026-07-12,Evening,9,Rescheduled
APT003979,PT01013,PR002,Wound Dressing,2026-07-03,Morning,0,No-Show
APT003980,PT01422,PR002,Diabetic Care Visit,2026-06-07,Morning,10,Completed
APT003981,PT01528,PR009,Vitals Check,2026-07-31,Morning,9,Completed
APT003982,PT00215,PR017,Wound Dressing,2026-08-05,Afternoon,10,Completed
APT003983,PT00836,PR009,Post-Op Care,2026-08-29,Morning,4,Completed
APT003984,PT01835,PR008,Wound Dressing,2026-07-14,Evening,8,No-Show
APT003985,PT00372,PR012,Wound Dressing,2026-08-24,Evening,7,Completed
APT003986,PT00082,PR002,Post-Op Care,2026-07-12,Evening,3,Completed
APT003987,PT00409,PR003,Post-Op Care,2026-06-14,Evening,7,No-Show
APT003988,PT01578,PR001,Vitals Check,2026-06-20,Evening,7,Cancelled
APT003989,PT01220,PR011,Vitals Check,2026-08-12,Evening,12,Completed
APT003990,PT00338,PR018,Wound Dressing,2026-08-26,Afternoon,10,Completed
APT003991,PT01697,PR013,Wound Dressing,2026-06-16,Morning,2,No-Show
APT003992,PT00063,PR018,Diabetic Care Visit,2026-07-06,Morning,10,Completed
APT003993,PT01572,PR012,Post-Op Care,2026-06-30,Afternoon,9,No-Show
APT003994,PT00021,PR003,Diabetic Care Visit,2026-07-31,Morning,0,Completed
APT003995,PT01409,PR016,Diabetic Care Visit,2026-08-06,Evening,12,Completed
APT003996,PT01474,PR010,Post-Op Care,2026-06-08,Morning,12,Completed
APT003997,PT00012,PR008,Diabetic Care Visit,2026-08-18,Evening,14,No-Show
APT003998,PT00134,PR020,Wound Dressing,2026-07-24,Morning,3,No-Show
APT003999,PT01934,PR006,Vitals Check,2026-08-10,Evening,9,Cancelled
APT004000,PT00476,PR013,Post-Op Care,2026-08-24,Morning,5,Completed
APT004001,PT01501,PR007,Wound Dressing,2026-08-12,Evening,8,Completed
APT004002,PT00156,PR014,Physiotherapy Session,2026-07-14,Afternoon,7,Completed
APT004003,PT00711,PR008,Post-Op Care,2026-06-05,Afternoon,12,Completed
APT004004,PT00748,PR019,Vitals Check,2026-08-18,Morning,9,Completed
APT004005,PT01532,PR013,Nursing Visit,2026-07-01,Evening,0,Completed
APT004006,PT01524,PR001,Diabetic Care Visit,2026-08-03,Evening,9,Completed
APT004007,PT01287,PR002,Vitals Check,2026-06-30,Afternoon,2,Completed
APT004008,PT01456,PR001,Post-Op Care,2026-07-02,Morning,2,Completed
APT004009,PT01444,PR016,Diabetic Care Visit,2026-07-26,Morning,14,Cancelled
APT004010,PT01303,PR012,Diabetic Care Visit,2026-07-03,Morning,14,Completed
APT004011,PT01805,PR012,Wound Dressing,2026-07-20,Evening,8,No-Show
APT004012,PT01476,PR012,Diabetic Care Visit,2026-08-21,Morning,0,No-Show
APT004013,PT00720,PR010,Vitals Check,2026-07-22,Afternoon,1,No-Show
APT004014,PT01013,PR010,Vitals Check,2026-07-09,Evening,13,No-Show
APT004015,PT01270,PR002,Diabetic Care Visit,2026-07-11,Morning,13,Completed
APT004016,PT01012,PR003,Physiotherapy Session,2026-07-30,Morning,6,Completed
APT004017,PT01687,PR014,Wound Dressing,2026-06-02,Morning,5,Cancelled
APT004018,PT01577,PR008,Post-Op Care,2026-06-12,Afternoon,4,Completed
APT004019,PT00336,PR001,Wound Dressing,2026-08-26,Afternoon,4,No-Show
APT004020,PT00016,PR002,Diabetic Care Visit,2026-08-23,Morning,0,Completed
APT004021,PT00416,PR010,Post-Op Care,2026-07-30,Morning,4,Completed
APT004022,PT00554,PR006,Vitals Check,2026-06-07,Morning,8,Completed
APT004023,PT00721,PR018,Physiotherapy Session,2026-07-10,Morning,1,Completed
APT004024,PT00518,PR007,Post-Op Care,2026-08-03,Morning,10,Completed
APT004025,PT00020,PR002,Physiotherapy Session,2026-07-29,Evening,9,Rescheduled
APT004026,PT00009,PR003,Wound Dressing,2026-07-28,Afternoon,0,Completed
APT004027,PT00264,PR007,Post-Op Care,2026-07-29,Morning,6,Completed
APT004028,PT00008,PR003,Diabetic Care Visit,2026-06-23,Morning,0,Completed
APT004029,PT00771,PR014,Vitals Check,2026-06-05,Evening,8,No-Show
APT004030,PT01991,PR003,Diabetic Care Visit,2026-08-06,Evening,4,Cancelled
APT004031,PT00375,PR004,Nursing Visit,2026-08-10,Afternoon,3,Cancelled
APT004032,PT01052,PR013,Wound Dressing,2026-06-19,Evening,5,No-Show
APT004033,PT00866,PR018,Vitals Check,2026-07-16,Afternoon,3,Completed
APT004034,PT00169,PR012,Physiotherapy Session,2026-08-13,Morning,14,Completed
APT004035,PT01726,PR010,Physiotherapy Session,2026-08-24,Morning,10,Completed
APT004036,PT01536,PR009,Diabetic Care Visit,2026-06-08,Evening,2,No-Show
APT004037,PT00094,PR016,Physiotherapy Session,2026-08-14,Evening,11,Completed
APT004038,PT00361,PR011,Physiotherapy Session,2026-07-27,Evening,5,Completed
APT004039,PT01851,PR003,Diabetic Care Visit,2026-07-05,Evening,11,Completed
APT004040,PT00116,PR017,Post-Op Care,2026-07-26,Evening,14,Completed
APT004041,PT01231,PR015,Physiotherapy Session,2026-07-11,Afternoon,11,Completed
APT004042,PT00377,PR013,Vitals Check,2026-07-19,Afternoon,1,Cancelled
APT004043,PT01461,PR002,Vitals Check,2026-08-26,Evening,1,Completed
APT004044,PT00030,PR006,Vitals Check,2026-07-26,Evening,5,Completed
APT004045,PT00033,PR014,Post-Op Care,2026-08-02,Afternoon,4,Completed
APT004046,PT00043,PR009,Vitals Check,2026-08-18,Morning,3,Completed
APT004047,PT00402,PR008,Post-Op Care,2026-07-23,Evening,3,Completed
APT004048,PT01785,PR002,Physiotherapy Session,2026-08-06,Afternoon,2,Completed
APT004049,PT00472,PR012,Physiotherapy Session,2026-07-03,Morning,11,Completed
APT004050,PT01006,PR002,Nursing Visit,2026-07-23,Morning,14,Completed
APT004051,PT00895,PR020,Physiotherapy Session,2026-08-18,Afternoon,0,Completed
APT004052,PT00784,PR013,Wound Dressing,2026-07-26,Afternoon,11,Completed
APT004053,PT00092,PR016,Nursing Visit,2026-06-14,Afternoon,8,Cancelled
APT004054,PT01767,PR008,Vitals Check,2026-06-20,Morning,2,Completed
APT004055,PT01141,PR008,Wound Dressing,2026-08-06,Morning,11,Completed
APT004056,PT01989,PR004,Vitals Check,2026-06-30,Afternoon,11,Completed
APT004057,PT00299,PR004,Vitals Check,2026-06-01,Afternoon,5,Completed
APT004058,PT00699,PR019,Wound Dressing,2026-07-15,Morning,6,Completed
APT004059,PT01744,PR003,Physiotherapy Session,2026-06-12,Afternoon,10,Completed
APT004060,PT01603,PR005,Vitals Check,2026-07-22,Morning,4,Completed
APT004061,PT01866,PR011,Diabetic Care Visit,2026-06-20,Evening,7,Completed
APT004062,PT00729,PR001,Vitals Check,2026-06-30,Afternoon,11,Completed
APT004063,PT00198,PR014,Nursing Visit,2026-06-10,Morning,0,Completed
APT004064,PT01249,PR018,Diabetic Care Visit,2026-06-16,Morning,5,Completed
APT004065,PT01346,PR010,Physiotherapy Session,2026-06-02,Morning,8,Completed
APT004066,PT01057,PR013,Vitals Check,2026-07-23,Afternoon,8,Completed
APT004067,PT00703,PR008,Vitals Check,2026-06-26,Morning,8,Completed
APT004068,PT00568,PR001,Post-Op Care,2026-06-06,Afternoon,7,Completed
APT004069,PT01449,PR013,Diabetic Care Visit,2026-08-10,Morning,2,Completed
APT004070,PT01239,PR013,Nursing Visit,2026-06-08,Morning,4,Completed
APT004071,PT00028,PR017,Vitals Check,2026-07-29,Morning,3,Completed
APT004072,PT01942,PR012,Nursing Visit,2026-07-28,Evening,0,Completed
APT004073,PT00464,PR013,Wound Dressing,2026-08-24,Afternoon,1,Completed
APT004074,PT00391,PR006,Vitals Check,2026-06-22,Evening,11,Completed
APT004075,PT00870,PR010,Post-Op Care,2026-06-17,Evening,4,Completed
APT004076,PT01228,PR010,Post-Op Care,2026-08-19,Evening,10,Completed
APT004077,PT00847,PR009,Diabetic Care Visit,2026-08-08,Evening,12,Completed
APT004078,PT01363,PR018,Nursing Visit,2026-08-10,Afternoon,11,Completed
APT004079,PT00736,PR004,Wound Dressing,2026-06-01,Morning,2,Completed
APT004080,PT01267,PR003,Vitals Check,2026-08-29,Evening,3,Cancelled
APT004081,PT01837,PR013,Nursing Visit,2026-07-29,Morning,6,Completed
APT004082,PT01910,PR013,Diabetic Care Visit,2026-08-18,Morning,13,Completed
APT004083,PT01183,PR011,Diabetic Care Visit,2026-07-19,Evening,9,No-Show
APT004084,PT01859,PR011,Physiotherapy Session,2026-06-11,Evening,11,No-Show
APT004085,PT00161,PR010,Post-Op Care,2026-07-08,Evening,10,Completed
APT004086,PT00589,PR004,Wound Dressing,2026-07-06,Morning,9,Completed
APT004087,PT01068,PR004,Vitals Check,2026-07-03,Morning,9,Completed
APT004088,PT00025,PR009,Diabetic Care Visit,2026-07-06,Morning,10,Completed
APT004089,PT00051,PR005,Diabetic Care Visit,2026-06-29,Evening,7,Completed
APT004090,PT01588,PR005,Vitals Check,2026-06-10,Afternoon,1,Completed
APT004091,PT01069,PR007,Post-Op Care,2026-06-11,Evening,12,No-Show
APT004092,PT01420,PR009,Diabetic Care Visit,2026-06-20,Afternoon,0,Rescheduled
APT004093,PT01506,PR001,Physiotherapy Session,2026-07-01,Morning,3,Rescheduled
APT004094,PT00869,PR005,Physiotherapy Session,2026-06-29,Evening,14,Completed
APT004095,PT00919,PR004,Diabetic Care Visit,2026-08-18,Morning,1,Completed
APT004096,PT00891,PR020,Vitals Check,2026-06-08,Morning,13,No-Show
APT004097,PT01468,PR003,Nursing Visit,2026-08-23,Morning,4,Completed
APT004098,PT00331,PR008,Post-Op Care,2026-08-02,Morning,3,Completed
APT004099,PT01473,PR009,Nursing Visit,2026-06-08,Afternoon,3,Completed
APT004100,PT01789,PR019,Post-Op Care,2026-08-18,Evening,14,Completed
APT004101,PT01460,PR013,Wound Dressing,2026-07-18,Morning,11,Completed
APT004102,PT00784,PR008,Post-Op Care,2026-07-16,Morning,9,Completed
APT004103,PT01976,PR005,Diabetic Care Visit,2026-07-21,Morning,0,Completed
APT004104,PT00255,PR011,Post-Op Care,2026-06-03,Morning,14,No-Show
APT004105,PT01904,PR009,Vitals Check,2026-06-22,Afternoon,4,No-Show
APT004106,PT00695,PR011,Wound Dressing,2026-07-18,Afternoon,11,Rescheduled
APT004107,PT00368,PR014,Vitals Check,2026-08-09,Evening,1,No-Show
APT004108,PT00813,PR004,Diabetic Care Visit,2026-08-13,Evening,4,Completed
APT004109,PT01647,PR010,Nursing Visit,2026-08-25,Evening,9,Completed
APT004110,PT00307,PR008,Post-Op Care,2026-06-29,Evening,11,No-Show
APT004111,PT01659,PR005,Diabetic Care Visit,2026-07-15,Morning,0,Completed
APT004112,PT00846,PR002,Diabetic Care Visit,2026-07-04,Afternoon,7,Completed
APT004113,PT01699,PR011,Nursing Visit,2026-07-26,Morning,6,Cancelled
APT004114,PT01297,PR017,Vitals Check,2026-08-06,Evening,11,Cancelled
APT004115,PT01225,PR009,Post-Op Care,2026-07-05,Morning,2,Completed
APT004116,PT00782,PR020,Vitals Check,2026-07-18,Evening,7,Completed
APT004117,PT01613,PR014,Vitals Check,2026-08-22,Evening,4,Completed
APT004118,PT01926,PR006,Vitals Check,2026-06-10,Morning,2,No-Show
APT004119,PT00810,PR019,Vitals Check,2026-06-14,Afternoon,6,No-Show
APT004120,PT01624,PR016,Diabetic Care Visit,2026-07-07,Morning,14,Completed
APT004121,PT01602,PR010,Vitals Check,2026-06-21,Evening,9,Completed
APT004122,PT00389,PR013,Wound Dressing,2026-07-05,Evening,11,Completed
APT004123,PT01508,PR020,Physiotherapy Session,2026-06-26,Morning,4,Completed
APT004124,PT01432,PR013,Vitals Check,2026-08-25,Morning,12,Cancelled
APT004125,PT00914,PR013,Vitals Check,2026-06-10,Morning,1,Cancelled
APT004126,PT00263,PR002,Diabetic Care Visit,2026-08-27,Afternoon,13,Completed
APT004127,PT01252,PR012,Post-Op Care,2026-08-03,Morning,4,Completed
APT004128,PT00313,PR019,Vitals Check,2026-07-07,Evening,9,Completed
APT004129,PT01561,PR010,Diabetic Care Visit,2026-06-04,Morning,4,Completed
APT004130,PT00875,PR017,Vitals Check,2026-07-21,Morning,4,Completed
APT004131,PT01327,PR015,Physiotherapy Session,2026-06-14,Morning,14,Completed
APT004132,PT00358,PR010,Vitals Check,2026-07-22,Evening,11,No-Show
APT004133,PT00247,PR008,Diabetic Care Visit,2026-08-19,Morning,7,Completed
APT004134,PT00922,PR012,Nursing Visit,2026-06-22,Afternoon,11,Completed
APT004135,PT00204,PR016,Physiotherapy Session,2026-08-11,Evening,7,No-Show
APT004136,PT01676,PR004,Wound Dressing,2026-06-04,Afternoon,11,Completed
APT004137,PT01655,PR005,Nursing Visit,2026-08-11,Evening,2,Completed
APT004138,PT00415,PR008,Post-Op Care,2026-07-09,Morning,7,Completed
APT004139,PT01049,PR019,Vitals Check,2026-06-20,Morning,4,No-Show
APT004140,PT01869,PR016,Vitals Check,2026-07-30,Afternoon,10,No-Show
APT004141,PT00475,PR018,Post-Op Care,2026-08-09,Evening,8,Completed
APT004142,PT00149,PR014,Nursing Visit,2026-08-09,Morning,13,Rescheduled
APT004143,PT01998,PR017,Diabetic Care Visit,2026-07-30,Afternoon,3,Completed
APT004144,PT01418,PR010,Physiotherapy Session,2026-07-15,Afternoon,13,Rescheduled
APT004145,PT00129,PR009,Nursing Visit,2026-06-12,Morning,8,Completed
APT004146,PT01998,PR006,Wound Dressing,2026-06-28,Afternoon,7,Completed
APT004147,PT00605,PR019,Diabetic Care Visit,2026-08-26,Morning,12,Completed
APT004148,PT01732,PR008,Physiotherapy Session,2026-07-28,Afternoon,10,Completed
APT004149,PT00029,PR008,Nursing Visit,2026-08-26,Evening,9,Rescheduled
APT004150,PT01617,PR005,Vitals Check,2026-06-28,Afternoon,8,Completed
APT004151,PT00168,PR010,Diabetic Care Visit,2026-08-15,Morning,11,Completed
APT004152,PT00583,PR017,Nursing Visit,2026-06-20,Evening,6,Completed
APT004153,PT00515,PR001,Nursing Visit,2026-06-24,Evening,3,Completed
APT004154,PT00021,PR017,Nursing Visit,2026-07-23,Morning,2,No-Show
APT004155,PT01917,PR012,Post-Op Care,2026-07-12,Evening,11,No-Show
APT004156,PT00312,PR016,Diabetic Care Visit,2026-08-29,Afternoon,8,Completed
APT004157,PT00591,PR018,Diabetic Care Visit,2026-06-01,Afternoon,5,Completed
APT004158,PT01830,PR008,Physiotherapy Session,2026-06-24,Evening,13,No-Show
APT004159,PT00715,PR018,Diabetic Care Visit,2026-06-10,Evening,7,Cancelled
APT004160,PT00056,PR001,Diabetic Care Visit,2026-08-21,Evening,11,Completed
APT004161,PT00485,PR014,Nursing Visit,2026-08-13,Afternoon,0,Completed
APT004162,PT01747,PR018,Vitals Check,2026-07-19,Afternoon,11,Completed
APT004163,PT01384,PR001,Wound Dressing,2026-06-25,Evening,12,Completed
APT004164,PT01203,PR002,Nursing Visit,2026-06-08,Afternoon,11,Cancelled
APT004165,PT00102,PR016,Physiotherapy Session,2026-07-11,Morning,7,Completed
APT004166,PT01016,PR008,Nursing Visit,2026-07-27,Afternoon,13,Completed
APT004167,PT01025,PR005,Wound Dressing,2026-08-28,Evening,12,Completed
APT004168,PT00186,PR006,Vitals Check,2026-07-11,Afternoon,14,Rescheduled
APT004169,PT01758,PR011,Nursing Visit,2026-07-09,Afternoon,6,Completed
APT004170,PT01446,PR016,Wound Dressing,2026-07-30,Evening,7,Completed
APT004171,PT00706,PR019,Physiotherapy Session,2026-08-14,Morning,2,Completed
APT004172,PT01371,PR002,Nursing Visit,2026-08-24,Morning,9,No-Show
APT004173,PT01418,PR010,Vitals Check,2026-07-20,Afternoon,5,Completed
APT004174,PT00175,PR007,Nursing Visit,2026-06-30,Evening,3,Cancelled
APT004175,PT00799,PR016,Post-Op Care,2026-08-02,Morning,5,Completed
APT004176,PT01287,PR002,Nursing Visit,2026-07-01,Morning,11,Completed
APT004177,PT00646,PR008,Physiotherapy Session,2026-07-18,Afternoon,10,Completed
APT004178,PT00055,PR020,Wound Dressing,2026-06-11,Evening,2,Completed
APT004179,PT01534,PR014,Nursing Visit,2026-07-28,Evening,2,Completed
APT004180,PT01279,PR020,Diabetic Care Visit,2026-08-20,Afternoon,3,Completed
APT004181,PT01375,PR001,Physiotherapy Session,2026-07-30,Morning,3,Rescheduled
APT004182,PT00651,PR020,Vitals Check,2026-07-04,Afternoon,5,Completed
APT004183,PT01078,PR017,Post-Op Care,2026-08-28,Evening,2,Completed
APT004184,PT00909,PR017,Nursing Visit,2026-07-23,Evening,5,No-Show
APT004185,PT00656,PR015,Diabetic Care Visit,2026-07-17,Afternoon,8,Completed
APT004186,PT01049,PR016,Vitals Check,2026-08-23,Morning,5,Completed
APT004187,PT01422,PR002,Physiotherapy Session,2026-06-04,Evening,6,Completed
APT004188,PT01995,PR002,Diabetic Care Visit,2026-07-25,Evening,11,Completed
APT004189,PT01707,PR019,Vitals Check,2026-06-15,Afternoon,5,No-Show
APT004190,PT00501,PR007,Nursing Visit,2026-08-05,Afternoon,14,Completed
APT004191,PT01082,PR017,Post-Op Care,2026-08-14,Morning,14,Completed
APT004192,PT01574,PR012,Wound Dressing,2026-08-27,Morning,2,Cancelled
APT004193,PT01058,PR002,Nursing Visit,2026-07-01,Morning,2,Completed
APT004194,PT01678,PR008,Diabetic Care Visit,2026-07-09,Afternoon,14,Completed
APT004195,PT00951,PR008,Diabetic Care Visit,2026-08-07,Afternoon,5,Cancelled
APT004196,PT00086,PR004,Diabetic Care Visit,2026-08-26,Morning,8,Completed
APT004197,PT00598,PR016,Nursing Visit,2026-06-28,Afternoon,11,No-Show
APT004198,PT01421,PR008,Physiotherapy Session,2026-07-16,Evening,14,Cancelled
APT004199,PT01138,PR002,Post-Op Care,2026-06-22,Afternoon,13,Completed
APT004200,PT01111,PR003,Vitals Check,2026-06-17,Morning,9,Completed
APT004201,PT01601,PR007,Post-Op Care,2026-06-02,Evening,12,Completed
APT004202,PT00625,PR005,Nursing Visit,2026-08-15,Morning,12,Completed
APT004203,PT01973,PR002,Vitals Check,2026-06-08,Evening,0,Completed
APT004204,PT00049,PR002,Wound Dressing,2026-06-04,Afternoon,5,Completed
APT004205,PT00592,PR002,Physiotherapy Session,2026-07-05,Morning,8,Rescheduled
APT004206,PT00022,PR002,Wound Dressing,2026-08-15,Afternoon,6,Completed
APT004207,PT01202,PR008,Nursing Visit,2026-08-10,Evening,1,Completed
APT004208,PT00673,PR011,Post-Op Care,2026-07-09,Morning,1,Completed
APT004209,PT01942,PR012,Post-Op Care,2026-08-08,Afternoon,0,Completed
APT004210,PT00368,PR011,Post-Op Care,2026-06-20,Morning,0,Cancelled
APT004211,PT01836,PR011,Nursing Visit,2026-07-18,Afternoon,9,Completed
APT004212,PT01111,PR003,Post-Op Care,2026-07-01,Evening,5,Completed
APT004213,PT00423,PR012,Vitals Check,2026-08-25,Afternoon,9,Completed
APT004214,PT00138,PR006,Physiotherapy Session,2026-07-14,Evening,6,Completed
APT004215,PT00302,PR008,Wound Dressing,2026-08-25,Afternoon,10,Completed
APT004216,PT01224,PR010,Nursing Visit,2026-08-28,Evening,4,No-Show
APT004217,PT01493,PR007,Vitals Check,2026-07-06,Afternoon,1,Completed
APT004218,PT00756,PR018,Diabetic Care Visit,2026-08-27,Morning,6,No-Show
APT004219,PT00092,PR016,Physiotherapy Session,2026-06-09,Morning,0,No-Show
APT004220,PT00946,PR010,Post-Op Care,2026-08-12,Evening,12,No-Show
APT004221,PT00755,PR009,Diabetic Care Visit,2026-08-27,Afternoon,4,Completed
APT004222,PT01098,PR019,Diabetic Care Visit,2026-06-11,Morning,12,No-Show
APT004223,PT01070,PR008,Wound Dressing,2026-08-06,Morning,3,Completed
APT004224,PT00949,PR006,Post-Op Care,2026-07-28,Evening,7,Completed
APT004225,PT01894,PR019,Post-Op Care,2026-08-19,Afternoon,11,Completed
APT004226,PT01104,PR005,Physiotherapy Session,2026-06-28,Afternoon,10,Completed
APT004227,PT01714,PR020,Diabetic Care Visit,2026-06-29,Afternoon,4,Cancelled
APT004228,PT01711,PR002,Diabetic Care Visit,2026-06-04,Afternoon,4,Completed
APT004229,PT01920,PR010,Diabetic Care Visit,2026-06-12,Evening,3,Completed
APT004230,PT00786,PR001,Wound Dressing,2026-07-05,Morning,1,Completed
APT004231,PT01885,PR011,Nursing Visit,2026-07-03,Morning,4,Completed
APT004232,PT01950,PR017,Nursing Visit,2026-06-17,Morning,5,Completed
APT004233,PT01500,PR014,Physiotherapy Session,2026-06-20,Evening,3,Completed
APT004234,PT00708,PR004,Physiotherapy Session,2026-06-30,Afternoon,9,Completed
APT004235,PT00831,PR002,Post-Op Care,2026-06-24,Morning,4,Completed
APT004236,PT00420,PR014,Vitals Check,2026-07-11,Evening,6,Cancelled
APT004237,PT00414,PR004,Nursing Visit,2026-08-12,Evening,8,Completed
APT004238,PT00626,PR006,Post-Op Care,2026-06-12,Afternoon,2,Completed
APT004239,PT01896,PR004,Vitals Check,2026-07-15,Evening,6,Completed
APT004240,PT00658,PR013,Vitals Check,2026-07-20,Evening,10,Completed
APT004241,PT01371,PR010,Wound Dressing,2026-06-30,Afternoon,13,Completed
APT004242,PT01601,PR003,Diabetic Care Visit,2026-08-07,Afternoon,1,Completed
APT004243,PT01739,PR010,Post-Op Care,2026-06-07,Afternoon,11,Completed
APT004244,PT01488,PR002,Diabetic Care Visit,2026-07-06,Evening,7,No-Show
APT004245,PT01841,PR011,Wound Dressing,2026-06-21,Evening,7,Completed
APT004246,PT01278,PR018,Diabetic Care Visit,2026-07-25,Evening,10,Completed
APT004247,PT00928,PR010,Vitals Check,2026-07-06,Morning,13,Completed
APT004248,PT01972,PR002,Wound Dressing,2026-07-11,Evening,10,Completed
APT004249,PT01284,PR016,Post-Op Care,2026-08-19,Evening,8,Completed
APT004250,PT00091,PR018,Vitals Check,2026-07-22,Morning,4,Completed
APT004251,PT00355,PR003,Post-Op Care,2026-06-08,Evening,2,No-Show
APT004252,PT00329,PR003,Post-Op Care,2026-08-27,Afternoon,8,Completed
APT004253,PT01265,PR006,Diabetic Care Visit,2026-08-25,Afternoon,14,Completed
APT004254,PT00065,PR019,Physiotherapy Session,2026-07-25,Morning,3,Rescheduled
APT004255,PT01461,PR002,Physiotherapy Session,2026-06-24,Morning,5,Completed
APT004256,PT00091,PR011,Vitals Check,2026-08-09,Evening,13,Completed
APT004257,PT01395,PR013,Post-Op Care,2026-07-31,Morning,3,Completed
APT004258,PT01166,PR020,Post-Op Care,2026-08-12,Evening,6,Completed
APT004259,PT01072,PR010,Vitals Check,2026-08-21,Morning,6,Completed
APT004260,PT01472,PR002,Nursing Visit,2026-06-12,Afternoon,13,Completed
APT004261,PT00502,PR007,Wound Dressing,2026-08-25,Morning,4,Completed
APT004262,PT00975,PR004,Diabetic Care Visit,2026-06-13,Evening,11,Rescheduled
APT004263,PT01729,PR016,Physiotherapy Session,2026-08-16,Afternoon,11,Completed
APT004264,PT01961,PR012,Diabetic Care Visit,2026-07-12,Evening,14,Completed
APT004265,PT00757,PR017,Diabetic Care Visit,2026-08-13,Evening,1,Rescheduled
APT004266,PT00831,PR002,Vitals Check,2026-07-11,Evening,5,Cancelled
APT004267,PT00353,PR020,Nursing Visit,2026-06-29,Evening,11,No-Show
APT004268,PT00164,PR016,Diabetic Care Visit,2026-06-29,Afternoon,9,Completed
APT004269,PT00354,PR006,Wound Dressing,2026-07-06,Morning,12,Completed
APT004270,PT01205,PR012,Nursing Visit,2026-08-16,Morning,9,Completed
APT004271,PT00121,PR012,Post-Op Care,2026-08-24,Afternoon,2,Completed
APT004272,PT01981,PR010,Post-Op Care,2026-06-28,Evening,13,Completed
APT004273,PT00385,PR004,Post-Op Care,2026-07-31,Morning,3,Completed
APT004274,PT01201,PR004,Wound Dressing,2026-07-30,Afternoon,11,No-Show
APT004275,PT01405,PR015,Wound Dressing,2026-07-08,Morning,9,Completed
APT004276,PT01277,PR004,Physiotherapy Session,2026-07-12,Afternoon,3,No-Show
APT004277,PT00647,PR016,Physiotherapy Session,2026-07-02,Evening,5,Completed
APT004278,PT01978,PR001,Wound Dressing,2026-07-24,Afternoon,12,Completed
APT004279,PT00077,PR013,Wound Dressing,2026-06-30,Morning,7,Completed
APT004280,PT01822,PR015,Diabetic Care Visit,2026-07-22,Afternoon,4,Completed
APT004281,PT01737,PR010,Post-Op Care,2026-06-04,Morning,9,Completed
APT004282,PT00858,PR002,Wound Dressing,2026-06-10,Afternoon,13,Completed
APT004283,PT00073,PR017,Nursing Visit,2026-06-23,Morning,13,Rescheduled
APT004284,PT01280,PR011,Wound Dressing,2026-07-30,Evening,12,No-Show
APT004285,PT00801,PR004,Physiotherapy Session,2026-07-31,Morning,9,Completed
APT004286,PT01298,PR009,Wound Dressing,2026-06-02,Morning,6,Completed
APT004287,PT00691,PR002,Wound Dressing,2026-08-09,Evening,4,Cancelled
APT004288,PT01610,PR010,Nursing Visit,2026-08-21,Afternoon,3,Completed
APT004289,PT00725,PR014,Diabetic Care Visit,2026-08-15,Afternoon,14,No-Show
APT004290,PT00171,PR008,Diabetic Care Visit,2026-06-21,Afternoon,0,No-Show
APT004291,PT00040,PR002,Physiotherapy Session,2026-06-07,Afternoon,12,No-Show
APT004292,PT00666,PR007,Vitals Check,2026-06-21,Evening,1,Completed
APT004293,PT00592,PR002,Nursing Visit,2026-07-19,Afternoon,1,No-Show
APT004294,PT00845,PR011,Physiotherapy Session,2026-07-02,Morning,14,Completed
APT004295,PT00703,PR013,Wound Dressing,2026-08-18,Afternoon,12,Completed
APT004296,PT00277,PR010,Post-Op Care,2026-08-12,Morning,9,No-Show
APT004297,PT00278,PR020,Wound Dressing,2026-06-02,Afternoon,5,Completed
APT004298,PT01546,PR002,Vitals Check,2026-07-09,Morning,10,Completed
APT004299,PT01598,PR020,Nursing Visit,2026-08-17,Morning,0,No-Show
APT004300,PT00969,PR015,Vitals Check,2026-07-26,Afternoon,7,No-Show
APT004301,PT00091,PR018,Nursing Visit,2026-07-26,Afternoon,4,Completed
APT004302,PT01298,PR017,Wound Dressing,2026-07-30,Afternoon,5,Completed
APT004303,PT00430,PR002,Physiotherapy Session,2026-06-21,Morning,12,Completed
APT004304,PT01872,PR015,Physiotherapy Session,2026-06-18,Evening,14,Completed
APT004305,PT00581,PR020,Vitals Check,2026-07-08,Morning,0,Completed
APT004306,PT00567,PR002,Wound Dressing,2026-06-13,Morning,9,No-Show
APT004307,PT01888,PR002,Diabetic Care Visit,2026-08-26,Afternoon,3,Completed
APT004308,PT01376,PR012,Post-Op Care,2026-07-22,Morning,0,Completed
APT004309,PT01390,PR010,Diabetic Care Visit,2026-08-14,Afternoon,2,Completed
APT004310,PT01586,PR013,Post-Op Care,2026-06-29,Morning,2,Completed
APT004311,PT01567,PR001,Diabetic Care Visit,2026-08-12,Morning,7,Completed
APT004312,PT01157,PR013,Diabetic Care Visit,2026-06-15,Afternoon,9,Rescheduled
APT004313,PT01081,PR004,Diabetic Care Visit,2026-06-20,Morning,11,Completed
APT004314,PT01214,PR014,Post-Op Care,2026-06-28,Afternoon,14,Completed
APT004315,PT00023,PR003,Wound Dressing,2026-06-24,Evening,10,Completed
APT004316,PT01645,PR020,Physiotherapy Session,2026-06-11,Morning,1,Completed
APT004317,PT01789,PR015,Physiotherapy Session,2026-07-16,Afternoon,4,No-Show
APT004318,PT01396,PR002,Post-Op Care,2026-07-25,Afternoon,1,Completed
APT004319,PT00621,PR019,Vitals Check,2026-06-11,Evening,12,Completed
APT004320,PT01405,PR016,Post-Op Care,2026-08-28,Afternoon,14,Completed
APT004321,PT00463,PR010,Vitals Check,2026-07-15,Afternoon,0,No-Show
APT004322,PT00182,PR007,Vitals Check,2026-08-08,Afternoon,4,Completed
APT004323,PT01348,PR011,Wound Dressing,2026-08-11,Afternoon,3,Completed
APT004324,PT00306,PR020,Diabetic Care Visit,2026-06-20,Afternoon,1,Completed
APT004325,PT01530,PR004,Diabetic Care Visit,2026-07-28,Evening,11,No-Show
APT004326,PT00165,PR003,Vitals Check,2026-06-14,Morning,7,Completed
APT004327,PT01253,PR010,Nursing Visit,2026-08-05,Morning,5,Completed
APT004328,PT01763,PR004,Nursing Visit,2026-06-16,Afternoon,2,No-Show
APT004329,PT01194,PR004,Wound Dressing,2026-08-14,Afternoon,10,Completed
APT004330,PT01034,PR015,Post-Op Care,2026-08-10,Afternoon,13,Completed
APT004331,PT01658,PR014,Post-Op Care,2026-07-05,Evening,2,Completed
APT004332,PT00254,PR012,Vitals Check,2026-07-24,Afternoon,14,Completed
APT004333,PT00275,PR010,Post-Op Care,2026-07-18,Morning,5,Cancelled
APT004334,PT00212,PR002,Nursing Visit,2026-06-20,Afternoon,8,Completed
APT004335,PT01180,PR009,Diabetic Care Visit,2026-06-09,Morning,4,Completed
APT004336,PT01144,PR002,Post-Op Care,2026-07-09,Morning,13,Completed
APT004337,PT01253,PR002,Diabetic Care Visit,2026-07-12,Evening,13,Cancelled
APT004338,PT00893,PR015,Physiotherapy Session,2026-07-30,Morning,12,Completed
APT004339,PT01599,PR004,Diabetic Care Visit,2026-07-01,Evening,2,No-Show
APT004340,PT01144,PR010,Post-Op Care,2026-06-20,Evening,11,Completed
APT004341,PT01773,PR014,Post-Op Care,2026-08-16,Afternoon,3,Completed
APT004342,PT00269,PR007,Diabetic Care Visit,2026-07-12,Afternoon,6,Completed
APT004343,PT01985,PR011,Post-Op Care,2026-08-21,Morning,4,Completed
APT004344,PT00247,PR008,Wound Dressing,2026-07-26,Evening,12,Completed
APT004345,PT01085,PR006,Nursing Visit,2026-08-05,Morning,9,Completed
APT004346,PT01195,PR017,Post-Op Care,2026-08-09,Morning,7,Completed
APT004347,PT01713,PR001,Diabetic Care Visit,2026-06-15,Evening,8,Completed
APT004348,PT01646,PR020,Physiotherapy Session,2026-08-23,Afternoon,2,No-Show
APT004349,PT01475,PR002,Post-Op Care,2026-07-31,Evening,10,Completed
APT004350,PT01235,PR002,Diabetic Care Visit,2026-08-27,Morning,9,Completed
APT004351,PT01929,PR008,Vitals Check,2026-06-09,Afternoon,10,Rescheduled
APT004352,PT00462,PR011,Wound Dressing,2026-08-15,Morning,12,Cancelled
APT004353,PT00033,PR014,Diabetic Care Visit,2026-08-03,Afternoon,12,Completed
APT004354,PT00118,PR004,Vitals Check,2026-08-02,Evening,7,Completed
APT004355,PT01289,PR008,Wound Dressing,2026-07-19,Afternoon,4,Cancelled
APT004356,PT00654,PR010,Nursing Visit,2026-08-08,Evening,6,Completed
APT004357,PT01057,PR008,Wound Dressing,2026-07-20,Afternoon,3,Completed
APT004358,PT00817,PR017,Physiotherapy Session,2026-07-24,Morning,10,Cancelled
APT004359,PT00642,PR018,Vitals Check,2026-06-03,Morning,7,Completed
APT004360,PT01416,PR013,Vitals Check,2026-06-30,Morning,2,Completed
APT004361,PT01200,PR007,Wound Dressing,2026-08-07,Morning,12,Completed
APT004362,PT00250,PR007,Physiotherapy Session,2026-06-27,Morning,4,Cancelled
APT004363,PT01592,PR019,Nursing Visit,2026-06-01,Evening,5,Completed
APT004364,PT01844,PR006,Post-Op Care,2026-08-18,Evening,13,Completed
APT004365,PT01988,PR011,Post-Op Care,2026-07-22,Morning,14,Completed
APT004366,PT00852,PR008,Nursing Visit,2026-08-15,Afternoon,11,Completed
APT004367,PT01960,PR014,Diabetic Care Visit,2026-06-27,Morning,2,Completed
APT004368,PT00779,PR001,Vitals Check,2026-06-15,Evening,5,Completed
APT004369,PT00083,PR002,Post-Op Care,2026-07-15,Afternoon,2,Completed
APT004370,PT00328,PR013,Wound Dressing,2026-08-14,Afternoon,11,Completed
APT004371,PT00841,PR016,Vitals Check,2026-06-07,Morning,3,Completed
APT004372,PT01434,PR015,Diabetic Care Visit,2026-07-16,Evening,1,Completed
APT004373,PT01093,PR017,Post-Op Care,2026-06-03,Evening,7,No-Show
APT004374,PT01577,PR013,Wound Dressing,2026-06-29,Evening,12,No-Show
APT004375,PT01447,PR007,Nursing Visit,2026-08-02,Morning,0,Completed
APT004376,PT00661,PR019,Diabetic Care Visit,2026-08-15,Evening,3,Rescheduled
APT004377,PT01492,PR012,Post-Op Care,2026-06-28,Afternoon,11,Completed
APT004378,PT01807,PR011,Vitals Check,2026-06-01,Morning,10,Completed
APT004379,PT01999,PR013,Post-Op Care,2026-07-22,Morning,1,No-Show
APT004380,PT00363,PR003,Wound Dressing,2026-08-17,Evening,12,Rescheduled
APT004381,PT01375,PR015,Diabetic Care Visit,2026-06-03,Morning,10,Completed
APT004382,PT01638,PR005,Nursing Visit,2026-07-03,Morning,1,Completed
APT004383,PT00956,PR006,Physiotherapy Session,2026-07-06,Evening,7,Completed
APT004384,PT00431,PR018,Diabetic Care Visit,2026-08-26,Afternoon,13,Completed
APT004385,PT00056,PR005,Wound Dressing,2026-08-25,Afternoon,13,Completed
APT004386,PT01716,PR008,Diabetic Care Visit,2026-07-25,Afternoon,1,Rescheduled
APT004387,PT00813,PR013,Nursing Visit,2026-07-13,Afternoon,4,Completed
APT004388,PT00036,PR012,Wound Dressing,2026-06-07,Evening,2,Cancelled
APT004389,PT01531,PR001,Post-Op Care,2026-07-19,Afternoon,9,Completed
APT004390,PT00806,PR018,Diabetic Care Visit,2026-07-18,Morning,5,Rescheduled
APT004391,PT01415,PR010,Diabetic Care Visit,2026-07-08,Afternoon,5,Completed
APT004392,PT01783,PR017,Wound Dressing,2026-06-19,Evening,0,Completed
APT004393,PT01512,PR004,Wound Dressing,2026-06-29,Evening,6,Completed
APT004394,PT01528,PR006,Post-Op Care,2026-08-28,Evening,6,Completed
APT004395,PT01615,PR018,Diabetic Care Visit,2026-06-25,Afternoon,7,Completed
APT004396,PT01497,PR008,Nursing Visit,2026-08-10,Morning,5,Completed
APT004397,PT01763,PR013,Nursing Visit,2026-08-29,Evening,4,No-Show
APT004398,PT00460,PR010,Diabetic Care Visit,2026-08-22,Morning,7,Completed
APT004399,PT01731,PR011,Physiotherapy Session,2026-08-16,Evening,1,Completed
APT004400,PT00356,PR018,Nursing Visit,2026-08-19,Evening,11,Cancelled
APT004401,PT01420,PR003,Diabetic Care Visit,2026-06-18,Afternoon,2,Completed
APT004402,PT01760,PR016,Vitals Check,2026-06-11,Evening,8,Completed
APT004403,PT01424,PR014,Diabetic Care Visit,2026-08-01,Evening,7,Completed
APT004404,PT01584,PR005,Physiotherapy Session,2026-06-16,Morning,11,Cancelled
APT004405,PT01978,PR005,Wound Dressing,2026-06-15,Afternoon,9,Completed
APT004406,PT01658,PR018,Nursing Visit,2026-08-23,Afternoon,13,Completed
APT004407,PT00335,PR003,Physiotherapy Session,2026-08-13,Afternoon,1,Completed
APT004408,PT01428,PR015,Wound Dressing,2026-07-09,Morning,10,Cancelled
APT004409,PT00019,PR010,Physiotherapy Session,2026-07-23,Morning,0,Completed
APT004410,PT00995,PR009,Diabetic Care Visit,2026-06-07,Afternoon,12,No-Show
APT004411,PT01846,PR001,Diabetic Care Visit,2026-06-30,Evening,12,Cancelled
APT004412,PT00845,PR012,Vitals Check,2026-07-26,Evening,13,Cancelled
APT004413,PT00506,PR001,Physiotherapy Session,2026-07-21,Morning,8,Completed
APT004414,PT00340,PR008,Diabetic Care Visit,2026-08-28,Evening,13,Completed
APT004415,PT01448,PR009,Nursing Visit,2026-08-29,Morning,12,Completed
APT004416,PT00195,PR013,Physiotherapy Session,2026-06-08,Evening,13,Completed
APT004417,PT01492,PR020,Diabetic Care Visit,2026-07-17,Evening,10,Completed
APT004418,PT00537,PR007,Diabetic Care Visit,2026-07-01,Afternoon,2,Completed
APT004419,PT01363,PR018,Physiotherapy Session,2026-06-16,Evening,5,Completed
APT004420,PT01387,PR010,Nursing Visit,2026-06-26,Evening,9,Completed
APT004421,PT01208,PR018,Post-Op Care,2026-07-06,Morning,11,Completed
APT004422,PT00426,PR010,Post-Op Care,2026-07-17,Morning,13,Completed
APT004423,PT00280,PR002,Physiotherapy Session,2026-07-26,Evening,11,No-Show
APT004424,PT00168,PR010,Diabetic Care Visit,2026-07-16,Morning,1,No-Show
APT004425,PT01163,PR003,Wound Dressing,2026-06-26,Afternoon,7,Completed
APT004426,PT01896,PR008,Wound Dressing,2026-08-03,Evening,8,Completed
APT004427,PT00286,PR014,Nursing Visit,2026-07-02,Evening,5,Completed
APT004428,PT01340,PR006,Post-Op Care,2026-06-19,Morning,12,Cancelled
APT004429,PT00483,PR010,Wound Dressing,2026-06-02,Evening,12,Completed
APT004430,PT00711,PR013,Physiotherapy Session,2026-06-26,Evening,3,Cancelled
APT004431,PT00856,PR002,Nursing Visit,2026-08-05,Afternoon,4,Cancelled
APT004432,PT00358,PR002,Nursing Visit,2026-08-01,Afternoon,13,Completed
APT004433,PT01309,PR011,Diabetic Care Visit,2026-07-20,Afternoon,3,Completed
APT004434,PT01352,PR001,Post-Op Care,2026-07-12,Evening,3,Cancelled
APT004435,PT00575,PR013,Vitals Check,2026-06-14,Evening,13,No-Show
APT004436,PT01710,PR012,Physiotherapy Session,2026-06-25,Morning,10,Cancelled
APT004437,PT00055,PR018,Post-Op Care,2026-08-13,Evening,12,Rescheduled
APT004438,PT00858,PR010,Nursing Visit,2026-08-03,Evening,1,Completed
APT004439,PT01286,PR013,Physiotherapy Session,2026-06-22,Afternoon,11,Completed
APT004440,PT01826,PR001,Physiotherapy Session,2026-06-14,Evening,11,Completed
APT004441,PT01939,PR015,Diabetic Care Visit,2026-07-14,Afternoon,5,Completed
APT004442,PT01567,PR015,Post-Op Care,2026-06-16,Morning,10,Completed
APT004443,PT01659,PR015,Wound Dressing,2026-07-10,Evening,2,No-Show
APT004444,PT01825,PR004,Wound Dressing,2026-07-13,Afternoon,1,Rescheduled
APT004445,PT00845,PR018,Diabetic Care Visit,2026-07-18,Evening,2,Cancelled
APT004446,PT00573,PR007,Nursing Visit,2026-08-15,Afternoon,2,Completed
APT004447,PT01061,PR009,Post-Op Care,2026-07-29,Afternoon,6,No-Show
APT004448,PT00594,PR008,Wound Dressing,2026-07-28,Afternoon,5,Completed
APT004449,PT01000,PR010,Physiotherapy Session,2026-07-27,Morning,1,Completed
APT004450,PT01386,PR016,Vitals Check,2026-08-21,Evening,3,Completed
APT004451,PT01611,PR004,Post-Op Care,2026-08-01,Afternoon,1,Completed
APT004452,PT00040,PR010,Vitals Check,2026-06-10,Morning,13,Completed
APT004453,PT00732,PR002,Physiotherapy Session,2026-06-14,Morning,3,Cancelled
APT004454,PT00770,PR003,Vitals Check,2026-07-19,Evening,6,Completed
APT004455,PT01241,PR014,Nursing Visit,2026-06-01,Evening,5,Completed
APT004456,PT01716,PR004,Physiotherapy Session,2026-06-17,Morning,7,Rescheduled
APT004457,PT00988,PR007,Wound Dressing,2026-06-28,Evening,13,Completed
APT004458,PT01790,PR008,Wound Dressing,2026-07-03,Evening,1,Cancelled
APT004459,PT00042,PR004,Physiotherapy Session,2026-08-11,Morning,4,Completed
APT004460,PT00190,PR016,Nursing Visit,2026-08-25,Afternoon,0,Completed
APT004461,PT01612,PR004,Diabetic Care Visit,2026-07-06,Morning,5,Completed
APT004462,PT01865,PR019,Wound Dressing,2026-06-08,Evening,7,Cancelled
APT004463,PT01606,PR013,Post-Op Care,2026-07-27,Afternoon,5,No-Show
APT004464,PT00317,PR011,Physiotherapy Session,2026-07-20,Morning,13,Rescheduled
APT004465,PT00451,PR019,Physiotherapy Session,2026-06-19,Afternoon,3,Completed
APT004466,PT00510,PR015,Nursing Visit,2026-06-14,Afternoon,7,Completed
APT004467,PT01409,PR015,Physiotherapy Session,2026-08-27,Morning,7,Completed
APT004468,PT00156,PR014,Wound Dressing,2026-07-26,Morning,5,Completed
APT004469,PT00780,PR018,Diabetic Care Visit,2026-07-23,Morning,0,Completed
APT004470,PT00920,PR009,Vitals Check,2026-06-28,Afternoon,0,Completed
APT004471,PT00360,PR010,Wound Dressing,2026-07-09,Evening,14,Completed
APT004472,PT01511,PR002,Post-Op Care,2026-08-18,Morning,0,Completed
APT004473,PT01560,PR019,Post-Op Care,2026-06-04,Afternoon,11,Completed
APT004474,PT01680,PR008,Vitals Check,2026-06-09,Evening,14,Completed
APT004475,PT00679,PR018,Vitals Check,2026-08-25,Evening,4,Completed
APT004476,PT00016,PR010,Physiotherapy Session,2026-08-22,Morning,1,No-Show
APT004477,PT01963,PR009,Physiotherapy Session,2026-08-21,Evening,12,Completed
APT004478,PT00487,PR018,Post-Op Care,2026-06-13,Afternoon,7,Completed
APT004479,PT00946,PR010,Wound Dressing,2026-06-27,Morning,14,Completed
APT004480,PT00078,PR007,Nursing Visit,2026-08-05,Evening,3,Completed
APT004481,PT01419,PR013,Post-Op Care,2026-08-07,Morning,1,No-Show
APT004482,PT00925,PR007,Wound Dressing,2026-07-04,Morning,6,Completed
APT004483,PT01749,PR001,Vitals Check,2026-07-11,Afternoon,3,Cancelled
APT004484,PT00424,PR002,Wound Dressing,2026-06-08,Evening,14,Completed
APT004485,PT01964,PR007,Diabetic Care Visit,2026-08-18,Evening,9,Completed
APT004486,PT01485,PR008,Post-Op Care,2026-06-08,Morning,8,Completed
APT004487,PT01702,PR011,Nursing Visit,2026-06-09,Evening,6,Rescheduled
APT004488,PT00021,PR009,Wound Dressing,2026-08-08,Afternoon,1,Completed
APT004489,PT01038,PR002,Diabetic Care Visit,2026-08-01,Afternoon,10,Rescheduled
APT004490,PT01624,PR016,Diabetic Care Visit,2026-07-04,Afternoon,6,Completed
APT004491,PT00538,PR003,Nursing Visit,2026-06-10,Afternoon,8,No-Show
APT004492,PT00953,PR010,Nursing Visit,2026-07-12,Morning,1,Completed
APT004493,PT00798,PR013,Nursing Visit,2026-07-22,Afternoon,3,No-Show
APT004494,PT01105,PR002,Wound Dressing,2026-07-15,Afternoon,0,Completed
APT004495,PT00264,PR003,Physiotherapy Session,2026-06-08,Morning,3,Completed
APT004496,PT00222,PR010,Vitals Check,2026-07-17,Evening,8,Completed
APT004497,PT01927,PR003,Post-Op Care,2026-06-26,Afternoon,13,Completed
APT004498,PT00355,PR017,Physiotherapy Session,2026-06-08,Afternoon,14,Completed
APT004499,PT00161,PR002,Wound Dressing,2026-08-27,Afternoon,11,No-Show
APT004500,PT01731,PR012,Diabetic Care Visit,2026-06-12,Evening,1,Completed
APT004501,PT00186,PR007,Wound Dressing,2026-07-15,Afternoon,14,Completed
APT004502,PT00478,PR002,Physiotherapy Session,2026-06-20,Afternoon,9,Completed
APT004503,PT01695,PR003,Diabetic Care Visit,2026-06-04,Afternoon,11,Completed
APT004504,PT01871,PR011,Physiotherapy Session,2026-08-09,Evening,11,Completed
APT004505,PT00153,PR014,Post-Op Care,2026-06-28,Afternoon,10,Completed
APT004506,PT01137,PR015,Nursing Visit,2026-07-18,Afternoon,6,Completed
APT004507,PT00637,PR001,Nursing Visit,2026-06-01,Afternoon,3,Completed
APT004508,PT01973,PR010,Vitals Check,2026-06-15,Evening,12,Completed
APT004509,PT01624,PR015,Physiotherapy Session,2026-07-29,Afternoon,5,No-Show
APT004510,PT01658,PR011,Nursing Visit,2026-06-14,Morning,3,No-Show
APT004511,PT00700,PR002,Physiotherapy Session,2026-07-06,Morning,10,Completed
APT004512,PT01330,PR003,Wound Dressing,2026-08-29,Evening,8,Cancelled
APT004513,PT00908,PR010,Wound Dressing,2026-06-13,Evening,4,Completed
APT004514,PT00925,PR003,Wound Dressing,2026-07-22,Evening,9,Completed
APT004515,PT01250,PR015,Post-Op Care,2026-08-16,Evening,11,Completed
APT004516,PT00998,PR004,Nursing Visit,2026-08-12,Morning,6,Completed
APT004517,PT01765,PR020,Wound Dressing,2026-07-30,Morning,11,Completed
APT004518,PT01329,PR013,Wound Dressing,2026-07-13,Morning,0,Completed
APT004519,PT01786,PR003,Diabetic Care Visit,2026-08-11,Evening,13,Completed
APT004520,PT00620,PR013,Post-Op Care,2026-08-23,Evening,1,Completed
APT004521,PT00874,PR019,Nursing Visit,2026-08-12,Evening,11,Completed
APT004522,PT00446,PR019,Diabetic Care Visit,2026-07-27,Evening,6,Completed
APT004523,PT01406,PR016,Vitals Check,2026-07-10,Morning,2,Cancelled
APT004524,PT00760,PR009,Nursing Visit,2026-08-11,Evening,2,Cancelled
APT004525,PT00914,PR004,Physiotherapy Session,2026-06-07,Afternoon,7,Completed
APT004526,PT01489,PR004,Post-Op Care,2026-08-27,Evening,7,Cancelled
APT004527,PT00579,PR003,Post-Op Care,2026-08-06,Afternoon,2,Completed
APT004528,PT00347,PR008,Post-Op Care,2026-06-01,Afternoon,5,Completed
APT004529,PT01248,PR013,Post-Op Care,2026-07-22,Evening,14,Completed
APT004530,PT00870,PR010,Wound Dressing,2026-07-27,Evening,2,Completed
APT004531,PT01407,PR002,Nursing Visit,2026-07-17,Afternoon,6,Completed
APT004532,PT01543,PR019,Nursing Visit,2026-07-15,Morning,2,Completed
APT004533,PT00111,PR010,Post-Op Care,2026-08-25,Evening,11,Completed
APT004534,PT00216,PR009,Post-Op Care,2026-07-07,Morning,5,Completed
APT004535,PT00792,PR002,Physiotherapy Session,2026-08-18,Afternoon,11,Completed
APT004536,PT00538,PR007,Nursing Visit,2026-07-31,Afternoon,10,Completed
APT004537,PT01658,PR011,Diabetic Care Visit,2026-06-02,Evening,12,Completed
APT004538,PT00738,PR006,Vitals Check,2026-07-19,Morning,13,Cancelled
APT004539,PT01410,PR018,Vitals Check,2026-08-17,Evening,3,No-Show
APT004540,PT00763,PR001,Nursing Visit,2026-06-15,Evening,2,Cancelled
APT004541,PT00391,PR003,Vitals Check,2026-07-31,Evening,7,Completed
APT004542,PT01384,PR001,Diabetic Care Visit,2026-06-02,Morning,1,Completed
APT004543,PT01357,PR013,Wound Dressing,2026-08-01,Morning,11,No-Show
APT004544,PT01089,PR014,Post-Op Care,2026-07-14,Morning,10,Completed
APT004545,PT00337,PR006,Physiotherapy Session,2026-06-02,Morning,1,Completed
APT004546,PT00957,PR010,Vitals Check,2026-06-16,Evening,8,Completed
APT004547,PT00357,PR004,Post-Op Care,2026-07-07,Evening,5,Completed
APT004548,PT01276,PR011,Diabetic Care Visit,2026-07-25,Evening,12,Completed
APT004549,PT00958,PR015,Nursing Visit,2026-08-24,Morning,14,Completed
APT004550,PT00840,PR013,Physiotherapy Session,2026-06-12,Morning,10,Completed
APT004551,PT00817,PR007,Post-Op Care,2026-07-28,Morning,1,Rescheduled
APT004552,PT01487,PR014,Physiotherapy Session,2026-06-22,Afternoon,11,Completed
APT004553,PT00716,PR006,Wound Dressing,2026-06-04,Evening,6,Completed
APT004554,PT00335,PR003,Diabetic Care Visit,2026-08-22,Afternoon,12,Completed
APT004555,PT00454,PR004,Diabetic Care Visit,2026-08-04,Morning,9,Rescheduled
APT004556,PT01405,PR019,Post-Op Care,2026-06-30,Morning,8,Completed
APT004557,PT00767,PR014,Wound Dressing,2026-08-15,Evening,10,Completed
APT004558,PT00095,PR020,Vitals Check,2026-06-16,Afternoon,0,Completed
APT004559,PT01164,PR010,Post-Op Care,2026-08-14,Evening,14,No-Show
APT004560,PT00184,PR015,Post-Op Care,2026-06-16,Evening,3,Completed
APT004561,PT00530,PR010,Physiotherapy Session,2026-08-26,Morning,4,Completed
APT004562,PT01290,PR014,Post-Op Care,2026-08-07,Evening,7,Completed
APT004563,PT00125,PR018,Nursing Visit,2026-07-09,Afternoon,1,Completed
APT004564,PT01644,PR001,Diabetic Care Visit,2026-06-04,Morning,0,Completed
APT004565,PT01209,PR005,Post-Op Care,2026-08-07,Afternoon,3,Completed
APT004566,PT01122,PR002,Diabetic Care Visit,2026-08-26,Morning,14,Completed
APT004567,PT01599,PR004,Post-Op Care,2026-07-30,Evening,2,No-Show
APT004568,PT01737,PR002,Post-Op Care,2026-07-22,Morning,6,Completed
APT004569,PT00352,PR002,Vitals Check,2026-06-04,Afternoon,13,Completed
APT004570,PT00693,PR004,Physiotherapy Session,2026-07-13,Evening,10,Completed
APT004571,PT01807,PR012,Physiotherapy Session,2026-07-08,Morning,13,Completed
APT004572,PT01796,PR010,Nursing Visit,2026-07-15,Morning,3,Cancelled
APT004573,PT01442,PR004,Nursing Visit,2026-07-14,Evening,14,No-Show
APT004574,PT01796,PR002,Vitals Check,2026-08-27,Evening,7,Completed
APT004575,PT01974,PR006,Diabetic Care Visit,2026-06-27,Morning,14,Completed
APT004576,PT01235,PR010,Post-Op Care,2026-08-23,Evening,10,Completed
APT004577,PT01177,PR001,Post-Op Care,2026-08-03,Afternoon,1,Completed
APT004578,PT01200,PR007,Nursing Visit,2026-06-15,Morning,8,Completed
APT004579,PT01652,PR005,Post-Op Care,2026-07-19,Morning,5,Cancelled
APT004580,PT01073,PR018,Wound Dressing,2026-08-03,Afternoon,6,Cancelled
APT004581,PT00615,PR006,Nursing Visit,2026-07-03,Morning,5,Completed
APT004582,PT01916,PR011,Wound Dressing,2026-06-11,Afternoon,4,Completed
APT004583,PT00931,PR004,Post-Op Care,2026-07-03,Morning,5,Cancelled
APT004584,PT01788,PR002,Wound Dressing,2026-07-24,Morning,2,Completed
APT004585,PT00857,PR016,Physiotherapy Session,2026-08-16,Afternoon,11,Completed
APT004586,PT01700,PR019,Vitals Check,2026-07-28,Afternoon,3,Completed
APT004587,PT00665,PR014,Post-Op Care,2026-08-29,Evening,8,Completed
APT004588,PT00950,PR017,Nursing Visit,2026-08-08,Morning,10,Cancelled
APT004589,PT00103,PR019,Post-Op Care,2026-07-02,Afternoon,6,Completed
APT004590,PT01392,PR011,Vitals Check,2026-08-07,Morning,2,Cancelled
APT004591,PT00042,PR004,Physiotherapy Session,2026-06-11,Morning,1,Completed
APT004592,PT00102,PR019,Physiotherapy Session,2026-07-05,Evening,5,Completed
APT004593,PT01371,PR002,Post-Op Care,2026-06-19,Afternoon,0,Completed
APT004594,PT00435,PR020,Wound Dressing,2026-07-27,Evening,12,Completed
APT004595,PT00026,PR020,Nursing Visit,2026-06-25,Morning,10,Completed
APT004596,PT01573,PR009,Wound Dressing,2026-06-16,Afternoon,7,Completed
APT004597,PT00489,PR014,Diabetic Care Visit,2026-07-17,Afternoon,7,Completed
APT004598,PT01311,PR002,Post-Op Care,2026-07-12,Evening,5,Cancelled
APT004599,PT00484,PR009,Diabetic Care Visit,2026-08-25,Afternoon,0,Rescheduled
APT004600,PT01841,PR018,Wound Dressing,2026-07-16,Evening,7,Completed
APT004601,PT00415,PR004,Wound Dressing,2026-08-27,Afternoon,13,Completed
APT004602,PT00848,PR005,Post-Op Care,2026-07-26,Evening,0,Completed
APT004603,PT01927,PR007,Vitals Check,2026-07-28,Evening,1,Completed
APT004604,PT00330,PR002,Nursing Visit,2026-07-04,Evening,8,Completed
APT004605,PT01288,PR010,Vitals Check,2026-06-17,Evening,5,Completed
APT004606,PT01270,PR002,Post-Op Care,2026-07-29,Evening,2,Completed
APT004607,PT00794,PR019,Post-Op Care,2026-08-15,Morning,0,No-Show
APT004608,PT00307,PR008,Nursing Visit,2026-06-04,Evening,2,No-Show
APT004609,PT01472,PR002,Vitals Check,2026-07-11,Afternoon,0,Completed
APT004610,PT01238,PR015,Post-Op Care,2026-07-01,Afternoon,3,Completed
APT004611,PT01357,PR004,Nursing Visit,2026-06-21,Evening,8,Cancelled
APT004612,PT00057,PR010,Post-Op Care,2026-07-19,Afternoon,4,Completed
APT004613,PT01737,PR002,Diabetic Care Visit,2026-06-13,Evening,14,Completed
APT004614,PT00867,PR016,Physiotherapy Session,2026-07-01,Evening,14,Completed
APT004615,PT01828,PR004,Nursing Visit,2026-06-19,Evening,7,Completed
APT004616,PT01215,PR006,Physiotherapy Session,2026-06-08,Afternoon,8,No-Show
APT004617,PT00967,PR019,Vitals Check,2026-08-17,Afternoon,7,Completed
APT004618,PT00360,PR010,Vitals Check,2026-06-27,Evening,11,Cancelled
APT004619,PT01443,PR002,Vitals Check,2026-08-15,Evening,1,Completed
APT004620,PT01302,PR012,Vitals Check,2026-06-03,Morning,9,No-Show
APT004621,PT01642,PR002,Nursing Visit,2026-07-16,Afternoon,7,Completed
APT004622,PT00467,PR002,Diabetic Care Visit,2026-08-06,Evening,12,Completed
APT004623,PT01215,PR009,Physiotherapy Session,2026-06-17,Morning,0,Completed
APT004624,PT00615,PR003,Diabetic Care Visit,2026-07-18,Morning,3,Completed
APT004625,PT00386,PR019,Nursing Visit,2026-08-21,Morning,1,Completed
APT004626,PT00643,PR010,Post-Op Care,2026-06-27,Evening,6,Completed
APT004627,PT01658,PR018,Post-Op Care,2026-07-13,Evening,0,Completed
APT004628,PT00855,PR005,Nursing Visit,2026-07-28,Afternoon,5,No-Show
APT004629,PT01945,PR010,Post-Op Care,2026-06-30,Morning,13,Completed
APT004630,PT00572,PR012,Nursing Visit,2026-08-16,Evening,12,Rescheduled
APT004631,PT01576,PR019,Vitals Check,2026-07-31,Evening,11,No-Show
APT004632,PT01043,PR016,Wound Dressing,2026-08-23,Evening,9,No-Show
APT004633,PT01050,PR018,Nursing Visit,2026-08-26,Morning,4,Completed
APT004634,PT00709,PR006,Vitals Check,2026-08-21,Afternoon,1,No-Show
APT004635,PT00741,PR013,Wound Dressing,2026-07-24,Afternoon,11,No-Show
APT004636,PT00540,PR009,Post-Op Care,2026-06-11,Afternoon,5,No-Show
APT004637,PT01790,PR004,Post-Op Care,2026-06-08,Morning,5,Completed
APT004638,PT00764,PR011,Nursing Visit,2026-06-15,Morning,2,Completed
APT004639,PT00418,PR002,Physiotherapy Session,2026-07-29,Morning,11,Completed
APT004640,PT00639,PR002,Nursing Visit,2026-08-12,Morning,14,No-Show
APT004641,PT00032,PR011,Post-Op Care,2026-07-20,Morning,2,Completed
APT004642,PT01538,PR004,Post-Op Care,2026-08-21,Morning,9,Completed
APT004643,PT00043,PR007,Physiotherapy Session,2026-07-11,Morning,10,Completed
APT004644,PT00311,PR009,Wound Dressing,2026-08-10,Morning,13,Completed
APT004645,PT00636,PR004,Post-Op Care,2026-06-10,Evening,2,Completed
APT004646,PT00692,PR002,Wound Dressing,2026-08-08,Morning,7,Completed
APT004647,PT00614,PR010,Diabetic Care Visit,2026-07-19,Morning,6,Completed
APT004648,PT00716,PR007,Nursing Visit,2026-06-19,Morning,4,Completed
APT004649,PT00021,PR009,Vitals Check,2026-07-19,Evening,1,Completed
APT004650,PT00817,PR007,Diabetic Care Visit,2026-06-06,Morning,12,Cancelled
APT004651,PT00842,PR003,Nursing Visit,2026-06-21,Afternoon,11,Cancelled
APT004652,PT00459,PR013,Nursing Visit,2026-06-03,Evening,3,Completed
APT004653,PT00107,PR003,Nursing Visit,2026-08-12,Morning,13,Completed
APT004654,PT01156,PR017,Physiotherapy Session,2026-06-14,Afternoon,1,Completed
APT004655,PT00351,PR020,Nursing Visit,2026-07-16,Evening,14,Completed
APT004656,PT01403,PR012,Post-Op Care,2026-06-18,Evening,8,Completed
APT004657,PT00806,PR014,Vitals Check,2026-08-18,Afternoon,3,Completed
APT004658,PT00065,PR001,Vitals Check,2026-07-08,Morning,12,Completed
APT004659,PT01069,PR003,Wound Dressing,2026-07-26,Afternoon,10,No-Show
APT004660,PT00966,PR015,Nursing Visit,2026-06-23,Morning,3,No-Show
APT004661,PT01861,PR005,Diabetic Care Visit,2026-07-03,Morning,10,Completed
APT004662,PT01703,PR017,Physiotherapy Session,2026-08-12,Morning,11,Completed
APT004663,PT00965,PR013,Diabetic Care Visit,2026-07-09,Evening,13,Completed
APT004664,PT01028,PR002,Diabetic Care Visit,2026-07-04,Morning,10,No-Show
APT004665,PT00765,PR017,Diabetic Care Visit,2026-06-30,Morning,9,Completed
APT004666,PT01441,PR005,Diabetic Care Visit,2026-07-27,Morning,0,Cancelled
APT004667,PT01126,PR010,Vitals Check,2026-06-13,Morning,8,Completed
APT004668,PT01530,PR013,Vitals Check,2026-08-14,Evening,9,Completed
APT004669,PT00613,PR002,Wound Dressing,2026-08-19,Evening,14,Completed
APT004670,PT01798,PR004,Physiotherapy Session,2026-07-16,Morning,5,Completed
APT004671,PT00582,PR020,Physiotherapy Session,2026-07-13,Morning,1,No-Show
APT004672,PT00640,PR011,Post-Op Care,2026-08-17,Morning,14,No-Show
APT004673,PT00263,PR010,Post-Op Care,2026-07-17,Afternoon,2,Rescheduled
APT004674,PT00010,PR004,Diabetic Care Visit,2026-08-12,Evening,14,Completed
APT004675,PT00785,PR020,Wound Dressing,2026-07-22,Morning,10,Completed
APT004676,PT00028,PR006,Wound Dressing,2026-06-02,Afternoon,10,Rescheduled
APT004677,PT00185,PR004,Post-Op Care,2026-08-20,Afternoon,1,Completed
APT004678,PT00203,PR004,Nursing Visit,2026-06-08,Morning,6,Completed
APT004679,PT01873,PR015,Diabetic Care Visit,2026-08-14,Afternoon,11,Completed
APT004680,PT01699,PR020,Diabetic Care Visit,2026-08-12,Morning,5,Cancelled
APT004681,PT00489,PR018,Nursing Visit,2026-07-03,Afternoon,12,Cancelled
APT004682,PT00014,PR002,Post-Op Care,2026-07-10,Evening,5,Completed
APT004683,PT00843,PR002,Post-Op Care,2026-08-19,Afternoon,8,Completed
APT004684,PT01009,PR013,Post-Op Care,2026-07-03,Afternoon,4,No-Show
APT004685,PT00133,PR008,Physiotherapy Session,2026-06-19,Morning,10,Completed
APT004686,PT01922,PR004,Post-Op Care,2026-06-26,Morning,0,Completed
APT004687,PT01983,PR002,Nursing Visit,2026-06-15,Morning,1,Completed
APT004688,PT01728,PR005,Post-Op Care,2026-07-11,Afternoon,7,Completed
APT004689,PT00457,PR007,Post-Op Care,2026-06-30,Afternoon,11,Completed
APT004690,PT01784,PR013,Post-Op Care,2026-06-26,Morning,11,No-Show
APT004691,PT01683,PR014,Physiotherapy Session,2026-07-24,Afternoon,6,No-Show
APT004692,PT00246,PR008,Physiotherapy Session,2026-06-23,Afternoon,2,No-Show
APT004693,PT00743,PR011,Diabetic Care Visit,2026-07-08,Evening,13,Cancelled
APT004694,PT01547,PR016,Physiotherapy Session,2026-06-23,Morning,12,Completed
APT004695,PT01245,PR010,Post-Op Care,2026-08-25,Evening,0,No-Show
APT004696,PT01505,PR008,Post-Op Care,2026-06-28,Morning,14,Completed
APT004697,PT00113,PR010,Post-Op Care,2026-08-22,Afternoon,8,Completed
APT004698,PT00833,PR003,Wound Dressing,2026-08-17,Morning,13,Completed
APT004699,PT01290,PR011,Wound Dressing,2026-06-19,Evening,7,Completed
APT004700,PT00232,PR005,Wound Dressing,2026-07-26,Morning,13,Completed
APT004701,PT00314,PR010,Vitals Check,2026-06-23,Afternoon,4,Completed
APT004702,PT00845,PR018,Post-Op Care,2026-07-21,Evening,2,Completed
APT004703,PT01961,PR018,Post-Op Care,2026-08-21,Morning,7,Completed
APT004704,PT00875,PR017,Nursing Visit,2026-06-08,Afternoon,3,Rescheduled
APT004705,PT01117,PR007,Wound Dressing,2026-06-08,Afternoon,3,Completed
APT004706,PT01238,PR001,Physiotherapy Session,2026-06-06,Evening,7,Completed
APT004707,PT00212,PR010,Post-Op Care,2026-08-28,Evening,13,Completed
APT004708,PT00574,PR013,Diabetic Care Visit,2026-06-09,Evening,8,No-Show
APT004709,PT00306,PR014,Post-Op Care,2026-08-22,Morning,9,Completed
APT004710,PT02000,PR013,Diabetic Care Visit,2026-08-02,Afternoon,4,Completed
APT004711,PT01254,PR013,Post-Op Care,2026-07-25,Evening,0,Completed
APT004712,PT01095,PR003,Nursing Visit,2026-08-14,Morning,3,Completed
APT004713,PT00704,PR009,Vitals Check,2026-07-19,Evening,6,Completed
APT004714,PT01433,PR006,Wound Dressing,2026-07-21,Evening,4,Cancelled
APT004715,PT01744,PR007,Wound Dressing,2026-07-06,Evening,0,Completed
APT004716,PT01707,PR016,Post-Op Care,2026-07-23,Afternoon,1,Completed
APT004717,PT00123,PR012,Post-Op Care,2026-08-14,Evening,13,Completed
APT004718,PT00496,PR010,Post-Op Care,2026-06-21,Morning,0,Completed
APT004719,PT01022,PR011,Diabetic Care Visit,2026-07-12,Evening,2,No-Show
APT004720,PT00047,PR008,Nursing Visit,2026-07-26,Morning,2,Cancelled
APT004721,PT01412,PR017,Diabetic Care Visit,2026-08-21,Evening,4,Completed
APT004722,PT00537,PR009,Diabetic Care Visit,2026-07-28,Afternoon,0,Completed
APT004723,PT01507,PR010,Diabetic Care Visit,2026-08-02,Morning,3,Cancelled
APT004724,PT01180,PR009,Post-Op Care,2026-07-31,Evening,9,Completed
APT004725,PT01821,PR004,Vitals Check,2026-07-07,Afternoon,7,Completed
APT004726,PT01462,PR002,Physiotherapy Session,2026-06-23,Evening,1,Completed
APT004727,PT00619,PR013,Vitals Check,2026-06-08,Morning,5,No-Show
APT004728,PT00028,PR009,Post-Op Care,2026-07-18,Morning,10,Completed
APT004729,PT00009,PR009,Post-Op Care,2026-08-12,Afternoon,14,Completed
APT004730,PT01622,PR017,Wound Dressing,2026-08-26,Morning,10,No-Show
APT004731,PT01902,PR017,Post-Op Care,2026-06-14,Afternoon,14,Completed
APT004732,PT00094,PR005,Physiotherapy Session,2026-06-27,Evening,12,No-Show
APT004733,PT01240,PR017,Diabetic Care Visit,2026-07-02,Morning,8,Completed
APT004734,PT00343,PR001,Nursing Visit,2026-08-08,Morning,9,Completed
APT004735,PT00218,PR003,Post-Op Care,2026-06-20,Evening,1,Completed
APT004736,PT00318,PR001,Physiotherapy Session,2026-07-14,Evening,4,Completed
APT004737,PT00117,PR003,Physiotherapy Session,2026-07-29,Morning,5,Completed
APT004738,PT00221,PR013,Vitals Check,2026-07-24,Evening,8,No-Show
APT004739,PT01083,PR002,Vitals Check,2026-08-18,Evening,4,Completed
APT004740,PT01038,PR002,Vitals Check,2026-07-22,Evening,2,Rescheduled
APT004741,PT01414,PR020,Nursing Visit,2026-08-26,Evening,14,Completed
APT004742,PT00962,PR008,Physiotherapy Session,2026-06-06,Morning,2,Cancelled
APT004743,PT01765,PR018,Vitals Check,2026-06-11,Morning,6,Completed
APT004744,PT01132,PR004,Post-Op Care,2026-07-02,Evening,1,Completed
APT004745,PT00066,PR002,Vitals Check,2026-06-22,Morning,13,Completed
APT004746,PT01698,PR018,Wound Dressing,2026-07-29,Morning,6,Completed
APT004747,PT00287,PR013,Diabetic Care Visit,2026-06-21,Afternoon,3,Completed
APT004748,PT00400,PR002,Physiotherapy Session,2026-08-05,Afternoon,7,Completed
APT004749,PT00018,PR012,Wound Dressing,2026-07-10,Evening,13,Completed
APT004750,PT01076,PR003,Vitals Check,2026-08-07,Evening,0,Completed
APT004751,PT01211,PR017,Diabetic Care Visit,2026-08-10,Morning,0,Cancelled
APT004752,PT00410,PR017,Diabetic Care Visit,2026-06-13,Morning,7,Completed
APT004753,PT00122,PR003,Vitals Check,2026-07-23,Evening,4,Completed
APT004754,PT00940,PR010,Wound Dressing,2026-08-02,Morning,3,Rescheduled
APT004755,PT00452,PR010,Diabetic Care Visit,2026-06-06,Evening,1,Completed
APT004756,PT00058,PR013,Nursing Visit,2026-08-17,Afternoon,2,Cancelled
APT004757,PT01677,PR015,Nursing Visit,2026-07-08,Evening,14,Completed
APT004758,PT01487,PR014,Vitals Check,2026-06-26,Afternoon,0,Completed
APT004759,PT01220,PR014,Post-Op Care,2026-07-03,Evening,11,Completed
APT004760,PT01507,PR010,Nursing Visit,2026-07-17,Morning,5,Cancelled
APT004761,PT00392,PR006,Vitals Check,2026-08-19,Evening,10,Rescheduled
APT004762,PT01468,PR007,Wound Dressing,2026-07-29,Morning,6,Completed
APT004763,PT01364,PR004,Wound Dressing,2026-08-09,Afternoon,6,Completed
APT004764,PT00114,PR018,Wound Dressing,2026-06-17,Morning,9,Completed
APT004765,PT00318,PR005,Physiotherapy Session,2026-06-07,Evening,1,Cancelled
APT004766,PT01333,PR008,Physiotherapy Session,2026-08-01,Morning,4,Cancelled
APT004767,PT00545,PR005,Vitals Check,2026-06-11,Evening,0,Completed
APT004768,PT01805,PR014,Wound Dressing,2026-07-03,Evening,12,Completed
APT004769,PT01043,PR016,Nursing Visit,2026-06-02,Evening,9,Cancelled
APT004770,PT01103,PR003,Wound Dressing,2026-06-05,Afternoon,0,Completed
APT004771,PT00564,PR013,Nursing Visit,2026-08-13,Evening,9,No-Show
APT004772,PT01898,PR020,Vitals Check,2026-08-02,Evening,0,Cancelled
APT004773,PT00862,PR002,Physiotherapy Session,2026-07-13,Afternoon,1,Completed
APT004774,PT01717,PR003,Vitals Check,2026-08-27,Morning,5,Completed
APT004775,PT01986,PR020,Post-Op Care,2026-08-20,Morning,12,Completed
APT004776,PT00068,PR002,Post-Op Care,2026-08-15,Morning,7,Completed
APT004777,PT01569,PR019,Physiotherapy Session,2026-07-07,Afternoon,9,Completed
APT004778,PT01114,PR001,Wound Dressing,2026-07-20,Evening,1,Completed
APT004779,PT01489,PR008,Physiotherapy Session,2026-08-01,Morning,2,Rescheduled
APT004780,PT01219,PR016,Diabetic Care Visit,2026-07-02,Morning,6,Completed
APT004781,PT01042,PR019,Physiotherapy Session,2026-07-25,Morning,1,Completed
APT004782,PT01143,PR008,Diabetic Care Visit,2026-08-02,Evening,7,Completed
APT004783,PT01697,PR013,Nursing Visit,2026-07-19,Evening,14,Cancelled
APT004784,PT00361,PR014,Post-Op Care,2026-06-18,Afternoon,13,Completed
APT004785,PT01076,PR009,Vitals Check,2026-08-06,Afternoon,9,No-Show
APT004786,PT00250,PR009,Diabetic Care Visit,2026-06-02,Afternoon,1,Completed
APT004787,PT00237,PR011,Diabetic Care Visit,2026-07-01,Morning,14,Completed
APT004788,PT00230,PR019,Nursing Visit,2026-06-29,Morning,14,Rescheduled
APT004789,PT00929,PR018,Physiotherapy Session,2026-06-02,Evening,13,Rescheduled
APT004790,PT01660,PR010,Post-Op Care,2026-07-05,Morning,3,Completed
APT004791,PT01416,PR004,Diabetic Care Visit,2026-06-17,Morning,9,Completed
APT004792,PT00574,PR008,Diabetic Care Visit,2026-06-11,Afternoon,10,Completed
APT004793,PT01016,PR008,Diabetic Care Visit,2026-08-02,Morning,2,Completed
APT004794,PT00525,PR007,Vitals Check,2026-08-07,Afternoon,4,Completed
APT004795,PT01612,PR004,Nursing Visit,2026-07-22,Morning,6,Completed
APT004796,PT01576,PR015,Physiotherapy Session,2026-08-19,Morning,7,Completed
APT004797,PT01432,PR004,Nursing Visit,2026-07-04,Afternoon,1,No-Show
APT004798,PT00863,PR004,Physiotherapy Session,2026-07-11,Evening,1,Completed
APT004799,PT01958,PR006,Post-Op Care,2026-07-19,Afternoon,8,Completed
APT004800,PT00361,PR018,Post-Op Care,2026-08-26,Afternoon,10,Completed
APT004801,PT01116,PR003,Post-Op Care,2026-08-07,Evening,12,Completed
APT004802,PT00258,PR008,Diabetic Care Visit,2026-07-03,Afternoon,11,Completed
APT004803,PT00753,PR004,Post-Op Care,2026-06-19,Morning,0,Completed
APT004804,PT01737,PR010,Nursing Visit,2026-08-15,Evening,13,No-Show
APT004805,PT01355,PR010,Nursing Visit,2026-06-27,Afternoon,13,Completed
APT004806,PT00571,PR006,Nursing Visit,2026-07-21,Afternoon,14,Cancelled
APT004807,PT00060,PR007,Nursing Visit,2026-07-12,Morning,1,Cancelled
APT004808,PT00279,PR004,Vitals Check,2026-07-15,Evening,5,Completed
APT004809,PT01499,PR006,Vitals Check,2026-08-02,Morning,12,Completed
APT004810,PT00638,PR002,Vitals Check,2026-06-28,Morning,6,Completed
APT004811,PT01580,PR008,Physiotherapy Session,2026-06-13,Evening,7,No-Show
APT004812,PT00821,PR007,Diabetic Care Visit,2026-08-28,Morning,7,Completed
APT004813,PT00588,PR002,Nursing Visit,2026-06-12,Evening,8,Cancelled
APT004814,PT00059,PR013,Nursing Visit,2026-07-14,Afternoon,4,Completed
APT004815,PT01320,PR010,Post-Op Care,2026-06-01,Afternoon,11,No-Show
APT004816,PT01979,PR002,Nursing Visit,2026-07-13,Morning,5,Completed
APT004817,PT00236,PR020,Nursing Visit,2026-07-05,Afternoon,4,No-Show
APT004818,PT01117,PR006,Post-Op Care,2026-07-28,Morning,12,Completed
APT004819,PT00072,PR009,Physiotherapy Session,2026-07-06,Morning,8,Completed
APT004820,PT00358,PR002,Wound Dressing,2026-08-24,Afternoon,5,Completed
APT004821,PT01160,PR010,Diabetic Care Visit,2026-08-24,Evening,8,Completed
APT004822,PT00061,PR008,Physiotherapy Session,2026-08-24,Afternoon,12,No-Show
APT004823,PT01554,PR005,Physiotherapy Session,2026-07-13,Morning,11,Completed
APT004824,PT01710,PR014,Diabetic Care Visit,2026-08-23,Morning,6,Rescheduled
APT004825,PT00769,PR010,Physiotherapy Session,2026-06-25,Morning,12,Completed
APT004826,PT00016,PR002,Post-Op Care,2026-08-26,Afternoon,3,Cancelled
APT004827,PT00718,PR018,Physiotherapy Session,2026-06-24,Morning,7,Completed
APT004828,PT01730,PR002,Vitals Check,2026-07-04,Evening,12,Completed
APT004829,PT01635,PR002,Post-Op Care,2026-07-14,Evening,5,Completed
APT004830,PT01606,PR013,Nursing Visit,2026-08-26,Evening,4,Completed
APT004831,PT00569,PR010,Physiotherapy Session,2026-08-17,Evening,1,No-Show
APT004832,PT01924,PR014,Diabetic Care Visit,2026-07-20,Evening,4,Completed
APT004833,PT01657,PR004,Post-Op Care,2026-07-06,Evening,5,Completed
APT004834,PT00802,PR009,Wound Dressing,2026-08-16,Evening,4,Completed
APT004835,PT01264,PR014,Post-Op Care,2026-07-05,Evening,4,Cancelled
APT004836,PT00156,PR020,Nursing Visit,2026-07-18,Evening,8,Completed
APT004837,PT01067,PR009,Nursing Visit,2026-08-17,Evening,1,Completed
APT004838,PT01460,PR004,Diabetic Care Visit,2026-08-07,Evening,0,Completed
APT004839,PT00319,PR018,Physiotherapy Session,2026-07-05,Evening,7,Cancelled
APT004840,PT01600,PR020,Diabetic Care Visit,2026-06-30,Evening,7,Completed
APT004841,PT00082,PR010,Physiotherapy Session,2026-06-27,Morning,1,Completed
APT004842,PT00931,PR013,Post-Op Care,2026-08-16,Evening,12,No-Show
APT004843,PT01059,PR020,Wound Dressing,2026-07-17,Evening,12,Completed
APT004844,PT00924,PR013,Post-Op Care,2026-08-13,Afternoon,5,Completed
APT004845,PT01384,PR019,Post-Op Care,2026-08-20,Evening,10,Completed
APT004846,PT01503,PR002,Post-Op Care,2026-08-29,Evening,9,No-Show
APT004847,PT01137,PR016,Physiotherapy Session,2026-08-09,Morning,10,Completed
APT004848,PT01251,PR005,Diabetic Care Visit,2026-08-04,Afternoon,9,Completed
APT004849,PT01392,PR014,Physiotherapy Session,2026-06-05,Afternoon,0,Completed
APT004850,PT00967,PR016,Post-Op Care,2026-06-15,Morning,13,Cancelled
APT004851,PT00433,PR001,Wound Dressing,2026-06-15,Evening,1,No-Show
APT004852,PT00001,PR004,Nursing Visit,2026-08-22,Morning,5,Completed
APT004853,PT01288,PR002,Vitals Check,2026-06-17,Evening,6,Rescheduled
APT004854,PT01384,PR005,Post-Op Care,2026-06-02,Morning,0,Completed
APT004855,PT00908,PR010,Nursing Visit,2026-06-05,Morning,11,Completed
APT004856,PT00512,PR007,Post-Op Care,2026-07-11,Afternoon,6,Cancelled
APT004857,PT01580,PR004,Vitals Check,2026-07-20,Evening,12,No-Show
APT004858,PT01043,PR015,Physiotherapy Session,2026-07-20,Afternoon,6,Completed
APT004859,PT01344,PR019,Vitals Check,2026-06-18,Evening,7,Completed
APT004860,PT01123,PR002,Wound Dressing,2026-07-14,Afternoon,12,Completed
APT004861,PT01981,PR002,Physiotherapy Session,2026-06-16,Afternoon,2,Completed
APT004862,PT00032,PR012,Wound Dressing,2026-08-02,Afternoon,14,Completed
APT004863,PT00066,PR010,Diabetic Care Visit,2026-08-18,Morning,10,Completed
APT004864,PT00319,PR020,Physiotherapy Session,2026-07-12,Evening,2,Completed
APT004865,PT00428,PR001,Vitals Check,2026-06-15,Morning,11,Completed
APT004866,PT00801,PR013,Post-Op Care,2026-06-21,Morning,11,Completed
APT004867,PT00481,PR019,Nursing Visit,2026-06-15,Morning,5,Completed
APT004868,PT00810,PR019,Physiotherapy Session,2026-06-24,Evening,12,Cancelled
APT004869,PT00380,PR001,Vitals Check,2026-06-06,Evening,8,No-Show
APT004870,PT00628,PR006,Physiotherapy Session,2026-08-05,Evening,2,Cancelled
APT004871,PT00234,PR011,Physiotherapy Session,2026-08-05,Afternoon,2,Completed
APT004872,PT00303,PR002,Wound Dressing,2026-07-17,Evening,14,Rescheduled
APT004873,PT01793,PR003,Vitals Check,2026-07-29,Evening,0,Completed
APT004874,PT00444,PR008,Physiotherapy Session,2026-06-29,Morning,14,No-Show
APT004875,PT00680,PR004,Diabetic Care Visit,2026-08-26,Morning,9,No-Show
APT004876,PT01194,PR013,Vitals Check,2026-06-04,Afternoon,4,Completed
APT004877,PT01300,PR010,Diabetic Care Visit,2026-08-02,Morning,1,Completed
APT004878,PT01900,PR004,Nursing Visit,2026-08-09,Afternoon,8,Completed
APT004879,PT00174,PR002,Vitals Check,2026-06-27,Afternoon,13,Completed
APT004880,PT00287,PR013,Nursing Visit,2026-06-27,Morning,12,No-Show
APT004881,PT00265,PR010,Nursing Visit,2026-08-16,Evening,10,No-Show
APT004882,PT01347,PR002,Nursing Visit,2026-06-07,Evening,8,Completed
APT004883,PT01373,PR007,Post-Op Care,2026-06-07,Morning,14,Completed
APT004884,PT00560,PR005,Vitals Check,2026-08-03,Afternoon,9,Completed
APT004885,PT01155,PR005,Wound Dressing,2026-08-04,Morning,14,Completed
APT004886,PT01504,PR005,Nursing Visit,2026-07-27,Evening,11,Completed
APT004887,PT00573,PR017,Physiotherapy Session,2026-06-22,Morning,5,Cancelled
APT004888,PT01701,PR002,Wound Dressing,2026-07-10,Evening,12,No-Show
APT004889,PT00803,PR015,Vitals Check,2026-06-29,Morning,1,Completed
APT004890,PT00940,PR010,Vitals Check,2026-08-27,Morning,11,No-Show
APT004891,PT01000,PR010,Post-Op Care,2026-06-24,Afternoon,9,Completed
APT004892,PT00681,PR018,Vitals Check,2026-06-29,Evening,8,No-Show
APT004893,PT01356,PR002,Post-Op Care,2026-06-09,Afternoon,13,Completed
APT004894,PT00784,PR004,Diabetic Care Visit,2026-06-05,Morning,5,Cancelled
APT004895,PT01139,PR013,Wound Dressing,2026-08-19,Evening,14,No-Show
APT004896,PT00172,PR019,Physiotherapy Session,2026-07-13,Afternoon,1,Completed
APT004897,PT01117,PR017,Physiotherapy Session,2026-08-28,Afternoon,7,Rescheduled
APT004898,PT00593,PR005,Wound Dressing,2026-07-16,Afternoon,13,Completed
APT004899,PT01749,PR015,Vitals Check,2026-07-18,Morning,6,Completed
APT004900,PT01552,PR002,Wound Dressing,2026-07-22,Morning,10,Completed
APT004901,PT00143,PR010,Nursing Visit,2026-08-24,Evening,13,Cancelled
APT004902,PT00050,PR008,Diabetic Care Visit,2026-08-20,Afternoon,4,Completed
APT004903,PT00844,PR005,Wound Dressing,2026-06-08,Morning,7,Completed
APT004904,PT01143,PR008,Physiotherapy Session,2026-06-29,Morning,12,Completed
APT004905,PT01464,PR018,Nursing Visit,2026-07-29,Morning,4,Cancelled
APT004906,PT00704,PR003,Nursing Visit,2026-07-25,Evening,4,Completed
APT004907,PT01562,PR008,Wound Dressing,2026-06-16,Evening,4,Cancelled
APT004908,PT00424,PR002,Nursing Visit,2026-08-26,Afternoon,13,Cancelled
APT004909,PT01725,PR009,Vitals Check,2026-06-28,Morning,5,Completed
APT004910,PT01398,PR014,Post-Op Care,2026-08-19,Evening,9,No-Show
APT004911,PT01018,PR011,Wound Dressing,2026-07-27,Afternoon,9,No-Show
APT004912,PT00602,PR017,Physiotherapy Session,2026-07-11,Morning,5,Completed
APT004913,PT00388,PR009,Diabetic Care Visit,2026-06-30,Afternoon,4,Completed
APT004914,PT01061,PR007,Vitals Check,2026-07-23,Afternoon,12,Rescheduled
APT004915,PT01379,PR020,Physiotherapy Session,2026-07-13,Afternoon,11,Completed
APT004916,PT01128,PR017,Vitals Check,2026-06-28,Morning,11,No-Show
APT004917,PT01929,PR004,Physiotherapy Session,2026-06-18,Afternoon,7,No-Show
APT004918,PT01948,PR004,Nursing Visit,2026-07-21,Afternoon,9,Completed
APT004919,PT00451,PR001,Post-Op Care,2026-06-16,Afternoon,11,Completed
APT004920,PT00457,PR007,Post-Op Care,2026-07-23,Morning,2,Cancelled
APT004921,PT01066,PR013,Post-Op Care,2026-07-31,Afternoon,14,Cancelled
APT004922,PT01180,PR007,Post-Op Care,2026-06-18,Afternoon,4,Cancelled
APT004923,PT01049,PR019,Physiotherapy Session,2026-07-05,Evening,9,Completed
APT004924,PT00524,PR008,Nursing Visit,2026-08-28,Evening,4,Completed
APT004925,PT01568,PR014,Post-Op Care,2026-06-16,Morning,11,No-Show
APT004926,PT01111,PR006,Vitals Check,2026-07-19,Evening,10,Completed
APT004927,PT01489,PR008,Vitals Check,2026-08-27,Evening,9,Cancelled
APT004928,PT01502,PR010,Diabetic Care Visit,2026-08-03,Evening,3,Cancelled
APT004929,PT01470,PR018,Vitals Check,2026-07-24,Afternoon,4,Completed
APT004930,PT00580,PR004,Post-Op Care,2026-08-14,Evening,5,Completed
APT004931,PT01004,PR018,Wound Dressing,2026-08-27,Afternoon,1,Completed
APT004932,PT01914,PR004,Vitals Check,2026-07-27,Evening,12,Completed
APT004933,PT01384,PR019,Diabetic Care Visit,2026-07-28,Morning,4,Completed
APT004934,PT01261,PR010,Physiotherapy Session,2026-08-22,Evening,7,Completed
APT004935,PT00123,PR011,Post-Op Care,2026-06-05,Evening,12,Cancelled
APT004936,PT00467,PR002,Physiotherapy Session,2026-06-28,Afternoon,0,Completed
APT004937,PT01465,PR013,Diabetic Care Visit,2026-08-24,Morning,2,No-Show
APT004938,PT00938,PR003,Post-Op Care,2026-07-28,Evening,0,Completed
APT004939,PT01453,PR019,Nursing Visit,2026-06-18,Afternoon,4,Completed
APT004940,PT00557,PR002,Post-Op Care,2026-06-26,Afternoon,5,Completed
APT004941,PT00487,PR011,Vitals Check,2026-08-04,Evening,14,Completed
APT004942,PT00874,PR015,Physiotherapy Session,2026-08-27,Afternoon,1,Completed
APT004943,PT01114,PR019,Post-Op Care,2026-07-17,Afternoon,11,No-Show
APT004944,PT01815,PR004,Wound Dressing,2026-07-05,Afternoon,0,Completed
APT004945,PT01137,PR005,Post-Op Care,2026-06-30,Afternoon,11,Completed
APT004946,PT00088,PR001,Post-Op Care,2026-06-14,Evening,5,Completed
APT004947,PT00963,PR016,Physiotherapy Session,2026-07-28,Morning,6,Cancelled
APT004948,PT01317,PR014,Post-Op Care,2026-08-22,Afternoon,1,Cancelled
APT004949,PT00263,PR002,Wound Dressing,2026-08-05,Morning,10,Completed
APT004950,PT00753,PR013,Nursing Visit,2026-07-01,Morning,9,Completed
APT004951,PT00169,PR012,Post-Op Care,2026-08-16,Evening,13,Completed
APT004952,PT00479,PR002,Vitals Check,2026-07-03,Evening,10,Completed
APT004953,PT00509,PR004,Diabetic Care Visit,2026-07-10,Afternoon,8,No-Show
APT004954,PT00301,PR015,Physiotherapy Session,2026-06-16,Afternoon,11,Rescheduled
APT004955,PT00202,PR003,Diabetic Care Visit,2026-08-26,Morning,4,Completed
APT004956,PT01364,PR013,Nursing Visit,2026-08-16,Evening,0,Completed
APT004957,PT00483,PR002,Physiotherapy Session,2026-06-16,Evening,0,Rescheduled
APT004958,PT01457,PR005,Nursing Visit,2026-06-17,Morning,5,Completed
APT004959,PT01025,PR015,Vitals Check,2026-06-14,Evening,7,No-Show
APT004960,PT00084,PR004,Diabetic Care Visit,2026-07-28,Evening,11,Completed
APT004961,PT01755,PR004,Post-Op Care,2026-06-16,Evening,4,Cancelled
APT004962,PT01509,PR006,Diabetic Care Visit,2026-06-24,Morning,11,Completed
APT004963,PT00191,PR015,Physiotherapy Session,2026-06-04,Afternoon,7,Completed
APT004964,PT01738,PR003,Post-Op Care,2026-06-09,Morning,9,Completed
APT004965,PT00033,PR014,Wound Dressing,2026-08-03,Morning,2,Completed
APT004966,PT00347,PR004,Physiotherapy Session,2026-06-27,Afternoon,0,Cancelled
APT004967,PT01247,PR007,Nursing Visit,2026-07-14,Evening,14,Completed
APT004968,PT00016,PR010,Vitals Check,2026-07-30,Morning,14,No-Show
APT004969,PT00335,PR007,Diabetic Care Visit,2026-08-09,Afternoon,12,No-Show
APT004970,PT01150,PR006,Nursing Visit,2026-07-15,Morning,12,Completed
APT004971,PT01781,PR014,Wound Dressing,2026-06-12,Evening,9,Completed
APT004972,PT00277,PR010,Wound Dressing,2026-07-23,Morning,1,Completed
APT004973,PT00470,PR012,Physiotherapy Session,2026-07-02,Afternoon,1,Completed
APT004974,PT01501,PR006,Wound Dressing,2026-07-19,Afternoon,1,Completed
APT004975,PT01874,PR017,Diabetic Care Visit,2026-07-19,Afternoon,1,Rescheduled
APT004976,PT01260,PR011,Physiotherapy Session,2026-08-01,Afternoon,9,No-Show
APT004977,PT00515,PR001,Physiotherapy Session,2026-07-23,Evening,11,No-Show
APT004978,PT01046,PR013,Physiotherapy Session,2026-07-30,Morning,14,No-Show
APT004979,PT01665,PR015,Nursing Visit,2026-06-12,Morning,13,Completed
APT004980,PT00434,PR008,Nursing Visit,2026-07-09,Morning,0,No-Show
APT004981,PT01730,PR010,Post-Op Care,2026-06-10,Afternoon,10,Completed
APT004982,PT01398,PR020,Post-Op Care,2026-07-01,Morning,3,Rescheduled
APT004983,PT01128,PR007,Wound Dressing,2026-06-15,Afternoon,2,No-Show
APT004984,PT01765,PR020,Wound Dressing,2026-08-06,Morning,12,Completed
APT004985,PT00558,PR009,Wound Dressing,2026-07-25,Evening,4,Cancelled
APT004986,PT01018,PR012,Vitals Check,2026-07-25,Afternoon,10,Rescheduled
APT004987,PT01886,PR006,Diabetic Care Visit,2026-07-11,Morning,6,Completed
APT004988,PT00335,PR017,Post-Op Care,2026-07-14,Morning,3,Completed
APT004989,PT00397,PR014,Nursing Visit,2026-08-10,Evening,6,Completed
APT004990,PT00570,PR005,Post-Op Care,2026-08-18,Evening,14,Completed
APT004991,PT01642,PR010,Physiotherapy Session,2026-08-17,Evening,11,Completed
APT004992,PT01435,PR017,Wound Dressing,2026-08-14,Morning,10,Completed
APT004993,PT00891,PR011,Diabetic Care Visit,2026-06-25,Evening,1,No-Show
APT004994,PT00928,PR010,Diabetic Care Visit,2026-07-29,Evening,13,Completed
APT004995,PT01048,PR013,Diabetic Care Visit,2026-08-15,Evening,4,Completed
APT004996,PT00247,PR013,Nursing Visit,2026-06-06,Morning,11,Completed
APT004997,PT01806,PR018,Post-Op Care,2026-07-19,Evening,4,Cancelled
APT004998,PT00068,PR010,Diabetic Care Visit,2026-07-10,Morning,14,Completed
APT004999,PT00106,PR018,Diabetic Care Visit,2026-06-26,Afternoon,2,Rescheduled
APT005000,PT01824,PR015,Physiotherapy Session,2026-08-17,Morning,11,Completed
APT005001,PT00233,PR012,Physiotherapy Session,2026-06-28,Morning,8,No-Show
APT005002,PT01901,PR003,Diabetic Care Visit,2026-06-14,Afternoon,12,Completed
APT005003,PT00663,PR010,Wound Dressing,2026-06-09,Afternoon,11,Completed
APT005004,PT00466,PR013,Post-Op Care,2026-07-29,Afternoon,6,Completed
APT005005,PT00007,PR007,Nursing Visit,2026-06-06,Morning,2,Cancelled
APT005006,PT00889,PR004,Nursing Visit,2026-06-20,Evening,8,No-Show
APT005007,PT01188,PR018,Diabetic Care Visit,2026-07-28,Evening,7,No-Show
APT005008,PT01902,PR009,Vitals Check,2026-07-28,Morning,3,Rescheduled
APT005009,PT01191,PR002,Wound Dressing,2026-06-07,Morning,4,Completed
APT005010,PT00135,PR012,Post-Op Care,2026-06-15,Afternoon,2,Completed
APT005011,PT00293,PR006,Wound Dressing,2026-08-29,Afternoon,2,Cancelled
APT005012,PT01884,PR002,Vitals Check,2026-06-04,Morning,12,Completed
APT005013,PT00882,PR001,Vitals Check,2026-06-26,Evening,13,Completed
APT005014,PT00871,PR002,Post-Op Care,2026-08-13,Evening,13,No-Show
APT005015,PT01827,PR006,Wound Dressing,2026-06-26,Morning,13,Completed
APT005016,PT01990,PR002,Vitals Check,2026-07-02,Morning,12,Completed
APT005017,PT01189,PR019,Post-Op Care,2026-07-27,Morning,10,Completed
APT005018,PT00135,PR012,Nursing Visit,2026-06-22,Afternoon,4,Completed
APT005019,PT01355,PR002,Physiotherapy Session,2026-08-18,Evening,14,Completed
APT005020,PT01648,PR004,Physiotherapy Session,2026-07-29,Morning,3,Completed
APT005021,PT00010,PR004,Wound Dressing,2026-06-28,Morning,13,Completed
APT005022,PT01084,PR013,Nursing Visit,2026-06-02,Morning,3,Completed
APT005023,PT00071,PR015,Physiotherapy Session,2026-07-02,Afternoon,2,Completed
APT005024,PT00747,PR013,Nursing Visit,2026-07-05,Afternoon,1,Cancelled
APT005025,PT00441,PR008,Nursing Visit,2026-06-28,Afternoon,12,Completed
APT005026,PT00626,PR017,Nursing Visit,2026-07-28,Evening,12,Completed
APT005027,PT00561,PR006,Vitals Check,2026-08-23,Evening,12,Completed
APT005028,PT01278,PR012,Wound Dressing,2026-06-12,Afternoon,9,No-Show
APT005029,PT01034,PR019,Nursing Visit,2026-06-09,Afternoon,8,Completed
APT005030,PT01165,PR008,Vitals Check,2026-08-08,Morning,10,Completed
APT005031,PT01964,PR009,Wound Dressing,2026-08-27,Evening,14,No-Show
APT005032,PT01852,PR006,Post-Op Care,2026-07-22,Afternoon,7,Completed
APT005033,PT00957,PR010,Physiotherapy Session,2026-07-08,Afternoon,3,Completed
APT005034,PT00663,PR002,Nursing Visit,2026-07-03,Morning,9,Completed
APT005035,PT01844,PR009,Vitals Check,2026-06-24,Morning,1,Completed
APT005036,PT01116,PR006,Vitals Check,2026-06-26,Evening,4,Completed
APT005037,PT01390,PR002,Diabetic Care Visit,2026-06-13,Morning,1,Completed
APT005038,PT01992,PR004,Post-Op Care,2026-06-26,Morning,2,Completed
APT005039,PT01992,PR008,Physiotherapy Session,2026-06-06,Morning,3,No-Show
APT005040,PT01774,PR003,Nursing Visit,2026-07-23,Evening,11,Completed
APT005041,PT00867,PR016,Physiotherapy Session,2026-06-27,Evening,3,Completed
APT005042,PT01729,PR001,Physiotherapy Session,2026-06-25,Morning,10,Rescheduled
APT005043,PT00807,PR003,Vitals Check,2026-08-10,Evening,11,No-Show
APT005044,PT01986,PR014,Vitals Check,2026-07-17,Afternoon,9,Completed
APT005045,PT00822,PR012,Vitals Check,2026-06-16,Evening,5,Completed
APT005046,PT00145,PR008,Nursing Visit,2026-07-01,Morning,0,No-Show
APT005047,PT01895,PR004,Post-Op Care,2026-07-05,Morning,7,No-Show
APT005048,PT00742,PR013,Post-Op Care,2026-06-06,Evening,13,Completed
APT005049,PT01784,PR004,Vitals Check,2026-08-24,Afternoon,4,Completed
APT005050,PT01675,PR016,Nursing Visit,2026-07-31,Afternoon,8,No-Show
APT005051,PT01426,PR008,Diabetic Care Visit,2026-06-10,Morning,9,Completed
APT005052,PT00853,PR004,Nursing Visit,2026-06-11,Afternoon,2,Completed
APT005053,PT01857,PR007,Physiotherapy Session,2026-07-15,Morning,5,Completed
APT005054,PT01144,PR002,Vitals Check,2026-07-08,Afternoon,5,Completed
APT005055,PT00822,PR014,Wound Dressing,2026-07-18,Morning,13,Completed
APT005056,PT01323,PR012,Nursing Visit,2026-08-13,Evening,14,Cancelled
APT005057,PT01674,PR018,Vitals Check,2026-07-10,Afternoon,14,Completed
APT005058,PT00721,PR014,Physiotherapy Session,2026-06-29,Evening,6,No-Show
APT005059,PT01215,PR009,Diabetic Care Visit,2026-07-25,Evening,8,Completed
APT005060,PT00202,PR009,Diabetic Care Visit,2026-08-14,Afternoon,1,Completed
APT005061,PT00717,PR017,Diabetic Care Visit,2026-06-04,Afternoon,12,Completed
APT005062,PT01260,PR018,Vitals Check,2026-08-11,Evening,0,Completed
APT005063,PT01581,PR005,Wound Dressing,2026-08-17,Morning,2,Completed
APT005064,PT00015,PR011,Physiotherapy Session,2026-08-19,Morning,3,Completed
APT005065,PT01688,PR020,Vitals Check,2026-06-08,Evening,2,No-Show
APT005066,PT01730,PR010,Wound Dressing,2026-07-21,Morning,9,Completed
APT005067,PT01026,PR002,Post-Op Care,2026-08-25,Evening,1,Completed
APT005068,PT01530,PR013,Post-Op Care,2026-07-09,Evening,12,Completed
APT005069,PT00552,PR001,Post-Op Care,2026-08-23,Evening,10,Completed
APT005070,PT00459,PR004,Vitals Check,2026-06-30,Morning,8,Cancelled
APT005071,PT00087,PR006,Diabetic Care Visit,2026-06-25,Morning,13,No-Show
APT005072,PT00745,PR009,Vitals Check,2026-06-21,Morning,5,No-Show
APT005073,PT01143,PR013,Physiotherapy Session,2026-07-21,Evening,12,Completed
APT005074,PT01902,PR009,Post-Op Care,2026-08-25,Morning,10,Completed
APT005075,PT00168,PR010,Wound Dressing,2026-07-03,Morning,11,Rescheduled
APT005076,PT00798,PR013,Physiotherapy Session,2026-08-12,Evening,6,Completed
APT005077,PT00481,PR015,Physiotherapy Session,2026-06-05,Afternoon,7,Completed
APT005078,PT01317,PR012,Diabetic Care Visit,2026-07-31,Afternoon,1,No-Show
APT005079,PT01653,PR005,Post-Op Care,2026-07-12,Morning,9,No-Show
APT005080,PT00924,PR004,Nursing Visit,2026-07-06,Evening,3,Completed
APT005081,PT00054,PR018,Post-Op Care,2026-07-10,Afternoon,3,Completed
APT005082,PT00735,PR002,Post-Op Care,2026-06-14,Morning,8,Completed
APT005083,PT01147,PR020,Wound Dressing,2026-07-07,Evening,14,Completed
APT005084,PT00390,PR007,Vitals Check,2026-08-05,Afternoon,4,No-Show
APT005085,PT01223,PR006,Wound Dressing,2026-07-11,Evening,9,No-Show
APT005086,PT00970,PR019,Wound Dressing,2026-07-05,Morning,0,Completed
APT005087,PT00228,PR001,Diabetic Care Visit,2026-07-26,Evening,14,Completed
APT005088,PT00284,PR020,Diabetic Care Visit,2026-08-14,Evening,0,Completed
APT005089,PT00029,PR013,Post-Op Care,2026-08-18,Afternoon,11,Completed
APT005090,PT01119,PR011,Diabetic Care Visit,2026-08-24,Morning,1,Completed
APT005091,PT01330,PR006,Vitals Check,2026-07-17,Evening,14,Cancelled
APT005092,PT01596,PR008,Post-Op Care,2026-08-29,Afternoon,0,No-Show
APT005093,PT00739,PR010,Diabetic Care Visit,2026-06-16,Afternoon,1,Completed
APT005094,PT01122,PR002,Post-Op Care,2026-06-16,Morning,7,Rescheduled
APT005095,PT01066,PR004,Diabetic Care Visit,2026-06-22,Evening,13,Completed
APT005096,PT01490,PR002,Vitals Check,2026-06-05,Morning,13,Completed
APT005097,PT00457,PR006,Post-Op Care,2026-06-30,Evening,7,Cancelled
APT005098,PT01210,PR018,Nursing Visit,2026-07-07,Morning,0,No-Show
APT005099,PT00592,PR010,Post-Op Care,2026-07-10,Evening,14,Cancelled
APT005100,PT00331,PR008,Post-Op Care,2026-07-26,Morning,5,Completed
APT005101,PT00321,PR004,Physiotherapy Session,2026-07-14,Evening,5,Completed
APT005102,PT00511,PR002,Vitals Check,2026-08-15,Morning,9,Completed
APT005103,PT00404,PR019,Diabetic Care Visit,2026-08-03,Afternoon,14,Completed
APT005104,PT01549,PR003,Physiotherapy Session,2026-06-18,Morning,0,Completed
APT005105,PT00745,PR009,Physiotherapy Session,2026-08-02,Morning,11,No-Show
APT005106,PT00897,PR003,Nursing Visit,2026-08-24,Afternoon,1,No-Show
APT005107,PT00633,PR005,Vitals Check,2026-06-26,Afternoon,1,Completed
APT005108,PT00203,PR013,Diabetic Care Visit,2026-06-12,Afternoon,3,Completed
APT005109,PT00402,PR013,Wound Dressing,2026-06-07,Evening,7,No-Show
APT005110,PT00135,PR014,Vitals Check,2026-08-03,Morning,1,Completed
APT005111,PT01594,PR007,Diabetic Care Visit,2026-08-29,Afternoon,7,Completed
APT005112,PT00796,PR019,Nursing Visit,2026-08-10,Morning,5,Completed
APT005113,PT00758,PR016,Vitals Check,2026-06-14,Morning,8,Completed
APT005114,PT01041,PR016,Post-Op Care,2026-08-22,Morning,3,No-Show
APT005115,PT01093,PR007,Vitals Check,2026-07-24,Evening,6,No-Show
APT005116,PT01491,PR005,Vitals Check,2026-07-21,Morning,3,Completed
APT005117,PT01053,PR012,Post-Op Care,2026-07-09,Evening,1,Completed
APT005118,PT00243,PR008,Post-Op Care,2026-08-26,Evening,10,Completed
APT005119,PT00158,PR002,Vitals Check,2026-06-04,Morning,11,Cancelled
APT005120,PT01092,PR020,Wound Dressing,2026-07-20,Afternoon,12,Completed
APT005121,PT00442,PR010,Wound Dressing,2026-08-23,Afternoon,0,Completed
APT005122,PT01211,PR007,Wound Dressing,2026-08-09,Afternoon,9,Completed
APT005123,PT01533,PR011,Wound Dressing,2026-07-06,Afternoon,1,Completed
APT005124,PT00498,PR017,Nursing Visit,2026-08-19,Morning,4,Completed
APT005125,PT00717,PR006,Post-Op Care,2026-08-28,Morning,3,Completed
APT005126,PT00700,PR002,Diabetic Care Visit,2026-06-16,Morning,13,Completed
APT005127,PT01903,PR010,Post-Op Care,2026-08-03,Morning,11,Completed
APT005128,PT00255,PR018,Diabetic Care Visit,2026-07-10,Evening,9,No-Show
APT005129,PT01729,PR019,Post-Op Care,2026-08-18,Afternoon,11,Completed
APT005130,PT01335,PR018,Physiotherapy Session,2026-08-12,Evening,0,Completed
APT005131,PT00494,PR004,Vitals Check,2026-07-03,Morning,14,Cancelled
APT005132,PT01099,PR010,Post-Op Care,2026-07-20,Morning,11,Completed
APT005133,PT00050,PR004,Wound Dressing,2026-08-10,Afternoon,9,Completed
APT005134,PT00471,PR008,Wound Dressing,2026-08-15,Afternoon,12,Rescheduled
APT005135,PT00113,PR010,Vitals Check,2026-07-23,Afternoon,2,Completed
APT005136,PT01469,PR008,Diabetic Care Visit,2026-07-21,Afternoon,10,Rescheduled
APT005137,PT01608,PR016,Vitals Check,2026-07-17,Evening,2,Completed
APT005138,PT01912,PR001,Vitals Check,2026-06-03,Morning,7,No-Show
APT005139,PT00818,PR009,Diabetic Care Visit,2026-08-19,Evening,2,No-Show
APT005140,PT00696,PR004,Wound Dressing,2026-07-25,Evening,12,Completed
APT005141,PT00696,PR013,Nursing Visit,2026-06-21,Evening,12,Completed
APT005142,PT01712,PR016,Vitals Check,2026-08-01,Evening,11,No-Show
APT005143,PT00379,PR019,Diabetic Care Visit,2026-06-26,Evening,2,Completed
APT005144,PT00836,PR006,Nursing Visit,2026-07-31,Evening,6,Completed
APT005145,PT00247,PR008,Nursing Visit,2026-06-10,Morning,7,Completed
APT005146,PT00583,PR007,Diabetic Care Visit,2026-06-16,Morning,7,Rescheduled
APT005147,PT01819,PR017,Vitals Check,2026-06-27,Afternoon,12,Completed
APT005148,PT00893,PR016,Vitals Check,2026-07-31,Evening,7,No-Show
APT005149,PT01009,PR004,Physiotherapy Session,2026-07-14,Evening,11,No-Show
APT005150,PT00196,PR009,Vitals Check,2026-08-01,Morning,0,No-Show
APT005151,PT00257,PR011,Post-Op Care,2026-08-09,Evening,10,No-Show
APT005152,PT01294,PR009,Post-Op Care,2026-08-05,Afternoon,8,Completed
APT005153,PT00830,PR007,Nursing Visit,2026-06-09,Morning,1,Completed
APT005154,PT00177,PR007,Diabetic Care Visit,2026-08-17,Morning,4,Completed
APT005155,PT00216,PR007,Wound Dressing,2026-08-28,Morning,10,Completed
APT005156,PT01804,PR020,Post-Op Care,2026-08-12,Morning,3,Completed
APT005157,PT01853,PR016,Diabetic Care Visit,2026-08-19,Morning,12,Cancelled
APT005158,PT01169,PR008,Post-Op Care,2026-06-09,Afternoon,14,Completed
APT005159,PT01593,PR017,Vitals Check,2026-08-03,Evening,6,Completed
APT005160,PT00489,PR018,Diabetic Care Visit,2026-06-17,Afternoon,11,Cancelled
APT005161,PT00071,PR019,Diabetic Care Visit,2026-08-27,Evening,14,Completed
APT005162,PT01491,PR015,Vitals Check,2026-06-30,Afternoon,3,Completed
APT005163,PT00778,PR010,Post-Op Care,2026-08-22,Afternoon,13,Completed
APT005164,PT00617,PR015,Vitals Check,2026-06-30,Morning,12,Completed
APT005165,PT01867,PR010,Vitals Check,2026-08-05,Morning,7,Cancelled
APT005166,PT00291,PR001,Physiotherapy Session,2026-06-29,Evening,3,No-Show
APT005167,PT01537,PR008,Diabetic Care Visit,2026-08-22,Afternoon,13,Completed
APT005168,PT01288,PR010,Nursing Visit,2026-07-22,Morning,7,No-Show
APT005169,PT01052,PR008,Post-Op Care,2026-06-14,Morning,10,Completed
APT005170,PT01967,PR013,Vitals Check,2026-07-04,Evening,5,Completed
APT005171,PT01464,PR020,Physiotherapy Session,2026-07-31,Evening,1,Completed
APT005172,PT01255,PR013,Post-Op Care,2026-06-19,Evening,2,Completed
APT005173,PT01031,PR012,Post-Op Care,2026-06-19,Evening,5,Completed
APT005174,PT00293,PR003,Wound Dressing,2026-06-19,Evening,4,Completed
APT005175,PT01614,PR011,Physiotherapy Session,2026-08-16,Evening,7,Cancelled
APT005176,PT01121,PR020,Physiotherapy Session,2026-06-01,Evening,6,Completed
APT005177,PT01263,PR011,Wound Dressing,2026-06-11,Evening,12,Completed
APT005178,PT01842,PR009,Vitals Check,2026-07-04,Evening,12,No-Show
APT005179,PT01453,PR001,Diabetic Care Visit,2026-06-03,Morning,10,No-Show
APT005180,PT00103,PR016,Nursing Visit,2026-08-12,Afternoon,10,Cancelled
APT005181,PT00880,PR001,Physiotherapy Session,2026-06-02,Evening,12,Rescheduled
APT005182,PT01889,PR005,Diabetic Care Visit,2026-08-15,Evening,1,No-Show
APT005183,PT01432,PR008,Physiotherapy Session,2026-08-01,Evening,6,No-Show
APT005184,PT01496,PR020,Diabetic Care Visit,2026-08-06,Evening,6,No-Show
APT005185,PT00136,PR018,Physiotherapy Session,2026-07-24,Afternoon,2,Completed
APT005186,PT01279,PR011,Post-Op Care,2026-06-15,Evening,1,Cancelled
APT005187,PT01033,PR015,Physiotherapy Session,2026-06-13,Afternoon,2,No-Show
APT005188,PT00015,PR011,Vitals Check,2026-06-19,Evening,14,Completed
APT005189,PT00780,PR018,Wound Dressing,2026-07-23,Afternoon,1,No-Show
APT005190,PT01739,PR002,Diabetic Care Visit,2026-07-15,Evening,8,Completed
APT005191,PT01649,PR010,Physiotherapy Session,2026-07-21,Morning,2,Completed
APT005192,PT01325,PR002,Post-Op Care,2026-07-04,Evening,13,Completed
APT005193,PT01928,PR020,Wound Dressing,2026-07-30,Afternoon,7,Completed
APT005194,PT00273,PR015,Diabetic Care Visit,2026-08-09,Evening,12,No-Show
APT005195,PT00423,PR020,Physiotherapy Session,2026-07-18,Evening,13,Completed
APT005196,PT00463,PR002,Nursing Visit,2026-06-10,Morning,9,No-Show
APT005197,PT01673,PR002,Post-Op Care,2026-08-12,Afternoon,3,Completed
APT005198,PT01189,PR016,Nursing Visit,2026-06-20,Morning,7,Completed
APT005199,PT00591,PR011,Physiotherapy Session,2026-06-20,Morning,12,Completed
APT005200,PT00897,PR017,Wound Dressing,2026-08-19,Afternoon,8,Completed
APT005201,PT00650,PR004,Diabetic Care Visit,2026-06-17,Afternoon,6,Completed
APT005202,PT01138,PR010,Wound Dressing,2026-08-15,Evening,14,Rescheduled
APT005203,PT00765,PR017,Vitals Check,2026-08-03,Evening,8,Completed
APT005204,PT00920,PR017,Post-Op Care,2026-07-16,Morning,7,Completed
APT005205,PT00829,PR017,Vitals Check,2026-06-01,Evening,4,Cancelled
APT005206,PT00433,PR015,Vitals Check,2026-07-12,Afternoon,7,Completed
APT005207,PT00744,PR008,Vitals Check,2026-06-08,Evening,2,Completed
APT005208,PT00683,PR005,Wound Dressing,2026-07-06,Afternoon,10,Completed
APT005209,PT01100,PR016,Post-Op Care,2026-07-05,Evening,7,Completed
APT005210,PT00490,PR003,Nursing Visit,2026-08-05,Morning,14,No-Show
APT005211,PT01440,PR009,Diabetic Care Visit,2026-07-02,Afternoon,10,No-Show
APT005212,PT00311,PR006,Diabetic Care Visit,2026-06-22,Evening,14,Completed
APT005213,PT01575,PR003,Physiotherapy Session,2026-07-28,Evening,2,Completed
APT005214,PT01477,PR003,Vitals Check,2026-08-05,Afternoon,12,No-Show
APT005215,PT00077,PR008,Vitals Check,2026-07-18,Evening,12,Completed
APT005216,PT01066,PR008,Physiotherapy Session,2026-08-27,Afternoon,11,Completed
APT005217,PT01605,PR015,Vitals Check,2026-08-12,Evening,4,Rescheduled
APT005218,PT00313,PR019,Vitals Check,2026-08-22,Afternoon,4,Completed
APT005219,PT00383,PR019,Vitals Check,2026-07-03,Afternoon,14,Completed
APT005220,PT01303,PR012,Diabetic Care Visit,2026-06-28,Morning,8,No-Show
APT005221,PT01987,PR004,Physiotherapy Session,2026-07-31,Morning,3,Completed
APT005222,PT00951,PR013,Vitals Check,2026-06-26,Afternoon,11,No-Show
APT005223,PT00493,PR018,Nursing Visit,2026-07-02,Evening,5,Completed
APT005224,PT01953,PR007,Vitals Check,2026-08-15,Evening,10,Completed
APT005225,PT01271,PR002,Diabetic Care Visit,2026-08-09,Afternoon,2,No-Show
APT005226,PT00483,PR002,Diabetic Care Visit,2026-07-23,Evening,14,Completed
APT005227,PT00513,PR012,Post-Op Care,2026-07-21,Evening,11,Completed
APT005228,PT01560,PR015,Vitals Check,2026-08-20,Morning,2,Completed
APT005229,PT01536,PR006,Post-Op Care,2026-06-12,Evening,12,Completed
APT005230,PT01462,PR002,Diabetic Care Visit,2026-06-12,Afternoon,4,Completed
APT005231,PT00289,PR003,Diabetic Care Visit,2026-06-14,Morning,1,Completed
APT005232,PT00208,PR001,Diabetic Care Visit,2026-06-02,Morning,9,No-Show
APT005233,PT01510,PR015,Nursing Visit,2026-07-04,Afternoon,11,Completed
APT005234,PT00279,PR008,Diabetic Care Visit,2026-06-11,Morning,6,Completed
APT005235,PT01106,PR011,Post-Op Care,2026-06-13,Afternoon,12,Completed
APT005236,PT01910,PR004,Nursing Visit,2026-08-12,Afternoon,2,Completed
APT005237,PT01916,PR014,Physiotherapy Session,2026-06-18,Afternoon,3,Completed
APT005238,PT00302,PR013,Diabetic Care Visit,2026-06-27,Afternoon,11,Completed
APT005239,PT01104,PR001,Post-Op Care,2026-08-07,Morning,5,Completed
APT005240,PT01230,PR019,Wound Dressing,2026-08-24,Morning,13,Completed
APT005241,PT00012,PR004,Nursing Visit,2026-08-03,Evening,8,Completed
APT005242,PT00023,PR006,Post-Op Care,2026-06-13,Evening,12,Completed
APT005243,PT00753,PR013,Post-Op Care,2026-08-15,Morning,8,Completed
APT005244,PT01337,PR006,Physiotherapy Session,2026-08-09,Morning,8,Completed
APT005245,PT01352,PR015,Physiotherapy Session,2026-06-04,Evening,14,Cancelled
APT005246,PT00117,PR017,Diabetic Care Visit,2026-06-02,Afternoon,10,Completed
APT005247,PT00390,PR017,Post-Op Care,2026-08-07,Morning,1,Completed
APT005248,PT01868,PR010,Vitals Check,2026-07-13,Morning,3,Completed
APT005249,PT01950,PR003,Diabetic Care Visit,2026-07-10,Evening,0,Completed
APT005250,PT01256,PR010,Wound Dressing,2026-08-14,Evening,9,Completed
APT005251,PT01788,PR002,Diabetic Care Visit,2026-06-17,Afternoon,10,Completed
APT005252,PT01781,PR020,Wound Dressing,2026-07-15,Evening,14,Completed
APT005253,PT01480,PR010,Physiotherapy Session,2026-06-22,Evening,12,No-Show
APT005254,PT01259,PR004,Wound Dressing,2026-08-09,Morning,4,Completed
APT005255,PT00743,PR011,Nursing Visit,2026-08-01,Evening,1,Completed
APT005256,PT00614,PR010,Diabetic Care Visit,2026-07-25,Afternoon,2,Rescheduled
APT005257,PT00866,PR012,Diabetic Care Visit,2026-06-07,Morning,3,Completed
APT005258,PT01281,PR001,Nursing Visit,2026-06-23,Afternoon,13,No-Show
APT005259,PT00335,PR003,Vitals Check,2026-08-26,Evening,2,Rescheduled
APT005260,PT01288,PR010,Post-Op Care,2026-08-03,Morning,3,Completed
APT005261,PT00067,PR013,Wound Dressing,2026-08-06,Afternoon,10,No-Show
APT005262,PT00037,PR002,Wound Dressing,2026-07-27,Evening,1,Cancelled
APT005263,PT01123,PR002,Vitals Check,2026-06-11,Afternoon,10,Completed
APT005264,PT01506,PR005,Nursing Visit,2026-06-02,Morning,2,Completed
APT005265,PT01468,PR003,Post-Op Care,2026-08-02,Evening,8,Cancelled
APT005266,PT01737,PR010,Diabetic Care Visit,2026-06-18,Afternoon,9,Completed
APT005267,PT00570,PR005,Post-Op Care,2026-06-02,Afternoon,8,Completed
APT005268,PT00993,PR013,Nursing Visit,2026-07-07,Morning,3,Cancelled
APT005269,PT00809,PR016,Wound Dressing,2026-06-23,Morning,0,No-Show
APT005270,PT01612,PR013,Diabetic Care Visit,2026-06-22,Morning,0,Completed
APT005271,PT01113,PR018,Wound Dressing,2026-06-03,Afternoon,11,Completed
APT005272,PT01862,PR014,Wound Dressing,2026-07-13,Afternoon,12,No-Show
APT005273,PT01270,PR002,Post-Op Care,2026-06-09,Morning,10,Completed
APT005274,PT01793,PR017,Vitals Check,2026-06-05,Afternoon,1,Completed
APT005275,PT01731,PR020,Diabetic Care Visit,2026-08-10,Morning,11,Cancelled
APT005276,PT01839,PR020,Diabetic Care Visit,2026-07-20,Morning,13,No-Show
APT005277,PT01476,PR014,Physiotherapy Session,2026-07-11,Morning,8,No-Show
APT005278,PT01473,PR009,Vitals Check,2026-06-02,Morning,10,Completed
APT005279,PT00735,PR010,Diabetic Care Visit,2026-08-06,Evening,7,Completed
APT005280,PT00483,PR010,Vitals Check,2026-06-03,Morning,2,Completed
APT005281,PT01307,PR005,Wound Dressing,2026-06-17,Morning,13,Completed
APT005282,PT01141,PR008,Wound Dressing,2026-08-05,Afternoon,2,Completed
APT005283,PT00259,PR015,Diabetic Care Visit,2026-06-24,Morning,0,Completed
APT005284,PT01868,PR010,Post-Op Care,2026-07-22,Morning,14,No-Show
APT005285,PT00654,PR010,Vitals Check,2026-08-02,Morning,10,Completed
APT005286,PT01538,PR004,Diabetic Care Visit,2026-07-27,Evening,7,Completed
APT005287,PT00345,PR002,Physiotherapy Session,2026-06-12,Evening,7,Completed
APT005288,PT00122,PR003,Diabetic Care Visit,2026-08-10,Morning,8,Completed
APT005289,PT00832,PR015,Diabetic Care Visit,2026-07-24,Evening,9,Completed
APT005290,PT00431,PR011,Post-Op Care,2026-08-07,Evening,12,Completed
APT005291,PT01519,PR010,Nursing Visit,2026-06-05,Afternoon,10,No-Show
APT005292,PT01200,PR007,Post-Op Care,2026-07-12,Morning,14,Completed
APT005293,PT01833,PR017,Physiotherapy Session,2026-06-02,Morning,4,Completed
APT005294,PT00710,PR002,Wound Dressing,2026-07-12,Evening,0,Completed
APT005295,PT01539,PR010,Post-Op Care,2026-08-05,Morning,1,Completed
APT005296,PT01114,PR005,Nursing Visit,2026-08-10,Afternoon,5,Completed
APT005297,PT00576,PR013,Vitals Check,2026-07-10,Morning,11,Completed
APT005298,PT01039,PR004,Post-Op Care,2026-06-17,Evening,14,Completed
APT005299,PT01431,PR005,Physiotherapy Session,2026-07-09,Afternoon,5,Completed
APT005300,PT00390,PR017,Nursing Visit,2026-08-16,Afternoon,10,No-Show
APT005301,PT01251,PR016,Diabetic Care Visit,2026-06-09,Evening,8,Completed
APT005302,PT01222,PR002,Wound Dressing,2026-07-17,Afternoon,2,No-Show
APT005303,PT00692,PR010,Physiotherapy Session,2026-07-30,Morning,9,Completed
APT005304,PT01991,PR003,Wound Dressing,2026-06-12,Morning,13,Completed
APT005305,PT01049,PR005,Nursing Visit,2026-07-14,Afternoon,2,Cancelled
APT005306,PT00427,PR004,Physiotherapy Session,2026-07-29,Afternoon,13,Completed
APT005307,PT00813,PR004,Diabetic Care Visit,2026-08-14,Evening,11,Completed
APT005308,PT01936,PR009,Post-Op Care,2026-06-02,Afternoon,8,No-Show
APT005309,PT01159,PR003,Diabetic Care Visit,2026-07-22,Evening,14,Completed
APT005310,PT00991,PR004,Diabetic Care Visit,2026-08-15,Afternoon,10,Completed
APT005311,PT01895,PR004,Vitals Check,2026-08-01,Morning,12,Completed
APT005312,PT00543,PR013,Physiotherapy Session,2026-06-02,Afternoon,5,Completed
APT005313,PT00944,PR008,Vitals Check,2026-07-11,Afternoon,2,Completed
APT005314,PT00080,PR008,Physiotherapy Session,2026-06-26,Morning,8,Completed
APT005315,PT00701,PR008,Wound Dressing,2026-06-27,Afternoon,11,Completed
APT005316,PT01694,PR005,Vitals Check,2026-07-13,Morning,12,Completed
APT005317,PT00553,PR001,Physiotherapy Session,2026-08-26,Afternoon,13,Completed
APT005318,PT01554,PR019,Post-Op Care,2026-06-24,Evening,2,Rescheduled
APT005319,PT01628,PR011,Physiotherapy Session,2026-07-05,Afternoon,5,Cancelled
APT005320,PT00029,PR008,Physiotherapy Session,2026-08-09,Evening,14,Completed
APT005321,PT00469,PR014,Physiotherapy Session,2026-07-16,Evening,12,Completed
APT005322,PT00740,PR015,Diabetic Care Visit,2026-08-17,Morning,9,No-Show
APT005323,PT00185,PR013,Wound Dressing,2026-06-26,Evening,5,Completed
APT005324,PT01005,PR014,Vitals Check,2026-08-11,Morning,0,No-Show
APT005325,PT00149,PR018,Post-Op Care,2026-07-20,Afternoon,7,No-Show
APT005326,PT01402,PR004,Nursing Visit,2026-07-10,Morning,3,Completed
APT005327,PT00510,PR015,Post-Op Care,2026-08-10,Morning,14,Completed
APT005328,PT01711,PR010,Wound Dressing,2026-06-08,Afternoon,12,Completed
APT005329,PT01153,PR013,Nursing Visit,2026-08-06,Evening,7,Rescheduled
APT005330,PT00721,PR018,Physiotherapy Session,2026-08-26,Afternoon,6,Completed
APT005331,PT00407,PR004,Nursing Visit,2026-07-07,Morning,4,Completed
APT005332,PT00862,PR002,Physiotherapy Session,2026-06-24,Morning,6,No-Show
APT005333,PT01196,PR002,Wound Dressing,2026-07-03,Afternoon,9,Completed
APT005334,PT01461,PR010,Diabetic Care Visit,2026-07-10,Evening,8,Completed
APT005335,PT01346,PR002,Vitals Check,2026-06-20,Evening,4,Completed
APT005336,PT01631,PR005,Nursing Visit,2026-07-05,Evening,1,Rescheduled
APT005337,PT00273,PR016,Diabetic Care Visit,2026-07-05,Evening,9,No-Show
APT005338,PT00440,PR002,Diabetic Care Visit,2026-07-25,Evening,10,Rescheduled
APT005339,PT00175,PR006,Wound Dressing,2026-06-19,Morning,4,Completed
APT005340,PT01029,PR006,Nursing Visit,2026-06-24,Morning,14,Completed
APT005341,PT01135,PR015,Post-Op Care,2026-07-29,Evening,8,Completed
APT005342,PT01909,PR012,Post-Op Care,2026-06-19,Afternoon,12,Completed
APT005343,PT01745,PR015,Vitals Check,2026-07-30,Afternoon,13,Completed
APT005344,PT00317,PR018,Vitals Check,2026-07-21,Afternoon,3,Completed
APT005345,PT01875,PR007,Diabetic Care Visit,2026-07-07,Afternoon,7,Completed
APT005346,PT01235,PR010,Diabetic Care Visit,2026-06-16,Evening,12,Rescheduled
APT005347,PT00992,PR018,Diabetic Care Visit,2026-07-08,Evening,8,Rescheduled
APT005348,PT00507,PR008,Vitals Check,2026-06-23,Morning,11,Completed
APT005349,PT01671,PR019,Post-Op Care,2026-06-16,Afternoon,12,Completed
APT005350,PT01030,PR019,Post-Op Care,2026-06-10,Evening,3,Completed
APT005351,PT01671,PR005,Diabetic Care Visit,2026-08-03,Morning,8,Cancelled
APT005352,PT00026,PR014,Post-Op Care,2026-06-05,Evening,12,Rescheduled
APT005353,PT01772,PR013,Wound Dressing,2026-06-20,Afternoon,13,Completed
APT005354,PT00679,PR020,Nursing Visit,2026-08-08,Afternoon,1,Completed
APT005355,PT01957,PR005,Physiotherapy Session,2026-08-25,Morning,4,No-Show
APT005356,PT00439,PR007,Wound Dressing,2026-08-05,Afternoon,5,Completed
APT005357,PT01606,PR013,Vitals Check,2026-08-14,Evening,6,Completed
APT005358,PT00426,PR010,Diabetic Care Visit,2026-07-10,Morning,13,Rescheduled
APT005359,PT01817,PR009,Nursing Visit,2026-08-01,Afternoon,5,No-Show
APT005360,PT01285,PR002,Nursing Visit,2026-07-13,Evening,11,Completed
APT005361,PT00080,PR004,Wound Dressing,2026-06-09,Afternoon,7,Cancelled
APT005362,PT01640,PR015,Post-Op Care,2026-08-10,Evening,12,Completed
APT005363,PT01385,PR015,Nursing Visit,2026-07-13,Evening,11,No-Show
APT005364,PT01421,PR004,Post-Op Care,2026-07-20,Afternoon,13,Completed
APT005365,PT01459,PR013,Physiotherapy Session,2026-06-17,Evening,6,No-Show
APT005366,PT00085,PR015,Nursing Visit,2026-07-05,Morning,1,Completed
APT005367,PT01653,PR016,Vitals Check,2026-07-26,Evening,6,Completed
APT005368,PT00035,PR005,Diabetic Care Visit,2026-06-26,Morning,3,Completed
APT005369,PT01204,PR016,Physiotherapy Session,2026-07-20,Afternoon,7,Completed
APT005370,PT01362,PR020,Vitals Check,2026-08-23,Morning,9,Completed
APT005371,PT00598,PR019,Diabetic Care Visit,2026-07-16,Afternoon,4,Completed
APT005372,PT00862,PR010,Vitals Check,2026-08-10,Morning,12,No-Show
APT005373,PT00956,PR017,Vitals Check,2026-08-02,Afternoon,14,Rescheduled
APT005374,PT00067,PR008,Post-Op Care,2026-06-14,Morning,0,Cancelled
APT005375,PT01571,PR007,Post-Op Care,2026-06-18,Afternoon,8,Completed
APT005376,PT00589,PR004,Vitals Check,2026-06-10,Afternoon,6,Completed
APT005377,PT00807,PR017,Diabetic Care Visit,2026-08-27,Afternoon,3,Completed
APT005378,PT00422,PR002,Wound Dressing,2026-07-08,Afternoon,1,Completed
APT005379,PT01267,PR009,Post-Op Care,2026-06-12,Morning,9,Completed
APT005380,PT00371,PR001,Diabetic Care Visit,2026-06-29,Evening,6,No-Show
APT005381,PT01199,PR007,Nursing Visit,2026-06-19,Evening,7,Completed
APT005382,PT01313,PR010,Physiotherapy Session,2026-07-19,Morning,9,Cancelled
APT005383,PT00417,PR013,Wound Dressing,2026-08-16,Evening,12,Completed
APT005384,PT00763,PR016,Wound Dressing,2026-07-21,Afternoon,3,No-Show
APT005385,PT01578,PR001,Vitals Check,2026-07-11,Evening,11,Completed
APT005386,PT01878,PR010,Vitals Check,2026-06-17,Morning,9,No-Show
APT005387,PT00584,PR020,Diabetic Care Visit,2026-07-08,Afternoon,1,No-Show
APT005388,PT00443,PR004,Post-Op Care,2026-08-01,Evening,12,Completed
APT005389,PT00877,PR002,Post-Op Care,2026-08-29,Evening,13,Cancelled
APT005390,PT01064,PR008,Wound Dressing,2026-07-23,Morning,14,Completed
APT005391,PT00390,PR007,Vitals Check,2026-07-05,Afternoon,9,Completed
APT005392,PT00583,PR017,Wound Dressing,2026-08-09,Afternoon,6,Completed
APT005393,PT00098,PR008,Nursing Visit,2026-08-16,Morning,14,Completed
APT005394,PT00373,PR013,Physiotherapy Session,2026-07-15,Evening,14,No-Show
APT005395,PT01391,PR002,Wound Dressing,2026-07-23,Evening,5,Completed
APT005396,PT00997,PR009,Physiotherapy Session,2026-07-13,Morning,4,Completed
APT005397,PT01232,PR004,Physiotherapy Session,2026-06-07,Afternoon,10,Cancelled
APT005398,PT01481,PR002,Diabetic Care Visit,2026-08-14,Evening,14,Completed
APT005399,PT01208,PR018,Nursing Visit,2026-08-19,Morning,0,Completed
APT005400,PT01240,PR009,Post-Op Care,2026-06-06,Morning,5,Rescheduled
APT005401,PT01557,PR003,Physiotherapy Session,2026-08-27,Afternoon,5,Completed
APT005402,PT01875,PR017,Wound Dressing,2026-08-24,Morning,5,No-Show
APT005403,PT00005,PR010,Physiotherapy Session,2026-07-27,Afternoon,8,Completed
APT005404,PT01044,PR019,Post-Op Care,2026-08-17,Afternoon,2,Completed
APT005405,PT01542,PR010,Nursing Visit,2026-06-21,Evening,9,Cancelled
APT005406,PT01897,PR013,Vitals Check,2026-08-18,Evening,12,Cancelled
APT005407,PT01973,PR002,Diabetic Care Visit,2026-08-18,Afternoon,1,Rescheduled
APT005408,PT01370,PR013,Vitals Check,2026-08-17,Afternoon,0,Completed
APT005409,PT01583,PR001,Vitals Check,2026-08-26,Afternoon,1,Completed
APT005410,PT00336,PR001,Wound Dressing,2026-07-13,Morning,8,Completed
APT005411,PT01008,PR003,Wound Dressing,2026-08-21,Morning,4,Completed
APT005412,PT00929,PR018,Diabetic Care Visit,2026-07-07,Afternoon,3,Completed
APT005413,PT00964,PR008,Wound Dressing,2026-06-10,Afternoon,12,Completed
APT005414,PT00207,PR002,Physiotherapy Session,2026-08-13,Afternoon,14,Completed
APT005415,PT00650,PR013,Post-Op Care,2026-08-03,Morning,3,Completed
APT005416,PT01901,PR006,Diabetic Care Visit,2026-06-05,Afternoon,10,Completed
APT005417,PT01284,PR015,Nursing Visit,2026-07-12,Morning,1,Completed
APT005418,PT01547,PR016,Wound Dressing,2026-07-11,Morning,6,Completed
APT005419,PT01417,PR007,Nursing Visit,2026-07-03,Morning,9,Cancelled
APT005420,PT01351,PR019,Diabetic Care Visit,2026-08-29,Evening,7,Completed
APT005421,PT01308,PR015,Diabetic Care Visit,2026-08-11,Evening,1,Completed
APT005422,PT00255,PR020,Physiotherapy Session,2026-06-02,Afternoon,7,Completed
APT005423,PT00417,PR008,Nursing Visit,2026-06-23,Morning,9,Completed
APT005424,PT00268,PR004,Wound Dressing,2026-08-21,Evening,6,Completed
APT005425,PT00474,PR013,Physiotherapy Session,2026-07-31,Evening,8,Completed
APT005426,PT01804,PR012,Wound Dressing,2026-07-17,Morning,10,Completed
APT005427,PT00939,PR016,Nursing Visit,2026-08-08,Evening,7,No-Show
APT005428,PT01413,PR017,Post-Op Care,2026-06-11,Evening,2,Completed
APT005429,PT01402,PR013,Diabetic Care Visit,2026-08-03,Morning,14,Cancelled
APT005430,PT01119,PR014,Diabetic Care Visit,2026-06-14,Evening,6,Completed
APT005431,PT01507,PR002,Post-Op Care,2026-08-28,Afternoon,10,Cancelled
APT005432,PT00539,PR014,Diabetic Care Visit,2026-08-01,Afternoon,14,No-Show
APT005433,PT01452,PR006,Physiotherapy Session,2026-06-09,Afternoon,6,Completed
APT005434,PT00179,PR018,Diabetic Care Visit,2026-07-18,Afternoon,14,Completed
APT005435,PT01133,PR012,Physiotherapy Session,2026-07-25,Evening,2,Completed
APT005436,PT01160,PR002,Wound Dressing,2026-06-01,Evening,14,No-Show
APT005437,PT00963,PR019,Physiotherapy Session,2026-07-19,Evening,13,No-Show
APT005438,PT01507,PR002,Post-Op Care,2026-06-25,Morning,5,Completed
APT005439,PT01468,PR007,Physiotherapy Session,2026-08-25,Evening,2,Completed
APT005440,PT00787,PR016,Diabetic Care Visit,2026-07-24,Afternoon,0,Completed
APT005441,PT01428,PR016,Vitals Check,2026-07-21,Morning,11,Completed
APT005442,PT00701,PR008,Wound Dressing,2026-07-20,Morning,12,Completed
APT005443,PT01050,PR020,Vitals Check,2026-08-02,Evening,9,No-Show
APT005444,PT01096,PR002,Diabetic Care Visit,2026-07-17,Afternoon,8,Completed
APT005445,PT00148,PR017,Diabetic Care Visit,2026-06-19,Evening,1,Cancelled
APT005446,PT00906,PR017,Nursing Visit,2026-06-03,Morning,2,Completed
APT005447,PT01124,PR008,Vitals Check,2026-06-24,Afternoon,0,Completed
APT005448,PT00641,PR003,Wound Dressing,2026-07-29,Morning,11,No-Show
APT005449,PT01266,PR014,Wound Dressing,2026-07-18,Afternoon,14,Completed
APT005450,PT01237,PR011,Post-Op Care,2026-08-16,Evening,1,Completed
APT005451,PT00929,PR011,Diabetic Care Visit,2026-07-30,Afternoon,14,Completed
APT005452,PT01711,PR010,Vitals Check,2026-07-04,Evening,5,Completed
APT005453,PT00597,PR003,Vitals Check,2026-07-14,Morning,10,Completed
APT005454,PT01768,PR010,Physiotherapy Session,2026-06-24,Morning,10,Completed
APT005455,PT00412,PR010,Diabetic Care Visit,2026-08-28,Morning,7,No-Show
APT005456,PT00706,PR015,Vitals Check,2026-07-07,Afternoon,8,Completed
APT005457,PT00338,PR011,Post-Op Care,2026-07-28,Morning,0,Completed
APT005458,PT01246,PR014,Nursing Visit,2026-07-28,Evening,6,Completed
APT005459,PT00307,PR013,Wound Dressing,2026-07-25,Evening,10,No-Show
APT005460,PT00296,PR013,Nursing Visit,2026-07-18,Morning,6,Completed
APT005461,PT00800,PR001,Physiotherapy Session,2026-06-03,Evening,11,Completed
APT005462,PT00522,PR010,Diabetic Care Visit,2026-07-09,Evening,13,Completed
APT005463,PT01563,PR013,Wound Dressing,2026-08-07,Afternoon,7,Completed
APT005464,PT01517,PR002,Post-Op Care,2026-07-13,Morning,12,Completed
APT005465,PT00904,PR009,Post-Op Care,2026-07-06,Morning,13,No-Show
APT005466,PT00161,PR002,Post-Op Care,2026-08-05,Morning,11,Completed
APT005467,PT00384,PR020,Post-Op Care,2026-07-08,Afternoon,5,Completed
APT005468,PT01081,PR013,Physiotherapy Session,2026-08-17,Afternoon,9,No-Show
APT005469,PT00714,PR017,Wound Dressing,2026-06-15,Evening,5,No-Show
APT005470,PT01879,PR009,Physiotherapy Session,2026-08-16,Morning,10,Completed
APT005471,PT01473,PR006,Physiotherapy Session,2026-07-25,Afternoon,9,Completed
APT005472,PT00499,PR018,Vitals Check,2026-08-29,Afternoon,13,Completed
APT005473,PT01818,PR004,Vitals Check,2026-06-25,Evening,7,Completed
APT005474,PT01542,PR002,Vitals Check,2026-08-26,Evening,1,Completed
APT005475,PT00755,PR009,Vitals Check,2026-07-20,Evening,10,Completed
APT005476,PT01996,PR002,Post-Op Care,2026-08-07,Morning,3,Completed
APT005477,PT01193,PR011,Diabetic Care Visit,2026-06-19,Afternoon,4,Completed
APT005478,PT01138,PR010,Wound Dressing,2026-07-23,Afternoon,13,No-Show
APT005479,PT00655,PR006,Wound Dressing,2026-06-02,Afternoon,14,Completed
APT005480,PT01888,PR002,Vitals Check,2026-06-14,Evening,14,Completed
APT005481,PT00716,PR007,Wound Dressing,2026-08-08,Evening,3,Completed
APT005482,PT01818,PR013,Physiotherapy Session,2026-08-19,Afternoon,7,No-Show
APT005483,PT00731,PR011,Wound Dressing,2026-06-10,Morning,14,Completed
APT005484,PT01363,PR020,Post-Op Care,2026-06-01,Morning,14,No-Show
APT005485,PT01426,PR008,Post-Op Care,2026-07-09,Morning,11,Completed
APT005486,PT01907,PR004,Vitals Check,2026-07-31,Afternoon,8,Completed
APT005487,PT00746,PR012,Diabetic Care Visit,2026-06-21,Evening,8,Completed
APT005488,PT01707,PR019,Physiotherapy Session,2026-06-12,Afternoon,2,Completed
APT005489,PT00443,PR004,Physiotherapy Session,2026-07-28,Afternoon,1,Cancelled
APT005490,PT01481,PR010,Post-Op Care,2026-06-15,Morning,6,Completed
APT005491,PT00789,PR012,Diabetic Care Visit,2026-07-02,Evening,9,No-Show
APT005492,PT01678,PR013,Physiotherapy Session,2026-06-03,Afternoon,10,Completed
APT005493,PT00567,PR002,Physiotherapy Session,2026-07-04,Afternoon,10,Completed
APT005494,PT01522,PR014,Nursing Visit,2026-07-20,Evening,8,Completed
APT005495,PT00626,PR003,Vitals Check,2026-06-10,Morning,7,Completed
APT005496,PT00246,PR013,Wound Dressing,2026-06-08,Morning,6,Cancelled
APT005497,PT01783,PR009,Nursing Visit,2026-08-20,Morning,7,No-Show
APT005498,PT00131,PR007,Physiotherapy Session,2026-06-30,Morning,0,Completed
APT005499,PT00971,PR020,Physiotherapy Session,2026-06-26,Morning,14,Completed
APT005500,PT02000,PR013,Wound Dressing,2026-07-09,Morning,4,Completed
APT005501,PT01400,PR019,Nursing Visit,2026-06-21,Evening,0,Completed
APT005502,PT01033,PR016,Wound Dressing,2026-07-20,Afternoon,5,Completed
APT005503,PT01694,PR001,Wound Dressing,2026-08-18,Morning,4,Rescheduled
APT005504,PT00662,PR016,Wound Dressing,2026-08-18,Afternoon,12,Cancelled
APT005505,PT00768,PR005,Wound Dressing,2026-06-01,Morning,3,Completed
APT005506,PT01285,PR010,Diabetic Care Visit,2026-07-22,Evening,13,No-Show
APT005507,PT01315,PR018,Physiotherapy Session,2026-08-10,Evening,1,Completed
APT005508,PT00100,PR020,Post-Op Care,2026-06-17,Morning,8,Completed
APT005509,PT01553,PR020,Nursing Visit,2026-07-25,Morning,1,Completed
APT005510,PT01512,PR013,Diabetic Care Visit,2026-08-05,Evening,2,Completed
APT005511,PT00874,PR001,Diabetic Care Visit,2026-07-13,Afternoon,8,Completed
APT005512,PT00078,PR017,Physiotherapy Session,2026-06-15,Afternoon,8,No-Show
APT005513,PT01853,PR001,Post-Op Care,2026-07-03,Morning,11,Completed
APT005514,PT01514,PR002,Nursing Visit,2026-08-26,Afternoon,14,Completed
APT005515,PT01854,PR019,Vitals Check,2026-06-26,Morning,13,Completed
APT005516,PT01092,PR014,Nursing Visit,2026-07-22,Afternoon,5,Completed
APT005517,PT00076,PR003,Vitals Check,2026-06-02,Evening,13,Completed
APT005518,PT00153,PR018,Diabetic Care Visit,2026-07-15,Evening,14,Completed
APT005519,PT00113,PR010,Wound Dressing,2026-08-05,Evening,3,Completed
APT005520,PT01458,PR019,Wound Dressing,2026-07-14,Morning,9,Completed
APT005521,PT00864,PR011,Post-Op Care,2026-08-07,Afternoon,3,Completed
APT005522,PT00781,PR002,Physiotherapy Session,2026-06-08,Morning,4,Completed
APT005523,PT01461,PR010,Vitals Check,2026-08-27,Morning,5,Rescheduled
APT005524,PT01168,PR007,Wound Dressing,2026-08-10,Afternoon,10,Completed
APT005525,PT01868,PR010,Post-Op Care,2026-06-03,Evening,7,Cancelled
APT005526,PT01297,PR003,Physiotherapy Session,2026-08-19,Morning,7,Completed
APT005527,PT01407,PR002,Post-Op Care,2026-07-13,Evening,3,Completed
APT005528,PT00206,PR018,Diabetic Care Visit,2026-07-20,Evening,12,Cancelled
APT005529,PT01751,PR008,Diabetic Care Visit,2026-07-01,Morning,1,Completed
APT005530,PT01314,PR005,Physiotherapy Session,2026-06-12,Evening,6,Completed
APT005531,PT01029,PR006,Diabetic Care Visit,2026-08-06,Afternoon,8,Completed
APT005532,PT00821,PR003,Nursing Visit,2026-06-28,Afternoon,14,Completed
APT005533,PT01162,PR009,Physiotherapy Session,2026-08-16,Afternoon,14,Completed
APT005534,PT00079,PR013,Nursing Visit,2026-06-17,Afternoon,0,Completed
APT005535,PT00772,PR017,Vitals Check,2026-06-20,Evening,11,Rescheduled
APT005536,PT01819,PR003,Nursing Visit,2026-06-12,Afternoon,10,Completed
APT005537,PT01385,PR015,Nursing Visit,2026-08-26,Morning,5,No-Show
APT005538,PT00926,PR013,Nursing Visit,2026-07-16,Morning,14,Completed
APT005539,PT00215,PR009,Nursing Visit,2026-07-31,Afternoon,13,Completed
APT005540,PT01208,PR012,Nursing Visit,2026-08-08,Morning,8,Completed
APT005541,PT01338,PR009,Diabetic Care Visit,2026-07-14,Morning,9,No-Show
APT005542,PT00166,PR010,Vitals Check,2026-07-31,Afternoon,7,No-Show
APT005543,PT01617,PR016,Nursing Visit,2026-08-03,Evening,10,Cancelled
APT005544,PT00080,PR004,Physiotherapy Session,2026-06-08,Morning,6,No-Show
APT005545,PT00318,PR015,Nursing Visit,2026-08-11,Afternoon,3,No-Show
APT005546,PT01986,PR020,Post-Op Care,2026-08-17,Morning,5,Completed
APT005547,PT00055,PR011,Wound Dressing,2026-06-04,Afternoon,14,Completed
APT005548,PT01057,PR004,Diabetic Care Visit,2026-07-28,Evening,10,Completed
APT005549,PT00091,PR020,Wound Dressing,2026-08-20,Evening,14,Rescheduled
APT005550,PT00823,PR015,Diabetic Care Visit,2026-06-24,Evening,14,Completed
APT005551,PT00454,PR013,Post-Op Care,2026-08-09,Afternoon,14,Completed
APT005552,PT00801,PR013,Wound Dressing,2026-07-14,Morning,8,Completed
APT005553,PT01699,PR014,Wound Dressing,2026-06-04,Afternoon,13,Rescheduled
APT005554,PT01128,PR007,Post-Op Care,2026-08-08,Afternoon,9,No-Show
APT005555,PT00502,PR007,Physiotherapy Session,2026-07-30,Afternoon,3,Completed
APT005556,PT00553,PR016,Nursing Visit,2026-06-07,Evening,10,Completed
APT005557,PT01883,PR012,Physiotherapy Session,2026-08-26,Evening,6,Completed
APT005558,PT00788,PR002,Wound Dressing,2026-07-28,Evening,12,Completed
APT005559,PT01193,PR020,Vitals Check,2026-07-05,Afternoon,6,No-Show
APT005560,PT01040,PR010,Vitals Check,2026-07-02,Afternoon,3,Completed
APT005561,PT01023,PR014,Wound Dressing,2026-08-19,Evening,10,Completed
APT005562,PT01792,PR020,Physiotherapy Session,2026-06-15,Afternoon,3,Completed
APT005563,PT01183,PR020,Nursing Visit,2026-07-15,Morning,4,Rescheduled
APT005564,PT01396,PR010,Physiotherapy Session,2026-06-29,Evening,14,Completed
APT005565,PT01343,PR007,Physiotherapy Session,2026-07-16,Afternoon,14,No-Show
APT005566,PT00879,PR013,Nursing Visit,2026-08-18,Evening,8,Completed
APT005567,PT00807,PR017,Vitals Check,2026-08-15,Morning,11,No-Show
APT005568,PT01326,PR016,Wound Dressing,2026-08-03,Evening,13,Completed
APT005569,PT01175,PR002,Physiotherapy Session,2026-08-10,Morning,0,No-Show
APT005570,PT00416,PR010,Diabetic Care Visit,2026-07-05,Evening,2,Rescheduled
APT005571,PT01743,PR019,Diabetic Care Visit,2026-06-30,Morning,5,No-Show
APT005572,PT00113,PR002,Physiotherapy Session,2026-06-29,Evening,14,Completed
APT005573,PT00680,PR004,Post-Op Care,2026-07-17,Evening,1,Completed
APT005574,PT01179,PR004,Post-Op Care,2026-07-28,Afternoon,2,No-Show
APT005575,PT01109,PR011,Post-Op Care,2026-07-14,Morning,13,Cancelled
APT005576,PT01115,PR013,Post-Op Care,2026-06-14,Morning,0,Completed
APT005577,PT01365,PR008,Post-Op Care,2026-08-26,Afternoon,8,Completed
APT005578,PT01676,PR008,Vitals Check,2026-07-22,Morning,0,Completed
APT005579,PT01220,PR012,Physiotherapy Session,2026-06-14,Evening,13,No-Show
APT005580,PT01287,PR010,Physiotherapy Session,2026-07-22,Evening,14,Completed
APT005581,PT01817,PR006,Vitals Check,2026-07-19,Afternoon,9,Completed
APT005582,PT01383,PR007,Wound Dressing,2026-07-05,Evening,6,Cancelled
APT005583,PT01738,PR007,Diabetic Care Visit,2026-08-05,Afternoon,10,Completed
APT005584,PT01431,PR001,Physiotherapy Session,2026-07-12,Afternoon,0,No-Show
APT005585,PT01765,PR011,Nursing Visit,2026-08-08,Afternoon,11,Completed
APT005586,PT01475,PR002,Wound Dressing,2026-07-19,Morning,11,Rescheduled
APT005587,PT01547,PR016,Post-Op Care,2026-07-20,Afternoon,11,No-Show
APT005588,PT01712,PR005,Nursing Visit,2026-06-06,Afternoon,14,Completed
APT005589,PT01138,PR002,Wound Dressing,2026-08-15,Afternoon,3,Completed
APT005590,PT00362,PR008,Nursing Visit,2026-07-23,Evening,6,No-Show
APT005591,PT00318,PR016,Vitals Check,2026-07-24,Afternoon,3,Completed
APT005592,PT00510,PR019,Nursing Visit,2026-07-28,Evening,13,Completed
APT005593,PT01433,PR003,Physiotherapy Session,2026-06-03,Afternoon,6,Completed
APT005594,PT01230,PR005,Post-Op Care,2026-06-06,Morning,8,Completed
APT005595,PT00139,PR008,Physiotherapy Session,2026-06-13,Afternoon,7,Completed
APT005596,PT01011,PR009,Diabetic Care Visit,2026-08-21,Evening,2,No-Show
APT005597,PT00596,PR013,Wound Dressing,2026-08-19,Morning,14,Completed
APT005598,PT01201,PR008,Diabetic Care Visit,2026-08-08,Afternoon,14,Completed
APT005599,PT01164,PR010,Wound Dressing,2026-07-28,Evening,2,Completed
APT005600,PT00712,PR020,Nursing Visit,2026-07-08,Afternoon,6,No-Show
APT005601,PT00244,PR008,Post-Op Care,2026-06-20,Morning,0,Completed
APT005602,PT00608,PR005,Wound Dressing,2026-06-06,Morning,11,Completed
APT005603,PT00483,PR010,Physiotherapy Session,2026-06-23,Afternoon,5,Completed
APT005604,PT00240,PR014,Nursing Visit,2026-07-15,Morning,11,Completed
APT005605,PT00327,PR015,Nursing Visit,2026-07-22,Morning,1,No-Show
APT005606,PT00771,PR018,Nursing Visit,2026-06-26,Afternoon,8,Completed
APT005607,PT00392,PR003,Physiotherapy Session,2026-07-29,Afternoon,0,Completed
APT005608,PT00943,PR004,Physiotherapy Session,2026-06-29,Morning,12,Completed
APT005609,PT01825,PR013,Vitals Check,2026-08-21,Morning,3,Completed
APT005610,PT00119,PR008,Diabetic Care Visit,2026-06-24,Afternoon,9,Completed
APT005611,PT01150,PR007,Diabetic Care Visit,2026-06-08,Afternoon,8,Completed
APT005612,PT01077,PR018,Wound Dressing,2026-08-22,Afternoon,14,Completed
APT005613,PT01432,PR013,Vitals Check,2026-07-25,Morning,1,Completed
APT005614,PT01275,PR006,Post-Op Care,2026-08-19,Evening,11,Completed
APT005615,PT01153,PR008,Post-Op Care,2026-07-05,Morning,13,Cancelled
APT005616,PT01403,PR014,Wound Dressing,2026-06-01,Morning,6,Completed
APT005617,PT00012,PR013,Physiotherapy Session,2026-06-22,Evening,6,Completed
APT005618,PT01297,PR007,Physiotherapy Session,2026-06-29,Morning,9,Completed
APT005619,PT01186,PR020,Diabetic Care Visit,2026-07-20,Evening,5,Completed
APT005620,PT01748,PR002,Nursing Visit,2026-06-04,Afternoon,4,Completed
APT005621,PT01146,PR005,Diabetic Care Visit,2026-08-16,Evening,12,Completed
APT005622,PT01307,PR016,Physiotherapy Session,2026-07-02,Evening,6,Completed
APT005623,PT01605,PR016,Post-Op Care,2026-08-04,Morning,5,Completed
APT005624,PT01442,PR004,Post-Op Care,2026-06-14,Morning,7,Completed
APT005625,PT00207,PR010,Wound Dressing,2026-07-12,Evening,0,No-Show
APT005626,PT01441,PR001,Post-Op Care,2026-06-24,Evening,7,No-Show
APT005627,PT00380,PR019,Physiotherapy Session,2026-07-05,Morning,12,Cancelled
APT005628,PT01672,PR007,Nursing Visit,2026-06-21,Afternoon,8,Completed
APT005629,PT01277,PR004,Vitals Check,2026-07-11,Afternoon,2,No-Show
APT005630,PT01339,PR003,Diabetic Care Visit,2026-08-29,Afternoon,9,Completed
APT005631,PT00010,PR013,Vitals Check,2026-06-03,Morning,14,Completed
APT005632,PT00337,PR003,Wound Dressing,2026-07-30,Evening,11,No-Show
APT005633,PT00034,PR002,Wound Dressing,2026-07-06,Afternoon,6,Completed
APT005634,PT00356,PR014,Diabetic Care Visit,2026-06-22,Evening,9,Completed
APT005635,PT00384,PR014,Nursing Visit,2026-08-08,Evening,13,Completed
APT005636,PT00732,PR010,Vitals Check,2026-06-14,Afternoon,12,No-Show
APT005637,PT00867,PR001,Wound Dressing,2026-07-26,Evening,10,Completed
APT005638,PT01550,PR012,Nursing Visit,2026-07-18,Evening,8,No-Show
APT005639,PT01454,PR008,Wound Dressing,2026-07-03,Afternoon,9,Completed
APT005640,PT01868,PR010,Wound Dressing,2026-06-02,Morning,12,Completed
APT005641,PT00221,PR013,Vitals Check,2026-06-20,Morning,13,Completed
APT005642,PT01036,PR006,Post-Op Care,2026-06-22,Morning,6,Rescheduled
APT005643,PT01996,PR002,Nursing Visit,2026-08-26,Afternoon,11,Completed
APT005644,PT00613,PR002,Post-Op Care,2026-07-25,Afternoon,9,No-Show
APT005645,PT00143,PR010,Post-Op Care,2026-06-13,Evening,4,No-Show
APT005646,PT01142,PR006,Post-Op Care,2026-07-05,Afternoon,1,Completed
APT005647,PT01939,PR019,Post-Op Care,2026-07-20,Evening,1,Completed
APT005648,PT00494,PR004,Wound Dressing,2026-07-07,Morning,4,Completed
APT005649,PT01490,PR010,Physiotherapy Session,2026-06-14,Afternoon,3,Completed
APT005650,PT01792,PR014,Post-Op Care,2026-06-28,Morning,14,Completed
APT005651,PT01567,PR015,Physiotherapy Session,2026-06-23,Morning,8,Completed
APT005652,PT01370,PR004,Physiotherapy Session,2026-07-31,Afternoon,3,Completed
APT005653,PT01158,PR014,Post-Op Care,2026-06-19,Evening,6,Rescheduled
APT005654,PT00900,PR002,Vitals Check,2026-08-19,Evening,1,Completed
APT005655,PT00690,PR008,Post-Op Care,2026-06-16,Afternoon,3,Completed
APT005656,PT01925,PR015,Nursing Visit,2026-08-05,Evening,9,Completed
APT005657,PT01395,PR008,Wound Dressing,2026-06-25,Afternoon,8,Completed
APT005658,PT01874,PR006,Diabetic Care Visit,2026-06-12,Evening,6,Completed
APT005659,PT01570,PR005,Post-Op Care,2026-08-07,Evening,8,Cancelled
APT005660,PT01938,PR010,Nursing Visit,2026-08-02,Evening,9,Completed
APT005661,PT00389,PR004,Diabetic Care Visit,2026-06-27,Morning,4,No-Show
APT005662,PT00872,PR002,Vitals Check,2026-07-05,Morning,4,Cancelled
APT005663,PT00232,PR001,Vitals Check,2026-06-23,Afternoon,9,Completed
APT005664,PT00231,PR019,Vitals Check,2026-06-28,Afternoon,14,Completed
APT005665,PT01268,PR018,Vitals Check,2026-08-04,Evening,12,Completed
APT005666,PT00919,PR004,Nursing Visit,2026-07-03,Evening,9,Completed
APT005667,PT00131,PR006,Nursing Visit,2026-07-23,Afternoon,13,Completed
APT005668,PT01639,PR017,Nursing Visit,2026-08-14,Morning,4,No-Show
APT005669,PT00133,PR004,Vitals Check,2026-06-30,Morning,11,Completed
APT005670,PT00878,PR003,Wound Dressing,2026-06-29,Evening,2,Completed
APT005671,PT01449,PR013,Post-Op Care,2026-07-08,Evening,11,Rescheduled
APT005672,PT01301,PR011,Diabetic Care Visit,2026-07-04,Evening,3,No-Show
APT005673,PT01026,PR010,Post-Op Care,2026-07-26,Evening,11,Completed
APT005674,PT00698,PR012,Diabetic Care Visit,2026-06-04,Morning,7,No-Show
APT005675,PT01183,PR011,Wound Dressing,2026-08-20,Evening,5,No-Show
APT005676,PT00789,PR011,Vitals Check,2026-06-29,Evening,13,Completed
APT005677,PT01561,PR010,Wound Dressing,2026-08-22,Afternoon,11,Completed
APT005678,PT00549,PR011,Physiotherapy Session,2026-07-02,Evening,12,Rescheduled
APT005679,PT01992,PR013,Vitals Check,2026-08-11,Afternoon,11,Cancelled
APT005680,PT00838,PR001,Physiotherapy Session,2026-07-31,Evening,1,Completed
APT005681,PT00382,PR019,Vitals Check,2026-08-01,Evening,3,Completed
APT005682,PT01884,PR010,Physiotherapy Session,2026-06-17,Evening,3,Completed
APT005683,PT01146,PR005,Wound Dressing,2026-06-10,Morning,6,Completed
APT005684,PT01873,PR005,Nursing Visit,2026-07-25,Morning,3,Completed
APT005685,PT00641,PR017,Physiotherapy Session,2026-08-11,Afternoon,5,Completed
APT005686,PT01976,PR001,Post-Op Care,2026-08-24,Evening,9,Completed
APT005687,PT00427,PR008,Nursing Visit,2026-08-04,Afternoon,0,Completed
APT005688,PT01414,PR018,Post-Op Care,2026-08-23,Morning,1,Rescheduled
APT005689,PT01594,PR017,Nursing Visit,2026-06-28,Evening,6,Cancelled
APT005690,PT00989,PR005,Post-Op Care,2026-06-15,Afternoon,12,Completed
APT005691,PT01782,PR012,Physiotherapy Session,2026-06-14,Afternoon,13,Cancelled
APT005692,PT01222,PR010,Wound Dressing,2026-07-19,Afternoon,11,Completed
APT005693,PT00914,PR013,Post-Op Care,2026-07-12,Afternoon,6,Cancelled
APT005694,PT01360,PR016,Nursing Visit,2026-07-12,Morning,8,No-Show
APT005695,PT00315,PR012,Post-Op Care,2026-07-08,Evening,3,Cancelled
APT005696,PT01665,PR001,Wound Dressing,2026-08-06,Afternoon,2,Completed
APT005697,PT00894,PR018,Physiotherapy Session,2026-08-24,Morning,9,Completed
APT005698,PT01506,PR016,Diabetic Care Visit,2026-06-22,Morning,14,Completed
APT005699,PT01466,PR010,Wound Dressing,2026-07-26,Evening,10,Cancelled
APT005700,PT00187,PR004,Wound Dressing,2026-08-28,Morning,1,Completed
APT005701,PT01906,PR009,Vitals Check,2026-07-17,Evening,11,Completed
APT005702,PT00389,PR013,Diabetic Care Visit,2026-08-21,Afternoon,0,Rescheduled
APT005703,PT01646,PR014,Nursing Visit,2026-08-24,Afternoon,0,Completed
APT005704,PT01361,PR016,Post-Op Care,2026-06-27,Morning,14,Rescheduled
APT005705,PT00117,PR007,Wound Dressing,2026-08-20,Morning,8,Completed
APT005706,PT00105,PR010,Diabetic Care Visit,2026-08-22,Afternoon,11,Completed
APT005707,PT01321,PR010,Diabetic Care Visit,2026-08-20,Afternoon,0,Completed
APT005708,PT00764,PR018,Nursing Visit,2026-07-27,Afternoon,6,No-Show
APT005709,PT01604,PR002,Vitals Check,2026-06-11,Afternoon,12,Rescheduled
APT005710,PT00056,PR019,Diabetic Care Visit,2026-07-17,Evening,10,No-Show
APT005711,PT00018,PR011,Wound Dressing,2026-07-28,Afternoon,4,Cancelled
APT005712,PT00844,PR019,Vitals Check,2026-06-12,Morning,5,Completed
APT005713,PT00026,PR011,Wound Dressing,2026-08-11,Evening,11,Completed
APT005714,PT01370,PR004,Vitals Check,2026-07-21,Evening,6,No-Show
APT005715,PT01021,PR002,Wound Dressing,2026-06-13,Evening,4,Completed
APT005716,PT01251,PR005,Nursing Visit,2026-08-23,Afternoon,11,Completed
APT005717,PT00433,PR001,Post-Op Care,2026-06-20,Evening,12,Rescheduled
APT005718,PT00221,PR013,Post-Op Care,2026-06-30,Morning,3,Cancelled
APT005719,PT01571,PR017,Nursing Visit,2026-08-17,Morning,2,No-Show
APT005720,PT00335,PR009,Wound Dressing,2026-08-25,Evening,9,Cancelled
APT005721,PT00196,PR003,Diabetic Care Visit,2026-08-21,Morning,10,Completed
APT005722,PT00469,PR011,Nursing Visit,2026-06-03,Afternoon,5,Completed
APT005723,PT01996,PR010,Wound Dressing,2026-06-03,Morning,4,Completed
APT005724,PT00539,PR020,Diabetic Care Visit,2026-06-01,Afternoon,14,Completed
APT005725,PT01741,PR014,Vitals Check,2026-08-11,Afternoon,13,Completed
APT005726,PT00255,PR020,Post-Op Care,2026-06-13,Evening,6,Cancelled
APT005727,PT01410,PR011,Diabetic Care Visit,2026-08-07,Morning,0,No-Show
APT005728,PT00051,PR005,Post-Op Care,2026-06-06,Afternoon,9,Completed
APT005729,PT00169,PR011,Diabetic Care Visit,2026-07-30,Morning,12,Completed
APT005730,PT00709,PR009,Vitals Check,2026-07-22,Afternoon,2,Completed
APT005731,PT00487,PR014,Nursing Visit,2026-08-21,Morning,7,Completed
APT005732,PT01234,PR002,Wound Dressing,2026-08-17,Evening,1,Completed
APT005733,PT00749,PR002,Diabetic Care Visit,2026-06-08,Afternoon,0,Completed
APT005734,PT00769,PR002,Post-Op Care,2026-07-18,Afternoon,4,Completed
APT005735,PT00342,PR005,Nursing Visit,2026-06-03,Evening,3,No-Show
APT005736,PT00294,PR020,Diabetic Care Visit,2026-07-01,Evening,10,Completed
APT005737,PT01458,PR016,Nursing Visit,2026-06-28,Morning,1,No-Show
APT005738,PT01747,PR020,Diabetic Care Visit,2026-08-04,Evening,9,Completed
APT005739,PT00619,PR013,Diabetic Care Visit,2026-08-17,Morning,7,Completed
APT005740,PT00732,PR002,Physiotherapy Session,2026-06-16,Afternoon,6,No-Show
APT005741,PT00695,PR020,Vitals Check,2026-08-14,Evening,14,Completed
APT005742,PT01615,PR011,Diabetic Care Visit,2026-08-27,Afternoon,4,Completed
APT005743,PT01632,PR004,Nursing Visit,2026-07-07,Afternoon,11,Completed
APT005744,PT00155,PR006,Physiotherapy Session,2026-07-02,Afternoon,0,Completed
APT005745,PT00277,PR010,Vitals Check,2026-07-01,Morning,5,No-Show
APT005746,PT00996,PR010,Post-Op Care,2026-08-16,Morning,10,Completed
APT005747,PT01886,PR009,Nursing Visit,2026-07-27,Evening,2,Completed
APT005748,PT01563,PR008,Vitals Check,2026-07-10,Evening,13,No-Show
APT005749,PT00750,PR016,Post-Op Care,2026-07-01,Evening,6,Cancelled
APT005750,PT01036,PR017,Vitals Check,2026-08-03,Afternoon,10,Completed
APT005751,PT00085,PR001,Post-Op Care,2026-06-23,Evening,8,Cancelled
APT005752,PT00065,PR019,Physiotherapy Session,2026-08-04,Morning,11,Completed
APT005753,PT00269,PR009,Vitals Check,2026-06-24,Evening,3,Completed
APT005754,PT00759,PR016,Wound Dressing,2026-08-05,Evening,5,Completed
APT005755,PT00530,PR010,Vitals Check,2026-07-30,Evening,0,No-Show
APT005756,PT00922,PR020,Post-Op Care,2026-07-29,Evening,7,Completed
APT005757,PT00590,PR013,Post-Op Care,2026-08-04,Afternoon,10,Completed
APT005758,PT01771,PR010,Nursing Visit,2026-06-06,Afternoon,10,No-Show
APT005759,PT00192,PR005,Diabetic Care Visit,2026-08-05,Evening,10,Completed
APT005760,PT01909,PR011,Physiotherapy Session,2026-07-25,Morning,2,Completed
APT005761,PT00607,PR010,Post-Op Care,2026-08-03,Afternoon,11,Cancelled
APT005762,PT00443,PR004,Physiotherapy Session,2026-07-04,Morning,9,Completed
APT005763,PT01364,PR008,Nursing Visit,2026-08-07,Afternoon,11,Completed
APT005764,PT00986,PR008,Nursing Visit,2026-08-06,Evening,11,No-Show
APT005765,PT01140,PR013,Wound Dressing,2026-06-24,Morning,6,Completed
APT005766,PT01717,PR009,Wound Dressing,2026-06-09,Morning,5,Completed
APT005767,PT01325,PR010,Post-Op Care,2026-07-21,Evening,1,Completed
APT005768,PT01964,PR006,Post-Op Care,2026-06-22,Afternoon,5,Completed
APT005769,PT00502,PR006,Diabetic Care Visit,2026-06-14,Morning,9,No-Show
APT005770,PT01098,PR016,Nursing Visit,2026-08-21,Afternoon,2,Completed
APT005771,PT00708,PR013,Wound Dressing,2026-08-18,Evening,8,Completed
APT005772,PT00449,PR008,Nursing Visit,2026-06-29,Evening,12,Completed
APT005773,PT00443,PR008,Diabetic Care Visit,2026-08-13,Afternoon,12,Completed
APT005774,PT01598,PR012,Diabetic Care Visit,2026-06-02,Afternoon,10,Completed
APT005775,PT00927,PR004,Vitals Check,2026-06-29,Evening,5,Completed
APT005776,PT00671,PR010,Diabetic Care Visit,2026-08-23,Afternoon,3,Completed
APT005777,PT00894,PR012,Wound Dressing,2026-06-09,Afternoon,7,Completed
APT005778,PT01069,PR007,Post-Op Care,2026-07-17,Afternoon,9,No-Show
APT005779,PT01391,PR010,Post-Op Care,2026-07-13,Afternoon,14,No-Show
APT005780,PT01829,PR018,Physiotherapy Session,2026-08-17,Morning,0,Completed
APT005781,PT01656,PR002,Wound Dressing,2026-07-18,Evening,12,Completed
APT005782,PT00909,PR017,Vitals Check,2026-07-12,Morning,9,No-Show
APT005783,PT00969,PR005,Post-Op Care,2026-06-04,Morning,5,Completed
APT005784,PT00628,PR007,Post-Op Care,2026-08-15,Afternoon,4,Rescheduled
APT005785,PT00391,PR009,Nursing Visit,2026-08-27,Morning,0,Completed
APT005786,PT00120,PR006,Wound Dressing,2026-07-07,Afternoon,0,Completed
APT005787,PT00217,PR007,Wound Dressing,2026-08-15,Evening,14,Completed
APT005788,PT00532,PR008,Physiotherapy Session,2026-08-06,Morning,2,Completed
APT005789,PT00261,PR002,Nursing Visit,2026-08-11,Evening,6,Completed
APT005790,PT00571,PR007,Physiotherapy Session,2026-07-21,Evening,4,Completed
APT005791,PT01643,PR015,Post-Op Care,2026-07-07,Evening,11,Completed
APT005792,PT00235,PR006,Vitals Check,2026-06-28,Evening,10,Completed
APT005793,PT00102,PR019,Post-Op Care,2026-07-24,Evening,0,Rescheduled
APT005794,PT00542,PR002,Wound Dressing,2026-08-27,Afternoon,3,Completed
APT005795,PT01919,PR016,Diabetic Care Visit,2026-07-27,Afternoon,9,Completed
APT005796,PT01349,PR007,Physiotherapy Session,2026-08-25,Morning,8,No-Show
APT005797,PT01270,PR002,Post-Op Care,2026-06-12,Afternoon,4,Completed
APT005798,PT00808,PR008,Physiotherapy Session,2026-06-07,Morning,10,Completed
APT005799,PT01782,PR011,Post-Op Care,2026-06-07,Evening,9,Completed
APT005800,PT01177,PR005,Vitals Check,2026-07-28,Morning,0,Cancelled
APT005801,PT01102,PR005,Physiotherapy Session,2026-08-23,Afternoon,13,No-Show
APT005802,PT01968,PR010,Physiotherapy Session,2026-06-06,Morning,8,No-Show
APT005803,PT00794,PR015,Post-Op Care,2026-08-19,Morning,13,Rescheduled
APT005804,PT00237,PR011,Diabetic Care Visit,2026-06-16,Afternoon,12,Rescheduled
APT005805,PT01709,PR020,Diabetic Care Visit,2026-08-14,Evening,13,Completed
APT005806,PT01269,PR005,Post-Op Care,2026-07-18,Morning,14,Completed
APT005807,PT01328,PR004,Nursing Visit,2026-08-15,Morning,9,No-Show
APT005808,PT00352,PR010,Wound Dressing,2026-08-06,Morning,9,Completed
APT005809,PT00934,PR010,Wound Dressing,2026-08-29,Afternoon,1,Completed
APT005810,PT01411,PR004,Wound Dressing,2026-06-11,Evening,11,Completed
APT005811,PT00533,PR014,Vitals Check,2026-08-13,Afternoon,6,Completed
APT005812,PT01232,PR013,Vitals Check,2026-06-17,Evening,9,Completed
APT005813,PT01804,PR012,Wound Dressing,2026-08-15,Evening,13,No-Show
APT005814,PT00794,PR001,Diabetic Care Visit,2026-06-19,Morning,13,Cancelled
APT005815,PT00942,PR015,Post-Op Care,2026-08-14,Afternoon,12,No-Show
APT005816,PT01243,PR009,Vitals Check,2026-06-28,Morning,11,Completed
APT005817,PT01347,PR002,Wound Dressing,2026-07-27,Afternoon,13,Completed
APT005818,PT01535,PR008,Nursing Visit,2026-07-30,Evening,13,No-Show
APT005819,PT01577,PR013,Physiotherapy Session,2026-07-13,Evening,5,Completed
APT005820,PT01802,PR007,Post-Op Care,2026-07-04,Afternoon,2,Completed
APT005821,PT00814,PR011,Post-Op Care,2026-06-25,Morning,14,Completed
APT005822,PT01121,PR012,Nursing Visit,2026-07-15,Morning,13,Completed
APT005823,PT01059,PR018,Vitals Check,2026-07-25,Morning,7,Completed
APT005824,PT01104,PR019,Physiotherapy Session,2026-07-08,Morning,0,Completed
APT005825,PT00309,PR012,Post-Op Care,2026-08-11,Afternoon,1,Completed
APT005826,PT01276,PR014,Physiotherapy Session,2026-06-04,Morning,8,Completed
APT005827,PT00649,PR015,Diabetic Care Visit,2026-07-20,Evening,1,Completed
APT005828,PT01866,PR020,Vitals Check,2026-06-22,Morning,14,Completed
APT005829,PT00497,PR004,Nursing Visit,2026-06-29,Evening,3,No-Show
APT005830,PT01142,PR006,Vitals Check,2026-06-20,Evening,8,Rescheduled
APT005831,PT01961,PR011,Vitals Check,2026-06-24,Afternoon,8,Completed
APT005832,PT00899,PR020,Diabetic Care Visit,2026-08-06,Evening,11,Cancelled
APT005833,PT00462,PR012,Diabetic Care Visit,2026-06-25,Afternoon,6,Completed
APT005834,PT01650,PR008,Wound Dressing,2026-08-28,Afternoon,1,Completed
APT005835,PT01936,PR006,Nursing Visit,2026-07-06,Afternoon,2,No-Show
APT005836,PT00230,PR001,Physiotherapy Session,2026-07-22,Evening,14,Completed
APT005837,PT01716,PR004,Post-Op Care,2026-06-03,Afternoon,7,Cancelled
APT005838,PT01327,PR001,Physiotherapy Session,2026-07-03,Evening,4,Cancelled
APT005839,PT00970,PR016,Physiotherapy Session,2026-07-25,Afternoon,0,Cancelled
APT005840,PT00083,PR010,Post-Op Care,2026-06-02,Morning,5,Cancelled
APT005841,PT01171,PR020,Post-Op Care,2026-06-25,Morning,12,Completed
APT005842,PT01527,PR019,Diabetic Care Visit,2026-07-25,Afternoon,8,Completed
APT005843,PT01722,PR018,Post-Op Care,2026-07-26,Afternoon,9,Completed
APT005844,PT00011,PR004,Physiotherapy Session,2026-06-13,Evening,2,Completed
APT005845,PT00540,PR006,Vitals Check,2026-07-18,Evening,0,Cancelled
APT005846,PT01491,PR016,Physiotherapy Session,2026-07-31,Evening,11,No-Show
APT005847,PT01893,PR019,Physiotherapy Session,2026-06-05,Evening,8,Completed
APT005848,PT01755,PR008,Post-Op Care,2026-07-13,Morning,1,Completed
APT005849,PT01883,PR014,Nursing Visit,2026-07-14,Evening,0,Cancelled
APT005850,PT01299,PR013,Wound Dressing,2026-06-30,Morning,0,No-Show
APT005851,PT00453,PR009,Vitals Check,2026-07-07,Evening,10,Completed
APT005852,PT00148,PR003,Diabetic Care Visit,2026-07-26,Evening,3,Completed
APT005853,PT01790,PR008,Nursing Visit,2026-07-02,Evening,13,Completed
APT005854,PT00103,PR019,Wound Dressing,2026-08-11,Afternoon,12,Completed
APT005855,PT00737,PR003,Vitals Check,2026-06-01,Evening,7,Rescheduled
APT005856,PT01678,PR013,Nursing Visit,2026-08-07,Afternoon,9,Completed
APT005857,PT01902,PR006,Post-Op Care,2026-07-17,Afternoon,11,Completed
APT005858,PT00080,PR008,Post-Op Care,2026-07-28,Morning,12,Completed
APT005859,PT01070,PR013,Post-Op Care,2026-07-08,Morning,6,Cancelled
APT005860,PT01572,PR018,Physiotherapy Session,2026-06-15,Afternoon,0,Completed
APT005861,PT01354,PR010,Post-Op Care,2026-06-06,Afternoon,10,No-Show
APT005862,PT00052,PR016,Post-Op Care,2026-07-11,Afternoon,6,Completed
APT005863,PT01689,PR002,Vitals Check,2026-08-22,Evening,2,Cancelled
APT005864,PT00963,PR005,Post-Op Care,2026-08-06,Evening,4,Completed
APT005865,PT00624,PR005,Post-Op Care,2026-06-27,Afternoon,1,Completed
APT005866,PT01445,PR002,Wound Dressing,2026-07-12,Evening,10,Completed
APT005867,PT00356,PR011,Wound Dressing,2026-07-01,Afternoon,13,Completed
APT005868,PT01495,PR002,Nursing Visit,2026-06-27,Morning,2,Completed
APT005869,PT00582,PR018,Physiotherapy Session,2026-07-04,Evening,12,Completed
APT005870,PT01571,PR003,Nursing Visit,2026-08-04,Evening,14,Completed
APT005871,PT00786,PR001,Physiotherapy Session,2026-08-19,Evening,1,Completed
APT005872,PT00180,PR007,Diabetic Care Visit,2026-07-07,Morning,2,Completed
APT005873,PT00038,PR002,Vitals Check,2026-06-24,Afternoon,8,No-Show
APT005874,PT00343,PR005,Nursing Visit,2026-07-25,Morning,1,Completed
APT005875,PT00744,PR008,Vitals Check,2026-07-16,Afternoon,11,Completed
APT005876,PT01220,PR012,Post-Op Care,2026-07-08,Morning,10,Completed
APT005877,PT01344,PR001,Physiotherapy Session,2026-06-09,Evening,4,No-Show
APT005878,PT01861,PR016,Post-Op Care,2026-08-02,Evening,2,Completed
APT005879,PT00551,PR013,Physiotherapy Session,2026-08-09,Morning,4,Completed
APT005880,PT01361,PR019,Nursing Visit,2026-07-08,Afternoon,5,Completed
APT005881,PT00314,PR002,Vitals Check,2026-06-05,Morning,5,Completed
APT005882,PT01355,PR002,Physiotherapy Session,2026-07-12,Morning,13,Completed
APT005883,PT00314,PR010,Nursing Visit,2026-07-26,Evening,14,Completed
APT005884,PT01573,PR017,Post-Op Care,2026-08-22,Afternoon,5,No-Show
APT005885,PT01291,PR017,Vitals Check,2026-07-06,Evening,11,No-Show
APT005886,PT00893,PR019,Post-Op Care,2026-06-15,Afternoon,14,Completed
APT005887,PT01387,PR002,Diabetic Care Visit,2026-07-16,Evening,5,Completed
APT005888,PT01154,PR017,Physiotherapy Session,2026-08-10,Afternoon,6,No-Show
APT005889,PT01192,PR006,Physiotherapy Session,2026-08-04,Evening,2,Completed
APT005890,PT00791,PR007,Post-Op Care,2026-07-20,Afternoon,13,No-Show
APT005891,PT01265,PR007,Vitals Check,2026-06-11,Afternoon,5,Rescheduled
APT005892,PT00148,PR009,Physiotherapy Session,2026-08-22,Evening,1,Completed
APT005893,PT01341,PR011,Post-Op Care,2026-06-25,Afternoon,0,Completed
APT005894,PT00071,PR015,Wound Dressing,2026-08-10,Morning,0,Rescheduled
APT005895,PT00216,PR007,Vitals Check,2026-07-23,Evening,10,Completed
APT005896,PT00169,PR014,Nursing Visit,2026-08-04,Morning,13,Completed
APT005897,PT01832,PR017,Diabetic Care Visit,2026-07-04,Morning,13,Completed
APT005898,PT00977,PR010,Nursing Visit,2026-07-15,Morning,1,Completed
APT005899,PT01937,PR011,Diabetic Care Visit,2026-06-30,Morning,10,Completed
APT005900,PT01353,PR011,Vitals Check,2026-07-04,Evening,2,Completed
APT005901,PT00870,PR010,Wound Dressing,2026-07-24,Evening,2,Completed
APT005902,PT00787,PR001,Physiotherapy Session,2026-07-31,Evening,4,No-Show
APT005903,PT01822,PR019,Post-Op Care,2026-06-06,Afternoon,3,No-Show
APT005904,PT01604,PR002,Wound Dressing,2026-06-16,Morning,3,Completed
APT005905,PT01967,PR004,Vitals Check,2026-08-01,Morning,14,Completed
APT005906,PT00050,PR008,Wound Dressing,2026-08-17,Afternoon,1,Completed
APT005907,PT00740,PR001,Post-Op Care,2026-06-11,Evening,0,Completed
APT005908,PT00664,PR010,Physiotherapy Session,2026-08-12,Afternoon,11,No-Show
APT005909,PT00301,PR005,Physiotherapy Session,2026-06-13,Morning,2,No-Show
APT005910,PT01241,PR012,Wound Dressing,2026-07-29,Evening,1,Completed
APT005911,PT01944,PR007,Post-Op Care,2026-08-07,Afternoon,1,Completed
APT005912,PT00024,PR012,Vitals Check,2026-08-08,Evening,5,Completed
APT005913,PT00995,PR003,Wound Dressing,2026-07-27,Evening,0,Completed
APT005914,PT00285,PR001,Wound Dressing,2026-07-28,Evening,2,Completed
APT005915,PT01999,PR004,Wound Dressing,2026-06-14,Morning,3,Completed
APT005916,PT01194,PR013,Diabetic Care Visit,2026-06-27,Evening,13,Cancelled
APT005917,PT01217,PR001,Physiotherapy Session,2026-08-16,Morning,6,No-Show
APT005918,PT01259,PR004,Physiotherapy Session,2026-07-17,Morning,1,Cancelled
APT005919,PT00297,PR004,Diabetic Care Visit,2026-07-26,Evening,14,Cancelled
APT005920,PT00109,PR005,Wound Dressing,2026-06-30,Afternoon,13,Completed
APT005921,PT00721,PR014,Vitals Check,2026-08-17,Evening,2,Completed
APT005922,PT00842,PR003,Wound Dressing,2026-06-17,Afternoon,6,Completed
APT005923,PT01753,PR015,Physiotherapy Session,2026-06-23,Afternoon,6,Completed
APT005924,PT00643,PR002,Vitals Check,2026-08-04,Afternoon,10,No-Show
APT005925,PT01154,PR007,Diabetic Care Visit,2026-06-27,Evening,0,Completed
APT005926,PT00713,PR001,Wound Dressing,2026-08-15,Afternoon,4,Cancelled
APT005927,PT00392,PR009,Diabetic Care Visit,2026-07-12,Afternoon,11,Completed
APT005928,PT01246,PR014,Vitals Check,2026-08-15,Evening,12,Completed
APT005929,PT00221,PR013,Vitals Check,2026-06-10,Afternoon,6,Completed
APT005930,PT01683,PR011,Vitals Check,2026-07-03,Evening,8,No-Show
APT005931,PT00645,PR014,Nursing Visit,2026-07-19,Morning,13,Completed
APT005932,PT00264,PR009,Diabetic Care Visit,2026-06-23,Afternoon,7,No-Show
APT005933,PT00232,PR016,Physiotherapy Session,2026-07-03,Afternoon,10,Completed
APT005934,PT00193,PR008,Physiotherapy Session,2026-06-05,Afternoon,2,Completed
APT005935,PT00907,PR007,Physiotherapy Session,2026-08-10,Evening,13,Completed
APT005936,PT01599,PR013,Vitals Check,2026-08-21,Morning,11,Completed
APT005937,PT01600,PR011,Diabetic Care Visit,2026-06-23,Afternoon,7,Completed
APT005938,PT01717,PR006,Vitals Check,2026-08-17,Morning,1,No-Show
APT005939,PT00519,PR020,Diabetic Care Visit,2026-08-09,Evening,5,Completed
APT005940,PT00662,PR015,Post-Op Care,2026-08-03,Evening,9,No-Show
APT005941,PT01495,PR002,Vitals Check,2026-08-15,Evening,4,Completed
APT005942,PT00100,PR012,Diabetic Care Visit,2026-06-06,Morning,11,Rescheduled
APT005943,PT01068,PR004,Wound Dressing,2026-08-13,Morning,7,Completed
APT005944,PT01331,PR010,Diabetic Care Visit,2026-08-29,Afternoon,7,No-Show
APT005945,PT00219,PR013,Physiotherapy Session,2026-08-26,Morning,4,Completed
APT005946,PT00722,PR004,Wound Dressing,2026-08-18,Evening,6,Completed
APT005947,PT00790,PR007,Nursing Visit,2026-06-15,Afternoon,6,Completed
APT005948,PT01300,PR002,Wound Dressing,2026-08-10,Evening,12,Completed
APT005949,PT00022,PR010,Physiotherapy Session,2026-07-08,Evening,11,Cancelled
APT005950,PT00451,PR015,Wound Dressing,2026-08-20,Afternoon,6,Completed
APT005951,PT00659,PR002,Wound Dressing,2026-08-16,Afternoon,7,No-Show
APT005952,PT01775,PR009,Vitals Check,2026-06-30,Morning,4,Completed
APT005953,PT00795,PR002,Diabetic Care Visit,2026-08-12,Morning,10,Completed
APT005954,PT00855,PR019,Vitals Check,2026-07-04,Morning,9,Cancelled
APT005955,PT01579,PR017,Vitals Check,2026-07-27,Morning,11,No-Show
APT005956,PT01547,PR016,Physiotherapy Session,2026-07-14,Morning,12,Completed
APT005957,PT01847,PR009,Post-Op Care,2026-06-15,Morning,7,Completed
APT005958,PT00453,PR007,Physiotherapy Session,2026-07-01,Afternoon,14,Completed
APT005959,PT00562,PR006,Vitals Check,2026-07-20,Morning,6,Cancelled
APT005960,PT00737,PR009,Vitals Check,2026-08-10,Afternoon,7,Completed
APT005961,PT00700,PR002,Diabetic Care Visit,2026-07-16,Evening,2,No-Show
APT005962,PT00119,PR013,Physiotherapy Session,2026-07-09,Evening,6,No-Show
APT005963,PT01513,PR014,Diabetic Care Visit,2026-08-03,Morning,4,Completed
APT005964,PT01205,PR020,Vitals Check,2026-08-17,Evening,10,Completed
APT005965,PT00863,PR013,Post-Op Care,2026-06-06,Morning,11,Completed
APT005966,PT00456,PR011,Vitals Check,2026-08-27,Afternoon,13,Completed
APT005967,PT00216,PR017,Post-Op Care,2026-08-09,Morning,6,Completed
APT005968,PT00166,PR010,Wound Dressing,2026-06-11,Morning,14,Completed
APT005969,PT01934,PR006,Post-Op Care,2026-07-06,Morning,11,Completed
APT005970,PT00565,PR003,Nursing Visit,2026-06-08,Morning,7,Completed
APT005971,PT00431,PR012,Vitals Check,2026-07-31,Afternoon,9,Completed
APT005972,PT01279,PR014,Vitals Check,2026-08-26,Evening,2,No-Show
APT005973,PT00037,PR002,Vitals Check,2026-06-26,Afternoon,0,No-Show
APT005974,PT00189,PR018,Wound Dressing,2026-06-29,Evening,9,Completed
APT005975,PT01677,PR016,Wound Dressing,2026-08-23,Afternoon,1,Completed
APT005976,PT00314,PR002,Nursing Visit,2026-06-09,Afternoon,0,Completed
APT005977,PT01743,PR019,Physiotherapy Session,2026-07-27,Afternoon,12,Completed
APT005978,PT00507,PR008,Physiotherapy Session,2026-08-06,Afternoon,5,Completed
APT005979,PT01445,PR010,Nursing Visit,2026-06-05,Afternoon,6,No-Show
APT005980,PT00442,PR010,Vitals Check,2026-08-10,Morning,8,Completed
APT005981,PT01968,PR002,Vitals Check,2026-07-08,Afternoon,3,Completed
APT005982,PT01814,PR018,Nursing Visit,2026-08-25,Evening,10,No-Show
APT005983,PT01112,PR014,Nursing Visit,2026-06-04,Afternoon,0,Completed
APT005984,PT01824,PR001,Physiotherapy Session,2026-08-20,Evening,12,Cancelled
APT005985,PT01647,PR002,Post-Op Care,2026-08-06,Morning,7,Completed
APT005986,PT00438,PR020,Vitals Check,2026-07-12,Morning,7,Completed
APT005987,PT01485,PR013,Vitals Check,2026-06-16,Evening,1,Completed
APT005988,PT01538,PR008,Diabetic Care Visit,2026-06-12,Afternoon,0,Completed
APT005989,PT00604,PR004,Vitals Check,2026-07-25,Evening,12,Completed
APT005990,PT00015,PR014,Vitals Check,2026-08-01,Morning,5,Completed
APT005991,PT00558,PR007,Post-Op Care,2026-07-26,Morning,7,No-Show
APT005992,PT00948,PR014,Physiotherapy Session,2026-06-04,Evening,6,No-Show
APT005993,PT00227,PR001,Nursing Visit,2026-06-27,Afternoon,8,Completed
APT005994,PT01904,PR003,Vitals Check,2026-08-22,Evening,14,Completed
APT005995,PT00872,PR010,Nursing Visit,2026-06-22,Evening,9,Completed
APT005996,PT00460,PR010,Physiotherapy Session,2026-08-23,Afternoon,13,No-Show
APT005997,PT01509,PR007,Wound Dressing,2026-06-20,Afternoon,8,No-Show
APT005998,PT00288,PR005,Vitals Check,2026-08-02,Afternoon,2,No-Show
APT005999,PT00823,PR005,Post-Op Care,2026-06-22,Evening,7,Completed
APT006000,PT00528,PR015,Wound Dressing,2026-08-18,Afternoon,4,Completed
APT006001,PT00583,PR017,Diabetic Care Visit,2026-06-25,Evening,9,Cancelled
APT006002,PT00131,PR003,Physiotherapy Session,2026-06-18,Evening,3,Completed
APT006003,PT00330,PR002,Post-Op Care,2026-07-11,Morning,3,Cancelled
APT006004,PT01640,PR005,Wound Dressing,2026-08-15,Afternoon,8,Cancelled
APT006005,PT00703,PR004,Physiotherapy Session,2026-08-16,Evening,8,Completed
APT006006,PT00643,PR002,Nursing Visit,2026-07-02,Afternoon,13,Completed
APT006007,PT00945,PR013,Post-Op Care,2026-06-02,Evening,6,No-Show
APT006008,PT00850,PR010,Post-Op Care,2026-07-19,Afternoon,11,No-Show
APT006009,PT00028,PR006,Physiotherapy Session,2026-08-24,Morning,6,Completed
APT006010,PT01372,PR003,Diabetic Care Visit,2026-08-11,Evening,6,Completed
APT006011,PT00889,PR008,Wound Dressing,2026-07-15,Morning,14,No-Show
APT006012,PT01077,PR020,Physiotherapy Session,2026-08-19,Morning,9,Completed
APT006013,PT01425,PR006,Physiotherapy Session,2026-08-10,Afternoon,9,Completed
APT006014,PT01738,PR007,Post-Op Care,2026-06-18,Morning,1,Completed
APT006015,PT01939,PR019,Nursing Visit,2026-08-15,Evening,11,No-Show
APT006016,PT01481,PR010,Nursing Visit,2026-08-10,Evening,14,No-Show
APT006017,PT01732,PR004,Physiotherapy Session,2026-07-17,Evening,14,Completed
APT006018,PT01076,PR003,Physiotherapy Session,2026-07-06,Morning,9,Completed
APT006019,PT00477,PR002,Nursing Visit,2026-06-26,Morning,14,No-Show
APT006020,PT00242,PR002,Vitals Check,2026-08-27,Afternoon,1,Completed
APT006021,PT01104,PR016,Diabetic Care Visit,2026-08-16,Morning,12,Completed
APT006022,PT00975,PR004,Diabetic Care Visit,2026-06-22,Afternoon,0,Cancelled
APT006023,PT01280,PR018,Post-Op Care,2026-08-01,Evening,3,Completed
APT006024,PT01738,PR007,Wound Dressing,2026-08-03,Morning,3,Completed
APT006025,PT01099,PR002,Nursing Visit,2026-06-19,Evening,1,Completed
APT006026,PT01119,PR012,Wound Dressing,2026-08-03,Evening,11,Completed
APT006027,PT01664,PR013,Post-Op Care,2026-07-24,Afternoon,13,No-Show
APT006028,PT01733,PR020,Diabetic Care Visit,2026-08-03,Afternoon,10,Completed
APT006029,PT00193,PR008,Wound Dressing,2026-08-17,Evening,1,Completed
APT006030,PT01162,PR007,Wound Dressing,2026-07-24,Afternoon,9,Completed
APT006031,PT00420,PR011,Nursing Visit,2026-07-29,Morning,12,Completed
APT006032,PT00657,PR015,Diabetic Care Visit,2026-06-26,Morning,13,Cancelled
APT006033,PT00747,PR013,Post-Op Care,2026-06-04,Morning,14,Completed
APT006034,PT00648,PR002,Wound Dressing,2026-06-17,Morning,0,Completed
APT006035,PT01011,PR007,Physiotherapy Session,2026-07-30,Afternoon,1,Rescheduled
APT006036,PT01505,PR013,Post-Op Care,2026-08-26,Afternoon,11,Completed
APT006037,PT01251,PR016,Physiotherapy Session,2026-06-05,Evening,7,Completed
APT006038,PT01911,PR002,Diabetic Care Visit,2026-07-12,Afternoon,4,No-Show
APT006039,PT01402,PR013,Diabetic Care Visit,2026-06-23,Afternoon,12,Completed
APT006040,PT01003,PR001,Diabetic Care Visit,2026-08-11,Morning,13,Completed
APT006041,PT00619,PR008,Post-Op Care,2026-08-07,Evening,9,Completed
APT006042,PT01855,PR011,Wound Dressing,2026-07-08,Morning,1,Completed
APT006043,PT00547,PR007,Wound Dressing,2026-07-25,Evening,0,Completed
APT006044,PT00201,PR008,Nursing Visit,2026-08-13,Evening,11,No-Show
APT006045,PT00324,PR008,Nursing Visit,2026-06-06,Afternoon,6,Completed
APT006046,PT01261,PR002,Nursing Visit,2026-08-24,Morning,3,Completed
APT006047,PT01562,PR013,Post-Op Care,2026-07-03,Afternoon,9,Completed
APT006048,PT00564,PR004,Vitals Check,2026-08-13,Morning,9,Completed
APT006049,PT01024,PR014,Nursing Visit,2026-06-14,Evening,10,Completed
APT006050,PT01921,PR001,Diabetic Care Visit,2026-06-03,Evening,12,No-Show
APT006051,PT00548,PR010,Post-Op Care,2026-08-07,Afternoon,3,Completed
APT006052,PT00469,PR018,Physiotherapy Session,2026-07-19,Afternoon,13,Completed
APT006053,PT01681,PR013,Wound Dressing,2026-06-16,Afternoon,14,Completed
APT006054,PT01828,PR004,Vitals Check,2026-07-17,Morning,14,Completed
APT006055,PT01209,PR001,Post-Op Care,2026-06-30,Afternoon,13,Completed
APT006056,PT01511,PR010,Vitals Check,2026-07-30,Afternoon,9,Completed
APT006057,PT01131,PR006,Physiotherapy Session,2026-07-29,Morning,10,Completed
APT006058,PT00243,PR004,Vitals Check,2026-08-20,Morning,5,Cancelled
APT006059,PT00491,PR016,Physiotherapy Session,2026-08-02,Morning,6,Cancelled
APT006060,PT01100,PR019,Nursing Visit,2026-07-02,Evening,2,No-Show
APT006061,PT00588,PR002,Post-Op Care,2026-08-14,Morning,14,No-Show
APT006062,PT01769,PR010,Physiotherapy Session,2026-06-26,Afternoon,8,No-Show
APT006063,PT01729,PR019,Nursing Visit,2026-07-26,Afternoon,7,Rescheduled
APT006064,PT01906,PR003,Wound Dressing,2026-08-12,Evening,7,Completed
APT006065,PT00023,PR007,Wound Dressing,2026-08-02,Afternoon,12,No-Show
APT006066,PT00351,PR020,Wound Dressing,2026-07-13,Morning,6,Cancelled
APT006067,PT00662,PR001,Vitals Check,2026-06-29,Morning,13,Completed
APT006068,PT00652,PR006,Diabetic Care Visit,2026-06-19,Afternoon,7,Completed
APT006069,PT01366,PR002,Physiotherapy Session,2026-06-21,Evening,11,Completed
APT006070,PT00877,PR010,Wound Dressing,2026-06-24,Afternoon,10,Completed
APT006071,PT00757,PR017,Post-Op Care,2026-06-05,Morning,3,Completed
APT006072,PT00546,PR011,Vitals Check,2026-06-23,Evening,10,Completed
APT006073,PT01936,PR006,Diabetic Care Visit,2026-07-19,Afternoon,2,Completed
APT006074,PT00779,PR001,Vitals Check,2026-08-07,Evening,7,Completed
APT006075,PT01178,PR019,Physiotherapy Session,2026-06-09,Evening,0,Completed
APT006076,PT00473,PR013,Physiotherapy Session,2026-06-27,Afternoon,14,Completed
APT006077,PT01392,PR014,Physiotherapy Session,2026-06-28,Morning,14,Completed
APT006078,PT01673,PR002,Wound Dressing,2026-07-05,Afternoon,12,Completed
APT006079,PT01244,PR010,Wound Dressing,2026-08-22,Morning,13,Completed
APT006080,PT00796,PR001,Vitals Check,2026-06-06,Afternoon,13,Completed
APT006081,PT00441,PR013,Diabetic Care Visit,2026-08-15,Afternoon,3,Completed
APT006082,PT01620,PR010,Diabetic Care Visit,2026-06-16,Morning,12,Completed
APT006083,PT00474,PR004,Nursing Visit,2026-08-22,Morning,4,Completed
APT006084,PT00853,PR013,Physiotherapy Session,2026-06-11,Evening,10,Completed
APT006085,PT01047,PR003,Post-Op Care,2026-08-18,Morning,10,No-Show
APT006086,PT00561,PR009,Nursing Visit,2026-07-29,Evening,6,No-Show
APT006087,PT01454,PR008,Nursing Visit,2026-08-12,Afternoon,0,No-Show
APT006088,PT01685,PR019,Nursing Visit,2026-07-08,Morning,12,Completed
APT006089,PT01604,PR010,Wound Dressing,2026-06-24,Evening,2,Completed
APT006090,PT00548,PR010,Wound Dressing,2026-07-15,Evening,14,Completed
APT006091,PT00425,PR006,Wound Dressing,2026-07-25,Morning,4,Completed
APT006092,PT00300,PR015,Diabetic Care Visit,2026-08-11,Afternoon,1,Completed
APT006093,PT00870,PR002,Post-Op Care,2026-08-06,Evening,9,Completed
APT006094,PT00032,PR014,Vitals Check,2026-08-11,Evening,14,Completed
APT006095,PT01798,PR008,Wound Dressing,2026-08-18,Evening,10,Completed
APT006096,PT01058,PR010,Nursing Visit,2026-06-30,Afternoon,11,No-Show
APT006097,PT00376,PR017,Vitals Check,2026-07-18,Morning,10,Completed
APT006098,PT00465,PR017,Wound Dressing,2026-08-26,Evening,8,Completed
APT006099,PT00346,PR008,Post-Op Care,2026-07-13,Morning,3,Completed
APT006100,PT00731,PR012,Physiotherapy Session,2026-07-12,Afternoon,2,Completed
APT006101,PT01995,PR010,Diabetic Care Visit,2026-06-11,Afternoon,10,Completed
APT006102,PT00054,PR011,Wound Dressing,2026-08-10,Morning,14,Completed
APT006103,PT00044,PR014,Physiotherapy Session,2026-06-15,Morning,10,No-Show
APT006104,PT01622,PR003,Nursing Visit,2026-07-28,Evening,13,Rescheduled
APT006105,PT00347,PR008,Vitals Check,2026-07-12,Evening,8,Cancelled
APT006106,PT00224,PR013,Wound Dressing,2026-08-11,Morning,0,Completed
APT006107,PT00866,PR012,Vitals Check,2026-06-13,Morning,13,Completed
APT006108,PT01675,PR015,Wound Dressing,2026-08-24,Afternoon,10,Completed
APT006109,PT01183,PR012,Post-Op Care,2026-07-19,Evening,1,Completed
APT006110,PT01645,PR020,Wound Dressing,2026-07-02,Morning,1,Cancelled
APT006111,PT00565,PR006,Post-Op Care,2026-06-28,Afternoon,4,Completed
APT006112,PT01231,PR019,Physiotherapy Session,2026-07-07,Afternoon,6,Completed
APT006113,PT00560,PR015,Diabetic Care Visit,2026-06-02,Afternoon,4,No-Show
APT006114,PT01376,PR018,Diabetic Care Visit,2026-07-22,Morning,10,Rescheduled
APT006115,PT00254,PR020,Physiotherapy Session,2026-07-17,Evening,3,Completed
APT006116,PT01495,PR010,Vitals Check,2026-07-15,Afternoon,6,Completed
APT006117,PT00487,PR012,Wound Dressing,2026-08-12,Evening,14,No-Show
APT006118,PT00999,PR008,Nursing Visit,2026-06-03,Evening,3,Completed
APT006119,PT00052,PR005,Physiotherapy Session,2026-06-23,Evening,14,Completed
APT006120,PT00708,PR008,Wound Dressing,2026-06-20,Evening,12,Cancelled
APT006121,PT01616,PR007,Physiotherapy Session,2026-08-02,Evening,14,Completed
APT006122,PT01957,PR016,Physiotherapy Session,2026-08-20,Evening,1,Completed
APT006123,PT01142,PR017,Wound Dressing,2026-06-15,Evening,10,Completed
APT006124,PT01798,PR004,Wound Dressing,2026-07-07,Evening,2,Completed
APT006125,PT01971,PR007,Vitals Check,2026-06-22,Evening,7,No-Show
APT006126,PT00680,PR008,Wound Dressing,2026-07-09,Morning,2,Completed
APT006127,PT01062,PR011,Wound Dressing,2026-06-08,Evening,6,Completed
APT006128,PT00588,PR010,Physiotherapy Session,2026-08-26,Afternoon,9,Completed
APT006129,PT01836,PR020,Post-Op Care,2026-06-02,Afternoon,2,No-Show
APT006130,PT00920,PR009,Vitals Check,2026-08-27,Evening,5,Completed
APT006131,PT01805,PR020,Vitals Check,2026-07-17,Afternoon,11,Completed
APT006132,PT01675,PR016,Post-Op Care,2026-06-12,Afternoon,2,Completed
APT006133,PT01203,PR010,Vitals Check,2026-07-05,Evening,9,No-Show
APT006134,PT01429,PR018,Diabetic Care Visit,2026-06-10,Morning,2,Completed
APT006135,PT00252,PR011,Physiotherapy Session,2026-07-31,Afternoon,10,No-Show
APT006136,PT00308,PR001,Post-Op Care,2026-06-08,Evening,11,Completed
APT006137,PT00408,PR019,Diabetic Care Visit,2026-06-30,Afternoon,6,Completed
APT006138,PT01847,PR009,Physiotherapy Session,2026-06-16,Morning,0,Completed
APT006139,PT00219,PR013,Vitals Check,2026-06-30,Morning,0,Completed
APT006140,PT01145,PR003,Post-Op Care,2026-07-31,Evening,1,Completed
APT006141,PT01929,PR008,Wound Dressing,2026-07-28,Afternoon,0,Completed
APT006142,PT01824,PR005,Vitals Check,2026-07-10,Afternoon,1,Completed
APT006143,PT01334,PR009,Post-Op Care,2026-07-30,Afternoon,14,Completed
APT006144,PT00920,PR006,Diabetic Care Visit,2026-08-12,Morning,1,Completed
APT006145,PT00544,PR007,Vitals Check,2026-06-03,Evening,2,Completed
APT006146,PT00390,PR009,Vitals Check,2026-07-01,Morning,1,Completed
APT006147,PT00445,PR014,Post-Op Care,2026-07-10,Morning,12,Completed
APT006148,PT01927,PR009,Diabetic Care Visit,2026-07-10,Morning,8,Rescheduled
APT006149,PT01086,PR006,Nursing Visit,2026-06-22,Morning,1,No-Show
APT006150,PT00039,PR015,Post-Op Care,2026-06-09,Morning,11,Completed
APT006151,PT00132,PR012,Physiotherapy Session,2026-07-16,Morning,7,Completed
APT006152,PT00633,PR016,Wound Dressing,2026-06-18,Afternoon,3,Completed
APT006153,PT00781,PR002,Physiotherapy Session,2026-06-20,Morning,0,Completed
APT006154,PT00128,PR001,Post-Op Care,2026-08-16,Morning,11,Completed
APT006155,PT01987,PR004,Post-Op Care,2026-06-11,Morning,11,Completed
APT006156,PT01249,PR018,Physiotherapy Session,2026-08-01,Afternoon,13,Completed
APT006157,PT00623,PR004,Vitals Check,2026-08-01,Afternoon,6,Rescheduled
APT006158,PT00416,PR002,Diabetic Care Visit,2026-07-01,Evening,8,Cancelled
APT006159,PT00406,PR005,Diabetic Care Visit,2026-07-02,Evening,1,Completed
APT006160,PT01843,PR016,Vitals Check,2026-07-18,Morning,4,Completed
APT006161,PT00265,PR010,Wound Dressing,2026-07-28,Evening,13,No-Show
APT006162,PT00592,PR010,Vitals Check,2026-06-20,Evening,0,Completed
APT006163,PT00098,PR008,Diabetic Care Visit,2026-08-16,Morning,10,Completed
APT006164,PT01541,PR002,Post-Op Care,2026-08-14,Evening,13,Completed
APT006165,PT00893,PR019,Nursing Visit,2026-06-29,Evening,5,No-Show
APT006166,PT00639,PR010,Physiotherapy Session,2026-06-13,Evening,5,Rescheduled
APT006167,PT00410,PR007,Diabetic Care Visit,2026-08-22,Morning,14,Completed
APT006168,PT01955,PR005,Physiotherapy Session,2026-06-22,Evening,4,Completed
APT006169,PT01065,PR006,Physiotherapy Session,2026-08-07,Afternoon,4,Completed
APT006170,PT00920,PR006,Diabetic Care Visit,2026-06-16,Morning,10,Completed
APT006171,PT01432,PR004,Wound Dressing,2026-08-12,Evening,8,Completed
APT006172,PT00877,PR002,Wound Dressing,2026-06-26,Evening,12,Cancelled
APT006173,PT01631,PR016,Post-Op Care,2026-06-14,Evening,14,No-Show
APT006174,PT00049,PR010,Wound Dressing,2026-08-07,Afternoon,7,No-Show
APT006175,PT01324,PR013,Wound Dressing,2026-07-07,Morning,0,Completed
APT006176,PT00487,PR014,Diabetic Care Visit,2026-06-25,Morning,4,Rescheduled
APT006177,PT01721,PR018,Post-Op Care,2026-08-16,Afternoon,8,Rescheduled
APT006178,PT00204,PR005,Physiotherapy Session,2026-07-03,Morning,11,Completed
APT006179,PT01877,PR013,Vitals Check,2026-08-03,Afternoon,5,Completed
APT006180,PT01883,PR014,Vitals Check,2026-06-22,Morning,6,No-Show
APT006181,PT01980,PR002,Vitals Check,2026-07-26,Evening,6,Completed
APT006182,PT01571,PR007,Vitals Check,2026-08-28,Afternoon,8,Cancelled
APT006183,PT00603,PR015,Diabetic Care Visit,2026-08-20,Afternoon,8,Completed
APT006184,PT00329,PR017,Post-Op Care,2026-06-15,Morning,11,Completed
APT006185,PT00067,PR008,Wound Dressing,2026-06-27,Morning,13,No-Show
APT006186,PT01289,PR013,Post-Op Care,2026-08-12,Evening,0,Completed
APT006187,PT01522,PR020,Vitals Check,2026-08-27,Afternoon,0,Completed
APT006188,PT00790,PR003,Wound Dressing,2026-06-20,Morning,0,Cancelled
APT006189,PT01398,PR018,Nursing Visit,2026-06-15,Morning,4,Cancelled
APT006190,PT00298,PR020,Vitals Check,2026-08-26,Morning,4,Completed
APT006191,PT01658,PR012,Diabetic Care Visit,2026-06-22,Morning,1,Completed
APT006192,PT01562,PR004,Vitals Check,2026-06-05,Morning,0,Completed
APT006193,PT01351,PR001,Diabetic Care Visit,2026-07-06,Afternoon,12,Completed
APT006194,PT01339,PR006,Nursing Visit,2026-08-04,Morning,11,Completed
APT006195,PT01131,PR003,Vitals Check,2026-06-11,Afternoon,6,No-Show
APT006196,PT01993,PR003,Post-Op Care,2026-08-17,Morning,9,Completed
APT006197,PT01765,PR020,Physiotherapy Session,2026-06-30,Afternoon,5,Completed
APT006198,PT00288,PR001,Diabetic Care Visit,2026-06-22,Morning,5,Completed
APT006199,PT01265,PR007,Nursing Visit,2026-06-17,Afternoon,14,Completed
APT006200,PT01202,PR013,Nursing Visit,2026-08-06,Afternoon,11,Cancelled
APT006201,PT01069,PR003,Diabetic Care Visit,2026-06-11,Morning,10,Completed
APT006202,PT01098,PR005,Diabetic Care Visit,2026-07-28,Morning,9,Completed
APT006203,PT00083,PR010,Physiotherapy Session,2026-08-20,Morning,11,Completed
APT006204,PT00526,PR010,Vitals Check,2026-06-17,Morning,7,Completed
APT006205,PT01514,PR002,Post-Op Care,2026-08-01,Morning,0,Completed
APT006206,PT00694,PR002,Diabetic Care Visit,2026-06-24,Afternoon,9,Completed
APT006207,PT00452,PR010,Physiotherapy Session,2026-08-01,Afternoon,8,No-Show
APT006208,PT00673,PR020,Post-Op Care,2026-06-26,Afternoon,7,Cancelled
APT006209,PT01476,PR014,Post-Op Care,2026-08-09,Evening,3,Completed
APT006210,PT01788,PR002,Post-Op Care,2026-06-03,Afternoon,5,Completed
APT006211,PT00066,PR002,Post-Op Care,2026-07-04,Evening,13,No-Show
APT006212,PT00626,PR017,Post-Op Care,2026-06-22,Afternoon,1,Completed
APT006213,PT00644,PR005,Post-Op Care,2026-08-10,Afternoon,1,Completed
APT006214,PT01174,PR008,Vitals Check,2026-08-27,Evening,3,Cancelled
APT006215,PT01738,PR017,Diabetic Care Visit,2026-07-06,Afternoon,5,Rescheduled
APT006216,PT00577,PR008,Physiotherapy Session,2026-07-28,Afternoon,11,Completed
APT006217,PT00329,PR007,Wound Dressing,2026-08-12,Evening,7,Completed
APT006218,PT01908,PR015,Post-Op Care,2026-08-10,Afternoon,10,Completed
APT006219,PT00086,PR008,Wound Dressing,2026-07-30,Evening,9,Completed
APT006220,PT00514,PR002,Vitals Check,2026-08-11,Morning,0,No-Show
APT006221,PT00121,PR020,Physiotherapy Session,2026-08-28,Evening,4,Completed
APT006222,PT01302,PR014,Vitals Check,2026-08-02,Evening,12,Completed
APT006223,PT01504,PR001,Physiotherapy Session,2026-08-27,Evening,7,Completed
APT006224,PT00482,PR017,Wound Dressing,2026-07-17,Afternoon,10,Completed
APT006225,PT01678,PR013,Wound Dressing,2026-08-18,Morning,12,Completed
APT006226,PT00994,PR020,Vitals Check,2026-07-22,Morning,3,Rescheduled
APT006227,PT00197,PR008,Diabetic Care Visit,2026-08-23,Morning,1,Cancelled
APT006228,PT00353,PR020,Vitals Check,2026-06-02,Morning,3,Rescheduled
APT006229,PT00701,PR008,Vitals Check,2026-08-12,Afternoon,4,No-Show
APT006230,PT01143,PR008,Diabetic Care Visit,2026-06-18,Morning,0,Completed
APT006231,PT01607,PR007,Nursing Visit,2026-06-13,Morning,11,No-Show
APT006232,PT00874,PR015,Wound Dressing,2026-07-25,Afternoon,14,Completed
APT006233,PT01074,PR013,Vitals Check,2026-07-11,Morning,9,Completed
APT006234,PT01592,PR005,Post-Op Care,2026-08-17,Evening,2,Completed
APT006235,PT01032,PR013,Vitals Check,2026-08-18,Afternoon,0,Completed
APT006236,PT00362,PR008,Vitals Check,2026-06-13,Afternoon,14,Completed
APT006237,PT01151,PR013,Physiotherapy Session,2026-06-19,Evening,8,Completed
APT006238,PT01508,PR018,Physiotherapy Session,2026-06-23,Morning,10,Completed
APT006239,PT00566,PR007,Physiotherapy Session,2026-08-24,Morning,9,Completed
APT006240,PT00591,PR012,Wound Dressing,2026-06-21,Evening,13,Completed
APT006241,PT01878,PR010,Post-Op Care,2026-08-02,Evening,1,No-Show
APT006242,PT01311,PR002,Diabetic Care Visit,2026-07-06,Morning,4,Completed
APT006243,PT00025,PR007,Physiotherapy Session,2026-06-04,Morning,4,Completed
APT006244,PT01254,PR013,Post-Op Care,2026-08-05,Morning,3,Completed
APT006245,PT01652,PR005,Vitals Check,2026-07-27,Afternoon,10,Completed
APT006246,PT00728,PR008,Nursing Visit,2026-06-21,Evening,6,Completed
APT006247,PT01309,PR018,Diabetic Care Visit,2026-08-03,Afternoon,6,Completed
APT006248,PT00601,PR013,Nursing Visit,2026-06-07,Afternoon,13,Rescheduled
APT006249,PT00848,PR001,Diabetic Care Visit,2026-06-02,Afternoon,1,Completed
APT006250,PT00158,PR010,Diabetic Care Visit,2026-08-04,Evening,8,Completed
APT006251,PT01089,PR011,Nursing Visit,2026-07-15,Afternoon,12,Completed
APT006252,PT00420,PR011,Vitals Check,2026-07-11,Morning,2,Cancelled
APT006253,PT00573,PR003,Diabetic Care Visit,2026-07-28,Morning,7,Completed
APT006254,PT00392,PR003,Diabetic Care Visit,2026-08-29,Morning,11,Completed
APT006255,PT01987,PR008,Diabetic Care Visit,2026-07-04,Morning,10,Completed
APT006256,PT01849,PR001,Vitals Check,2026-06-16,Evening,14,Completed
APT006257,PT00931,PR008,Wound Dressing,2026-06-01,Evening,11,No-Show
APT006258,PT01434,PR016,Nursing Visit,2026-06-04,Afternoon,3,No-Show
APT006259,PT01438,PR014,Wound Dressing,2026-08-07,Morning,3,Completed
APT006260,PT01119,PR014,Nursing Visit,2026-07-23,Afternoon,6,Completed
APT006261,PT00753,PR004,Vitals Check,2026-08-26,Evening,12,No-Show
APT006262,PT00740,PR019,Wound Dressing,2026-06-23,Evening,0,Completed
APT006263,PT01001,PR004,Diabetic Care Visit,2026-07-25,Afternoon,14,Completed
APT006264,PT01775,PR017,Post-Op Care,2026-07-17,Evening,13,Completed
APT006265,PT00933,PR006,Vitals Check,2026-06-16,Evening,7,Completed
APT006266,PT00621,PR005,Nursing Visit,2026-08-19,Evening,9,Completed
APT006267,PT00156,PR018,Vitals Check,2026-08-10,Afternoon,0,Completed
APT006268,PT00439,PR009,Nursing Visit,2026-06-02,Morning,6,Completed
APT006269,PT00238,PR010,Physiotherapy Session,2026-06-12,Morning,10,Completed
APT006270,PT00623,PR004,Nursing Visit,2026-07-04,Morning,7,Completed
APT006271,PT00654,PR002,Vitals Check,2026-07-13,Evening,0,Completed
APT006272,PT00510,PR001,Physiotherapy Session,2026-06-13,Morning,13,Completed
APT006273,PT00061,PR013,Physiotherapy Session,2026-06-30,Evening,7,Completed
APT006274,PT01707,PR019,Physiotherapy Session,2026-06-25,Evening,7,Completed
APT006275,PT01927,PR007,Vitals Check,2026-07-15,Morning,2,Completed
APT006276,PT01889,PR001,Physiotherapy Session,2026-07-30,Afternoon,4,Completed
APT006277,PT00224,PR013,Post-Op Care,2026-08-29,Morning,5,Completed
APT006278,PT00746,PR014,Vitals Check,2026-06-06,Evening,8,Completed
APT006279,PT01383,PR003,Post-Op Care,2026-07-07,Evening,8,Completed
APT006280,PT01435,PR006,Vitals Check,2026-08-27,Afternoon,13,Cancelled
APT006281,PT00305,PR004,Diabetic Care Visit,2026-06-12,Morning,6,Cancelled
APT006282,PT01491,PR016,Diabetic Care Visit,2026-07-25,Evening,0,Completed
APT006283,PT00103,PR005,Vitals Check,2026-08-14,Morning,3,Cancelled
APT006284,PT00330,PR010,Physiotherapy Session,2026-08-12,Evening,7,No-Show
APT006285,PT00170,PR002,Wound Dressing,2026-07-25,Morning,6,Completed
APT006286,PT00074,PR004,Diabetic Care Visit,2026-08-26,Afternoon,10,Completed
APT006287,PT00331,PR008,Physiotherapy Session,2026-08-15,Afternoon,13,Completed
APT006288,PT01355,PR010,Wound Dressing,2026-06-04,Morning,7,Cancelled
APT006289,PT01873,PR015,Wound Dressing,2026-08-03,Afternoon,1,No-Show
APT006290,PT01043,PR016,Vitals Check,2026-07-29,Morning,3,Completed
APT006291,PT00222,PR002,Physiotherapy Session,2026-07-19,Morning,3,No-Show
APT006292,PT01438,PR018,Nursing Visit,2026-08-20,Evening,11,No-Show
APT006293,PT00300,PR016,Post-Op Care,2026-08-13,Morning,7,Completed
APT006294,PT01408,PR018,Nursing Visit,2026-06-27,Morning,4,Rescheduled
APT006295,PT01683,PR012,Nursing Visit,2026-06-02,Evening,13,Completed
APT006296,PT01443,PR002,Wound Dressing,2026-08-05,Evening,7,Completed
APT006297,PT01802,PR017,Vitals Check,2026-08-02,Morning,11,Completed
APT006298,PT00008,PR017,Physiotherapy Session,2026-06-26,Evening,12,Completed
APT006299,PT00431,PR018,Vitals Check,2026-08-09,Afternoon,14,No-Show
APT006300,PT00978,PR001,Physiotherapy Session,2026-06-26,Morning,6,No-Show
APT006301,PT00093,PR003,Physiotherapy Session,2026-08-27,Afternoon,8,Completed
APT006302,PT00654,PR002,Nursing Visit,2026-07-07,Morning,13,Completed
APT006303,PT01936,PR003,Post-Op Care,2026-08-14,Evening,7,Cancelled
APT006304,PT00114,PR020,Vitals Check,2026-07-02,Afternoon,0,No-Show
APT006305,PT01253,PR010,Vitals Check,2026-07-13,Afternoon,6,Completed
APT006306,PT01495,PR010,Post-Op Care,2026-08-02,Afternoon,14,Completed
APT006307,PT01444,PR019,Post-Op Care,2026-08-26,Morning,6,No-Show
APT006308,PT01774,PR006,Diabetic Care Visit,2026-06-29,Evening,13,Completed
APT006309,PT01688,PR018,Physiotherapy Session,2026-08-09,Afternoon,1,Completed
APT006310,PT01077,PR014,Wound Dressing,2026-06-02,Afternoon,10,Completed
APT006311,PT00981,PR010,Vitals Check,2026-08-01,Afternoon,8,Completed
APT006312,PT00375,PR004,Physiotherapy Session,2026-07-12,Morning,1,Completed
APT006313,PT00463,PR010,Wound Dressing,2026-08-09,Evening,4,Completed
APT006314,PT00287,PR004,Post-Op Care,2026-07-01,Morning,5,Completed
APT006315,PT01206,PR010,Nursing Visit,2026-08-15,Morning,3,Completed
APT006316,PT01423,PR008,Post-Op Care,2026-08-05,Afternoon,1,No-Show
APT006317,PT00757,PR006,Nursing Visit,2026-08-05,Morning,8,Completed
APT006318,PT00988,PR006,Post-Op Care,2026-07-24,Afternoon,9,Completed
APT006319,PT01209,PR005,Vitals Check,2026-06-18,Afternoon,8,Completed
APT006320,PT00722,PR013,Post-Op Care,2026-07-14,Afternoon,9,Completed
APT006321,PT00526,PR010,Post-Op Care,2026-06-04,Afternoon,14,Completed
APT006322,PT00698,PR012,Post-Op Care,2026-07-15,Morning,11,Completed
APT006323,PT01606,PR013,Diabetic Care Visit,2026-07-28,Morning,3,Rescheduled
APT006324,PT00484,PR003,Vitals Check,2026-08-28,Afternoon,1,Cancelled
APT006325,PT01558,PR012,Vitals Check,2026-06-10,Evening,1,Completed
APT006326,PT00632,PR004,Vitals Check,2026-07-16,Afternoon,4,No-Show
APT006327,PT01582,PR012,Physiotherapy Session,2026-07-14,Morning,6,Completed
APT006328,PT00616,PR008,Nursing Visit,2026-07-15,Afternoon,10,Completed
APT006329,PT01957,PR016,Vitals Check,2026-08-13,Evening,6,Completed
APT006330,PT01366,PR002,Post-Op Care,2026-07-30,Evening,7,No-Show
APT006331,PT00800,PR005,Diabetic Care Visit,2026-07-16,Evening,2,Rescheduled
APT006332,PT00634,PR014,Nursing Visit,2026-08-23,Evening,1,Rescheduled
APT006333,PT01352,PR015,Wound Dressing,2026-06-15,Evening,6,No-Show
APT006334,PT00061,PR008,Diabetic Care Visit,2026-06-27,Evening,13,Completed
APT006335,PT00792,PR010,Post-Op Care,2026-07-12,Afternoon,12,Completed
APT006336,PT00700,PR002,Diabetic Care Visit,2026-08-01,Morning,10,Completed
APT006337,PT00007,PR003,Nursing Visit,2026-07-12,Afternoon,4,Completed
APT006338,PT01794,PR011,Wound Dressing,2026-06-28,Morning,13,Completed
APT006339,PT01805,PR011,Post-Op Care,2026-08-03,Morning,12,Completed
APT006340,PT01997,PR018,Nursing Visit,2026-07-31,Evening,2,Completed
APT006341,PT00794,PR001,Vitals Check,2026-07-03,Afternoon,11,Completed
APT006342,PT00300,PR019,Post-Op Care,2026-06-07,Evening,13,Rescheduled
APT006343,PT00617,PR019,Post-Op Care,2026-08-14,Afternoon,5,Rescheduled
APT006344,PT01097,PR010,Vitals Check,2026-07-12,Morning,2,Completed
APT006345,PT00017,PR006,Vitals Check,2026-07-14,Morning,10,Completed
APT006346,PT01080,PR010,Physiotherapy Session,2026-08-09,Morning,3,No-Show
APT006347,PT01646,PR014,Nursing Visit,2026-08-25,Evening,1,No-Show
APT006348,PT00197,PR004,Physiotherapy Session,2026-08-09,Afternoon,2,Completed
APT006349,PT01312,PR020,Physiotherapy Session,2026-06-15,Afternoon,9,No-Show
APT006350,PT01951,PR002,Diabetic Care Visit,2026-06-10,Afternoon,2,Completed
APT006351,PT01666,PR009,Wound Dressing,2026-08-08,Morning,14,Completed
APT006352,PT01277,PR004,Post-Op Care,2026-06-11,Afternoon,14,Completed
APT006353,PT01406,PR015,Wound Dressing,2026-06-25,Morning,1,Completed
APT006354,PT01562,PR008,Physiotherapy Session,2026-07-06,Afternoon,0,Completed
APT006355,PT01075,PR004,Wound Dressing,2026-06-15,Morning,2,No-Show
APT006356,PT01085,PR003,Post-Op Care,2026-08-01,Evening,10,Cancelled
APT006357,PT00973,PR007,Nursing Visit,2026-06-24,Afternoon,13,Completed
APT006358,PT00252,PR011,Post-Op Care,2026-06-17,Evening,2,No-Show
APT006359,PT00590,PR013,Wound Dressing,2026-08-09,Morning,8,Completed
APT006360,PT00435,PR018,Post-Op Care,2026-06-12,Afternoon,13,Completed
APT006361,PT00534,PR004,Wound Dressing,2026-07-30,Morning,2,Completed
APT006362,PT00551,PR008,Diabetic Care Visit,2026-08-20,Evening,13,No-Show
APT006363,PT00248,PR020,Physiotherapy Session,2026-07-09,Evening,1,Completed
APT006364,PT00651,PR020,Vitals Check,2026-06-06,Evening,3,No-Show
APT006365,PT01535,PR008,Nursing Visit,2026-07-10,Afternoon,12,Completed
APT006366,PT00607,PR010,Vitals Check,2026-06-15,Afternoon,13,Completed
APT006367,PT00150,PR018,Diabetic Care Visit,2026-07-20,Morning,1,Completed
APT006368,PT01740,PR010,Post-Op Care,2026-06-04,Afternoon,3,Rescheduled
APT006369,PT00556,PR005,Post-Op Care,2026-06-27,Morning,1,Completed
APT006370,PT01925,PR005,Post-Op Care,2026-08-13,Afternoon,6,Cancelled
APT006371,PT00512,PR003,Physiotherapy Session,2026-06-24,Evening,3,Rescheduled
APT006372,PT01172,PR020,Diabetic Care Visit,2026-08-06,Evening,6,Completed
APT006373,PT00290,PR016,Vitals Check,2026-08-18,Afternoon,3,Completed
APT006374,PT00740,PR019,Diabetic Care Visit,2026-08-14,Morning,7,Completed
APT006375,PT01944,PR009,Wound Dressing,2026-08-11,Morning,5,No-Show
APT006376,PT00968,PR010,Vitals Check,2026-07-02,Afternoon,4,No-Show
APT006377,PT00048,PR017,Post-Op Care,2026-06-08,Afternoon,9,Completed
APT006378,PT01015,PR019,Vitals Check,2026-08-24,Morning,8,Completed
APT006379,PT00434,PR004,Physiotherapy Session,2026-07-06,Evening,2,Completed
APT006380,PT01896,PR013,Nursing Visit,2026-08-09,Morning,6,Completed
APT006381,PT01852,PR006,Physiotherapy Session,2026-08-02,Morning,12,Completed
APT006382,PT01655,PR001,Physiotherapy Session,2026-07-11,Afternoon,11,Completed
APT006383,PT00084,PR004,Wound Dressing,2026-08-23,Morning,1,Completed
APT006384,PT00853,PR004,Nursing Visit,2026-06-22,Afternoon,2,Completed
APT006385,PT01862,PR014,Wound Dressing,2026-07-31,Evening,7,Completed
APT006386,PT00721,PR012,Post-Op Care,2026-08-04,Afternoon,2,Completed
APT006387,PT00993,PR004,Diabetic Care Visit,2026-07-24,Morning,1,Rescheduled
APT006388,PT00939,PR016,Wound Dressing,2026-08-18,Evening,5,Completed
APT006389,PT00444,PR004,Nursing Visit,2026-08-29,Afternoon,13,Cancelled
APT006390,PT01798,PR008,Wound Dressing,2026-08-24,Afternoon,10,Completed
APT006391,PT01345,PR006,Nursing Visit,2026-07-31,Afternoon,8,Completed
APT006392,PT01200,PR007,Vitals Check,2026-06-07,Morning,2,Completed
APT006393,PT00115,PR009,Post-Op Care,2026-06-19,Afternoon,3,Completed
APT006394,PT01353,PR020,Post-Op Care,2026-07-26,Evening,1,No-Show
APT006395,PT01242,PR002,Vitals Check,2026-06-22,Evening,3,No-Show
APT006396,PT00541,PR008,Post-Op Care,2026-08-21,Evening,14,Completed
APT006397,PT00641,PR003,Diabetic Care Visit,2026-08-15,Morning,2,Completed
APT006398,PT01898,PR011,Nursing Visit,2026-06-23,Afternoon,14,Completed
APT006399,PT00482,PR017,Vitals Check,2026-07-20,Evening,8,Completed
APT006400,PT00412,PR002,Nursing Visit,2026-07-29,Morning,9,Completed
APT006401,PT00086,PR008,Nursing Visit,2026-08-12,Morning,2,Completed
APT006402,PT00073,PR003,Wound Dressing,2026-08-11,Evening,12,Completed
APT006403,PT00942,PR016,Diabetic Care Visit,2026-08-09,Morning,13,Completed
APT006404,PT00363,PR009,Post-Op Care,2026-07-04,Afternoon,8,Completed
APT006405,PT01175,PR002,Post-Op Care,2026-07-15,Afternoon,12,No-Show
APT006406,PT00240,PR018,Wound Dressing,2026-06-30,Afternoon,9,Completed
APT006407,PT01203,PR010,Wound Dressing,2026-08-22,Morning,14,No-Show
APT006408,PT00110,PR008,Post-Op Care,2026-08-14,Evening,1,Completed
APT006409,PT00650,PR008,Wound Dressing,2026-06-06,Morning,6,Completed
APT006410,PT00942,PR015,Nursing Visit,2026-08-22,Evening,6,Cancelled
APT006411,PT00977,PR002,Diabetic Care Visit,2026-08-16,Evening,13,Completed
APT006412,PT01797,PR019,Physiotherapy Session,2026-08-20,Afternoon,9,Cancelled
APT006413,PT01287,PR010,Post-Op Care,2026-06-06,Evening,2,Completed
APT006414,PT01659,PR001,Wound Dressing,2026-06-29,Evening,5,Completed
APT006415,PT00548,PR010,Vitals Check,2026-06-12,Afternoon,6,Completed
APT006416,PT00464,PR008,Vitals Check,2026-08-05,Evening,14,Completed
APT006417,PT00272,PR013,Physiotherapy Session,2026-06-25,Morning,0,Completed
APT006418,PT01212,PR008,Physiotherapy Session,2026-06-23,Morning,7,No-Show
APT006419,PT01332,PR004,Vitals Check,2026-08-11,Evening,12,Completed
APT006420,PT00170,PR002,Physiotherapy Session,2026-08-18,Evening,8,No-Show
APT006421,PT01162,PR003,Physiotherapy Session,2026-08-06,Evening,3,Completed
APT006422,PT00247,PR008,Wound Dressing,2026-07-26,Evening,5,Completed
APT006423,PT01081,PR004,Vitals Check,2026-07-31,Morning,8,Completed
APT006424,PT01898,PR011,Vitals Check,2026-07-24,Afternoon,0,Rescheduled
APT006425,PT00244,PR008,Post-Op Care,2026-07-16,Morning,2,Completed
APT006426,PT01597,PR015,Diabetic Care Visit,2026-06-28,Evening,13,Completed
APT006427,PT00908,PR002,Vitals Check,2026-08-10,Morning,11,No-Show
APT006428,PT01532,PR004,Vitals Check,2026-06-03,Afternoon,3,Completed
APT006429,PT00970,PR015,Wound Dressing,2026-07-01,Evening,10,Completed
APT006430,PT01887,PR004,Wound Dressing,2026-08-09,Evening,13,Rescheduled
APT006431,PT01335,PR018,Wound Dressing,2026-07-22,Evening,1,Completed
APT006432,PT01764,PR020,Wound Dressing,2026-08-14,Morning,12,Completed
APT006433,PT00526,PR010,Nursing Visit,2026-07-22,Afternoon,10,No-Show
APT006434,PT00240,PR014,Nursing Visit,2026-08-05,Evening,5,Completed
APT006435,PT01907,PR013,Vitals Check,2026-06-21,Evening,1,No-Show
APT006436,PT00307,PR008,Vitals Check,2026-08-04,Afternoon,4,No-Show
APT006437,PT01433,PR007,Post-Op Care,2026-08-23,Evening,14,Cancelled
APT006438,PT00762,PR010,Physiotherapy Session,2026-07-29,Morning,6,Completed
APT006439,PT00592,PR010,Diabetic Care Visit,2026-06-03,Afternoon,2,Completed
APT006440,PT01255,PR004,Wound Dressing,2026-07-14,Morning,1,Completed
APT006441,PT00465,PR009,Wound Dressing,2026-07-17,Afternoon,3,Completed
APT006442,PT00928,PR010,Vitals Check,2026-08-23,Afternoon,10,Completed
APT006443,PT01350,PR004,Wound Dressing,2026-06-26,Afternoon,8,Completed
APT006444,PT01329,PR008,Nursing Visit,2026-08-25,Evening,13,No-Show
APT006445,PT00906,PR017,Diabetic Care Visit,2026-08-11,Evening,3,No-Show
APT006446,PT01045,PR018,Wound Dressing,2026-06-20,Afternoon,2,Completed
APT006447,PT00285,PR019,Vitals Check,2026-06-25,Evening,4,Completed
APT006448,PT00233,PR014,Wound Dressing,2026-06-22,Evening,5,Completed
APT006449,PT00581,PR011,Wound Dressing,2026-06-23,Morning,6,Completed
APT006450,PT01370,PR013,Wound Dressing,2026-07-02,Evening,0,Completed
APT006451,PT00637,PR019,Physiotherapy Session,2026-06-08,Morning,0,No-Show
APT006452,PT00891,PR020,Vitals Check,2026-06-08,Evening,6,Completed
APT006453,PT01709,PR012,Post-Op Care,2026-06-07,Morning,3,Completed
APT006454,PT01003,PR016,Diabetic Care Visit,2026-06-11,Morning,6,No-Show
APT006455,PT01663,PR010,Diabetic Care Visit,2026-08-13,Evening,11,Completed
APT006456,PT00767,PR014,Wound Dressing,2026-07-13,Evening,6,Cancelled
APT006457,PT01530,PR008,Wound Dressing,2026-07-24,Morning,1,Cancelled
APT006458,PT00534,PR008,Diabetic Care Visit,2026-07-21,Afternoon,1,Completed
APT006459,PT00116,PR009,Nursing Visit,2026-07-11,Evening,3,Completed
APT006460,PT00208,PR015,Physiotherapy Session,2026-07-29,Morning,6,Completed
APT006461,PT01749,PR019,Diabetic Care Visit,2026-07-12,Afternoon,8,Completed
APT006462,PT01341,PR018,Diabetic Care Visit,2026-06-19,Morning,8,Completed
APT006463,PT00821,PR006,Post-Op Care,2026-07-29,Afternoon,12,Completed
APT006464,PT00342,PR015,Nursing Visit,2026-08-24,Afternoon,1,Completed
APT006465,PT00654,PR010,Diabetic Care Visit,2026-08-22,Afternoon,7,Cancelled
APT006466,PT01181,PR018,Physiotherapy Session,2026-07-01,Evening,8,No-Show
APT006467,PT00970,PR016,Diabetic Care Visit,2026-06-30,Morning,12,Completed
APT006468,PT00749,PR002,Vitals Check,2026-07-19,Afternoon,13,Completed
APT006469,PT01295,PR014,Diabetic Care Visit,2026-07-21,Evening,13,Cancelled
APT006470,PT00526,PR002,Post-Op Care,2026-06-25,Afternoon,2,Completed
APT006471,PT01664,PR008,Physiotherapy Session,2026-08-26,Evening,10,Completed
APT006472,PT01779,PR002,Post-Op Care,2026-06-08,Evening,6,Cancelled
APT006473,PT00749,PR002,Wound Dressing,2026-06-01,Morning,12,Cancelled
APT006474,PT00136,PR011,Diabetic Care Visit,2026-07-04,Afternoon,3,Completed
APT006475,PT00589,PR008,Wound Dressing,2026-08-24,Evening,12,No-Show
APT006476,PT00444,PR004,Vitals Check,2026-06-02,Evening,3,Completed
APT006477,PT01366,PR002,Diabetic Care Visit,2026-08-22,Morning,9,No-Show
APT006478,PT01737,PR010,Physiotherapy Session,2026-07-06,Evening,0,Completed
APT006479,PT00868,PR014,Physiotherapy Session,2026-06-05,Afternoon,8,Completed
APT006480,PT00774,PR017,Diabetic Care Visit,2026-07-17,Morning,10,Completed
APT006481,PT01579,PR003,Nursing Visit,2026-07-30,Morning,14,Completed
APT006482,PT01631,PR019,Nursing Visit,2026-07-17,Morning,5,Completed
APT006483,PT01183,PR020,Physiotherapy Session,2026-07-19,Morning,13,Cancelled
APT006484,PT00836,PR017,Diabetic Care Visit,2026-07-18,Morning,8,No-Show
APT006485,PT01093,PR017,Vitals Check,2026-08-24,Afternoon,7,Completed
APT006486,PT01416,PR013,Nursing Visit,2026-07-22,Afternoon,6,Rescheduled
APT006487,PT01437,PR013,Post-Op Care,2026-07-23,Afternoon,4,Rescheduled
APT006488,PT00034,PR010,Nursing Visit,2026-06-26,Morning,1,Completed
APT006489,PT01005,PR011,Wound Dressing,2026-06-05,Morning,7,Cancelled
APT006490,PT01032,PR013,Physiotherapy Session,2026-07-05,Morning,8,Completed
APT006491,PT01991,PR017,Nursing Visit,2026-06-05,Afternoon,4,Completed
APT006492,PT01798,PR013,Wound Dressing,2026-08-11,Afternoon,3,Completed
APT006493,PT01512,PR008,Nursing Visit,2026-08-06,Morning,10,Cancelled
APT006494,PT01766,PR003,Wound Dressing,2026-07-29,Evening,9,Cancelled
APT006495,PT01462,PR002,Post-Op Care,2026-07-19,Afternoon,1,Completed
APT006496,PT00369,PR003,Physiotherapy Session,2026-06-19,Evening,5,No-Show
APT006497,PT01473,PR017,Nursing Visit,2026-08-16,Evening,8,Completed
APT006498,PT00422,PR002,Post-Op Care,2026-07-11,Morning,12,Completed
APT006499,PT01424,PR012,Nursing Visit,2026-07-28,Morning,5,Cancelled
APT006500,PT01930,PR012,Nursing Visit,2026-07-15,Evening,1,Completed
APT006501,PT00118,PR013,Vitals Check,2026-08-12,Evening,10,Cancelled
APT006502,PT01294,PR006,Vitals Check,2026-08-02,Afternoon,6,Completed
APT006503,PT00808,PR013,Vitals Check,2026-07-30,Afternoon,2,Completed
APT006504,PT01903,PR010,Vitals Check,2026-06-26,Morning,13,Cancelled
APT006505,PT01633,PR020,Diabetic Care Visit,2026-06-13,Morning,8,Completed
APT006506,PT01022,PR014,Diabetic Care Visit,2026-06-25,Afternoon,14,Rescheduled
APT006507,PT01197,PR016,Vitals Check,2026-07-24,Afternoon,9,Completed
APT006508,PT01311,PR010,Physiotherapy Session,2026-08-11,Afternoon,10,Completed
APT006509,PT00352,PR010,Nursing Visit,2026-08-09,Afternoon,6,Completed
APT006510,PT00493,PR014,Post-Op Care,2026-06-19,Evening,6,No-Show
APT006511,PT00267,PR020,Nursing Visit,2026-06-20,Morning,11,No-Show
APT006512,PT01520,PR008,Post-Op Care,2026-06-21,Evening,12,Completed
APT006513,PT00304,PR001,Vitals Check,2026-07-01,Afternoon,3,Cancelled
APT006514,PT01540,PR010,Post-Op Care,2026-06-16,Afternoon,4,Completed
APT006515,PT01780,PR002,Physiotherapy Session,2026-07-02,Afternoon,0,Completed
APT006516,PT01502,PR002,Nursing Visit,2026-08-12,Morning,4,Completed
APT006517,PT01703,PR007,Post-Op Care,2026-08-09,Morning,5,Completed
APT006518,PT00853,PR004,Nursing Visit,2026-07-21,Morning,4,Completed
APT006519,PT00625,PR015,Wound Dressing,2026-08-19,Morning,10,Completed
APT006520,PT01804,PR020,Post-Op Care,2026-06-22,Evening,12,Cancelled
APT006521,PT01656,PR010,Vitals Check,2026-06-13,Afternoon,9,Completed
APT006522,PT00195,PR008,Diabetic Care Visit,2026-06-18,Evening,13,Completed
APT006523,PT00927,PR008,Physiotherapy Session,2026-07-07,Afternoon,12,Completed
APT006524,PT01797,PR005,Physiotherapy Session,2026-08-27,Evening,1,Completed
APT006525,PT00407,PR008,Diabetic Care Visit,2026-07-14,Morning,10,Completed
APT006526,PT00714,PR006,Nursing Visit,2026-07-13,Afternoon,10,No-Show
APT006527,PT00881,PR019,Post-Op Care,2026-07-03,Morning,5,No-Show
APT006528,PT01294,PR006,Vitals Check,2026-07-08,Morning,14,Completed
APT006529,PT01007,PR016,Physiotherapy Session,2026-06-21,Morning,7,No-Show
APT006530,PT00736,PR004,Nursing Visit,2026-06-17,Morning,0,No-Show
APT006531,PT01025,PR015,Wound Dressing,2026-07-18,Afternoon,4,Completed
APT006532,PT00095,PR012,Wound Dressing,2026-06-19,Afternoon,8,Completed
APT006533,PT01879,PR006,Physiotherapy Session,2026-08-12,Morning,10,Completed
APT006534,PT01824,PR001,Post-Op Care,2026-07-28,Morning,10,No-Show
APT006535,PT01906,PR007,Wound Dressing,2026-07-08,Evening,2,Completed
APT006536,PT01585,PR002,Nursing Visit,2026-07-08,Morning,11,Completed
APT006537,PT01010,PR001,Vitals Check,2026-06-25,Afternoon,13,Completed
APT006538,PT00899,PR011,Post-Op Care,2026-06-21,Morning,14,No-Show
APT006539,PT01131,PR017,Post-Op Care,2026-08-21,Afternoon,12,Completed
APT006540,PT01559,PR005,Wound Dressing,2026-07-11,Afternoon,14,Completed
APT006541,PT01380,PR018,Physiotherapy Session,2026-06-06,Evening,5,Completed
APT006542,PT00905,PR002,Wound Dressing,2026-06-20,Evening,9,Completed
APT006543,PT00623,PR008,Wound Dressing,2026-07-23,Afternoon,2,Completed
APT006544,PT00692,PR002,Diabetic Care Visit,2026-08-05,Morning,3,Completed
APT006545,PT00008,PR017,Nursing Visit,2026-08-25,Afternoon,13,Completed
APT006546,PT00158,PR010,Post-Op Care,2026-08-21,Morning,9,Completed
APT006547,PT01353,PR020,Wound Dressing,2026-08-18,Evening,4,Cancelled
APT006548,PT00171,PR013,Diabetic Care Visit,2026-07-03,Morning,9,Completed
APT006549,PT01816,PR010,Vitals Check,2026-08-06,Afternoon,12,Completed
APT006550,PT00731,PR011,Diabetic Care Visit,2026-06-12,Afternoon,9,Completed
APT006551,PT00558,PR007,Physiotherapy Session,2026-06-25,Afternoon,0,No-Show
APT006552,PT00955,PR010,Vitals Check,2026-07-02,Morning,0,Completed
APT006553,PT01581,PR016,Nursing Visit,2026-06-02,Morning,11,Completed
APT006554,PT01131,PR003,Nursing Visit,2026-07-08,Afternoon,9,No-Show
APT006555,PT00393,PR018,Nursing Visit,2026-08-21,Evening,3,No-Show
APT006556,PT00652,PR009,Physiotherapy Session,2026-07-26,Evening,12,Completed
APT006557,PT01428,PR005,Vitals Check,2026-07-11,Evening,12,No-Show
APT006558,PT01358,PR001,Vitals Check,2026-07-06,Evening,14,Cancelled
APT006559,PT00103,PR015,Physiotherapy Session,2026-08-10,Morning,9,Completed
APT006560,PT01126,PR010,Post-Op Care,2026-07-11,Afternoon,13,Completed
APT006561,PT00591,PR018,Physiotherapy Session,2026-07-31,Morning,7,Completed
APT006562,PT00456,PR011,Diabetic Care Visit,2026-07-08,Evening,1,No-Show
APT006563,PT00276,PR013,Nursing Visit,2026-08-09,Morning,0,Completed
APT006564,PT00620,PR008,Wound Dressing,2026-06-05,Evening,5,Completed
APT006565,PT01143,PR004,Diabetic Care Visit,2026-07-19,Evening,2,Completed
APT006566,PT01537,PR008,Vitals Check,2026-07-22,Morning,8,No-Show
APT006567,PT01409,PR001,Physiotherapy Session,2026-08-04,Afternoon,13,Completed
APT006568,PT00211,PR002,Physiotherapy Session,2026-07-05,Morning,0,Completed
APT006569,PT01713,PR019,Wound Dressing,2026-08-17,Afternoon,6,No-Show
APT006570,PT01196,PR002,Diabetic Care Visit,2026-06-12,Afternoon,5,Completed
APT006571,PT00370,PR001,Nursing Visit,2026-07-23,Evening,2,Completed
APT006572,PT01062,PR012,Wound Dressing,2026-06-05,Morning,10,Completed
APT006573,PT00570,PR001,Wound Dressing,2026-08-16,Evening,12,Completed
APT006574,PT01745,PR016,Wound Dressing,2026-06-09,Evening,7,Cancelled
APT006575,PT01924,PR018,Nursing Visit,2026-07-22,Afternoon,9,Completed
APT006576,PT01644,PR015,Diabetic Care Visit,2026-06-21,Morning,6,Completed
APT006577,PT00591,PR014,Diabetic Care Visit,2026-08-01,Morning,11,Completed
APT006578,PT01263,PR012,Post-Op Care,2026-08-25,Evening,0,Completed
APT006579,PT00245,PR017,Nursing Visit,2026-08-02,Afternoon,3,Completed
APT006580,PT01902,PR003,Vitals Check,2026-07-06,Afternoon,0,Completed
APT006581,PT01398,PR012,Physiotherapy Session,2026-08-01,Morning,10,No-Show
APT006582,PT00782,PR018,Nursing Visit,2026-08-27,Morning,3,Completed
APT006583,PT01060,PR020,Vitals Check,2026-07-16,Afternoon,1,Completed
APT006584,PT01867,PR002,Physiotherapy Session,2026-06-03,Evening,8,Completed
APT006585,PT00873,PR016,Diabetic Care Visit,2026-07-10,Afternoon,3,Completed
APT006586,PT00022,PR002,Nursing Visit,2026-06-07,Afternoon,2,No-Show
APT006587,PT01369,PR020,Diabetic Care Visit,2026-08-23,Afternoon,8,Completed
APT006588,PT00066,PR002,Diabetic Care Visit,2026-07-16,Morning,5,Completed
APT006589,PT00987,PR007,Post-Op Care,2026-08-27,Afternoon,0,Completed
APT006590,PT00233,PR020,Nursing Visit,2026-08-10,Afternoon,5,Rescheduled
APT006591,PT00860,PR013,Diabetic Care Visit,2026-06-08,Evening,14,Cancelled
APT006592,PT01604,PR010,Nursing Visit,2026-06-26,Afternoon,9,Completed
APT006593,PT00635,PR014,Vitals Check,2026-08-19,Afternoon,6,Completed
APT006594,PT01865,PR005,Nursing Visit,2026-06-28,Evening,10,Completed
APT006595,PT01724,PR016,Physiotherapy Session,2026-07-08,Afternoon,3,No-Show
APT006596,PT01878,PR002,Post-Op Care,2026-06-01,Evening,9,Cancelled
APT006597,PT00021,PR017,Nursing Visit,2026-06-23,Evening,10,Completed
APT006598,PT01978,PR001,Physiotherapy Session,2026-06-20,Evening,11,Completed
APT006599,PT00463,PR010,Vitals Check,2026-08-25,Morning,13,Completed
APT006600,PT00079,PR008,Nursing Visit,2026-06-14,Morning,13,Completed
APT006601,PT01013,PR010,Diabetic Care Visit,2026-07-05,Evening,7,Cancelled
APT006602,PT01900,PR008,Wound Dressing,2026-06-15,Morning,9,Completed
APT006603,PT01655,PR005,Physiotherapy Session,2026-07-09,Morning,5,Completed
APT006604,PT01825,PR004,Post-Op Care,2026-07-20,Evening,7,Completed
APT006605,PT01503,PR010,Physiotherapy Session,2026-08-14,Morning,10,Completed
APT006606,PT00606,PR002,Nursing Visit,2026-06-26,Evening,14,Completed
APT006607,PT01684,PR010,Physiotherapy Session,2026-08-03,Morning,12,Completed
APT006608,PT01332,PR004,Post-Op Care,2026-07-07,Morning,9,Completed
APT006609,PT00096,PR020,Nursing Visit,2026-06-29,Evening,11,Completed
APT006610,PT00542,PR002,Diabetic Care Visit,2026-08-16,Morning,7,Completed
APT006611,PT01477,PR003,Physiotherapy Session,2026-06-06,Evening,0,Rescheduled
APT006612,PT01008,PR009,Physiotherapy Session,2026-07-28,Morning,9,Rescheduled
APT006613,PT00370,PR005,Diabetic Care Visit,2026-07-24,Evening,10,Completed
APT006614,PT01477,PR003,Wound Dressing,2026-06-06,Afternoon,5,Completed
APT006615,PT01916,PR020,Nursing Visit,2026-06-23,Afternoon,3,Completed
APT006616,PT00145,PR013,Diabetic Care Visit,2026-06-19,Morning,8,Completed
APT006617,PT00836,PR017,Vitals Check,2026-08-18,Morning,0,Completed
APT006618,PT01370,PR008,Post-Op Care,2026-06-07,Morning,6,Completed
APT006619,PT01739,PR010,Vitals Check,2026-07-10,Evening,5,Completed
APT006620,PT00311,PR003,Post-Op Care,2026-06-11,Evening,2,Completed
APT006621,PT00383,PR016,Post-Op Care,2026-08-24,Morning,2,Cancelled
APT006622,PT01944,PR006,Physiotherapy Session,2026-07-21,Afternoon,0,Completed
APT006623,PT01712,PR005,Post-Op Care,2026-07-18,Afternoon,8,No-Show
APT006624,PT01332,PR008,Nursing Visit,2026-07-20,Evening,14,Completed
APT006625,PT00829,PR003,Nursing Visit,2026-07-26,Evening,11,No-Show
APT006626,PT00391,PR006,Wound Dressing,2026-08-02,Afternoon,2,Completed
APT006627,PT00752,PR016,Nursing Visit,2026-06-06,Morning,12,Completed
APT006628,PT01962,PR007,Wound Dressing,2026-06-24,Afternoon,6,Completed
APT006629,PT01077,PR020,Post-Op Care,2026-08-09,Morning,1,Completed
APT006630,PT01979,PR002,Nursing Visit,2026-08-05,Morning,4,Completed
APT006631,PT00174,PR002,Wound Dressing,2026-06-17,Afternoon,4,Completed
APT006632,PT00111,PR002,Post-Op Care,2026-06-29,Afternoon,8,Completed
APT006633,PT00982,PR003,Wound Dressing,2026-08-15,Evening,5,Rescheduled
APT006634,PT00331,PR013,Vitals Check,2026-06-13,Morning,6,Completed
APT006635,PT01877,PR013,Physiotherapy Session,2026-06-06,Evening,5,Cancelled
APT006636,PT01737,PR010,Physiotherapy Session,2026-08-20,Morning,6,No-Show
APT006637,PT01092,PR012,Diabetic Care Visit,2026-08-16,Afternoon,2,Completed
APT006638,PT00002,PR009,Physiotherapy Session,2026-06-28,Afternoon,10,No-Show
APT006639,PT00112,PR011,Post-Op Care,2026-07-10,Evening,2,Completed
APT006640,PT00748,PR005,Diabetic Care Visit,2026-08-03,Morning,11,No-Show
APT006641,PT01863,PR001,Post-Op Care,2026-08-17,Evening,2,Completed
APT006642,PT00083,PR002,Post-Op Care,2026-07-16,Afternoon,0,Completed
APT006643,PT01961,PR020,Nursing Visit,2026-08-21,Afternoon,6,Completed
APT006644,PT00165,PR009,Nursing Visit,2026-06-23,Morning,7,Cancelled
APT006645,PT01942,PR018,Vitals Check,2026-06-17,Evening,5,Cancelled
APT006646,PT01299,PR004,Vitals Check,2026-06-29,Morning,13,Completed
APT006647,PT00121,PR011,Post-Op Care,2026-08-11,Afternoon,2,Completed
APT006648,PT01740,PR002,Wound Dressing,2026-06-18,Evening,8,Completed
APT006649,PT01362,PR012,Post-Op Care,2026-07-25,Morning,4,Completed
APT006650,PT01856,PR004,Nursing Visit,2026-07-11,Afternoon,5,No-Show
APT006651,PT00843,PR010,Nursing Visit,2026-07-31,Evening,11,No-Show
APT006652,PT01788,PR002,Nursing Visit,2026-07-16,Morning,7,No-Show
APT006653,PT01095,PR017,Wound Dressing,2026-08-28,Afternoon,7,No-Show
APT006654,PT01305,PR004,Physiotherapy Session,2026-08-16,Evening,13,Completed
APT006655,PT01686,PR004,Physiotherapy Session,2026-08-02,Morning,0,Completed
APT006656,PT00449,PR008,Diabetic Care Visit,2026-06-26,Evening,3,Completed
APT006657,PT01280,PR018,Physiotherapy Session,2026-07-28,Morning,3,Rescheduled
APT006658,PT01418,PR010,Physiotherapy Session,2026-07-25,Evening,0,Completed
APT006659,PT00476,PR013,Vitals Check,2026-06-17,Afternoon,0,Completed
APT006660,PT01985,PR020,Nursing Visit,2026-06-21,Evening,0,Cancelled
APT006661,PT01993,PR007,Physiotherapy Session,2026-07-11,Afternoon,9,Completed
APT006662,PT01749,PR005,Physiotherapy Session,2026-07-17,Afternoon,9,Completed
APT006663,PT00160,PR008,Post-Op Care,2026-08-28,Afternoon,8,Completed
APT006664,PT00957,PR010,Diabetic Care Visit,2026-08-05,Evening,8,No-Show
APT006665,PT00939,PR019,Physiotherapy Session,2026-08-03,Morning,10,Completed
APT006666,PT01183,PR018,Wound Dressing,2026-07-18,Afternoon,12,Completed
APT006667,PT00802,PR017,Nursing Visit,2026-07-20,Morning,10,No-Show
APT006668,PT01211,PR017,Vitals Check,2026-08-14,Morning,4,Completed
APT006669,PT00702,PR012,Diabetic Care Visit,2026-06-17,Evening,0,No-Show
APT006670,PT01383,PR007,Post-Op Care,2026-07-03,Evening,8,Cancelled
APT006671,PT00767,PR018,Post-Op Care,2026-07-05,Evening,9,Rescheduled
APT006672,PT01399,PR014,Vitals Check,2026-08-16,Evening,14,Completed
APT006673,PT01461,PR002,Post-Op Care,2026-06-07,Evening,7,Completed
APT006674,PT00325,PR007,Physiotherapy Session,2026-06-14,Afternoon,9,Completed
APT006675,PT01723,PR002,Physiotherapy Session,2026-06-01,Evening,5,Cancelled
APT006676,PT01089,PR018,Wound Dressing,2026-06-20,Morning,3,Completed
APT006677,PT00387,PR007,Wound Dressing,2026-06-07,Afternoon,1,Completed
APT006678,PT00501,PR003,Wound Dressing,2026-07-10,Evening,1,Cancelled
APT006679,PT00108,PR020,Nursing Visit,2026-06-29,Afternoon,14,Cancelled
APT006680,PT00567,PR010,Physiotherapy Session,2026-07-10,Morning,6,Completed
APT006681,PT01174,PR004,Diabetic Care Visit,2026-07-02,Morning,0,No-Show
APT006682,PT00340,PR013,Diabetic Care Visit,2026-06-29,Evening,8,Completed
APT006683,PT00994,PR020,Diabetic Care Visit,2026-06-09,Morning,14,Completed
APT006684,PT01707,PR016,Diabetic Care Visit,2026-07-27,Evening,7,No-Show
APT006685,PT01269,PR001,Post-Op Care,2026-06-30,Evening,3,No-Show
APT006686,PT01312,PR012,Physiotherapy Session,2026-07-15,Evening,2,Completed
APT006687,PT00390,PR006,Vitals Check,2026-06-27,Morning,9,Completed
APT006688,PT01236,PR019,Diabetic Care Visit,2026-08-23,Afternoon,1,No-Show
APT006689,PT00867,PR001,Diabetic Care Visit,2026-08-03,Evening,3,Rescheduled
APT006690,PT01096,PR002,Nursing Visit,2026-06-16,Evening,14,Completed
APT006691,PT00292,PR006,Post-Op Care,2026-08-18,Morning,11,Completed
APT006692,PT00179,PR012,Vitals Check,2026-08-21,Afternoon,12,No-Show
APT006693,PT01048,PR004,Nursing Visit,2026-08-05,Afternoon,11,Completed
APT006694,PT01222,PR002,Diabetic Care Visit,2026-06-13,Afternoon,1,Completed
APT006695,PT00751,PR002,Physiotherapy Session,2026-08-27,Evening,7,No-Show
APT006696,PT00421,PR019,Nursing Visit,2026-06-12,Afternoon,12,Completed
APT006697,PT01076,PR003,Diabetic Care Visit,2026-08-09,Evening,11,Completed
APT006698,PT01832,PR017,Nursing Visit,2026-06-14,Evening,1,Completed
APT006699,PT01078,PR003,Vitals Check,2026-06-08,Evening,1,Completed
APT006700,PT01696,PR002,Diabetic Care Visit,2026-06-02,Evening,3,Completed
APT006701,PT00856,PR010,Diabetic Care Visit,2026-07-10,Morning,2,Completed
APT006702,PT01258,PR005,Vitals Check,2026-06-30,Morning,1,No-Show
APT006703,PT01556,PR002,Nursing Visit,2026-07-02,Morning,11,Completed
APT006704,PT01012,PR006,Wound Dressing,2026-06-06,Evening,14,Cancelled
APT006705,PT01927,PR017,Post-Op Care,2026-07-14,Afternoon,9,No-Show
APT006706,PT01008,PR003,Physiotherapy Session,2026-08-29,Evening,8,Completed
APT006707,PT01506,PR019,Post-Op Care,2026-06-17,Afternoon,10,Completed
APT006708,PT00436,PR005,Post-Op Care,2026-07-26,Morning,12,Completed
APT006709,PT01801,PR003,Wound Dressing,2026-08-29,Afternoon,10,Completed
APT006710,PT01187,PR008,Wound Dressing,2026-06-01,Morning,4,Completed
APT006711,PT00480,PR005,Post-Op Care,2026-06-23,Morning,2,No-Show
APT006712,PT00724,PR010,Vitals Check,2026-08-04,Afternoon,10,Completed
APT006713,PT01693,PR015,Post-Op Care,2026-06-26,Afternoon,6,Completed
APT006714,PT00007,PR017,Vitals Check,2026-07-20,Afternoon,9,Completed
APT006715,PT01552,PR002,Wound Dressing,2026-07-05,Evening,2,Completed
APT006716,PT01310,PR017,Post-Op Care,2026-07-10,Afternoon,6,Cancelled
APT006717,PT01899,PR010,Physiotherapy Session,2026-08-09,Evening,9,Rescheduled
APT006718,PT01741,PR014,Nursing Visit,2026-07-18,Evening,2,No-Show
APT006719,PT01482,PR010,Wound Dressing,2026-06-11,Afternoon,11,Completed
APT006720,PT00746,PR011,Physiotherapy Session,2026-07-24,Evening,3,Completed
APT006721,PT00287,PR013,Nursing Visit,2026-08-21,Evening,12,Cancelled
APT006722,PT01980,PR010,Nursing Visit,2026-06-12,Evening,1,Completed
APT006723,PT00524,PR004,Nursing Visit,2026-08-14,Evening,8,No-Show
APT006724,PT00384,PR020,Nursing Visit,2026-07-29,Afternoon,6,Completed
APT006725,PT01772,PR013,Wound Dressing,2026-07-25,Morning,1,Completed
APT006726,PT00023,PR009,Physiotherapy Session,2026-06-06,Afternoon,6,Completed
APT006727,PT00880,PR001,Nursing Visit,2026-08-22,Evening,5,Cancelled
APT006728,PT01397,PR002,Nursing Visit,2026-07-16,Afternoon,10,Completed
APT006729,PT00514,PR010,Physiotherapy Session,2026-06-15,Morning,3,Completed
APT006730,PT01456,PR001,Wound Dressing,2026-06-20,Evening,14,Rescheduled
APT006731,PT00050,PR004,Vitals Check,2026-07-25,Morning,13,No-Show
APT006732,PT00997,PR007,Wound Dressing,2026-08-15,Evening,9,Completed
APT006733,PT00215,PR017,Diabetic Care Visit,2026-07-18,Evening,6,Completed
APT006734,PT00618,PR007,Wound Dressing,2026-06-23,Morning,6,Completed
APT006735,PT01845,PR018,Wound Dressing,2026-06-23,Afternoon,10,No-Show
APT006736,PT01322,PR011,Nursing Visit,2026-08-14,Evening,13,Completed
APT006737,PT00560,PR015,Wound Dressing,2026-06-14,Afternoon,4,Completed
APT006738,PT00141,PR009,Nursing Visit,2026-06-04,Morning,13,Completed
APT006739,PT00850,PR002,Wound Dressing,2026-07-31,Afternoon,14,No-Show
APT006740,PT00068,PR010,Post-Op Care,2026-07-11,Afternoon,4,Completed
APT006741,PT00721,PR012,Diabetic Care Visit,2026-08-08,Evening,7,Completed
APT006742,PT00088,PR019,Nursing Visit,2026-06-29,Afternoon,3,Completed
APT006743,PT00305,PR004,Physiotherapy Session,2026-06-24,Afternoon,9,Completed
APT006744,PT01773,PR012,Post-Op Care,2026-08-20,Morning,4,No-Show
APT006745,PT00787,PR015,Post-Op Care,2026-08-05,Evening,2,Completed
APT006746,PT00990,PR015,Physiotherapy Session,2026-08-28,Morning,7,Completed
APT006747,PT01480,PR010,Post-Op Care,2026-08-24,Evening,12,Completed
APT006748,PT01255,PR008,Post-Op Care,2026-08-06,Morning,8,Completed
APT006749,PT00334,PR013,Nursing Visit,2026-07-21,Afternoon,13,Completed
APT006750,PT01592,PR016,Diabetic Care Visit,2026-06-10,Morning,7,Completed
APT006751,PT00266,PR008,Wound Dressing,2026-07-25,Afternoon,2,Completed
APT006752,PT01823,PR016,Physiotherapy Session,2026-06-29,Afternoon,3,Completed
APT006753,PT00961,PR013,Nursing Visit,2026-07-28,Morning,5,Completed
APT006754,PT01403,PR018,Post-Op Care,2026-06-17,Afternoon,7,Rescheduled
APT006755,PT01054,PR019,Wound Dressing,2026-07-19,Morning,11,Completed
APT006756,PT01055,PR020,Physiotherapy Session,2026-06-17,Morning,7,No-Show
APT006757,PT00053,PR013,Post-Op Care,2026-08-25,Morning,12,Completed
APT006758,PT01005,PR011,Diabetic Care Visit,2026-07-22,Evening,7,Cancelled
APT006759,PT01839,PR012,Nursing Visit,2026-06-02,Morning,6,Completed
APT006760,PT01820,PR007,Nursing Visit,2026-08-02,Evening,7,Completed
APT006761,PT00197,PR013,Diabetic Care Visit,2026-06-25,Evening,2,Completed
APT006762,PT00767,PR012,Vitals Check,2026-08-09,Morning,7,Completed
APT006763,PT00387,PR009,Nursing Visit,2026-07-19,Evening,13,Completed
APT006764,PT01645,PR011,Nursing Visit,2026-07-27,Evening,11,Rescheduled
APT006765,PT00897,PR003,Wound Dressing,2026-07-24,Afternoon,13,Completed
APT006766,PT00169,PR018,Nursing Visit,2026-06-01,Afternoon,2,Completed
APT006767,PT01859,PR018,Diabetic Care Visit,2026-08-10,Morning,1,Completed
APT006768,PT01734,PR016,Physiotherapy Session,2026-06-28,Evening,11,No-Show
APT006769,PT00950,PR017,Physiotherapy Session,2026-06-17,Morning,9,Completed
APT006770,PT01567,PR001,Nursing Visit,2026-06-02,Morning,6,Completed
APT006771,PT00272,PR008,Post-Op Care,2026-08-23,Afternoon,7,Completed
APT006772,PT01314,PR019,Nursing Visit,2026-08-01,Evening,13,Cancelled
APT006773,PT00870,PR010,Physiotherapy Session,2026-07-02,Afternoon,3,Completed
APT006774,PT00983,PR004,Diabetic Care Visit,2026-06-22,Evening,0,Completed
APT006775,PT01311,PR010,Physiotherapy Session,2026-07-23,Afternoon,2,Completed
APT006776,PT00900,PR010,Nursing Visit,2026-06-27,Evening,6,Completed
APT006777,PT00789,PR012,Post-Op Care,2026-07-15,Morning,0,Cancelled
APT006778,PT01991,PR007,Nursing Visit,2026-06-13,Morning,10,Rescheduled
APT006779,PT01272,PR009,Physiotherapy Session,2026-07-26,Evening,13,Completed
APT006780,PT01270,PR002,Post-Op Care,2026-07-07,Morning,8,Completed
APT006781,PT01251,PR019,Diabetic Care Visit,2026-06-30,Evening,4,Cancelled
APT006782,PT00491,PR015,Wound Dressing,2026-08-28,Evening,12,Completed
APT006783,PT01287,PR010,Physiotherapy Session,2026-06-24,Morning,2,Completed
APT006784,PT01344,PR019,Diabetic Care Visit,2026-08-21,Afternoon,3,No-Show
APT006785,PT00396,PR002,Diabetic Care Visit,2026-07-02,Evening,1,Completed
APT006786,PT01276,PR020,Vitals Check,2026-08-27,Morning,11,Completed
APT006787,PT00571,PR006,Nursing Visit,2026-06-12,Afternoon,11,Completed
APT006788,PT00167,PR006,Nursing Visit,2026-08-12,Evening,11,No-Show
APT006789,PT01045,PR011,Vitals Check,2026-07-27,Evening,1,Completed
APT006790,PT00206,PR012,Vitals Check,2026-08-12,Evening,10,Completed
APT006791,PT01398,PR014,Wound Dressing,2026-07-17,Evening,2,Completed
APT006792,PT01619,PR016,Vitals Check,2026-07-06,Evening,8,Completed
APT006793,PT01797,PR015,Diabetic Care Visit,2026-08-23,Afternoon,6,Cancelled
APT006794,PT01885,PR018,Post-Op Care,2026-07-02,Morning,9,Completed
APT006795,PT01790,PR004,Physiotherapy Session,2026-08-10,Morning,4,Completed
APT006796,PT01806,PR012,Post-Op Care,2026-06-21,Afternoon,6,Completed
APT006797,PT01125,PR005,Physiotherapy Session,2026-06-05,Evening,0,Completed
APT006798,PT00192,PR005,Vitals Check,2026-07-23,Evening,1,Rescheduled
APT006799,PT01523,PR005,Vitals Check,2026-07-02,Morning,10,Completed
APT006800,PT00182,PR006,Post-Op Care,2026-08-10,Evening,14,Completed
APT006801,PT01452,PR017,Nursing Visit,2026-08-19,Afternoon,7,Completed
APT006802,PT00946,PR010,Post-Op Care,2026-07-04,Afternoon,0,No-Show
APT006803,PT02000,PR008,Nursing Visit,2026-07-31,Evening,4,Completed
APT006804,PT00689,PR007,Wound Dressing,2026-07-03,Afternoon,13,Completed
APT006805,PT01944,PR006,Nursing Visit,2026-06-30,Evening,1,Completed
APT006806,PT01650,PR013,Physiotherapy Session,2026-08-07,Evening,5,Completed
APT006807,PT00265,PR002,Diabetic Care Visit,2026-08-16,Evening,9,Completed
APT006808,PT01462,PR010,Post-Op Care,2026-08-22,Morning,13,Completed
APT006809,PT01381,PR019,Wound Dressing,2026-06-03,Afternoon,12,Completed
APT006810,PT01865,PR005,Physiotherapy Session,2026-06-16,Evening,5,Completed
APT006811,PT00235,PR009,Post-Op Care,2026-08-10,Afternoon,2,Completed
APT006812,PT00640,PR012,Diabetic Care Visit,2026-07-23,Afternoon,9,Completed
APT006813,PT00979,PR002,Physiotherapy Session,2026-07-14,Afternoon,7,No-Show
APT006814,PT01689,PR002,Wound Dressing,2026-07-01,Evening,2,Completed
APT006815,PT01595,PR010,Diabetic Care Visit,2026-07-04,Afternoon,0,Completed
APT006816,PT00006,PR006,Physiotherapy Session,2026-08-19,Afternoon,5,Rescheduled
APT006817,PT00546,PR011,Vitals Check,2026-06-01,Morning,14,Completed
APT006818,PT01378,PR014,Wound Dressing,2026-06-28,Morning,14,Completed
APT006819,PT01223,PR009,Physiotherapy Session,2026-08-15,Morning,10,Completed
APT006820,PT01034,PR016,Wound Dressing,2026-07-07,Afternoon,10,Completed
APT006821,PT00803,PR016,Vitals Check,2026-06-13,Morning,10,Completed
APT006822,PT00374,PR003,Physiotherapy Session,2026-07-21,Evening,11,Completed
APT006823,PT00742,PR004,Physiotherapy Session,2026-07-16,Evening,1,Completed
APT006824,PT01393,PR016,Wound Dressing,2026-07-27,Morning,11,Completed
APT006825,PT00781,PR010,Vitals Check,2026-06-12,Afternoon,9,Completed
APT006826,PT00951,PR004,Diabetic Care Visit,2026-07-30,Afternoon,2,Completed
APT006827,PT01913,PR006,Nursing Visit,2026-07-25,Evening,1,No-Show
APT006828,PT01627,PR010,Vitals Check,2026-07-14,Afternoon,12,Completed
APT006829,PT00190,PR016,Diabetic Care Visit,2026-08-17,Evening,13,Completed
APT006830,PT00612,PR019,Diabetic Care Visit,2026-06-15,Morning,1,Completed
APT006831,PT00663,PR002,Vitals Check,2026-06-27,Morning,11,Completed
APT006832,PT01625,PR002,Diabetic Care Visit,2026-06-10,Evening,8,Completed
APT006833,PT00612,PR005,Post-Op Care,2026-07-26,Evening,2,No-Show
APT006834,PT01790,PR004,Post-Op Care,2026-08-09,Evening,6,Completed
APT006835,PT01005,PR012,Post-Op Care,2026-07-22,Morning,14,Completed
APT006836,PT00389,PR008,Physiotherapy Session,2026-07-05,Morning,9,Cancelled
APT006837,PT01875,PR017,Post-Op Care,2026-06-17,Afternoon,5,No-Show
APT006838,PT01617,PR015,Post-Op Care,2026-06-11,Morning,11,Completed
APT006839,PT00286,PR012,Physiotherapy Session,2026-08-15,Afternoon,13,Completed
APT006840,PT01506,PR019,Post-Op Care,2026-07-22,Morning,13,Completed
APT006841,PT00554,PR007,Diabetic Care Visit,2026-08-06,Evening,2,Cancelled
APT006842,PT00744,PR013,Nursing Visit,2026-07-08,Morning,13,Cancelled
APT006843,PT01786,PR017,Post-Op Care,2026-08-05,Evening,11,Completed
APT006844,PT00857,PR019,Vitals Check,2026-08-02,Morning,8,Completed
APT006845,PT00193,PR004,Physiotherapy Session,2026-07-21,Evening,5,Completed
APT006846,PT01792,PR018,Wound Dressing,2026-06-24,Evening,11,No-Show
APT006847,PT00442,PR002,Post-Op Care,2026-07-12,Afternoon,12,Completed
APT006848,PT00371,PR019,Diabetic Care Visit,2026-07-03,Afternoon,1,Cancelled
APT006849,PT01301,PR014,Nursing Visit,2026-06-19,Evening,5,Completed
APT006850,PT00210,PR003,Post-Op Care,2026-08-02,Morning,3,Completed
APT006851,PT00297,PR013,Vitals Check,2026-06-16,Morning,0,Completed
APT006852,PT01796,PR010,Post-Op Care,2026-08-11,Afternoon,12,Completed
APT006853,PT01201,PR013,Vitals Check,2026-08-01,Evening,6,Completed
APT006854,PT00888,PR006,Physiotherapy Session,2026-08-02,Afternoon,5,Completed
APT006855,PT00505,PR020,Physiotherapy Session,2026-07-04,Afternoon,7,Completed
APT006856,PT01495,PR010,Physiotherapy Session,2026-07-03,Evening,3,Cancelled
APT006857,PT00528,PR016,Physiotherapy Session,2026-06-20,Evening,3,Completed
APT006858,PT01014,PR016,Nursing Visit,2026-07-01,Evening,14,No-Show
APT006859,PT00707,PR015,Vitals Check,2026-06-10,Evening,10,Completed
APT006860,PT00332,PR010,Physiotherapy Session,2026-07-22,Morning,12,Completed
APT006861,PT01637,PR007,Post-Op Care,2026-08-16,Morning,13,Completed
APT006862,PT00683,PR019,Nursing Visit,2026-08-08,Evening,4,No-Show
APT006863,PT00720,PR002,Wound Dressing,2026-07-14,Afternoon,8,Completed
APT006864,PT00532,PR013,Wound Dressing,2026-08-12,Afternoon,0,Completed
APT006865,PT00170,PR010,Physiotherapy Session,2026-06-22,Evening,14,Completed
APT006866,PT00385,PR013,Nursing Visit,2026-07-03,Morning,7,Completed
APT006867,PT00795,PR002,Diabetic Care Visit,2026-08-05,Morning,0,Completed
APT006868,PT00925,PR017,Nursing Visit,2026-07-24,Morning,7,Completed
APT006869,PT00352,PR010,Post-Op Care,2026-08-29,Evening,13,Completed
APT006870,PT00685,PR014,Physiotherapy Session,2026-08-20,Afternoon,14,Completed
APT006871,PT00181,PR011,Wound Dressing,2026-06-18,Afternoon,7,Cancelled
APT006872,PT00786,PR001,Vitals Check,2026-08-27,Morning,1,Completed
APT006873,PT00862,PR002,Vitals Check,2026-08-20,Evening,7,Completed
APT006874,PT01640,PR015,Vitals Check,2026-08-16,Morning,3,Cancelled
APT006875,PT00737,PR003,Diabetic Care Visit,2026-06-25,Afternoon,10,Completed
APT006876,PT00792,PR010,Post-Op Care,2026-08-25,Evening,1,Completed
APT006877,PT00319,PR018,Wound Dressing,2026-06-30,Morning,10,Completed
APT006878,PT00769,PR010,Wound Dressing,2026-06-20,Afternoon,0,Cancelled
APT006879,PT01739,PR002,Nursing Visit,2026-07-22,Evening,5,Completed
APT006880,PT01963,PR009,Post-Op Care,2026-07-18,Evening,1,Cancelled
APT006881,PT00845,PR018,Physiotherapy Session,2026-06-30,Evening,12,Completed
APT006882,PT00369,PR009,Nursing Visit,2026-07-03,Afternoon,12,Completed
APT006883,PT00067,PR008,Diabetic Care Visit,2026-08-19,Afternoon,1,Completed
APT006884,PT00392,PR006,Diabetic Care Visit,2026-08-07,Morning,7,Completed
APT006885,PT01260,PR018,Post-Op Care,2026-06-05,Morning,8,Completed
APT006886,PT01317,PR020,Vitals Check,2026-07-02,Afternoon,0,Rescheduled
APT006887,PT00318,PR015,Wound Dressing,2026-07-28,Afternoon,6,Cancelled
APT006888,PT01300,PR010,Diabetic Care Visit,2026-06-18,Evening,2,Completed
APT006889,PT01246,PR011,Post-Op Care,2026-06-19,Evening,12,Completed
APT006890,PT00835,PR019,Vitals Check,2026-07-15,Evening,2,No-Show
APT006891,PT01770,PR015,Vitals Check,2026-06-16,Afternoon,6,Cancelled
APT006892,PT00819,PR007,Diabetic Care Visit,2026-06-03,Evening,12,No-Show
APT006893,PT00402,PR004,Post-Op Care,2026-06-17,Morning,14,Completed
APT006894,PT00993,PR013,Wound Dressing,2026-07-07,Evening,2,Completed
APT006895,PT01470,PR020,Vitals Check,2026-06-30,Afternoon,2,Completed
APT006896,PT01969,PR015,Nursing Visit,2026-06-27,Morning,8,Cancelled
APT006897,PT01802,PR006,Diabetic Care Visit,2026-07-16,Morning,9,Completed
APT006898,PT01380,PR011,Wound Dressing,2026-07-08,Afternoon,14,Completed
APT006899,PT00204,PR001,Physiotherapy Session,2026-07-31,Morning,6,Cancelled
APT006900,PT01757,PR005,Nursing Visit,2026-06-29,Evening,2,Completed
APT006901,PT01017,PR004,Post-Op Care,2026-06-03,Afternoon,2,Completed
APT006902,PT01676,PR004,Nursing Visit,2026-07-16,Evening,11,Cancelled
APT006903,PT01407,PR010,Nursing Visit,2026-08-25,Afternoon,12,Completed
APT006904,PT00974,PR002,Vitals Check,2026-07-10,Evening,7,Completed
APT006905,PT00791,PR006,Post-Op Care,2026-07-18,Morning,13,Cancelled
APT006906,PT01209,PR016,Diabetic Care Visit,2026-06-27,Morning,6,Completed
APT006907,PT00233,PR012,Physiotherapy Session,2026-08-12,Afternoon,14,Completed
APT006908,PT00454,PR008,Wound Dressing,2026-07-21,Morning,14,Cancelled
APT006909,PT00074,PR013,Wound Dressing,2026-06-09,Morning,7,Completed
APT006910,PT01390,PR002,Post-Op Care,2026-06-25,Morning,11,No-Show
APT006911,PT00960,PR014,Nursing Visit,2026-08-01,Morning,7,Completed
APT006912,PT00291,PR001,Physiotherapy Session,2026-08-14,Morning,11,Cancelled
APT006913,PT01810,PR006,Physiotherapy Session,2026-08-22,Morning,7,Completed
APT006914,PT01028,PR010,Vitals Check,2026-07-26,Morning,1,Completed
APT006915,PT01455,PR005,Vitals Check,2026-06-06,Morning,7,Completed
APT006916,PT00097,PR006,Wound Dressing,2026-06-22,Afternoon,14,Completed
APT006917,PT00173,PR002,Vitals Check,2026-08-02,Evening,6,No-Show
APT006918,PT01449,PR004,Nursing Visit,2026-07-03,Afternoon,11,Cancelled
APT006919,PT00643,PR010,Vitals Check,2026-07-29,Morning,2,Completed
APT006920,PT00183,PR002,Nursing Visit,2026-08-03,Evening,2,No-Show
APT006921,PT00468,PR008,Physiotherapy Session,2026-06-09,Morning,1,Completed
APT006922,PT00175,PR017,Nursing Visit,2026-07-14,Evening,11,Rescheduled
APT006923,PT01616,PR007,Post-Op Care,2026-06-15,Morning,4,Completed
APT006924,PT01611,PR004,Physiotherapy Session,2026-06-18,Morning,7,Completed
APT006925,PT00415,PR004,Nursing Visit,2026-08-13,Evening,14,Completed
APT006926,PT01723,PR010,Wound Dressing,2026-08-18,Afternoon,7,Cancelled
APT006927,PT01388,PR009,Physiotherapy Session,2026-06-01,Morning,12,Completed
APT006928,PT01497,PR013,Nursing Visit,2026-08-17,Afternoon,14,Cancelled
APT006929,PT00886,PR010,Vitals Check,2026-08-28,Morning,7,Cancelled
APT006930,PT01010,PR015,Nursing Visit,2026-07-19,Morning,2,Completed
APT006931,PT00367,PR012,Nursing Visit,2026-06-08,Evening,3,Completed
APT006932,PT00493,PR011,Diabetic Care Visit,2026-08-01,Evening,10,Completed
APT006933,PT00483,PR002,Diabetic Care Visit,2026-08-17,Evening,1,Completed
APT006934,PT00383,PR015,Wound Dressing,2026-06-19,Morning,7,Cancelled
APT006935,PT01672,PR003,Wound Dressing,2026-08-04,Afternoon,11,Completed
APT006936,PT00915,PR005,Wound Dressing,2026-08-10,Afternoon,13,Completed
APT006937,PT00569,PR010,Nursing Visit,2026-07-28,Afternoon,9,Completed
APT006938,PT00011,PR013,Wound Dressing,2026-06-16,Afternoon,9,Completed
APT006939,PT01381,PR015,Post-Op Care,2026-06-04,Afternoon,9,Completed
APT006940,PT01928,PR011,Vitals Check,2026-07-12,Afternoon,2,Completed
APT006941,PT01675,PR001,Physiotherapy Session,2026-06-22,Morning,0,Completed
APT006942,PT01253,PR002,Physiotherapy Session,2026-08-10,Afternoon,8,Completed
APT006943,PT00582,PR012,Wound Dressing,2026-06-02,Evening,12,Completed
APT006944,PT00529,PR009,Wound Dressing,2026-06-27,Afternoon,0,Completed
APT006945,PT01930,PR012,Wound Dressing,2026-08-13,Morning,5,Completed
APT006946,PT01069,PR007,Physiotherapy Session,2026-07-11,Evening,5,No-Show
APT006947,PT01716,PR013,Physiotherapy Session,2026-08-09,Morning,12,Cancelled
APT006948,PT01873,PR015,Nursing Visit,2026-07-21,Morning,6,Completed
APT006949,PT01823,PR015,Vitals Check,2026-06-17,Afternoon,7,Completed
APT006950,PT01731,PR012,Nursing Visit,2026-07-13,Morning,14,Completed
APT006951,PT00677,PR014,Wound Dressing,2026-07-03,Morning,11,Cancelled
APT006952,PT01855,PR014,Physiotherapy Session,2026-06-24,Morning,7,Completed
APT006953,PT01389,PR006,Nursing Visit,2026-07-16,Evening,9,No-Show
APT006954,PT01864,PR018,Diabetic Care Visit,2026-08-17,Morning,7,No-Show
APT006955,PT01326,PR015,Post-Op Care,2026-08-29,Evening,3,Completed
APT006956,PT01457,PR016,Post-Op Care,2026-07-19,Afternoon,2,Completed
APT006957,PT01505,PR004,Nursing Visit,2026-07-13,Morning,11,Completed
APT006958,PT01340,PR009,Vitals Check,2026-06-01,Morning,9,Cancelled
APT006959,PT01534,PR014,Diabetic Care Visit,2026-07-09,Afternoon,1,Completed
APT006960,PT01521,PR002,Nursing Visit,2026-07-04,Morning,11,Completed
APT006961,PT01390,PR002,Vitals Check,2026-07-25,Morning,2,Cancelled
APT006962,PT00122,PR009,Vitals Check,2026-06-28,Evening,10,Completed
APT006963,PT00967,PR015,Post-Op Care,2026-06-08,Morning,5,Completed
APT006964,PT01983,PR002,Wound Dressing,2026-08-06,Evening,12,Cancelled
APT006965,PT01946,PR010,Post-Op Care,2026-08-10,Morning,7,Completed
APT006966,PT01715,PR018,Wound Dressing,2026-06-30,Morning,7,Completed
APT006967,PT00251,PR008,Diabetic Care Visit,2026-07-23,Morning,1,Cancelled
APT006968,PT01943,PR001,Post-Op Care,2026-06-18,Morning,6,Completed
APT006969,PT01417,PR006,Post-Op Care,2026-08-20,Afternoon,13,Completed
APT006970,PT00881,PR005,Nursing Visit,2026-06-11,Afternoon,9,Cancelled
APT006971,PT00337,PR006,Physiotherapy Session,2026-08-07,Afternoon,5,Completed
APT006972,PT01481,PR010,Nursing Visit,2026-07-22,Afternoon,9,Completed
APT006973,PT01547,PR005,Nursing Visit,2026-06-17,Afternoon,4,Cancelled
APT006974,PT01952,PR002,Post-Op Care,2026-08-09,Morning,0,Completed
APT006975,PT01906,PR007,Wound Dressing,2026-07-25,Morning,5,Completed
APT006976,PT01298,PR003,Diabetic Care Visit,2026-08-04,Evening,5,Completed
APT006977,PT01612,PR008,Post-Op Care,2026-08-13,Afternoon,9,No-Show
APT006978,PT01700,PR016,Physiotherapy Session,2026-07-10,Morning,5,Completed
APT006979,PT01889,PR001,Physiotherapy Session,2026-06-03,Evening,13,Completed
APT006980,PT01501,PR007,Vitals Check,2026-07-12,Afternoon,8,Cancelled
APT006981,PT01915,PR010,Post-Op Care,2026-06-09,Morning,7,Completed
APT006982,PT01496,PR018,Nursing Visit,2026-08-01,Evening,5,Completed
APT006983,PT00137,PR005,Post-Op Care,2026-06-18,Evening,4,Completed
APT006984,PT00660,PR005,Post-Op Care,2026-07-06,Afternoon,1,Completed
APT006985,PT01041,PR016,Physiotherapy Session,2026-06-07,Evening,13,Completed
APT006986,PT01019,PR001,Post-Op Care,2026-08-17,Afternoon,2,Completed
APT006987,PT01489,PR004,Vitals Check,2026-07-27,Afternoon,9,Completed
APT006988,PT01530,PR008,Diabetic Care Visit,2026-06-14,Morning,4,No-Show
APT006989,PT00243,PR008,Wound Dressing,2026-08-04,Morning,14,Completed
APT006990,PT00998,PR013,Wound Dressing,2026-06-26,Morning,9,No-Show
APT006991,PT00281,PR016,Post-Op Care,2026-07-08,Afternoon,8,Completed
APT006992,PT01514,PR010,Physiotherapy Session,2026-06-16,Afternoon,0,Completed
APT006993,PT01829,PR012,Physiotherapy Session,2026-07-04,Morning,13,No-Show
APT006994,PT00204,PR016,Physiotherapy Session,2026-08-28,Afternoon,4,Rescheduled
APT006995,PT01105,PR002,Vitals Check,2026-06-13,Afternoon,10,No-Show
APT006996,PT00294,PR020,Physiotherapy Session,2026-07-08,Evening,13,No-Show
APT006997,PT01127,PR002,Physiotherapy Session,2026-06-26,Evening,13,Completed
APT006998,PT00280,PR010,Vitals Check,2026-08-28,Morning,13,Completed
APT006999,PT00135,PR012,Wound Dressing,2026-07-03,Afternoon,6,Completed
APT007000,PT00501,PR006,Physiotherapy Session,2026-06-29,Morning,14,No-Show
APT007001,PT01684,PR002,Nursing Visit,2026-07-11,Morning,7,Completed
APT007002,PT01001,PR013,Diabetic Care Visit,2026-07-10,Morning,14,Completed
APT007003,PT00425,PR007,Vitals Check,2026-08-12,Afternoon,1,No-Show
APT007004,PT01851,PR003,Vitals Check,2026-06-15,Morning,10,Completed
APT007005,PT01769,PR002,Vitals Check,2026-06-14,Afternoon,2,Completed
APT007006,PT01721,PR020,Nursing Visit,2026-07-14,Evening,2,Completed
APT007007,PT01168,PR003,Wound Dressing,2026-08-16,Afternoon,8,Completed
APT007008,PT00387,PR009,Wound Dressing,2026-07-15,Morning,1,No-Show
APT007009,PT01503,PR002,Vitals Check,2026-06-07,Afternoon,6,Completed
APT007010,PT01953,PR009,Physiotherapy Session,2026-07-16,Afternoon,6,Completed
APT007011,PT01032,PR008,Wound Dressing,2026-06-28,Evening,7,Completed
APT007012,PT01505,PR004,Vitals Check,2026-08-07,Evening,4,Completed
APT007013,PT00212,PR002,Diabetic Care Visit,2026-08-14,Morning,4,Completed
APT007014,PT00801,PR013,Nursing Visit,2026-07-27,Afternoon,11,No-Show
APT007015,PT00602,PR007,Vitals Check,2026-06-13,Afternoon,8,Cancelled
APT007016,PT01052,PR008,Physiotherapy Session,2026-06-21,Evening,1,Completed
APT007017,PT01930,PR018,Diabetic Care Visit,2026-07-29,Evening,12,Rescheduled
APT007018,PT00827,PR013,Diabetic Care Visit,2026-07-31,Morning,0,No-Show
APT007019,PT00911,PR011,Vitals Check,2026-06-29,Afternoon,8,Completed
APT007020,PT01459,PR013,Vitals Check,2026-08-14,Afternoon,14,Completed
APT007021,PT01082,PR009,Physiotherapy Session,2026-07-06,Morning,7,Completed
APT007022,PT00887,PR003,Post-Op Care,2026-06-19,Afternoon,4,Completed
APT007023,PT00892,PR019,Physiotherapy Session,2026-06-22,Morning,6,Cancelled
APT007024,PT00115,PR017,Nursing Visit,2026-06-15,Evening,11,Completed
APT007025,PT01764,PR020,Physiotherapy Session,2026-07-22,Morning,14,Completed
APT007026,PT01830,PR004,Vitals Check,2026-07-28,Evening,0,No-Show
APT007027,PT00545,PR001,Diabetic Care Visit,2026-07-02,Afternoon,12,No-Show
APT007028,PT00205,PR005,Nursing Visit,2026-06-27,Morning,0,Completed
APT007029,PT01532,PR004,Physiotherapy Session,2026-08-17,Morning,6,Completed
APT007030,PT01551,PR004,Nursing Visit,2026-06-06,Morning,10,Completed
APT007031,PT01227,PR013,Post-Op Care,2026-07-12,Evening,3,Completed
APT007032,PT01230,PR016,Nursing Visit,2026-06-06,Afternoon,6,Completed
APT007033,PT01231,PR005,Nursing Visit,2026-08-09,Evening,9,Completed
APT007034,PT00245,PR006,Physiotherapy Session,2026-07-08,Morning,13,No-Show
APT007035,PT00648,PR002,Physiotherapy Session,2026-08-25,Morning,0,Completed
APT007036,PT00054,PR011,Wound Dressing,2026-08-28,Afternoon,1,Completed
APT007037,PT00509,PR004,Post-Op Care,2026-06-16,Afternoon,10,Rescheduled
APT007038,PT01039,PR008,Nursing Visit,2026-07-05,Afternoon,8,Completed
APT007039,PT01558,PR012,Diabetic Care Visit,2026-06-04,Evening,1,Completed
APT007040,PT01267,PR006,Diabetic Care Visit,2026-07-24,Morning,11,Cancelled
APT007041,PT00322,PR007,Wound Dressing,2026-06-27,Morning,4,Completed
APT007042,PT00727,PR001,Wound Dressing,2026-06-21,Morning,7,Cancelled
APT007043,PT00348,PR001,Post-Op Care,2026-08-14,Morning,11,No-Show
APT007044,PT01047,PR007,Physiotherapy Session,2026-07-25,Evening,8,Completed
APT007045,PT01131,PR003,Nursing Visit,2026-06-24,Afternoon,13,Completed
APT007046,PT01136,PR013,Nursing Visit,2026-08-04,Afternoon,3,Completed
APT007047,PT00486,PR002,Vitals Check,2026-07-31,Evening,6,Completed
APT007048,PT01736,PR009,Vitals Check,2026-06-23,Morning,10,Completed
APT007049,PT00215,PR006,Nursing Visit,2026-07-04,Morning,8,Completed
APT007050,PT00404,PR001,Nursing Visit,2026-06-10,Morning,14,Completed
APT007051,PT00547,PR017,Diabetic Care Visit,2026-07-18,Morning,2,No-Show
APT007052,PT01487,PR011,Vitals Check,2026-08-11,Evening,11,No-Show
APT007053,PT01058,PR002,Nursing Visit,2026-06-27,Evening,13,Completed
APT007054,PT00619,PR008,Nursing Visit,2026-07-17,Morning,9,Completed
APT007055,PT00963,PR016,Vitals Check,2026-06-20,Evening,1,Completed
APT007056,PT00599,PR006,Post-Op Care,2026-07-06,Afternoon,14,Completed
APT007057,PT00161,PR002,Physiotherapy Session,2026-06-15,Morning,3,Completed
APT007058,PT00717,PR009,Diabetic Care Visit,2026-08-15,Afternoon,6,Completed
APT007059,PT01017,PR008,Nursing Visit,2026-08-19,Evening,1,No-Show
APT007060,PT00658,PR004,Vitals Check,2026-07-08,Evening,6,Rescheduled
APT007061,PT01815,PR008,Nursing Visit,2026-06-24,Morning,6,Completed
APT007062,PT01619,PR016,Diabetic Care Visit,2026-07-24,Morning,8,No-Show
APT007063,PT00493,PR012,Diabetic Care Visit,2026-08-13,Morning,6,No-Show
APT007064,PT01434,PR001,Nursing Visit,2026-07-20,Evening,3,Completed
APT007065,PT00465,PR017,Nursing Visit,2026-06-26,Afternoon,14,Completed
APT007066,PT01886,PR009,Physiotherapy Session,2026-06-22,Evening,5,Completed
APT007067,PT00864,PR018,Diabetic Care Visit,2026-08-20,Morning,2,No-Show
APT007068,PT00251,PR008,Physiotherapy Session,2026-07-13,Evening,10,No-Show
APT007069,PT00006,PR009,Wound Dressing,2026-06-14,Evening,0,Completed
APT007070,PT01340,PR007,Diabetic Care Visit,2026-08-12,Afternoon,0,No-Show
APT007071,PT00032,PR020,Nursing Visit,2026-06-18,Evening,5,Completed
APT007072,PT01901,PR006,Nursing Visit,2026-06-29,Afternoon,11,Completed
APT007073,PT01164,PR010,Post-Op Care,2026-06-15,Morning,6,Completed
APT007074,PT00608,PR015,Post-Op Care,2026-06-12,Morning,0,Completed
APT007075,PT01635,PR002,Wound Dressing,2026-08-15,Evening,6,Completed
APT007076,PT01222,PR010,Physiotherapy Session,2026-06-06,Morning,5,Completed
APT007077,PT01093,PR009,Diabetic Care Visit,2026-06-14,Evening,4,Completed
APT007078,PT01013,PR002,Wound Dressing,2026-06-22,Morning,0,Completed
APT007079,PT00385,PR004,Wound Dressing,2026-06-20,Morning,2,Cancelled
APT007080,PT01694,PR015,Nursing Visit,2026-06-15,Morning,10,Cancelled
APT007081,PT00600,PR015,Vitals Check,2026-07-25,Evening,6,Completed
APT007082,PT01224,PR010,Wound Dressing,2026-07-19,Afternoon,7,Completed
APT007083,PT01708,PR013,Vitals Check,2026-06-07,Morning,3,No-Show
APT007084,PT00675,PR013,Physiotherapy Session,2026-08-25,Morning,3,Completed
APT007085,PT00197,PR008,Wound Dressing,2026-06-17,Afternoon,9,Completed
APT007086,PT01118,PR010,Diabetic Care Visit,2026-08-17,Morning,4,Cancelled
APT007087,PT00312,PR015,Wound Dressing,2026-07-15,Morning,6,Completed
APT007088,PT00486,PR010,Vitals Check,2026-07-06,Morning,8,Completed
APT007089,PT01204,PR005,Physiotherapy Session,2026-06-29,Evening,10,Completed
APT007090,PT01977,PR002,Nursing Visit,2026-08-03,Evening,1,Completed
APT007091,PT00863,PR004,Post-Op Care,2026-08-19,Morning,3,Completed
APT007092,PT00814,PR020,Vitals Check,2026-08-24,Evening,11,No-Show
APT007093,PT01414,PR018,Post-Op Care,2026-06-28,Evening,4,Completed
APT007094,PT01728,PR001,Wound Dressing,2026-06-02,Afternoon,6,No-Show
APT007095,PT01143,PR008,Vitals Check,2026-06-13,Afternoon,0,Completed
APT007096,PT01685,PR015,Diabetic Care Visit,2026-06-02,Morning,7,Completed
APT007097,PT00261,PR002,Vitals Check,2026-06-04,Afternoon,2,Cancelled
APT007098,PT00947,PR002,Wound Dressing,2026-06-24,Morning,8,Completed
APT007099,PT00651,PR012,Post-Op Care,2026-07-30,Morning,9,Completed
APT007100,PT00433,PR019,Post-Op Care,2026-08-24,Afternoon,9,No-Show
APT007101,PT00240,PR018,Nursing Visit,2026-07-31,Afternoon,11,Completed
APT007102,PT00886,PR010,Post-Op Care,2026-06-18,Morning,13,Completed
APT007103,PT01568,PR020,Diabetic Care Visit,2026-08-01,Morning,5,Completed
APT007104,PT00637,PR019,Physiotherapy Session,2026-07-05,Morning,14,Completed
APT007105,PT01792,PR020,Wound Dressing,2026-08-24,Morning,5,Completed
APT007106,PT01469,PR008,Diabetic Care Visit,2026-07-11,Afternoon,6,No-Show
APT007107,PT01886,PR007,Diabetic Care Visit,2026-07-20,Evening,5,Completed
APT007108,PT00058,PR013,Wound Dressing,2026-06-13,Morning,5,Cancelled
APT007109,PT01720,PR002,Diabetic Care Visit,2026-08-03,Afternoon,1,Completed
APT007110,PT01108,PR002,Post-Op Care,2026-07-21,Afternoon,4,Completed
APT007111,PT00875,PR017,Nursing Visit,2026-07-26,Morning,4,Completed
APT007112,PT01703,PR003,Vitals Check,2026-06-20,Morning,3,Cancelled
APT007113,PT01662,PR020,Vitals Check,2026-06-27,Evening,2,Completed
APT007114,PT01735,PR006,Vitals Check,2026-06-10,Evening,2,Completed
APT007115,PT01177,PR015,Physiotherapy Session,2026-08-24,Evening,6,Completed
APT007116,PT01594,PR003,Wound Dressing,2026-07-21,Afternoon,14,Completed
APT007117,PT01950,PR003,Post-Op Care,2026-06-23,Morning,3,Completed
APT007118,PT01347,PR002,Nursing Visit,2026-07-22,Evening,1,Completed
APT007119,PT00606,PR002,Physiotherapy Session,2026-07-09,Evening,10,Completed
APT007120,PT00410,PR017,Nursing Visit,2026-08-07,Morning,10,Completed
APT007121,PT01549,PR009,Physiotherapy Session,2026-08-10,Morning,13,Rescheduled
APT007122,PT00215,PR007,Wound Dressing,2026-08-06,Evening,12,Completed
APT007123,PT01932,PR002,Physiotherapy Session,2026-08-08,Evening,3,Completed
APT007124,PT00984,PR002,Post-Op Care,2026-07-13,Morning,5,Completed
APT007125,PT00391,PR007,Nursing Visit,2026-08-03,Evening,0,Rescheduled
APT007126,PT01891,PR015,Diabetic Care Visit,2026-08-02,Evening,12,Completed
APT007127,PT01559,PR005,Physiotherapy Session,2026-06-21,Evening,11,Completed
APT007128,PT01184,PR002,Nursing Visit,2026-07-20,Morning,0,No-Show
APT007129,PT01396,PR010,Nursing Visit,2026-08-24,Morning,9,Completed
APT007130,PT01784,PR013,Physiotherapy Session,2026-07-29,Evening,8,Completed
APT007131,PT01071,PR009,Vitals Check,2026-06-27,Afternoon,2,Cancelled
APT007132,PT00416,PR010,Diabetic Care Visit,2026-06-12,Afternoon,13,Rescheduled
APT007133,PT01487,PR014,Nursing Visit,2026-08-03,Afternoon,0,Completed
APT007134,PT01878,PR010,Physiotherapy Session,2026-07-26,Morning,6,Completed
APT007135,PT01653,PR015,Wound Dressing,2026-07-10,Afternoon,10,Completed
APT007136,PT01164,PR010,Physiotherapy Session,2026-07-10,Afternoon,8,Completed
APT007137,PT00695,PR011,Physiotherapy Session,2026-08-14,Morning,12,Completed
APT007138,PT01874,PR017,Diabetic Care Visit,2026-08-21,Morning,0,Completed
APT007139,PT00258,PR008,Post-Op Care,2026-07-30,Morning,11,Completed
APT007140,PT00139,PR004,Wound Dressing,2026-07-22,Morning,9,Cancelled
APT007141,PT00211,PR002,Post-Op Care,2026-06-27,Afternoon,7,Completed
APT007142,PT01471,PR011,Wound Dressing,2026-08-05,Evening,7,Completed
APT007143,PT01624,PR005,Wound Dressing,2026-06-23,Evening,0,Completed
APT007144,PT00811,PR002,Post-Op Care,2026-07-10,Morning,1,Completed
APT007145,PT01974,PR009,Wound Dressing,2026-06-19,Afternoon,8,Completed
APT007146,PT01207,PR008,Diabetic Care Visit,2026-08-10,Afternoon,10,No-Show
APT007147,PT01009,PR004,Post-Op Care,2026-06-15,Evening,8,Cancelled
APT007148,PT00440,PR010,Nursing Visit,2026-06-09,Afternoon,5,No-Show
APT007149,PT00462,PR014,Nursing Visit,2026-07-01,Morning,0,Completed
APT007150,PT00116,PR009,Vitals Check,2026-06-24,Morning,3,No-Show
APT007151,PT00560,PR019,Vitals Check,2026-07-08,Evening,1,Completed
APT007152,PT00026,PR018,Physiotherapy Session,2026-06-17,Morning,10,Completed
APT007153,PT00229,PR020,Nursing Visit,2026-07-03,Afternoon,6,Completed
APT007154,PT01008,PR017,Vitals Check,2026-08-16,Evening,9,Rescheduled
APT007155,PT00610,PR010,Post-Op Care,2026-08-13,Morning,6,Completed
APT007156,PT00636,PR004,Nursing Visit,2026-08-21,Evening,0,Completed
APT007157,PT01702,PR012,Post-Op Care,2026-07-18,Afternoon,5,Cancelled
APT007158,PT01846,PR016,Diabetic Care Visit,2026-06-21,Afternoon,14,Cancelled
APT007159,PT00664,PR002,Physiotherapy Session,2026-08-14,Evening,13,Rescheduled
APT007160,PT01183,PR018,Vitals Check,2026-07-02,Afternoon,2,Rescheduled
APT007161,PT01276,PR018,Wound Dressing,2026-07-01,Morning,11,Completed
APT007162,PT00293,PR007,Nursing Visit,2026-07-07,Morning,6,Completed
APT007163,PT01426,PR008,Nursing Visit,2026-06-20,Morning,9,Completed
APT007164,PT01311,PR002,Diabetic Care Visit,2026-08-19,Afternoon,3,Completed
APT007165,PT00725,PR014,Post-Op Care,2026-07-29,Morning,13,No-Show
APT007166,PT01389,PR017,Diabetic Care Visit,2026-07-07,Evening,8,Completed
APT007167,PT01158,PR018,Wound Dressing,2026-07-04,Evening,13,Completed
APT007168,PT01499,PR003,Nursing Visit,2026-07-06,Afternoon,2,Completed
APT007169,PT01189,PR016,Vitals Check,2026-07-23,Evening,9,Completed
APT007170,PT00416,PR010,Nursing Visit,2026-06-13,Afternoon,5,Completed
APT007171,PT00422,PR010,Diabetic Care Visit,2026-06-10,Afternoon,5,No-Show
APT007172,PT01780,PR010,Nursing Visit,2026-08-12,Morning,8,Completed
APT007173,PT00870,PR010,Post-Op Care,2026-08-27,Evening,7,Completed
APT007174,PT00868,PR014,Physiotherapy Session,2026-08-24,Evening,13,Completed
APT007175,PT01415,PR010,Wound Dressing,2026-08-09,Evening,13,Rescheduled
APT007176,PT01334,PR006,Physiotherapy Session,2026-08-23,Evening,1,Completed
APT007177,PT01720,PR010,Nursing Visit,2026-08-15,Morning,11,Completed
APT007178,PT01975,PR017,Nursing Visit,2026-06-18,Morning,13,No-Show
APT007179,PT01595,PR010,Vitals Check,2026-07-29,Evening,14,Cancelled
APT007180,PT01405,PR015,Physiotherapy Session,2026-06-30,Morning,3,Completed
APT007181,PT01172,PR018,Diabetic Care Visit,2026-08-26,Evening,0,No-Show
APT007182,PT00929,PR018,Post-Op Care,2026-08-02,Afternoon,8,Completed
APT007183,PT00078,PR009,Nursing Visit,2026-08-26,Afternoon,4,Completed
APT007184,PT00976,PR005,Diabetic Care Visit,2026-07-08,Evening,8,Completed
APT007185,PT00021,PR006,Vitals Check,2026-07-08,Afternoon,13,No-Show
APT007186,PT01165,PR004,Physiotherapy Session,2026-07-26,Evening,10,Completed
APT007187,PT00566,PR006,Vitals Check,2026-07-08,Evening,3,No-Show
APT007188,PT01155,PR005,Post-Op Care,2026-06-30,Evening,8,Completed
APT007189,PT01346,PR010,Vitals Check,2026-08-10,Morning,3,Completed
APT007190,PT01436,PR004,Vitals Check,2026-08-06,Afternoon,0,Completed
APT007191,PT00339,PR010,Post-Op Care,2026-07-15,Morning,8,Completed
APT007192,PT01372,PR009,Post-Op Care,2026-06-08,Evening,7,Completed
APT007193,PT01930,PR020,Wound Dressing,2026-08-10,Morning,13,Cancelled
APT007194,PT00411,PR003,Diabetic Care Visit,2026-08-15,Morning,14,Rescheduled
APT007195,PT01908,PR019,Post-Op Care,2026-06-14,Afternoon,0,No-Show
APT007196,PT00651,PR020,Vitals Check,2026-08-26,Afternoon,3,No-Show
APT007197,PT01811,PR002,Wound Dressing,2026-07-23,Afternoon,6,Cancelled
APT007198,PT01478,PR019,Post-Op Care,2026-08-19,Afternoon,11,Completed
APT007199,PT01232,PR013,Vitals Check,2026-06-11,Evening,4,Completed
APT007200,PT00918,PR004,Nursing Visit,2026-07-29,Morning,13,Rescheduled
APT007201,PT00827,PR013,Diabetic Care Visit,2026-08-14,Morning,10,Completed
APT007202,PT01754,PR019,Post-Op Care,2026-07-31,Evening,2,Completed
APT007203,PT01675,PR015,Nursing Visit,2026-07-30,Evening,13,No-Show
APT007204,PT00708,PR008,Post-Op Care,2026-07-02,Evening,10,Completed
APT007205,PT01134,PR016,Diabetic Care Visit,2026-07-09,Evening,5,No-Show
APT007206,PT01107,PR016,Vitals Check,2026-07-20,Evening,8,Completed
APT007207,PT00661,PR015,Nursing Visit,2026-08-13,Morning,1,Completed
APT007208,PT01030,PR005,Wound Dressing,2026-06-10,Morning,0,Completed
APT007209,PT00703,PR008,Nursing Visit,2026-08-16,Afternoon,1,Completed
APT007210,PT00863,PR008,Wound Dressing,2026-08-28,Morning,0,Completed
APT007211,PT01850,PR003,Nursing Visit,2026-07-25,Afternoon,7,Completed
APT007212,PT01484,PR004,Vitals Check,2026-06-10,Afternoon,13,Completed
APT007213,PT01747,PR011,Wound Dressing,2026-07-25,Morning,2,Completed
APT007214,PT00817,PR007,Nursing Visit,2026-08-03,Afternoon,11,Completed
APT007215,PT00698,PR014,Wound Dressing,2026-07-04,Evening,1,Completed
APT007216,PT01865,PR019,Diabetic Care Visit,2026-08-08,Morning,3,Completed
APT007217,PT01705,PR005,Diabetic Care Visit,2026-08-12,Morning,13,Completed
APT007218,PT00681,PR020,Diabetic Care Visit,2026-07-08,Afternoon,12,Completed
APT007219,PT00559,PR007,Nursing Visit,2026-07-29,Morning,9,No-Show
APT007220,PT02000,PR013,Physiotherapy Session,2026-07-10,Morning,13,Completed
APT007221,PT00360,PR010,Physiotherapy Session,2026-06-01,Evening,11,No-Show
APT007222,PT01523,PR019,Post-Op Care,2026-08-14,Morning,4,Completed
APT007223,PT00441,PR004,Vitals Check,2026-07-30,Afternoon,9,Completed
APT007224,PT01465,PR008,Nursing Visit,2026-06-06,Morning,12,Completed
APT007225,PT00914,PR013,Diabetic Care Visit,2026-07-16,Afternoon,9,Rescheduled
APT007226,PT01154,PR003,Wound Dressing,2026-07-08,Afternoon,14,Completed
APT007227,PT01510,PR001,Diabetic Care Visit,2026-07-07,Afternoon,8,Completed
APT007228,PT01647,PR002,Physiotherapy Session,2026-07-23,Evening,0,Completed
APT007229,PT00647,PR001,Nursing Visit,2026-06-30,Morning,7,Completed
APT007230,PT00872,PR002,Post-Op Care,2026-07-23,Evening,0,Cancelled
APT007231,PT00919,PR008,Vitals Check,2026-08-04,Afternoon,1,Completed
APT007232,PT00606,PR010,Nursing Visit,2026-07-22,Evening,9,No-Show
APT007233,PT00391,PR003,Vitals Check,2026-06-18,Morning,1,Completed
APT007234,PT00331,PR008,Physiotherapy Session,2026-06-07,Afternoon,6,Completed
APT007235,PT01392,PR018,Physiotherapy Session,2026-07-16,Evening,8,Completed
APT007236,PT01049,PR005,Post-Op Care,2026-07-28,Afternoon,7,Completed
APT007237,PT00970,PR015,Post-Op Care,2026-07-26,Evening,5,Completed
APT007238,PT01922,PR008,Wound Dressing,2026-07-22,Evening,4,No-Show
APT007239,PT00485,PR014,Vitals Check,2026-07-29,Afternoon,5,Completed
APT007240,PT00990,PR001,Physiotherapy Session,2026-08-29,Morning,13,No-Show
APT007241,PT00391,PR006,Physiotherapy Session,2026-08-17,Morning,0,Completed
APT007242,PT01306,PR012,Post-Op Care,2026-07-17,Evening,10,No-Show
APT007243,PT00825,PR008,Physiotherapy Session,2026-07-14,Morning,13,No-Show
APT007244,PT01776,PR014,Post-Op Care,2026-08-14,Afternoon,1,Completed
APT007245,PT01850,PR017,Vitals Check,2026-06-18,Morning,7,Completed
APT007246,PT00187,PR004,Wound Dressing,2026-06-05,Afternoon,6,Completed
APT007247,PT00324,PR013,Nursing Visit,2026-06-21,Afternoon,5,Completed
APT007248,PT00531,PR003,Physiotherapy Session,2026-08-26,Evening,1,Cancelled
APT007249,PT00428,PR001,Physiotherapy Session,2026-08-19,Morning,3,No-Show
APT007250,PT01421,PR004,Post-Op Care,2026-06-28,Afternoon,9,Rescheduled
APT007251,PT01334,PR017,Vitals Check,2026-07-15,Morning,14,Completed
APT007252,PT00384,PR018,Vitals Check,2026-08-14,Afternoon,0,Completed
APT007253,PT01365,PR008,Post-Op Care,2026-06-30,Afternoon,12,Completed
APT007254,PT01676,PR008,Wound Dressing,2026-07-03,Afternoon,4,Cancelled
APT007255,PT00900,PR010,Post-Op Care,2026-06-29,Morning,6,No-Show
APT007256,PT01966,PR016,Nursing Visit,2026-08-01,Afternoon,3,Completed
APT007257,PT00546,PR020,Nursing Visit,2026-07-02,Morning,7,Completed
APT007258,PT01149,PR011,Diabetic Care Visit,2026-08-24,Morning,7,Cancelled
APT007259,PT00453,PR003,Vitals Check,2026-07-09,Morning,12,No-Show
APT007260,PT01153,PR004,Wound Dressing,2026-08-05,Morning,9,No-Show
APT007261,PT01927,PR006,Vitals Check,2026-07-28,Morning,1,Completed
APT007262,PT00356,PR014,Diabetic Care Visit,2026-08-01,Afternoon,10,Completed
APT007263,PT00746,PR014,Vitals Check,2026-06-21,Evening,3,Completed
APT007264,PT00033,PR011,Physiotherapy Session,2026-07-30,Morning,0,Completed
APT007265,PT00674,PR006,Wound Dressing,2026-06-15,Afternoon,1,Completed
APT007266,PT00358,PR002,Diabetic Care Visit,2026-06-29,Morning,10,Completed
APT007267,PT00805,PR010,Diabetic Care Visit,2026-06-10,Afternoon,9,Completed
APT007268,PT00499,PR014,Nursing Visit,2026-08-10,Morning,6,Completed
APT007269,PT00278,PR011,Nursing Visit,2026-07-29,Afternoon,2,Completed
APT007270,PT01080,PR002,Physiotherapy Session,2026-06-15,Afternoon,1,No-Show
APT007271,PT00474,PR004,Vitals Check,2026-07-30,Morning,5,Completed
APT007272,PT00946,PR002,Wound Dressing,2026-06-08,Evening,12,Completed
APT007273,PT00621,PR019,Wound Dressing,2026-07-06,Morning,10,Completed
APT007274,PT00425,PR003,Diabetic Care Visit,2026-06-03,Afternoon,1,Completed
APT007275,PT01867,PR002,Diabetic Care Visit,2026-08-08,Afternoon,10,Completed
APT007276,PT00092,PR016,Physiotherapy Session,2026-08-17,Afternoon,11,Completed
APT007277,PT00978,PR001,Post-Op Care,2026-07-26,Afternoon,8,Completed
APT007278,PT01946,PR002,Post-Op Care,2026-06-26,Morning,9,Completed
APT007279,PT00827,PR013,Vitals Check,2026-07-02,Evening,12,Completed
APT007280,PT01194,PR004,Diabetic Care Visit,2026-07-25,Evening,13,Completed
APT007281,PT00314,PR002,Diabetic Care Visit,2026-07-13,Evening,6,No-Show
APT007282,PT01805,PR014,Physiotherapy Session,2026-06-28,Evening,14,Completed
APT007283,PT01708,PR008,Vitals Check,2026-08-19,Afternoon,10,Completed
APT007284,PT00065,PR019,Wound Dressing,2026-07-26,Evening,7,Completed
APT007285,PT01245,PR002,Physiotherapy Session,2026-07-09,Afternoon,9,Cancelled
APT007286,PT00491,PR001,Nursing Visit,2026-07-13,Evening,6,Completed
APT007287,PT00249,PR011,Wound Dressing,2026-08-19,Afternoon,12,Completed
APT007288,PT00815,PR015,Physiotherapy Session,2026-07-19,Evening,12,Cancelled
APT007289,PT01895,PR013,Wound Dressing,2026-06-15,Afternoon,2,No-Show
APT007290,PT01551,PR004,Wound Dressing,2026-06-24,Afternoon,14,Completed
APT007291,PT01238,PR016,Post-Op Care,2026-06-23,Afternoon,6,No-Show
APT007292,PT00965,PR008,Diabetic Care Visit,2026-08-14,Morning,9,No-Show
APT007293,PT00454,PR013,Post-Op Care,2026-07-27,Afternoon,8,Cancelled
APT007294,PT00016,PR010,Wound Dressing,2026-08-25,Morning,7,Cancelled
APT007295,PT00590,PR004,Vitals Check,2026-06-02,Evening,8,No-Show
APT007296,PT00100,PR011,Wound Dressing,2026-08-10,Morning,9,Completed
APT007297,PT01633,PR018,Diabetic Care Visit,2026-06-29,Evening,5,Completed
APT007298,PT01366,PR010,Diabetic Care Visit,2026-06-28,Evening,0,Completed
APT007299,PT01817,PR009,Nursing Visit,2026-07-25,Afternoon,12,Completed
APT007300,PT00669,PR008,Nursing Visit,2026-07-11,Morning,11,No-Show
APT007301,PT00931,PR008,Wound Dressing,2026-07-26,Morning,0,Completed
APT007302,PT01027,PR017,Wound Dressing,2026-07-26,Evening,14,Completed
APT007303,PT01680,PR008,Vitals Check,2026-06-08,Afternoon,13,Completed
APT007304,PT00035,PR016,Nursing Visit,2026-08-19,Afternoon,6,No-Show
APT007305,PT00243,PR013,Diabetic Care Visit,2026-08-07,Afternoon,6,Completed
APT007306,PT01968,PR010,Nursing Visit,2026-06-18,Evening,0,Cancelled
APT007307,PT01331,PR010,Physiotherapy Session,2026-07-23,Evening,13,Cancelled
APT007308,PT01621,PR005,Diabetic Care Visit,2026-06-27,Afternoon,14,Completed
APT007309,PT00592,PR002,Post-Op Care,2026-08-22,Evening,8,Completed
APT007310,PT00773,PR010,Post-Op Care,2026-06-25,Evening,7,Completed
APT007311,PT00421,PR015,Physiotherapy Session,2026-06-20,Evening,10,Completed
APT007312,PT00964,PR013,Nursing Visit,2026-08-12,Evening,14,Completed
APT007313,PT01981,PR010,Physiotherapy Session,2026-07-14,Afternoon,1,No-Show
APT007314,PT01865,PR019,Diabetic Care Visit,2026-06-24,Afternoon,0,Completed
APT007315,PT01337,PR017,Vitals Check,2026-08-16,Afternoon,5,Completed
APT007316,PT00077,PR004,Wound Dressing,2026-08-13,Evening,8,Cancelled
APT007317,PT01571,PR017,Diabetic Care Visit,2026-08-18,Afternoon,8,Cancelled
APT007318,PT01577,PR004,Diabetic Care Visit,2026-07-26,Evening,12,Completed
APT007319,PT00993,PR004,Vitals Check,2026-08-13,Afternoon,14,Rescheduled
APT007320,PT00294,PR014,Diabetic Care Visit,2026-07-23,Afternoon,11,No-Show
APT007321,PT01650,PR004,Wound Dressing,2026-08-08,Evening,3,Completed
APT007322,PT00269,PR003,Diabetic Care Visit,2026-08-01,Morning,12,Completed
APT007323,PT00138,PR003,Physiotherapy Session,2026-06-05,Afternoon,13,Completed
APT007324,PT01064,PR013,Wound Dressing,2026-08-14,Morning,6,Completed
APT007325,PT00183,PR002,Wound Dressing,2026-06-15,Afternoon,0,No-Show
APT007326,PT00100,PR014,Wound Dressing,2026-07-06,Morning,12,Completed
APT007327,PT01494,PR004,Diabetic Care Visit,2026-07-05,Afternoon,6,Completed
APT007328,PT01800,PR007,Wound Dressing,2026-07-19,Morning,7,No-Show
APT007329,PT00530,PR010,Nursing Visit,2026-08-10,Morning,1,Completed
APT007330,PT01296,PR009,Post-Op Care,2026-07-08,Evening,9,Cancelled
APT007331,PT01087,PR018,Nursing Visit,2026-07-04,Evening,11,Completed
APT007332,PT01263,PR014,Wound Dressing,2026-08-18,Evening,5,Completed
APT007333,PT00300,PR015,Nursing Visit,2026-06-15,Morning,5,Cancelled
APT007334,PT01670,PR011,Wound Dressing,2026-08-14,Morning,4,Completed
APT007335,PT01785,PR002,Nursing Visit,2026-08-17,Afternoon,7,Completed
APT007336,PT00477,PR010,Diabetic Care Visit,2026-07-10,Afternoon,8,Completed
APT007337,PT00516,PR019,Physiotherapy Session,2026-07-04,Morning,5,Completed
APT007338,PT01500,PR011,Nursing Visit,2026-06-30,Evening,3,Completed
APT007339,PT00992,PR012,Wound Dressing,2026-08-08,Evening,7,No-Show
APT007340,PT01913,PR006,Vitals Check,2026-07-16,Afternoon,14,Completed
APT007341,PT00257,PR014,Vitals Check,2026-07-17,Morning,12,Rescheduled
APT007342,PT00656,PR015,Post-Op Care,2026-07-15,Afternoon,11,Cancelled
APT007343,PT00104,PR001,Diabetic Care Visit,2026-07-05,Afternoon,0,Completed
APT007344,PT00121,PR018,Vitals Check,2026-06-24,Evening,9,No-Show
APT007345,PT00764,PR020,Vitals Check,2026-07-08,Evening,8,Completed
APT007346,PT00345,PR010,Post-Op Care,2026-07-06,Morning,13,No-Show
APT007347,PT00409,PR003,Wound Dressing,2026-06-18,Evening,8,Completed
APT007348,PT00990,PR005,Physiotherapy Session,2026-06-10,Morning,3,Completed
APT007349,PT01163,PR003,Post-Op Care,2026-06-29,Afternoon,12,Completed
APT007350,PT01748,PR010,Post-Op Care,2026-07-04,Evening,2,Completed
APT007351,PT01465,PR013,Wound Dressing,2026-07-28,Morning,5,Completed
APT007352,PT01333,PR004,Diabetic Care Visit,2026-07-27,Afternoon,6,No-Show
APT007353,PT00617,PR016,Post-Op Care,2026-08-20,Afternoon,10,Completed
APT007354,PT00746,PR020,Post-Op Care,2026-06-21,Afternoon,13,Completed
APT007355,PT01962,PR009,Post-Op Care,2026-08-04,Afternoon,8,Completed
APT007356,PT00601,PR008,Nursing Visit,2026-08-01,Afternoon,2,Cancelled
APT007357,PT01743,PR015,Vitals Check,2026-06-23,Evening,12,Completed
APT007358,PT01422,PR002,Post-Op Care,2026-07-05,Morning,3,Cancelled
APT007359,PT01867,PR010,Diabetic Care Visit,2026-08-19,Evening,4,Completed
APT007360,PT01355,PR002,Wound Dressing,2026-08-15,Afternoon,2,Completed
APT007361,PT01207,PR013,Diabetic Care Visit,2026-07-12,Morning,2,No-Show
APT007362,PT01974,PR007,Nursing Visit,2026-06-28,Morning,10,No-Show
APT007363,PT00036,PR018,Post-Op Care,2026-07-03,Afternoon,2,No-Show
APT007364,PT00491,PR019,Diabetic Care Visit,2026-06-13,Morning,6,Completed
APT007365,PT01046,PR004,Diabetic Care Visit,2026-07-25,Morning,13,Completed
APT007366,PT00303,PR002,Diabetic Care Visit,2026-07-02,Morning,0,Completed
APT007367,PT00177,PR006,Post-Op Care,2026-07-19,Morning,10,Completed
APT007368,PT01303,PR012,Post-Op Care,2026-08-29,Afternoon,11,Completed
APT007369,PT00869,PR015,Physiotherapy Session,2026-08-06,Afternoon,12,No-Show
APT007370,PT00054,PR020,Nursing Visit,2026-08-03,Afternoon,5,Completed
APT007371,PT01215,PR007,Physiotherapy Session,2026-07-10,Evening,8,Completed
APT007372,PT01419,PR008,Vitals Check,2026-06-27,Morning,9,Cancelled
APT007373,PT00532,PR013,Diabetic Care Visit,2026-08-15,Afternoon,3,No-Show
APT007374,PT00612,PR001,Post-Op Care,2026-06-19,Afternoon,4,Cancelled
APT007375,PT00936,PR004,Nursing Visit,2026-07-04,Morning,4,Completed
APT007376,PT00052,PR005,Physiotherapy Session,2026-08-19,Evening,9,No-Show
APT007377,PT00581,PR018,Nursing Visit,2026-08-20,Evening,14,Completed
APT007378,PT00154,PR014,Diabetic Care Visit,2026-08-06,Morning,8,Completed
APT007379,PT00314,PR010,Nursing Visit,2026-06-01,Evening,12,Completed
APT007380,PT00545,PR015,Vitals Check,2026-08-23,Morning,12,Rescheduled
APT007381,PT00994,PR020,Post-Op Care,2026-06-18,Morning,0,Completed
APT007382,PT00034,PR010,Post-Op Care,2026-08-22,Morning,13,Cancelled
APT007383,PT01417,PR003,Post-Op Care,2026-06-23,Morning,4,Completed
APT007384,PT01409,PR015,Nursing Visit,2026-07-05,Afternoon,4,Completed
APT007385,PT01980,PR010,Physiotherapy Session,2026-08-12,Evening,5,No-Show
APT007386,PT01367,PR011,Vitals Check,2026-06-09,Afternoon,6,Completed
APT007387,PT00807,PR003,Vitals Check,2026-06-17,Evening,3,Cancelled
APT007388,PT01268,PR014,Vitals Check,2026-08-21,Afternoon,1,Completed
APT007389,PT00050,PR013,Vitals Check,2026-08-27,Morning,13,Completed
APT007390,PT00562,PR003,Wound Dressing,2026-08-05,Evening,2,Cancelled
APT007391,PT00757,PR007,Vitals Check,2026-08-03,Afternoon,5,Completed
APT007392,PT00947,PR002,Vitals Check,2026-08-03,Morning,3,No-Show
APT007393,PT00107,PR017,Diabetic Care Visit,2026-07-09,Afternoon,9,Completed
APT007394,PT00474,PR008,Physiotherapy Session,2026-07-01,Morning,2,Completed
APT007395,PT00183,PR010,Nursing Visit,2026-08-03,Morning,2,Cancelled
APT007396,PT00575,PR013,Nursing Visit,2026-08-18,Morning,0,Rescheduled
APT007397,PT01716,PR004,Diabetic Care Visit,2026-06-27,Evening,11,No-Show
APT007398,PT00127,PR009,Post-Op Care,2026-07-01,Morning,12,Completed
APT007399,PT01183,PR011,Nursing Visit,2026-07-18,Afternoon,13,Cancelled
APT007400,PT01509,PR006,Vitals Check,2026-06-19,Afternoon,10,Completed
APT007401,PT01972,PR010,Nursing Visit,2026-07-07,Evening,14,No-Show
APT007402,PT00243,PR013,Physiotherapy Session,2026-07-06,Morning,1,Completed
APT007403,PT00182,PR006,Wound Dressing,2026-08-14,Evening,7,No-Show
APT007404,PT00243,PR008,Wound Dressing,2026-08-16,Evening,7,Completed
APT007405,PT01399,PR012,Diabetic Care Visit,2026-08-24,Afternoon,2,Completed
APT007406,PT01359,PR015,Physiotherapy Session,2026-06-04,Morning,1,Completed
APT007407,PT01025,PR015,Wound Dressing,2026-07-18,Morning,2,Completed
APT007408,PT00063,PR014,Post-Op Care,2026-06-01,Morning,1,Cancelled
APT007409,PT01906,PR009,Diabetic Care Visit,2026-08-05,Evening,13,Completed
APT007410,PT01645,PR012,Wound Dressing,2026-08-14,Morning,8,No-Show
APT007411,PT01390,PR010,Vitals Check,2026-06-01,Morning,7,Completed
APT007412,PT01455,PR019,Vitals Check,2026-08-24,Morning,0,Rescheduled
APT007413,PT00164,PR001,Post-Op Care,2026-08-26,Morning,13,Cancelled
APT007414,PT01248,PR008,Post-Op Care,2026-06-15,Morning,4,Cancelled
APT007415,PT01881,PR010,Post-Op Care,2026-07-07,Evening,11,Completed
APT007416,PT00861,PR008,Vitals Check,2026-07-19,Morning,6,Completed
APT007417,PT01687,PR014,Vitals Check,2026-06-29,Afternoon,10,No-Show
APT007418,PT00606,PR010,Physiotherapy Session,2026-08-27,Afternoon,10,Completed
APT007419,PT01111,PR009,Physiotherapy Session,2026-07-31,Evening,12,Cancelled
APT007420,PT00569,PR010,Nursing Visit,2026-08-08,Afternoon,6,Completed
APT007421,PT01375,PR001,Nursing Visit,2026-07-17,Afternoon,13,Completed
APT007422,PT01810,PR003,Nursing Visit,2026-07-20,Afternoon,7,Completed
APT007423,PT01112,PR011,Diabetic Care Visit,2026-06-12,Morning,8,Completed
APT007424,PT01885,PR011,Nursing Visit,2026-07-23,Morning,6,Completed
APT007425,PT00993,PR013,Diabetic Care Visit,2026-07-23,Morning,5,Completed
APT007426,PT00637,PR005,Nursing Visit,2026-06-04,Afternoon,3,Cancelled
APT007427,PT01317,PR011,Post-Op Care,2026-06-04,Evening,3,Completed
APT007428,PT01052,PR008,Physiotherapy Session,2026-07-20,Morning,1,Completed
APT007429,PT00122,PR003,Vitals Check,2026-07-31,Evening,11,Completed
APT007430,PT00456,PR020,Nursing Visit,2026-06-05,Morning,8,Completed
APT007431,PT00531,PR003,Vitals Check,2026-06-15,Morning,3,No-Show
APT007432,PT00484,PR007,Diabetic Care Visit,2026-08-28,Afternoon,0,Completed
APT007433,PT00197,PR004,Diabetic Care Visit,2026-08-06,Afternoon,12,Completed
APT007434,PT00320,PR013,Vitals Check,2026-08-08,Morning,4,Cancelled
APT007435,PT00702,PR014,Post-Op Care,2026-08-14,Morning,8,No-Show
APT007436,PT00043,PR003,Physiotherapy Session,2026-07-03,Morning,8,Completed
APT007437,PT00120,PR003,Nursing Visit,2026-07-13,Afternoon,10,Completed
APT007438,PT01301,PR020,Vitals Check,2026-07-08,Afternoon,7,Cancelled
APT007439,PT00358,PR010,Vitals Check,2026-07-07,Afternoon,12,Completed
APT007440,PT00554,PR003,Physiotherapy Session,2026-07-14,Morning,1,Completed
APT007441,PT01618,PR010,Physiotherapy Session,2026-07-12,Morning,5,Completed
APT007442,PT01431,PR001,Diabetic Care Visit,2026-08-13,Morning,10,Completed
APT007443,PT00741,PR004,Nursing Visit,2026-07-16,Evening,1,Completed
APT007444,PT00816,PR008,Nursing Visit,2026-07-30,Afternoon,10,No-Show
APT007445,PT00836,PR017,Physiotherapy Session,2026-07-18,Morning,9,Completed
APT007446,PT01216,PR020,Diabetic Care Visit,2026-08-04,Morning,13,No-Show
APT007447,PT01165,PR004,Post-Op Care,2026-08-07,Morning,7,No-Show
APT007448,PT01258,PR019,Post-Op Care,2026-07-29,Evening,4,No-Show
APT007449,PT00274,PR016,Wound Dressing,2026-08-10,Afternoon,13,Completed
APT007450,PT01353,PR020,Wound Dressing,2026-08-03,Afternoon,11,Completed
APT007451,PT00951,PR004,Diabetic Care Visit,2026-06-06,Evening,9,Completed
APT007452,PT01628,PR020,Vitals Check,2026-06-20,Evening,7,Completed
APT007453,PT00457,PR007,Wound Dressing,2026-07-10,Morning,11,Cancelled
APT007454,PT00755,PR006,Diabetic Care Visit,2026-06-29,Morning,3,Completed
APT007455,PT00683,PR001,Wound Dressing,2026-08-15,Afternoon,4,Completed
APT007456,PT00059,PR013,Physiotherapy Session,2026-08-02,Afternoon,2,No-Show
APT007457,PT01955,PR016,Vitals Check,2026-07-13,Afternoon,7,Completed
APT007458,PT01535,PR013,Diabetic Care Visit,2026-08-14,Evening,9,Rescheduled
APT007459,PT01063,PR016,Physiotherapy Session,2026-08-21,Afternoon,12,Completed
APT007460,PT01373,PR009,Nursing Visit,2026-08-27,Evening,1,No-Show
APT007461,PT01568,PR020,Wound Dressing,2026-06-22,Morning,11,No-Show
APT007462,PT00658,PR008,Nursing Visit,2026-06-02,Evening,5,Completed
APT007463,PT01379,PR014,Nursing Visit,2026-07-29,Afternoon,1,No-Show
APT007464,PT01673,PR002,Wound Dressing,2026-08-01,Evening,5,No-Show
APT007465,PT00197,PR004,Nursing Visit,2026-06-22,Evening,0,Completed
APT007466,PT00659,PR002,Nursing Visit,2026-06-30,Evening,5,No-Show
APT007467,PT00670,PR005,Vitals Check,2026-06-18,Evening,7,Completed
APT007468,PT01597,PR019,Wound Dressing,2026-07-28,Evening,1,Completed
APT007469,PT01941,PR010,Physiotherapy Session,2026-06-09,Morning,10,Completed
APT007470,PT01068,PR004,Vitals Check,2026-08-17,Evening,5,Cancelled
APT007471,PT00795,PR002,Physiotherapy Session,2026-08-20,Evening,1,Completed
APT007472,PT00391,PR017,Vitals Check,2026-08-25,Afternoon,13,Completed
APT007473,PT01570,PR001,Nursing Visit,2026-06-05,Morning,13,Completed
APT007474,PT00652,PR003,Wound Dressing,2026-08-19,Afternoon,1,Completed
APT007475,PT00163,PR010,Diabetic Care Visit,2026-08-13,Afternoon,14,Rescheduled
APT007476,PT01478,PR001,Diabetic Care Visit,2026-08-04,Evening,2,Cancelled
APT007477,PT00990,PR016,Physiotherapy Session,2026-07-20,Evening,5,Completed
APT007478,PT01467,PR019,Vitals Check,2026-07-25,Afternoon,7,Completed
APT007479,PT00875,PR003,Post-Op Care,2026-06-13,Afternoon,2,Completed
APT007480,PT00884,PR002,Nursing Visit,2026-08-02,Afternoon,12,Completed
APT007481,PT01583,PR019,Post-Op Care,2026-07-19,Morning,12,Completed
APT007482,PT01143,PR008,Nursing Visit,2026-08-25,Evening,0,Completed
APT007483,PT01427,PR006,Vitals Check,2026-08-03,Morning,5,Completed
APT007484,PT01492,PR014,Wound Dressing,2026-08-22,Evening,8,Completed
APT007485,PT00384,PR020,Diabetic Care Visit,2026-06-19,Morning,0,Completed
APT007486,PT00456,PR018,Nursing Visit,2026-06-19,Afternoon,14,Cancelled
APT007487,PT01398,PR011,Physiotherapy Session,2026-06-30,Evening,8,Completed
APT007488,PT00526,PR010,Wound Dressing,2026-06-28,Afternoon,5,No-Show
APT007489,PT01923,PR005,Wound Dressing,2026-07-01,Evening,14,No-Show
APT007490,PT01928,PR020,Vitals Check,2026-08-26,Afternoon,5,Completed
APT007491,PT00838,PR019,Nursing Visit,2026-07-23,Afternoon,10,Cancelled
APT007492,PT00327,PR019,Post-Op Care,2026-06-11,Morning,12,No-Show
APT007493,PT00731,PR012,Diabetic Care Visit,2026-06-18,Morning,2,Completed
APT007494,PT01139,PR013,Physiotherapy Session,2026-07-15,Afternoon,6,Rescheduled
APT007495,PT00415,PR004,Nursing Visit,2026-07-13,Morning,8,Completed
APT007496,PT01168,PR006,Physiotherapy Session,2026-07-12,Morning,0,Completed
APT007497,PT00205,PR001,Nursing Visit,2026-08-02,Evening,12,Cancelled
APT007498,PT00902,PR003,Vitals Check,2026-07-06,Afternoon,2,Completed
APT007499,PT01583,PR015,Physiotherapy Session,2026-07-08,Afternoon,4,Completed
APT007500,PT00835,PR005,Wound Dressing,2026-08-05,Evening,8,Completed
APT007501,PT01830,PR004,Post-Op Care,2026-06-07,Evening,3,No-Show
APT007502,PT01712,PR019,Physiotherapy Session,2026-06-21,Afternoon,6,Completed
APT007503,PT01653,PR019,Nursing Visit,2026-07-02,Morning,8,Completed
APT007504,PT00351,PR012,Wound Dressing,2026-07-12,Morning,12,Completed
APT007505,PT00645,PR012,Diabetic Care Visit,2026-07-07,Afternoon,0,Completed
APT007506,PT00158,PR002,Diabetic Care Visit,2026-08-05,Afternoon,1,Completed
APT007507,PT00822,PR012,Wound Dressing,2026-08-01,Afternoon,14,Completed
APT007508,PT00911,PR020,Physiotherapy Session,2026-08-15,Evening,6,Completed
APT007509,PT01965,PR017,Wound Dressing,2026-08-17,Afternoon,12,Completed
APT007510,PT01220,PR018,Vitals Check,2026-08-09,Afternoon,3,Completed
APT007511,PT00496,PR002,Nursing Visit,2026-07-15,Evening,13,Completed
APT007512,PT01913,PR017,Post-Op Care,2026-06-24,Afternoon,14,Cancelled
APT007513,PT01060,PR014,Physiotherapy Session,2026-08-03,Evening,1,Completed
APT007514,PT00276,PR013,Vitals Check,2026-07-07,Afternoon,4,Completed
APT007515,PT01402,PR013,Physiotherapy Session,2026-08-13,Afternoon,12,Completed
APT007516,PT01625,PR002,Vitals Check,2026-07-04,Evening,14,No-Show
APT007517,PT00112,PR020,Nursing Visit,2026-07-08,Morning,1,Completed
APT007518,PT01241,PR020,Nursing Visit,2026-08-24,Afternoon,4,Completed
APT007519,PT01012,PR009,Nursing Visit,2026-06-18,Afternoon,10,Rescheduled
APT007520,PT00302,PR004,Nursing Visit,2026-06-28,Afternoon,7,Completed
APT007521,PT01965,PR009,Wound Dressing,2026-06-18,Morning,10,Completed
APT007522,PT01126,PR010,Nursing Visit,2026-07-22,Afternoon,10,Completed
APT007523,PT01776,PR012,Physiotherapy Session,2026-07-19,Evening,5,Completed
APT007524,PT00320,PR008,Vitals Check,2026-08-04,Morning,0,Completed
APT007525,PT01795,PR002,Wound Dressing,2026-07-04,Morning,3,No-Show
APT007526,PT00749,PR010,Physiotherapy Session,2026-08-16,Morning,10,Completed
APT007527,PT01720,PR010,Wound Dressing,2026-07-11,Morning,14,Completed
APT007528,PT00047,PR013,Diabetic Care Visit,2026-06-22,Afternoon,11,Completed
APT007529,PT00595,PR012,Vitals Check,2026-08-29,Afternoon,4,Completed
APT007530,PT00282,PR013,Wound Dressing,2026-07-26,Morning,5,No-Show
APT007531,PT01506,PR016,Nursing Visit,2026-06-19,Afternoon,12,Completed
APT007532,PT01908,PR019,Vitals Check,2026-08-19,Morning,11,Completed
APT007533,PT00806,PR018,Diabetic Care Visit,2026-07-03,Afternoon,1,No-Show
APT007534,PT01360,PR001,Post-Op Care,2026-06-04,Morning,6,Completed
APT007535,PT00755,PR007,Vitals Check,2026-07-01,Morning,12,No-Show
APT007536,PT01946,PR002,Vitals Check,2026-07-06,Morning,9,Completed
APT007537,PT00337,PR009,Vitals Check,2026-06-03,Afternoon,0,Completed
APT007538,PT00588,PR010,Diabetic Care Visit,2026-07-03,Afternoon,4,Completed
APT007539,PT01654,PR019,Vitals Check,2026-06-02,Morning,9,Completed
APT007540,PT00239,PR007,Nursing Visit,2026-06-20,Morning,12,No-Show
APT007541,PT00633,PR016,Post-Op Care,2026-08-06,Afternoon,11,Completed
APT007542,PT00278,PR011,Wound Dressing,2026-07-21,Evening,2,Completed
APT007543,PT00327,PR019,Diabetic Care Visit,2026-06-08,Evening,7,Cancelled
APT007544,PT00232,PR015,Diabetic Care Visit,2026-08-15,Afternoon,14,Completed
APT007545,PT01934,PR006,Wound Dressing,2026-06-13,Afternoon,13,Completed
APT007546,PT00705,PR014,Physiotherapy Session,2026-08-29,Afternoon,6,Completed
APT007547,PT01853,PR019,Nursing Visit,2026-08-01,Afternoon,0,No-Show
APT007548,PT00305,PR004,Nursing Visit,2026-07-16,Evening,14,Completed
APT007549,PT00313,PR015,Physiotherapy Session,2026-08-14,Afternoon,10,Completed
APT007550,PT00936,PR004,Diabetic Care Visit,2026-08-16,Evening,13,Completed
APT007551,PT01600,PR018,Vitals Check,2026-07-04,Morning,5,Completed
APT007552,PT01898,PR018,Diabetic Care Visit,2026-07-08,Evening,12,No-Show
APT007553,PT00111,PR010,Physiotherapy Session,2026-06-18,Afternoon,4,Completed
APT007554,PT00948,PR012,Wound Dressing,2026-07-25,Afternoon,5,No-Show
APT007555,PT00260,PR006,Post-Op Care,2026-07-08,Afternoon,8,Cancelled
APT007556,PT00736,PR008,Vitals Check,2026-08-17,Afternoon,6,Completed
APT007557,PT01290,PR012,Post-Op Care,2026-06-04,Morning,0,Completed
APT007558,PT00524,PR004,Vitals Check,2026-06-24,Evening,12,Completed
APT007559,PT01178,PR016,Vitals Check,2026-07-25,Afternoon,0,Completed
APT007560,PT01799,PR019,Vitals Check,2026-07-22,Afternoon,2,Completed
APT007561,PT01859,PR011,Vitals Check,2026-07-23,Morning,0,Completed
APT007562,PT00738,PR007,Diabetic Care Visit,2026-06-28,Afternoon,10,Completed
APT007563,PT01742,PR004,Post-Op Care,2026-08-05,Evening,12,No-Show
APT007564,PT00914,PR013,Post-Op Care,2026-06-06,Afternoon,2,Completed
APT007565,PT01168,PR007,Vitals Check,2026-06-02,Morning,9,Completed
APT007566,PT00885,PR019,Nursing Visit,2026-07-24,Evening,3,Completed
APT007567,PT01391,PR002,Post-Op Care,2026-06-06,Evening,0,Completed
APT007568,PT00113,PR002,Physiotherapy Session,2026-06-22,Evening,7,No-Show
APT007569,PT00629,PR007,Nursing Visit,2026-06-09,Morning,14,Completed
APT007570,PT00699,PR005,Diabetic Care Visit,2026-07-31,Afternoon,3,Completed
APT007571,PT00399,PR009,Wound Dressing,2026-07-25,Afternoon,5,Completed
APT007572,PT01032,PR008,Vitals Check,2026-06-20,Morning,12,Completed
APT007573,PT01674,PR011,Wound Dressing,2026-06-18,Afternoon,7,Cancelled
APT007574,PT01058,PR010,Post-Op Care,2026-08-20,Afternoon,2,Completed
APT007575,PT01064,PR013,Physiotherapy Session,2026-08-10,Evening,12,No-Show
APT007576,PT00452,PR002,Wound Dressing,2026-06-19,Morning,5,Cancelled
APT007577,PT01602,PR010,Diabetic Care Visit,2026-07-24,Afternoon,2,Completed
APT007578,PT01961,PR012,Diabetic Care Visit,2026-08-12,Afternoon,1,Completed
APT007579,PT00549,PR020,Wound Dressing,2026-08-27,Evening,3,Cancelled
APT007580,PT00095,PR020,Post-Op Care,2026-06-02,Afternoon,10,Completed
APT007581,PT01998,PR003,Physiotherapy Session,2026-07-31,Afternoon,8,Rescheduled
APT007582,PT01454,PR004,Nursing Visit,2026-08-11,Morning,13,Completed
APT007583,PT01075,PR008,Physiotherapy Session,2026-07-09,Evening,8,Completed
APT007584,PT00992,PR018,Nursing Visit,2026-07-28,Afternoon,11,Completed
APT007585,PT00205,PR001,Wound Dressing,2026-06-10,Morning,11,Cancelled
APT007586,PT01548,PR010,Physiotherapy Session,2026-06-25,Evening,3,Completed
APT007587,PT00465,PR017,Wound Dressing,2026-08-28,Evening,1,Completed
APT007588,PT01870,PR006,Vitals Check,2026-08-28,Morning,3,Cancelled
APT007589,PT01949,PR011,Post-Op Care,2026-06-12,Afternoon,0,Completed
APT007590,PT01380,PR018,Post-Op Care,2026-08-21,Evening,14,Completed
APT007591,PT00470,PR014,Diabetic Care Visit,2026-06-18,Morning,10,Completed
APT007592,PT01703,PR003,Vitals Check,2026-06-15,Afternoon,6,Completed
APT007593,PT00685,PR011,Post-Op Care,2026-07-14,Evening,10,Completed
APT007594,PT00476,PR008,Physiotherapy Session,2026-08-23,Afternoon,14,Completed
APT007595,PT00126,PR010,Post-Op Care,2026-08-15,Morning,6,Completed
APT007596,PT00121,PR020,Diabetic Care Visit,2026-06-03,Morning,10,Rescheduled
APT007597,PT00315,PR020,Post-Op Care,2026-06-16,Morning,8,Completed
APT007598,PT01038,PR010,Post-Op Care,2026-08-12,Afternoon,0,Completed
APT007599,PT00758,PR015,Wound Dressing,2026-06-15,Morning,11,Completed
APT007600,PT00645,PR020,Post-Op Care,2026-08-19,Evening,6,Completed
APT007601,PT00123,PR018,Vitals Check,2026-08-08,Afternoon,4,Completed
APT007602,PT00445,PR012,Post-Op Care,2026-07-31,Evening,2,No-Show
APT007603,PT00402,PR004,Post-Op Care,2026-06-03,Evening,1,Completed
APT007604,PT01758,PR014,Nursing Visit,2026-06-08,Evening,10,Completed
APT007605,PT00657,PR005,Nursing Visit,2026-07-10,Evening,13,No-Show
APT007606,PT00700,PR002,Vitals Check,2026-08-26,Afternoon,5,Completed
APT007607,PT00064,PR018,Wound Dressing,2026-06-26,Morning,10,Cancelled
APT007608,PT01779,PR002,Diabetic Care Visit,2026-06-28,Morning,9,Completed
APT007609,PT01436,PR013,Diabetic Care Visit,2026-06-23,Evening,2,Completed
APT007610,PT00563,PR002,Wound Dressing,2026-08-08,Morning,3,Completed
APT007611,PT00793,PR018,Post-Op Care,2026-07-21,Morning,12,Completed
APT007612,PT00688,PR010,Post-Op Care,2026-08-06,Evening,6,Cancelled
APT007613,PT01200,PR007,Post-Op Care,2026-06-30,Afternoon,1,Completed
APT007614,PT00355,PR006,Post-Op Care,2026-08-01,Evening,0,Completed
APT007615,PT00011,PR013,Vitals Check,2026-06-07,Afternoon,11,Completed
APT007616,PT01676,PR004,Nursing Visit,2026-06-15,Morning,8,No-Show
APT007617,PT01330,PR006,Wound Dressing,2026-08-27,Afternoon,6,No-Show
APT007618,PT01332,PR004,Diabetic Care Visit,2026-08-03,Afternoon,0,Completed
APT007619,PT00338,PR014,Diabetic Care Visit,2026-07-11,Morning,14,Completed
APT007620,PT00838,PR019,Wound Dressing,2026-06-09,Evening,3,Completed
APT007621,PT00803,PR015,Diabetic Care Visit,2026-06-15,Evening,12,Completed
APT007622,PT01098,PR005,Physiotherapy Session,2026-07-11,Morning,2,No-Show
APT007623,PT01600,PR018,Wound Dressing,2026-06-05,Evening,12,Completed
APT007624,PT01969,PR005,Nursing Visit,2026-06-30,Morning,14,Cancelled
APT007625,PT01123,PR002,Post-Op Care,2026-08-08,Afternoon,8,No-Show
APT007626,PT01133,PR014,Wound Dressing,2026-07-03,Afternoon,3,Cancelled
APT007627,PT01947,PR013,Vitals Check,2026-06-01,Evening,13,Rescheduled
APT007628,PT01395,PR004,Nursing Visit,2026-06-10,Evening,13,No-Show
APT007629,PT01454,PR013,Physiotherapy Session,2026-06-30,Morning,4,Completed
APT007630,PT00483,PR010,Vitals Check,2026-06-18,Afternoon,14,Cancelled
APT007631,PT01781,PR014,Post-Op Care,2026-08-18,Morning,1,Completed
APT007632,PT01409,PR001,Wound Dressing,2026-07-02,Morning,8,Completed
APT007633,PT00797,PR012,Physiotherapy Session,2026-07-07,Evening,9,Completed
APT007634,PT00594,PR008,Physiotherapy Session,2026-08-21,Afternoon,6,Completed
APT007635,PT00350,PR013,Wound Dressing,2026-06-09,Morning,14,Completed
APT007636,PT00795,PR010,Diabetic Care Visit,2026-07-31,Evening,7,Completed
APT007637,PT01641,PR012,Diabetic Care Visit,2026-06-19,Evening,7,Cancelled
APT007638,PT00322,PR006,Wound Dressing,2026-06-02,Evening,1,Completed
APT007639,PT00422,PR002,Wound Dressing,2026-07-16,Morning,4,Completed
APT007640,PT00659,PR010,Diabetic Care Visit,2026-06-03,Morning,1,Rescheduled
APT007641,PT01598,PR020,Vitals Check,2026-06-07,Morning,14,Completed
APT007642,PT00082,PR010,Nursing Visit,2026-08-09,Evening,0,Completed
APT007643,PT01952,PR002,Post-Op Care,2026-06-23,Morning,6,Completed
APT007644,PT00489,PR012,Wound Dressing,2026-06-03,Evening,8,Completed
APT007645,PT01184,PR002,Post-Op Care,2026-08-03,Afternoon,10,Completed
APT007646,PT01616,PR009,Nursing Visit,2026-07-13,Afternoon,0,Completed
APT007647,PT01718,PR007,Physiotherapy Session,2026-08-15,Morning,6,Completed
APT007648,PT01746,PR005,Diabetic Care Visit,2026-06-03,Evening,9,Completed
APT007649,PT00110,PR008,Post-Op Care,2026-06-27,Morning,3,Completed
APT007650,PT00245,PR003,Physiotherapy Session,2026-08-04,Evening,9,Cancelled
APT007651,PT00191,PR016,Vitals Check,2026-07-22,Afternoon,13,Completed
APT007652,PT00365,PR001,Physiotherapy Session,2026-07-22,Morning,9,Completed
APT007653,PT00798,PR004,Wound Dressing,2026-08-29,Morning,5,Completed
APT007654,PT01707,PR001,Vitals Check,2026-07-29,Morning,5,No-Show
APT007655,PT00733,PR013,Vitals Check,2026-06-20,Afternoon,5,Cancelled
APT007656,PT01048,PR004,Wound Dressing,2026-08-03,Morning,8,Completed
APT007657,PT01421,PR013,Diabetic Care Visit,2026-06-18,Morning,6,Completed
APT007658,PT01072,PR010,Wound Dressing,2026-06-06,Afternoon,2,Completed
APT007659,PT00499,PR018,Physiotherapy Session,2026-07-23,Morning,7,Completed
APT007660,PT00777,PR013,Diabetic Care Visit,2026-08-06,Afternoon,0,Completed
APT007661,PT00140,PR002,Post-Op Care,2026-06-29,Afternoon,11,Completed
APT007662,PT00342,PR016,Post-Op Care,2026-06-22,Evening,11,No-Show
APT007663,PT01039,PR013,Diabetic Care Visit,2026-08-06,Evening,8,Completed
APT007664,PT01184,PR010,Nursing Visit,2026-07-28,Evening,6,No-Show
APT007665,PT01669,PR015,Post-Op Care,2026-08-18,Afternoon,8,Completed
APT007666,PT01494,PR008,Physiotherapy Session,2026-06-05,Morning,5,Cancelled
APT007667,PT00971,PR018,Vitals Check,2026-08-14,Afternoon,7,Completed
APT007668,PT00251,PR008,Wound Dressing,2026-06-20,Evening,6,Completed
APT007669,PT00501,PR017,Wound Dressing,2026-08-28,Afternoon,4,Completed
APT007670,PT00046,PR006,Physiotherapy Session,2026-08-10,Afternoon,9,Completed
APT007671,PT00624,PR005,Post-Op Care,2026-07-15,Evening,7,Completed
APT007672,PT00904,PR006,Wound Dressing,2026-06-05,Morning,9,Completed
APT007673,PT01438,PR020,Diabetic Care Visit,2026-07-18,Morning,11,No-Show
APT007674,PT01222,PR002,Nursing Visit,2026-08-10,Afternoon,0,Completed
APT007675,PT00917,PR019,Vitals Check,2026-06-16,Morning,3,Completed
APT007676,PT00584,PR011,Nursing Visit,2026-08-05,Evening,13,No-Show
APT007677,PT00025,PR017,Vitals Check,2026-08-21,Evening,3,Completed
APT007678,PT01197,PR016,Physiotherapy Session,2026-07-11,Morning,1,Completed
APT007679,PT00534,PR008,Wound Dressing,2026-06-28,Afternoon,1,Completed
APT007680,PT00388,PR007,Wound Dressing,2026-06-12,Afternoon,9,Completed
APT007681,PT01601,PR007,Post-Op Care,2026-06-12,Afternoon,10,No-Show
APT007682,PT01723,PR010,Wound Dressing,2026-07-31,Morning,8,Completed
APT007683,PT01103,PR017,Wound Dressing,2026-06-12,Evening,4,Rescheduled
APT007684,PT01115,PR004,Physiotherapy Session,2026-07-10,Evening,0,Completed
APT007685,PT01328,PR008,Wound Dressing,2026-07-07,Morning,5,Cancelled
APT007686,PT00378,PR010,Wound Dressing,2026-06-11,Morning,9,Completed
APT007687,PT00872,PR010,Diabetic Care Visit,2026-08-03,Afternoon,8,Completed
APT007688,PT01052,PR004,Post-Op Care,2026-06-23,Evening,7,No-Show
APT007689,PT01236,PR001,Physiotherapy Session,2026-08-15,Afternoon,7,Completed
APT007690,PT01655,PR001,Vitals Check,2026-06-11,Evening,7,Completed
APT007691,PT00005,PR010,Physiotherapy Session,2026-06-03,Morning,0,Completed
APT007692,PT01173,PR014,Vitals Check,2026-06-07,Evening,7,Completed
APT007693,PT01496,PR012,Physiotherapy Session,2026-07-08,Evening,9,Completed
APT007694,PT01002,PR008,Vitals Check,2026-07-04,Afternoon,11,No-Show
APT007695,PT00981,PR010,Wound Dressing,2026-06-13,Morning,11,Completed
APT007696,PT01172,PR012,Wound Dressing,2026-08-28,Evening,5,Completed
APT007697,PT01378,PR012,Post-Op Care,2026-07-07,Morning,0,No-Show
APT007698,PT00589,PR004,Nursing Visit,2026-07-28,Morning,3,Cancelled
APT007699,PT00698,PR014,Physiotherapy Session,2026-07-29,Morning,11,Completed
APT007700,PT01113,PR020,Post-Op Care,2026-06-24,Afternoon,10,Rescheduled
APT007701,PT01669,PR001,Diabetic Care Visit,2026-06-03,Afternoon,8,No-Show
APT007702,PT01823,PR019,Post-Op Care,2026-08-23,Afternoon,8,Completed
APT007703,PT00758,PR016,Wound Dressing,2026-07-12,Afternoon,8,Completed
APT007704,PT00724,PR002,Nursing Visit,2026-08-15,Evening,5,No-Show
APT007705,PT00036,PR014,Diabetic Care Visit,2026-08-16,Afternoon,3,Completed
APT007706,PT01239,PR008,Wound Dressing,2026-07-02,Afternoon,4,Completed
APT007707,PT00831,PR010,Diabetic Care Visit,2026-07-22,Evening,7,Completed
APT007708,PT01607,PR007,Physiotherapy Session,2026-07-19,Morning,6,Cancelled
APT007709,PT00518,PR003,Physiotherapy Session,2026-08-22,Evening,8,Completed
APT007710,PT00485,PR020,Physiotherapy Session,2026-08-12,Morning,11,Completed
APT007711,PT00039,PR019,Wound Dressing,2026-07-28,Evening,7,Completed
APT007712,PT00658,PR008,Physiotherapy Session,2026-08-17,Evening,1,No-Show
APT007713,PT00368,PR020,Diabetic Care Visit,2026-06-29,Evening,3,Completed
APT007714,PT01729,PR016,Vitals Check,2026-06-24,Evening,5,Cancelled
APT007715,PT00755,PR003,Vitals Check,2026-06-04,Evening,7,Completed
APT007716,PT01678,PR008,Nursing Visit,2026-07-24,Afternoon,11,Completed
APT007717,PT01334,PR006,Diabetic Care Visit,2026-08-26,Morning,9,Completed
APT007718,PT00949,PR009,Wound Dressing,2026-06-19,Evening,9,Completed
APT007719,PT01831,PR006,Wound Dressing,2026-07-19,Evening,2,Completed
APT007720,PT01361,PR005,Vitals Check,2026-08-25,Evening,7,Completed
APT007721,PT01701,PR010,Physiotherapy Session,2026-08-05,Morning,12,Completed
APT007722,PT00268,PR004,Wound Dressing,2026-08-12,Morning,10,Rescheduled
APT007723,PT01951,PR010,Diabetic Care Visit,2026-06-26,Evening,8,Completed
APT007724,PT00553,PR016,Diabetic Care Visit,2026-07-31,Evening,11,Completed
APT007725,PT00802,PR006,Vitals Check,2026-06-08,Morning,7,No-Show
APT007726,PT01405,PR016,Vitals Check,2026-06-16,Evening,8,Completed
APT007727,PT00201,PR008,Wound Dressing,2026-07-03,Afternoon,5,Completed
APT007728,PT00784,PR008,Post-Op Care,2026-08-05,Evening,4,Completed
APT007729,PT01095,PR017,Diabetic Care Visit,2026-08-21,Evening,13,Completed
APT007730,PT01822,PR019,Vitals Check,2026-08-12,Afternoon,0,Completed
APT007731,PT01908,PR019,Physiotherapy Session,2026-07-23,Morning,5,Completed
APT007732,PT00943,PR008,Post-Op Care,2026-08-25,Morning,5,Completed
APT007733,PT00813,PR004,Physiotherapy Session,2026-08-26,Evening,14,Completed
APT007734,PT00180,PR007,Physiotherapy Session,2026-06-16,Evening,1,Completed
APT007735,PT01649,PR010,Nursing Visit,2026-08-12,Evening,12,Completed
APT007736,PT00754,PR020,Nursing Visit,2026-06-10,Morning,7,Completed
APT007737,PT00769,PR010,Nursing Visit,2026-06-08,Morning,10,Completed
APT007738,PT00859,PR001,Physiotherapy Session,2026-08-11,Evening,1,Completed
APT007739,PT00558,PR009,Nursing Visit,2026-06-24,Evening,0,Completed
APT007740,PT01979,PR002,Nursing Visit,2026-06-21,Morning,2,Completed
APT007741,PT00710,PR010,Wound Dressing,2026-08-19,Afternoon,4,Completed
APT007742,PT00699,PR016,Wound Dressing,2026-08-22,Afternoon,4,Completed
APT007743,PT01718,PR006,Vitals Check,2026-06-02,Afternoon,13,Completed
APT007744,PT00326,PR004,Diabetic Care Visit,2026-06-08,Evening,0,Rescheduled
APT007745,PT01245,PR010,Post-Op Care,2026-08-21,Afternoon,4,Completed
APT007746,PT01228,PR010,Post-Op Care,2026-07-26,Morning,11,Completed
APT007747,PT01604,PR002,Wound Dressing,2026-06-11,Morning,1,Completed
APT007748,PT00403,PR011,Physiotherapy Session,2026-07-07,Afternoon,10,Cancelled
APT007749,PT01755,PR013,Vitals Check,2026-07-19,Afternoon,7,Completed
APT007750,PT01742,PR008,Nursing Visit,2026-07-02,Afternoon,8,Completed
APT007751,PT01829,PR014,Wound Dressing,2026-06-08,Afternoon,3,Completed
APT007752,PT00646,PR013,Nursing Visit,2026-07-17,Evening,5,No-Show
APT007753,PT00876,PR012,Post-Op Care,2026-07-25,Evening,1,Completed
APT007754,PT00070,PR009,Physiotherapy Session,2026-06-03,Afternoon,9,Completed
APT007755,PT00551,PR008,Wound Dressing,2026-06-04,Morning,14,No-Show
APT007756,PT00148,PR006,Wound Dressing,2026-08-08,Evening,0,Completed
APT007757,PT01276,PR014,Post-Op Care,2026-08-12,Afternoon,4,No-Show
APT007758,PT01206,PR010,Post-Op Care,2026-07-12,Evening,12,No-Show
APT007759,PT00981,PR002,Post-Op Care,2026-08-02,Afternoon,4,Completed
APT007760,PT00842,PR017,Physiotherapy Session,2026-08-08,Morning,3,Completed
APT007761,PT01984,PR015,Nursing Visit,2026-07-19,Morning,7,Completed
APT007762,PT00322,PR003,Vitals Check,2026-08-15,Morning,8,Rescheduled
APT007763,PT01672,PR003,Diabetic Care Visit,2026-06-14,Afternoon,3,Completed
APT007764,PT01404,PR002,Nursing Visit,2026-08-14,Morning,12,Cancelled
APT007765,PT00097,PR007,Wound Dressing,2026-08-20,Morning,5,Completed
APT007766,PT01448,PR007,Physiotherapy Session,2026-07-29,Morning,1,Completed
APT007767,PT01970,PR006,Diabetic Care Visit,2026-08-23,Morning,11,Completed
APT007768,PT01179,PR008,Post-Op Care,2026-07-19,Morning,11,No-Show
APT007769,PT00194,PR014,Post-Op Care,2026-07-26,Evening,2,Completed
APT007770,PT00528,PR015,Physiotherapy Session,2026-08-03,Afternoon,9,Completed
APT007771,PT01699,PR011,Nursing Visit,2026-06-23,Evening,12,Completed
APT007772,PT00024,PR020,Wound Dressing,2026-07-12,Evening,10,Completed
APT007773,PT01441,PR005,Wound Dressing,2026-08-27,Afternoon,3,No-Show
APT007774,PT01357,PR004,Diabetic Care Visit,2026-08-27,Afternoon,13,No-Show
APT007775,PT00499,PR011,Wound Dressing,2026-06-21,Afternoon,0,Completed
APT007776,PT01154,PR006,Physiotherapy Session,2026-08-19,Morning,13,Completed
APT007777,PT01240,PR009,Post-Op Care,2026-07-10,Morning,2,Completed
APT007778,PT01097,PR010,Physiotherapy Session,2026-07-15,Afternoon,10,Completed
APT007779,PT00719,PR001,Diabetic Care Visit,2026-06-15,Morning,12,Rescheduled
APT007780,PT00612,PR015,Physiotherapy Session,2026-06-09,Evening,1,Completed
APT007781,PT01664,PR004,Vitals Check,2026-07-07,Morning,10,Completed
APT007782,PT01635,PR002,Diabetic Care Visit,2026-06-16,Afternoon,12,Rescheduled
APT007783,PT01543,PR019,Post-Op Care,2026-08-11,Evening,13,Completed
APT007784,PT00218,PR017,Diabetic Care Visit,2026-07-20,Morning,11,Rescheduled
APT007785,PT00238,PR010,Post-Op Care,2026-07-31,Afternoon,1,No-Show
APT007786,PT00501,PR017,Post-Op Care,2026-07-06,Evening,4,Completed
APT007787,PT00906,PR009,Nursing Visit,2026-07-20,Morning,13,Completed
APT007788,PT01912,PR001,Nursing Visit,2026-07-28,Morning,7,Cancelled
APT007789,PT00394,PR017,Physiotherapy Session,2026-07-24,Morning,8,Completed
APT007790,PT00796,PR019,Post-Op Care,2026-06-17,Evening,12,Completed
APT007791,PT01901,PR007,Wound Dressing,2026-07-30,Morning,0,Completed
APT007792,PT00409,PR007,Post-Op Care,2026-07-10,Afternoon,2,Completed
APT007793,PT00900,PR002,Post-Op Care,2026-06-23,Morning,13,Completed
APT007794,PT00689,PR009,Post-Op Care,2026-08-16,Evening,14,Completed
APT007795,PT00941,PR018,Post-Op Care,2026-08-04,Evening,7,Completed
APT007796,PT01950,PR003,Nursing Visit,2026-06-26,Afternoon,2,Completed
APT007797,PT00331,PR004,Physiotherapy Session,2026-06-27,Afternoon,8,Completed
APT007798,PT01025,PR016,Diabetic Care Visit,2026-06-29,Afternoon,3,Completed
APT007799,PT00093,PR007,Vitals Check,2026-08-29,Afternoon,8,Completed
APT007800,PT00496,PR010,Wound Dressing,2026-08-26,Evening,8,Completed
APT007801,PT00882,PR016,Diabetic Care Visit,2026-06-03,Afternoon,8,Completed
APT007802,PT01990,PR002,Diabetic Care Visit,2026-06-26,Evening,14,Completed
APT007803,PT00772,PR017,Wound Dressing,2026-08-16,Afternoon,6,Completed
APT007804,PT01288,PR002,Vitals Check,2026-07-05,Morning,10,Completed
APT007805,PT01002,PR013,Wound Dressing,2026-06-11,Evening,2,Completed
APT007806,PT01247,PR006,Wound Dressing,2026-07-30,Evening,7,Cancelled
APT007807,PT01110,PR002,Wound Dressing,2026-07-09,Morning,13,Completed
APT007808,PT01616,PR006,Physiotherapy Session,2026-06-06,Morning,12,Completed
APT007809,PT01035,PR006,Wound Dressing,2026-08-10,Evening,5,Completed
APT007810,PT00233,PR012,Vitals Check,2026-07-11,Morning,9,No-Show
APT007811,PT00301,PR019,Nursing Visit,2026-06-10,Evening,13,Completed
APT007812,PT01710,PR011,Post-Op Care,2026-07-09,Morning,9,No-Show
APT007813,PT01932,PR010,Vitals Check,2026-06-11,Afternoon,1,Completed
APT007814,PT01307,PR005,Post-Op Care,2026-07-04,Evening,6,Completed
APT007815,PT00150,PR018,Post-Op Care,2026-06-09,Morning,11,Completed
APT007816,PT01183,PR014,Nursing Visit,2026-07-03,Evening,7,Completed
APT007817,PT00257,PR014,Post-Op Care,2026-06-28,Afternoon,5,No-Show
APT007818,PT01577,PR013,Post-Op Care,2026-06-14,Afternoon,4,No-Show
APT007819,PT01065,PR003,Physiotherapy Session,2026-07-08,Evening,7,Completed
APT007820,PT00203,PR004,Nursing Visit,2026-06-12,Morning,7,Completed
APT007821,PT00700,PR002,Post-Op Care,2026-07-30,Afternoon,0,Completed
APT007822,PT00004,PR010,Wound Dressing,2026-08-07,Evening,10,Completed
APT007823,PT00198,PR012,Post-Op Care,2026-06-23,Morning,6,Completed
APT007824,PT00080,PR004,Physiotherapy Session,2026-06-06,Afternoon,10,Cancelled
APT007825,PT00269,PR006,Diabetic Care Visit,2026-06-12,Morning,4,Completed
APT007826,PT00199,PR015,Nursing Visit,2026-07-21,Evening,2,No-Show
APT007827,PT00508,PR004,Vitals Check,2026-06-23,Evening,1,No-Show
APT007828,PT01193,PR014,Physiotherapy Session,2026-07-24,Morning,6,Completed
APT007829,PT00738,PR003,Physiotherapy Session,2026-06-09,Morning,11,No-Show
APT007830,PT01725,PR006,Nursing Visit,2026-08-27,Afternoon,8,Completed
APT007831,PT00134,PR020,Nursing Visit,2026-08-17,Morning,7,Completed
APT007832,PT01582,PR012,Nursing Visit,2026-07-30,Morning,5,Completed
APT007833,PT01932,PR010,Vitals Check,2026-08-18,Morning,2,Cancelled
APT007834,PT01122,PR002,Diabetic Care Visit,2026-08-24,Afternoon,1,No-Show
APT007835,PT01007,PR015,Post-Op Care,2026-06-12,Evening,14,Completed
APT007836,PT00443,PR013,Nursing Visit,2026-08-02,Evening,4,Completed
APT007837,PT01729,PR016,Vitals Check,2026-06-20,Afternoon,4,Cancelled
APT007838,PT00786,PR015,Wound Dressing,2026-08-03,Morning,10,No-Show
APT007839,PT00021,PR003,Vitals Check,2026-08-11,Evening,12,Completed
APT007840,PT00579,PR003,Diabetic Care Visit,2026-08-28,Morning,10,Completed
APT007841,PT00857,PR019,Wound Dressing,2026-08-19,Morning,9,Completed
APT007842,PT01981,PR010,Vitals Check,2026-07-20,Evening,14,Completed
APT007843,PT00091,PR014,Physiotherapy Session,2026-06-16,Morning,3,Completed
APT007844,PT00563,PR010,Physiotherapy Session,2026-07-17,Evening,10,Completed
APT007845,PT00656,PR015,Diabetic Care Visit,2026-08-05,Morning,5,Rescheduled
APT007846,PT01086,PR017,Diabetic Care Visit,2026-08-08,Afternoon,14,Cancelled
APT007847,PT01004,PR012,Diabetic Care Visit,2026-06-17,Evening,0,Completed
APT007848,PT01532,PR013,Wound Dressing,2026-06-04,Morning,2,Completed
APT007849,PT01249,PR014,Vitals Check,2026-07-21,Afternoon,13,Completed
APT007850,PT01111,PR017,Post-Op Care,2026-07-30,Evening,13,Cancelled
APT007851,PT00105,PR010,Wound Dressing,2026-08-05,Morning,4,Completed
APT007852,PT01368,PR016,Post-Op Care,2026-07-01,Afternoon,7,Completed
APT007853,PT00009,PR003,Nursing Visit,2026-07-09,Evening,1,Completed
APT007854,PT01260,PR020,Physiotherapy Session,2026-07-02,Morning,6,Completed
APT007855,PT00325,PR006,Nursing Visit,2026-08-23,Evening,0,Completed
APT007856,PT00357,PR004,Vitals Check,2026-06-14,Afternoon,9,Completed
APT007857,PT00535,PR007,Post-Op Care,2026-06-17,Morning,0,Completed
APT007858,PT00633,PR005,Wound Dressing,2026-06-13,Afternoon,13,Completed
APT007859,PT00434,PR008,Wound Dressing,2026-06-25,Evening,2,Cancelled
APT007860,PT00583,PR009,Post-Op Care,2026-08-23,Evening,14,Completed
APT007861,PT01058,PR002,Diabetic Care Visit,2026-06-30,Evening,12,Completed
APT007862,PT00724,PR010,Wound Dressing,2026-06-15,Afternoon,5,Completed
APT007863,PT01083,PR002,Nursing Visit,2026-07-04,Evening,9,Cancelled
APT007864,PT01052,PR008,Wound Dressing,2026-07-01,Evening,0,Completed
APT007865,PT00511,PR002,Nursing Visit,2026-06-30,Afternoon,11,Completed
APT007866,PT00304,PR005,Post-Op Care,2026-08-08,Evening,5,Completed
APT007867,PT01274,PR008,Physiotherapy Session,2026-07-07,Afternoon,2,Completed
APT007868,PT01439,PR002,Wound Dressing,2026-06-17,Evening,3,Cancelled
APT007869,PT00666,PR006,Diabetic Care Visit,2026-07-17,Evening,2,Completed
APT007870,PT00027,PR016,Diabetic Care Visit,2026-06-11,Afternoon,2,Completed
APT007871,PT00573,PR009,Physiotherapy Session,2026-08-11,Afternoon,2,Completed
APT007872,PT00860,PR013,Diabetic Care Visit,2026-08-09,Evening,13,Completed
APT007873,PT00370,PR015,Physiotherapy Session,2026-06-21,Afternoon,4,Completed
APT007874,PT01877,PR004,Diabetic Care Visit,2026-08-24,Evening,2,Completed
APT007875,PT00122,PR017,Nursing Visit,2026-07-14,Afternoon,14,Completed
APT007876,PT01280,PR014,Wound Dressing,2026-07-16,Morning,4,Completed
APT007877,PT00361,PR018,Diabetic Care Visit,2026-08-07,Afternoon,8,Completed
APT007878,PT01420,PR009,Wound Dressing,2026-06-23,Evening,2,Completed
APT007879,PT00429,PR010,Wound Dressing,2026-07-16,Morning,10,No-Show
APT007880,PT00783,PR010,Vitals Check,2026-06-19,Morning,10,Rescheduled
APT007881,PT00877,PR002,Wound Dressing,2026-07-03,Morning,3,Completed
APT007882,PT00956,PR009,Vitals Check,2026-07-24,Afternoon,4,Completed
APT007883,PT00319,PR011,Physiotherapy Session,2026-06-23,Morning,4,Rescheduled
APT007884,PT00202,PR009,Diabetic Care Visit,2026-06-17,Afternoon,13,Cancelled
APT007885,PT00358,PR002,Diabetic Care Visit,2026-07-09,Evening,3,Cancelled
APT007886,PT01386,PR001,Diabetic Care Visit,2026-07-18,Morning,12,Completed
APT007887,PT00710,PR010,Post-Op Care,2026-08-23,Morning,8,Completed
APT007888,PT01246,PR020,Nursing Visit,2026-07-06,Morning,12,Completed
APT007889,PT00918,PR004,Physiotherapy Session,2026-08-27,Evening,1,Completed
APT007890,PT01277,PR013,Wound Dressing,2026-08-28,Afternoon,5,Completed
APT007891,PT01003,PR015,Diabetic Care Visit,2026-07-27,Evening,0,Cancelled
APT007892,PT00302,PR013,Wound Dressing,2026-07-21,Afternoon,14,Completed
APT007893,PT01384,PR016,Post-Op Care,2026-07-14,Morning,5,Completed
APT007894,PT00751,PR010,Vitals Check,2026-06-25,Afternoon,7,Completed
APT007895,PT01664,PR013,Vitals Check,2026-07-24,Morning,1,No-Show
APT007896,PT00317,PR011,Vitals Check,2026-07-13,Afternoon,7,Rescheduled
APT007897,PT00391,PR006,Post-Op Care,2026-06-04,Evening,0,Completed
APT007898,PT00368,PR011,Post-Op Care,2026-07-04,Afternoon,6,Completed
APT007899,PT01122,PR002,Diabetic Care Visit,2026-07-16,Evening,11,No-Show
APT007900,PT01593,PR007,Post-Op Care,2026-06-17,Morning,5,No-Show
APT007901,PT00044,PR020,Physiotherapy Session,2026-07-04,Morning,11,Completed
APT007902,PT00166,PR010,Nursing Visit,2026-06-26,Morning,9,No-Show
APT007903,PT00297,PR013,Nursing Visit,2026-08-15,Afternoon,7,Completed
APT007904,PT00734,PR001,Nursing Visit,2026-06-14,Evening,10,Completed
APT007905,PT00600,PR015,Nursing Visit,2026-06-16,Evening,12,Cancelled
APT007906,PT01925,PR016,Wound Dressing,2026-06-17,Afternoon,1,Completed
APT007907,PT01547,PR015,Physiotherapy Session,2026-06-10,Afternoon,11,Completed
APT007908,PT01236,PR016,Vitals Check,2026-06-12,Afternoon,14,No-Show
APT007909,PT00682,PR018,Post-Op Care,2026-06-27,Morning,4,Completed
APT007910,PT00318,PR015,Diabetic Care Visit,2026-07-04,Evening,9,Completed
APT007911,PT01923,PR015,Physiotherapy Session,2026-07-13,Afternoon,8,Completed
APT007912,PT01173,PR014,Post-Op Care,2026-08-29,Evening,12,Completed
APT007913,PT01407,PR010,Wound Dressing,2026-06-18,Afternoon,2,Completed
APT007914,PT01760,PR019,Post-Op Care,2026-07-21,Morning,1,Completed
APT007915,PT00256,PR013,Physiotherapy Session,2026-07-26,Evening,10,Completed
APT007916,PT01319,PR016,Post-Op Care,2026-07-08,Morning,7,Cancelled
APT007917,PT00239,PR003,Nursing Visit,2026-06-07,Evening,4,Rescheduled
APT007918,PT00093,PR003,Diabetic Care Visit,2026-06-26,Morning,3,Completed
APT007919,PT01649,PR002,Vitals Check,2026-08-06,Afternoon,14,Completed
APT007920,PT01469,PR004,Diabetic Care Visit,2026-07-31,Afternoon,3,Completed
APT007921,PT01677,PR005,Diabetic Care Visit,2026-07-18,Evening,11,Rescheduled
APT007922,PT00994,PR018,Diabetic Care Visit,2026-08-29,Evening,6,Cancelled
APT007923,PT00786,PR001,Diabetic Care Visit,2026-07-09,Evening,12,Completed
APT007924,PT00978,PR005,Nursing Visit,2026-07-16,Afternoon,5,No-Show
APT007925,PT01506,PR019,Diabetic Care Visit,2026-08-20,Afternoon,4,Completed
APT007926,PT00510,PR019,Wound Dressing,2026-06-13,Afternoon,9,Completed
APT007927,PT00020,PR002,Post-Op Care,2026-08-10,Afternoon,6,Cancelled
APT007928,PT01568,PR020,Nursing Visit,2026-07-03,Morning,0,Completed
APT007929,PT01333,PR004,Physiotherapy Session,2026-07-20,Evening,6,No-Show
APT007930,PT00926,PR013,Physiotherapy Session,2026-06-21,Afternoon,13,Completed
APT007931,PT00002,PR009,Diabetic Care Visit,2026-08-29,Afternoon,12,Completed
APT007932,PT01837,PR004,Vitals Check,2026-06-02,Morning,14,Completed
APT007933,PT01150,PR007,Nursing Visit,2026-08-03,Afternoon,4,Completed
APT007934,PT00181,PR014,Post-Op Care,2026-06-17,Afternoon,13,Completed
APT007935,PT01767,PR004,Post-Op Care,2026-08-02,Afternoon,10,Cancelled
APT007936,PT01818,PR008,Post-Op Care,2026-06-05,Evening,9,Completed
APT007937,PT00056,PR016,Post-Op Care,2026-06-05,Morning,5,Completed
APT007938,PT00914,PR004,Diabetic Care Visit,2026-08-12,Evening,4,Completed
APT007939,PT00806,PR018,Post-Op Care,2026-08-17,Morning,10,No-Show
APT007940,PT00537,PR003,Physiotherapy Session,2026-06-25,Morning,6,Completed
APT007941,PT01889,PR016,Diabetic Care Visit,2026-06-17,Evening,4,Completed
APT007942,PT00541,PR013,Physiotherapy Session,2026-06-17,Afternoon,6,Completed
APT007943,PT01835,PR013,Diabetic Care Visit,2026-08-26,Morning,1,Completed
APT007944,PT01703,PR003,Nursing Visit,2026-08-14,Evening,13,Completed
APT007945,PT00832,PR019,Wound Dressing,2026-07-20,Evening,9,No-Show
APT007946,PT01483,PR008,Diabetic Care Visit,2026-07-23,Evening,10,No-Show
APT007947,PT01147,PR020,Post-Op Care,2026-08-26,Afternoon,4,Completed
APT007948,PT01699,PR020,Vitals Check,2026-06-01,Morning,1,Completed
APT007949,PT00531,PR009,Post-Op Care,2026-08-16,Afternoon,5,Completed
APT007950,PT01582,PR011,Post-Op Care,2026-08-17,Evening,3,No-Show
APT007951,PT00476,PR013,Wound Dressing,2026-07-12,Morning,7,Completed
APT007952,PT00004,PR002,Wound Dressing,2026-07-15,Afternoon,8,Completed
APT007953,PT01155,PR015,Diabetic Care Visit,2026-07-10,Afternoon,4,Completed
APT007954,PT01252,PR011,Physiotherapy Session,2026-07-30,Evening,8,Completed
APT007955,PT00681,PR012,Wound Dressing,2026-07-11,Evening,4,Rescheduled
APT007956,PT01590,PR004,Wound Dressing,2026-07-31,Evening,2,No-Show
APT007957,PT01034,PR016,Vitals Check,2026-07-15,Evening,10,Completed
APT007958,PT00759,PR016,Post-Op Care,2026-08-03,Evening,4,Cancelled
APT007959,PT01032,PR008,Diabetic Care Visit,2026-08-08,Morning,14,Completed
APT007960,PT01064,PR008,Diabetic Care Visit,2026-08-26,Evening,7,Completed
APT007961,PT01400,PR019,Diabetic Care Visit,2026-06-24,Morning,9,Completed
APT007962,PT01513,PR020,Nursing Visit,2026-08-29,Afternoon,1,No-Show
APT007963,PT00082,PR010,Vitals Check,2026-07-18,Evening,10,Completed
APT007964,PT00912,PR007,Wound Dressing,2026-06-14,Afternoon,8,Completed
APT007965,PT00003,PR002,Nursing Visit,2026-06-26,Afternoon,14,Completed
APT007966,PT01166,PR020,Physiotherapy Session,2026-06-22,Afternoon,9,No-Show
APT007967,PT00838,PR015,Vitals Check,2026-08-17,Evening,11,Rescheduled
APT007968,PT00005,PR010,Vitals Check,2026-07-29,Evening,12,Cancelled
APT007969,PT01678,PR004,Diabetic Care Visit,2026-08-20,Afternoon,11,Completed
APT007970,PT01480,PR010,Wound Dressing,2026-06-24,Evening,14,Completed
APT007971,PT00493,PR020,Physiotherapy Session,2026-07-22,Evening,14,Completed
APT007972,PT00722,PR004,Diabetic Care Visit,2026-08-08,Evening,1,Completed
APT007973,PT00371,PR015,Post-Op Care,2026-06-25,Evening,4,Completed
APT007974,PT01970,PR009,Wound Dressing,2026-06-07,Evening,10,Completed
APT007975,PT00358,PR010,Vitals Check,2026-06-23,Evening,8,Cancelled
APT007976,PT01648,PR008,Post-Op Care,2026-06-13,Afternoon,12,Completed
APT007977,PT01194,PR008,Vitals Check,2026-08-26,Evening,10,Completed
APT007978,PT00621,PR001,Nursing Visit,2026-06-12,Evening,1,Completed
APT007979,PT00169,PR014,Diabetic Care Visit,2026-08-27,Morning,0,No-Show
APT007980,PT01544,PR004,Nursing Visit,2026-08-06,Afternoon,13,Completed
APT007981,PT01687,PR014,Nursing Visit,2026-08-27,Morning,4,Completed
APT007982,PT01793,PR017,Post-Op Care,2026-06-21,Afternoon,10,Cancelled
APT007983,PT00541,PR008,Vitals Check,2026-07-22,Afternoon,2,Completed
APT007984,PT00378,PR010,Diabetic Care Visit,2026-06-19,Afternoon,7,Completed
APT007985,PT00006,PR006,Post-Op Care,2026-06-01,Evening,1,Cancelled
APT007986,PT01534,PR011,Post-Op Care,2026-08-27,Afternoon,9,No-Show
APT007987,PT00869,PR015,Diabetic Care Visit,2026-06-22,Morning,7,No-Show
APT007988,PT01769,PR002,Vitals Check,2026-08-28,Afternoon,2,Rescheduled
APT007989,PT00220,PR001,Wound Dressing,2026-08-17,Afternoon,10,Completed
APT007990,PT01710,PR018,Vitals Check,2026-07-18,Afternoon,11,Completed
APT007991,PT00133,PR008,Post-Op Care,2026-08-24,Afternoon,6,Completed
APT007992,PT00599,PR006,Diabetic Care Visit,2026-06-28,Evening,5,Completed
APT007993,PT00772,PR007,Post-Op Care,2026-07-30,Evening,6,No-Show
APT007994,PT00729,PR016,Diabetic Care Visit,2026-07-28,Afternoon,5,Completed
APT007995,PT01408,PR018,Post-Op Care,2026-07-20,Morning,12,Completed
APT007996,PT01262,PR003,Post-Op Care,2026-07-11,Morning,3,Completed
APT007997,PT01022,PR014,Physiotherapy Session,2026-06-28,Morning,0,Completed
APT007998,PT00998,PR013,Physiotherapy Session,2026-06-24,Morning,12,Completed
APT007999,PT00789,PR012,Diabetic Care Visit,2026-06-22,Morning,4,No-Show
APT008000,PT01615,PR020,Post-Op Care,2026-08-01,Afternoon,14,Cancelled
APT008001,PT01199,PR009,Wound Dressing,2026-08-14,Afternoon,0,Completed
APT008002,PT00094,PR015,Wound Dressing,2026-06-05,Evening,4,Completed
APT008003,PT01549,PR017,Physiotherapy Session,2026-06-22,Evening,3,Completed
APT008004,PT00404,PR016,Wound Dressing,2026-07-04,Evening,10,No-Show
APT008005,PT00251,PR008,Vitals Check,2026-08-18,Afternoon,6,Completed
APT008006,PT01787,PR013,Vitals Check,2026-06-17,Morning,12,Cancelled
APT008007,PT00262,PR002,Wound Dressing,2026-06-08,Afternoon,14,Cancelled
APT008008,PT01523,PR001,Nursing Visit,2026-07-11,Evening,5,Completed
APT008009,PT01587,PR004,Nursing Visit,2026-07-13,Morning,11,Completed
APT008010,PT00047,PR013,Wound Dressing,2026-08-09,Afternoon,5,Cancelled
APT008011,PT01546,PR002,Vitals Check,2026-07-05,Afternoon,14,No-Show
APT008012,PT01667,PR010,Diabetic Care Visit,2026-07-04,Evening,7,No-Show
APT008013,PT00898,PR004,Diabetic Care Visit,2026-07-10,Morning,11,Completed
APT008014,PT01130,PR018,Vitals Check,2026-07-10,Morning,13,Completed
APT008015,PT01346,PR010,Nursing Visit,2026-08-26,Afternoon,6,Completed
APT008016,PT00533,PR014,Post-Op Care,2026-06-23,Evening,11,Completed
APT008017,PT01207,PR004,Wound Dressing,2026-07-06,Afternoon,12,Completed
APT008018,PT00140,PR010,Vitals Check,2026-06-28,Morning,2,Completed
APT008019,PT01230,PR019,Physiotherapy Session,2026-07-26,Afternoon,12,Completed
APT008020,PT01456,PR019,Post-Op Care,2026-07-05,Morning,8,Completed
APT008021,PT01621,PR019,Physiotherapy Session,2026-07-19,Morning,4,Completed
APT008022,PT00783,PR010,Vitals Check,2026-07-15,Afternoon,8,Completed
APT008023,PT00582,PR012,Post-Op Care,2026-07-08,Morning,7,Completed
APT008024,PT00347,PR008,Vitals Check,2026-07-27,Evening,8,Completed
APT008025,PT00373,PR013,Vitals Check,2026-07-29,Afternoon,14,Completed
APT008026,PT01983,PR002,Physiotherapy Session,2026-08-11,Afternoon,1,Cancelled
APT008027,PT01690,PR013,Vitals Check,2026-06-23,Afternoon,0,Completed
APT008028,PT00095,PR020,Nursing Visit,2026-06-03,Morning,6,No-Show
APT008029,PT00656,PR016,Post-Op Care,2026-06-08,Evening,0,Completed
APT008030,PT00673,PR011,Nursing Visit,2026-07-24,Morning,4,Completed
APT008031,PT01362,PR012,Diabetic Care Visit,2026-06-12,Afternoon,7,Completed
APT008032,PT00380,PR005,Nursing Visit,2026-08-05,Morning,4,No-Show
APT008033,PT01677,PR019,Nursing Visit,2026-06-10,Evening,4,Completed
APT008034,PT01690,PR013,Physiotherapy Session,2026-08-13,Morning,2,Completed
APT008035,PT01729,PR019,Nursing Visit,2026-08-22,Morning,7,Completed
APT008036,PT00709,PR009,Wound Dressing,2026-08-05,Afternoon,10,Completed
APT008037,PT01719,PR015,Diabetic Care Visit,2026-08-16,Morning,1,Cancelled
APT008038,PT01262,PR017,Physiotherapy Session,2026-07-21,Afternoon,13,Completed
APT008039,PT00432,PR001,Wound Dressing,2026-08-10,Afternoon,13,No-Show
APT008040,PT00211,PR010,Physiotherapy Session,2026-07-07,Afternoon,3,Completed
APT008041,PT00932,PR019,Nursing Visit,2026-06-06,Evening,1,Completed
APT008042,PT01014,PR005,Vitals Check,2026-06-01,Morning,13,Completed
APT008043,PT01097,PR002,Wound Dressing,2026-08-13,Evening,11,Completed
APT008044,PT01644,PR005,Vitals Check,2026-08-05,Morning,7,Cancelled
APT008045,PT00940,PR002,Wound Dressing,2026-06-20,Evening,13,Cancelled
APT008046,PT01702,PR014,Nursing Visit,2026-08-23,Evening,11,Completed
APT008047,PT00942,PR016,Post-Op Care,2026-07-03,Morning,13,Completed
APT008048,PT00139,PR004,Vitals Check,2026-07-02,Morning,9,Completed
APT008049,PT01142,PR007,Physiotherapy Session,2026-06-20,Morning,4,Completed
APT008050,PT01622,PR009,Post-Op Care,2026-08-10,Morning,14,Cancelled
APT008051,PT00691,PR010,Diabetic Care Visit,2026-06-28,Evening,14,Completed
APT008052,PT00480,PR019,Nursing Visit,2026-06-15,Evening,9,Completed
APT008053,PT01146,PR016,Vitals Check,2026-07-03,Afternoon,1,Completed
APT008054,PT00257,PR014,Nursing Visit,2026-06-11,Afternoon,4,No-Show
APT008055,PT00748,PR015,Post-Op Care,2026-08-03,Afternoon,11,Completed
APT008056,PT01832,PR006,Nursing Visit,2026-06-30,Afternoon,2,No-Show
APT008057,PT01065,PR003,Vitals Check,2026-07-29,Morning,3,Completed
APT008058,PT00870,PR010,Diabetic Care Visit,2026-06-08,Afternoon,3,No-Show
APT008059,PT00510,PR015,Diabetic Care Visit,2026-06-29,Afternoon,0,Completed
APT008060,PT01954,PR011,Nursing Visit,2026-07-31,Afternoon,11,No-Show
APT008061,PT01011,PR007,Diabetic Care Visit,2026-06-17,Morning,14,Cancelled
APT008062,PT00547,PR007,Diabetic Care Visit,2026-06-03,Afternoon,5,Completed
APT008063,PT00199,PR005,Physiotherapy Session,2026-07-06,Morning,9,Cancelled
APT008064,PT00889,PR004,Post-Op Care,2026-08-19,Evening,9,Completed
APT008065,PT00528,PR019,Physiotherapy Session,2026-08-10,Afternoon,0,Completed
APT008066,PT00798,PR004,Nursing Visit,2026-07-16,Evening,4,Completed
APT008067,PT01560,PR015,Wound Dressing,2026-08-20,Afternoon,0,Completed
APT008068,PT01711,PR002,Vitals Check,2026-07-30,Afternoon,12,Completed
APT008069,PT00772,PR003,Post-Op Care,2026-08-23,Morning,3,No-Show
APT008070,PT00718,PR012,Wound Dressing,2026-08-22,Afternoon,10,No-Show
APT008071,PT01168,PR003,Diabetic Care Visit,2026-06-16,Evening,7,Completed
APT008072,PT01818,PR004,Diabetic Care Visit,2026-07-02,Morning,7,Completed
APT008073,PT00028,PR017,Wound Dressing,2026-08-20,Afternoon,12,No-Show
APT008074,PT00544,PR017,Physiotherapy Session,2026-06-17,Afternoon,3,Completed
APT008075,PT01350,PR013,Nursing Visit,2026-06-18,Afternoon,6,Completed
APT008076,PT00090,PR010,Nursing Visit,2026-07-30,Morning,14,Completed
APT008077,PT00635,PR011,Wound Dressing,2026-08-19,Afternoon,5,Completed
APT008078,PT01372,PR003,Physiotherapy Session,2026-08-11,Afternoon,7,Completed
APT008079,PT01423,PR013,Vitals Check,2026-08-05,Morning,12,Completed
APT008080,PT01973,PR002,Post-Op Care,2026-08-15,Morning,2,Completed
APT008081,PT01353,PR014,Post-Op Care,2026-07-09,Evening,11,No-Show
APT008082,PT00105,PR010,Post-Op Care,2026-06-01,Afternoon,10,Completed
APT008083,PT00335,PR009,Wound Dressing,2026-06-28,Morning,2,Completed
APT008084,PT01745,PR019,Nursing Visit,2026-07-06,Morning,13,Completed
APT008085,PT00313,PR019,Post-Op Care,2026-07-31,Afternoon,13,No-Show
APT008086,PT01172,PR012,Vitals Check,2026-08-15,Afternoon,2,Completed
APT008087,PT01683,PR011,Diabetic Care Visit,2026-06-19,Evening,11,Completed
APT008088,PT00105,PR002,Vitals Check,2026-07-14,Afternoon,4,Completed
APT008089,PT01845,PR014,Diabetic Care Visit,2026-07-07,Evening,3,Completed
APT008090,PT01550,PR018,Diabetic Care Visit,2026-06-09,Morning,4,Completed
APT008091,PT00035,PR016,Wound Dressing,2026-06-01,Morning,11,Completed
APT008092,PT00568,PR005,Wound Dressing,2026-08-10,Afternoon,7,Completed
APT008093,PT01595,PR010,Post-Op Care,2026-08-25,Afternoon,11,Cancelled
APT008094,PT00783,PR002,Wound Dressing,2026-07-21,Afternoon,2,Completed
APT008095,PT00540,PR007,Nursing Visit,2026-08-19,Morning,11,Completed
APT008096,PT01270,PR010,Physiotherapy Session,2026-07-24,Evening,11,Rescheduled
APT008097,PT00296,PR008,Diabetic Care Visit,2026-07-01,Afternoon,9,Completed
APT008098,PT01748,PR002,Diabetic Care Visit,2026-06-20,Evening,14,No-Show
APT008099,PT01025,PR005,Post-Op Care,2026-06-29,Afternoon,5,Completed
APT008100,PT01917,PR020,Nursing Visit,2026-08-29,Evening,1,Completed
APT008101,PT00878,PR009,Nursing Visit,2026-07-12,Morning,12,Completed
APT008102,PT00916,PR003,Nursing Visit,2026-08-15,Afternoon,13,Completed
APT008103,PT00238,PR002,Nursing Visit,2026-06-26,Morning,12,Completed
APT008104,PT00284,PR012,Post-Op Care,2026-07-18,Evening,2,Completed
APT008105,PT01624,PR016,Wound Dressing,2026-08-04,Afternoon,2,Completed
APT008106,PT01047,PR007,Vitals Check,2026-07-12,Afternoon,8,Completed
APT008107,PT00227,PR015,Vitals Check,2026-07-18,Afternoon,14,Completed
APT008108,PT00078,PR009,Vitals Check,2026-07-27,Morning,8,Completed
APT008109,PT00463,PR002,Wound Dressing,2026-08-19,Evening,10,Completed
APT008110,PT01499,PR007,Vitals Check,2026-07-09,Morning,5,Completed
APT008111,PT00922,PR018,Diabetic Care Visit,2026-08-02,Morning,9,Completed
APT008112,PT00698,PR011,Physiotherapy Session,2026-06-09,Morning,12,Completed
APT008113,PT00315,PR011,Vitals Check,2026-07-29,Morning,10,Completed
APT008114,PT01597,PR016,Vitals Check,2026-08-03,Morning,13,Completed
APT008115,PT00475,PR020,Nursing Visit,2026-07-25,Evening,14,Completed
APT008116,PT01570,PR019,Wound Dressing,2026-07-29,Morning,12,Completed
APT008117,PT01813,PR006,Diabetic Care Visit,2026-07-12,Evening,9,Cancelled
APT008118,PT01679,PR018,Physiotherapy Session,2026-06-20,Morning,3,Cancelled
APT008119,PT01448,PR007,Vitals Check,2026-07-01,Morning,7,Completed
APT008120,PT01667,PR010,Physiotherapy Session,2026-08-23,Afternoon,12,Completed
APT008121,PT01786,PR003,Wound Dressing,2026-06-22,Morning,10,Completed
APT008122,PT00672,PR020,Vitals Check,2026-07-18,Evening,13,Completed
APT008123,PT01736,PR017,Physiotherapy Session,2026-06-22,Evening,11,Completed
APT008124,PT01797,PR001,Post-Op Care,2026-07-12,Evening,10,Completed
APT008125,PT01079,PR001,Physiotherapy Session,2026-08-08,Morning,5,Completed
APT008126,PT01354,PR002,Diabetic Care Visit,2026-08-20,Morning,5,Completed
APT008127,PT00384,PR012,Wound Dressing,2026-08-11,Afternoon,9,Completed
APT008128,PT01173,PR018,Post-Op Care,2026-06-22,Morning,10,Completed
APT008129,PT01195,PR003,Wound Dressing,2026-07-16,Evening,10,Completed
APT008130,PT00406,PR001,Post-Op Care,2026-07-10,Morning,1,Completed
APT008131,PT01265,PR007,Vitals Check,2026-07-17,Morning,3,Completed
APT008132,PT01026,PR002,Post-Op Care,2026-08-21,Evening,0,Completed
APT008133,PT01865,PR001,Vitals Check,2026-06-25,Evening,13,Completed
APT008134,PT01300,PR002,Diabetic Care Visit,2026-08-16,Evening,11,Completed
APT008135,PT00481,PR005,Wound Dressing,2026-08-14,Morning,2,Completed
APT008136,PT01472,PR010,Vitals Check,2026-07-11,Afternoon,0,Completed
APT008137,PT00273,PR005,Diabetic Care Visit,2026-08-16,Morning,12,Completed
APT008138,PT01974,PR006,Post-Op Care,2026-06-20,Morning,0,Rescheduled
APT008139,PT00426,PR002,Nursing Visit,2026-06-15,Evening,9,Completed
APT008140,PT00650,PR008,Diabetic Care Visit,2026-06-18,Afternoon,10,Completed
APT008141,PT01661,PR002,Nursing Visit,2026-07-06,Evening,12,Completed
APT008142,PT00922,PR014,Nursing Visit,2026-08-14,Evening,14,Completed
APT008143,PT00576,PR004,Vitals Check,2026-06-25,Evening,3,Completed
APT008144,PT01105,PR002,Nursing Visit,2026-07-08,Afternoon,13,Completed
APT008145,PT00203,PR013,Diabetic Care Visit,2026-06-23,Morning,7,Cancelled
APT008146,PT01996,PR010,Vitals Check,2026-06-10,Evening,5,Completed
APT008147,PT00629,PR006,Vitals Check,2026-08-02,Morning,2,Completed
APT008148,PT01351,PR015,Physiotherapy Session,2026-08-28,Evening,12,Completed
APT008149,PT00552,PR019,Vitals Check,2026-07-21,Evening,1,Completed
APT008150,PT00068,PR010,Post-Op Care,2026-07-02,Morning,11,Completed
APT008151,PT01898,PR012,Nursing Visit,2026-07-31,Afternoon,7,Completed
APT008152,PT00982,PR006,Diabetic Care Visit,2026-08-01,Morning,12,Completed
APT008153,PT01594,PR003,Wound Dressing,2026-07-22,Morning,3,Completed
APT008154,PT01251,PR015,Physiotherapy Session,2026-06-09,Evening,6,Completed
APT008155,PT01346,PR002,Diabetic Care Visit,2026-06-19,Afternoon,7,Rescheduled
APT008156,PT01831,PR006,Post-Op Care,2026-06-25,Evening,5,Rescheduled
APT008157,PT01440,PR017,Vitals Check,2026-07-14,Afternoon,11,Completed
APT008158,PT00740,PR005,Physiotherapy Session,2026-07-22,Morning,4,Completed
APT008159,PT00141,PR006,Post-Op Care,2026-08-08,Evening,13,Completed
APT008160,PT00147,PR006,Diabetic Care Visit,2026-06-01,Morning,0,Completed
APT008161,PT00827,PR004,Nursing Visit,2026-06-29,Morning,1,Cancelled
APT008162,PT01787,PR008,Post-Op Care,2026-07-08,Evening,1,Completed
APT008163,PT00295,PR008,Nursing Visit,2026-06-14,Morning,12,Cancelled
APT008164,PT01399,PR014,Post-Op Care,2026-08-05,Afternoon,8,Completed
APT008165,PT01800,PR017,Vitals Check,2026-07-31,Morning,13,No-Show
APT008166,PT00341,PR019,Physiotherapy Session,2026-06-12,Afternoon,12,Completed
APT008167,PT01058,PR010,Vitals Check,2026-07-14,Evening,9,Completed
APT008168,PT01127,PR002,Post-Op Care,2026-06-30,Evening,3,Completed
APT008169,PT00611,PR007,Physiotherapy Session,2026-08-11,Morning,11,Completed
APT008170,PT01687,PR011,Post-Op Care,2026-07-12,Evening,1,Completed
APT008171,PT01230,PR001,Physiotherapy Session,2026-07-22,Morning,7,Completed
APT008172,PT01943,PR001,Nursing Visit,2026-08-02,Evening,9,Completed
APT008173,PT01589,PR009,Physiotherapy Session,2026-06-24,Evening,4,Completed
APT008174,PT01414,PR014,Vitals Check,2026-07-02,Afternoon,0,No-Show
APT008175,PT01597,PR001,Nursing Visit,2026-08-25,Morning,0,Cancelled
APT008176,PT01143,PR013,Diabetic Care Visit,2026-06-28,Morning,8,Completed
APT008177,PT00531,PR009,Diabetic Care Visit,2026-08-29,Afternoon,8,Completed
APT008178,PT01986,PR018,Vitals Check,2026-08-04,Evening,10,Cancelled
APT008179,PT01248,PR013,Diabetic Care Visit,2026-08-15,Afternoon,12,No-Show
APT008180,PT00975,PR013,Nursing Visit,2026-06-14,Afternoon,4,Completed
APT008181,PT01088,PR007,Vitals Check,2026-06-28,Evening,3,Completed
APT008182,PT00478,PR010,Post-Op Care,2026-06-04,Afternoon,8,Completed
APT008183,PT00909,PR007,Physiotherapy Session,2026-06-12,Evening,14,Completed
APT008184,PT01598,PR020,Diabetic Care Visit,2026-07-21,Morning,10,Completed
APT008185,PT00405,PR016,Wound Dressing,2026-08-24,Evening,1,No-Show
APT008186,PT01559,PR001,Vitals Check,2026-08-22,Afternoon,8,Completed
APT008187,PT00158,PR010,Vitals Check,2026-06-04,Evening,11,Completed
APT008188,PT01973,PR002,Physiotherapy Session,2026-06-13,Afternoon,10,Completed
APT008189,PT00631,PR020,Diabetic Care Visit,2026-07-19,Afternoon,7,Completed
APT008190,PT00999,PR008,Wound Dressing,2026-07-23,Morning,14,No-Show
APT008191,PT01324,PR013,Vitals Check,2026-08-24,Morning,1,No-Show
APT008192,PT01194,PR004,Nursing Visit,2026-07-19,Morning,0,Completed
APT008193,PT01437,PR004,Post-Op Care,2026-07-07,Evening,1,Completed
APT008194,PT00172,PR019,Post-Op Care,2026-08-09,Evening,1,Rescheduled
APT008195,PT01666,PR006,Diabetic Care Visit,2026-06-12,Afternoon,1,Completed
APT008196,PT00915,PR005,Wound Dressing,2026-06-05,Morning,9,Completed
APT008197,PT00245,PR003,Physiotherapy Session,2026-07-19,Afternoon,9,Completed
APT008198,PT01123,PR010,Nursing Visit,2026-06-16,Afternoon,3,No-Show
APT008199,PT01901,PR003,Wound Dressing,2026-07-07,Evening,11,Completed
APT008200,PT01944,PR017,Physiotherapy Session,2026-06-23,Afternoon,9,No-Show
APT008201,PT01542,PR002,Nursing Visit,2026-07-09,Morning,4,Rescheduled
APT008202,PT00506,PR019,Post-Op Care,2026-06-23,Evening,14,Completed
APT008203,PT00106,PR012,Vitals Check,2026-06-12,Afternoon,0,Rescheduled
APT008204,PT01859,PR018,Diabetic Care Visit,2026-07-22,Evening,5,Completed
APT008205,PT00904,PR003,Diabetic Care Visit,2026-07-26,Morning,14,Completed
APT008206,PT01615,PR020,Vitals Check,2026-07-11,Afternoon,1,Completed
APT008207,PT01872,PR016,Physiotherapy Session,2026-07-29,Morning,7,Cancelled
APT008208,PT00225,PR005,Vitals Check,2026-06-01,Evening,2,Completed
APT008209,PT01520,PR004,Wound Dressing,2026-08-21,Evening,14,Completed
APT008210,PT01080,PR002,Wound Dressing,2026-07-23,Evening,13,Completed
APT008211,PT00944,PR008,Diabetic Care Visit,2026-07-17,Evening,2,Completed
APT008212,PT01629,PR006,Physiotherapy Session,2026-08-20,Morning,12,Completed
APT008213,PT01145,PR017,Wound Dressing,2026-07-22,Evening,5,No-Show
APT008214,PT01111,PR009,Wound Dressing,2026-06-20,Morning,6,Completed
APT008215,PT00723,PR006,Wound Dressing,2026-08-09,Evening,0,Completed
APT008216,PT00763,PR001,Vitals Check,2026-07-09,Morning,6,No-Show
APT008217,PT00001,PR008,Diabetic Care Visit,2026-06-06,Morning,13,No-Show
APT008218,PT01499,PR009,Diabetic Care Visit,2026-06-07,Evening,9,Completed
APT008219,PT00590,PR008,Diabetic Care Visit,2026-06-25,Afternoon,10,Completed
APT008220,PT01185,PR002,Diabetic Care Visit,2026-06-21,Morning,0,Completed
APT008221,PT00030,PR003,Wound Dressing,2026-08-13,Morning,14,Completed
APT008222,PT01794,PR014,Nursing Visit,2026-08-01,Morning,13,Rescheduled
APT008223,PT00596,PR008,Wound Dressing,2026-06-22,Morning,14,No-Show
APT008224,PT00395,PR004,Vitals Check,2026-06-21,Evening,0,Cancelled
APT008225,PT00488,PR012,Physiotherapy Session,2026-06-19,Evening,4,Cancelled
APT008226,PT00832,PR001,Wound Dressing,2026-06-01,Morning,3,Cancelled
APT008227,PT00885,PR005,Physiotherapy Session,2026-08-10,Evening,2,No-Show
APT008228,PT00500,PR004,Post-Op Care,2026-08-29,Morning,6,Completed
APT008229,PT00726,PR004,Post-Op Care,2026-06-07,Morning,11,No-Show
APT008230,PT01278,PR011,Diabetic Care Visit,2026-08-10,Morning,7,Completed
APT008231,PT01075,PR004,Post-Op Care,2026-07-13,Afternoon,5,Cancelled
APT008232,PT00232,PR005,Post-Op Care,2026-07-26,Morning,10,No-Show
APT008233,PT01857,PR003,Post-Op Care,2026-08-05,Afternoon,0,Completed
APT008234,PT01391,PR002,Nursing Visit,2026-07-12,Afternoon,3,Completed
APT008235,PT01629,PR006,Post-Op Care,2026-08-09,Afternoon,13,Cancelled
APT008236,PT00393,PR014,Physiotherapy Session,2026-07-05,Evening,2,Completed
APT008237,PT01355,PR010,Vitals Check,2026-06-12,Evening,3,Completed
APT008238,PT00646,PR008,Diabetic Care Visit,2026-06-29,Evening,13,Rescheduled
APT008239,PT01799,PR015,Vitals Check,2026-07-24,Afternoon,3,No-Show
APT008240,PT01196,PR002,Post-Op Care,2026-08-26,Evening,4,Cancelled
APT008241,PT01551,PR004,Physiotherapy Session,2026-07-19,Evening,4,Completed
APT008242,PT01452,PR007,Physiotherapy Session,2026-06-29,Evening,11,Completed
APT008243,PT00778,PR002,Wound Dressing,2026-07-14,Evening,1,Completed
APT008244,PT01182,PR002,Wound Dressing,2026-07-02,Evening,9,Completed
APT008245,PT01339,PR003,Wound Dressing,2026-07-31,Morning,3,No-Show
APT008246,PT01939,PR016,Vitals Check,2026-08-28,Morning,1,No-Show
APT008247,PT01233,PR005,Physiotherapy Session,2026-07-08,Morning,2,Completed
APT008248,PT00468,PR008,Wound Dressing,2026-07-01,Evening,5,Completed
APT008249,PT01277,PR013,Vitals Check,2026-06-04,Afternoon,9,Completed
APT008250,PT00240,PR014,Vitals Check,2026-07-31,Afternoon,4,Completed
APT008251,PT01619,PR001,Wound Dressing,2026-07-26,Morning,12,Completed
APT008252,PT00903,PR001,Diabetic Care Visit,2026-06-04,Morning,8,No-Show
APT008253,PT01633,PR011,Wound Dressing,2026-06-07,Afternoon,0,Completed
APT008254,PT01783,PR003,Physiotherapy Session,2026-06-01,Morning,14,No-Show
APT008255,PT01162,PR009,Diabetic Care Visit,2026-07-11,Evening,9,Completed
APT008256,PT01561,PR010,Vitals Check,2026-07-04,Afternoon,6,Completed
APT008257,PT00799,PR019,Wound Dressing,2026-06-30,Morning,13,No-Show
APT008258,PT00461,PR001,Post-Op Care,2026-07-24,Evening,2,No-Show
APT008259,PT00919,PR008,Vitals Check,2026-06-14,Evening,5,No-Show
APT008260,PT00752,PR016,Physiotherapy Session,2026-07-14,Evening,3,No-Show
APT008261,PT01451,PR002,Post-Op Care,2026-07-22,Evening,14,Completed
APT008262,PT00766,PR009,Diabetic Care Visit,2026-07-18,Evening,7,Rescheduled
APT008263,PT01207,PR008,Nursing Visit,2026-07-07,Afternoon,7,Completed
APT008264,PT00581,PR020,Vitals Check,2026-06-14,Morning,5,No-Show
APT008265,PT00992,PR018,Vitals Check,2026-08-24,Morning,3,Completed
APT008266,PT00063,PR014,Physiotherapy Session,2026-07-20,Afternoon,10,Cancelled
APT008267,PT01533,PR020,Nursing Visit,2026-07-18,Evening,5,Completed
APT008268,PT00912,PR007,Nursing Visit,2026-07-21,Evening,14,Completed
APT008269,PT01776,PR018,Nursing Visit,2026-06-18,Morning,3,Completed
APT008270,PT00716,PR006,Post-Op Care,2026-07-31,Afternoon,10,Completed
APT008271,PT01795,PR002,Post-Op Care,2026-07-09,Afternoon,12,Completed
APT008272,PT00102,PR016,Diabetic Care Visit,2026-08-29,Afternoon,13,Completed
APT008273,PT00529,PR007,Wound Dressing,2026-07-15,Morning,0,No-Show
APT008274,PT00467,PR002,Nursing Visit,2026-07-08,Morning,10,Completed
APT008275,PT01072,PR010,Nursing Visit,2026-06-09,Evening,1,No-Show
APT008276,PT00160,PR008,Wound Dressing,2026-06-07,Evening,0,Completed
APT008277,PT01408,PR018,Nursing Visit,2026-08-04,Morning,6,No-Show
APT008278,PT00132,PR014,Post-Op Care,2026-06-30,Evening,4,Completed
APT008279,PT01901,PR007,Post-Op Care,2026-06-02,Evening,5,Completed
APT008280,PT00666,PR009,Diabetic Care Visit,2026-07-29,Morning,2,Completed
APT008281,PT00902,PR003,Physiotherapy Session,2026-06-24,Evening,13,Completed
APT008282,PT01671,PR015,Physiotherapy Session,2026-08-20,Evening,14,Completed
APT008283,PT00020,PR010,Post-Op Care,2026-07-10,Morning,6,No-Show
APT008284,PT01460,PR004,Physiotherapy Session,2026-08-13,Evening,10,No-Show
APT008285,PT01449,PR013,Vitals Check,2026-06-05,Afternoon,2,Completed
APT008286,PT01183,PR012,Diabetic Care Visit,2026-06-08,Afternoon,1,Cancelled
APT008287,PT00574,PR008,Nursing Visit,2026-07-08,Evening,11,Completed
APT008288,PT01123,PR010,Vitals Check,2026-07-13,Afternoon,4,Completed
APT008289,PT01919,PR019,Wound Dressing,2026-07-24,Evening,6,Completed
APT008290,PT01604,PR002,Wound Dressing,2026-06-14,Evening,7,Completed
APT008291,PT01425,PR009,Physiotherapy Session,2026-08-27,Afternoon,2,Cancelled
APT008292,PT00014,PR010,Wound Dressing,2026-06-24,Morning,7,Completed
APT008293,PT01990,PR010,Physiotherapy Session,2026-08-07,Morning,0,Cancelled
APT008294,PT00749,PR010,Diabetic Care Visit,2026-07-12,Afternoon,1,Completed
APT008295,PT01977,PR010,Nursing Visit,2026-07-22,Afternoon,1,Completed
APT008296,PT01424,PR011,Wound Dressing,2026-08-09,Evening,11,Completed
APT008297,PT01409,PR016,Vitals Check,2026-06-05,Afternoon,5,Completed
APT008298,PT01534,PR011,Nursing Visit,2026-08-13,Afternoon,6,Completed
APT008299,PT01897,PR004,Diabetic Care Visit,2026-07-26,Afternoon,13,Completed
APT008300,PT01867,PR002,Vitals Check,2026-07-18,Afternoon,14,Completed
APT008301,PT01240,PR007,Physiotherapy Session,2026-07-01,Evening,6,Completed
APT008302,PT00292,PR007,Vitals Check,2026-07-29,Afternoon,3,Completed
APT008303,PT00257,PR018,Vitals Check,2026-07-06,Evening,7,Completed
APT008304,PT01037,PR012,Nursing Visit,2026-08-11,Evening,0,Completed
APT008305,PT01624,PR015,Physiotherapy Session,2026-08-08,Afternoon,12,Completed
APT008306,PT00566,PR003,Diabetic Care Visit,2026-06-19,Morning,9,Completed
APT008307,PT00296,PR008,Nursing Visit,2026-08-15,Afternoon,12,Completed
APT008308,PT01074,PR013,Nursing Visit,2026-07-31,Evening,12,Rescheduled
APT008309,PT01601,PR003,Diabetic Care Visit,2026-07-08,Morning,13,Completed
APT008310,PT01674,PR012,Wound Dressing,2026-07-06,Afternoon,7,Completed
APT008311,PT01434,PR001,Vitals Check,2026-06-28,Evening,0,Completed
APT008312,PT01377,PR011,Physiotherapy Session,2026-08-08,Morning,0,Completed
APT008313,PT01798,PR013,Physiotherapy Session,2026-06-19,Evening,13,No-Show
APT008314,PT00038,PR002,Physiotherapy Session,2026-08-09,Morning,8,Cancelled
APT008315,PT01854,PR019,Diabetic Care Visit,2026-06-19,Evening,13,Completed
APT008316,PT00034,PR010,Wound Dressing,2026-08-21,Morning,1,No-Show
APT008317,PT01562,PR004,Wound Dressing,2026-06-05,Afternoon,8,Completed
APT008318,PT01552,PR010,Wound Dressing,2026-08-17,Evening,0,Completed
APT008319,PT01073,PR012,Nursing Visit,2026-06-09,Morning,12,No-Show
APT008320,PT00472,PR011,Diabetic Care Visit,2026-08-26,Evening,8,No-Show
APT008321,PT01996,PR002,Nursing Visit,2026-08-07,Morning,5,No-Show
APT008322,PT00170,PR002,Post-Op Care,2026-06-09,Afternoon,0,Completed
APT008323,PT01259,PR004,Post-Op Care,2026-06-29,Evening,2,Completed
APT008324,PT00958,PR019,Post-Op Care,2026-07-09,Evening,2,Completed
APT008325,PT01037,PR014,Diabetic Care Visit,2026-06-25,Morning,4,Completed
APT008326,PT01491,PR001,Vitals Check,2026-07-07,Afternoon,2,Completed
APT008327,PT01276,PR014,Vitals Check,2026-07-05,Afternoon,3,Completed
APT008328,PT01527,PR019,Post-Op Care,2026-07-09,Afternoon,12,Completed
APT008329,PT01648,PR013,Nursing Visit,2026-06-11,Afternoon,10,Completed
APT008330,PT01848,PR010,Diabetic Care Visit,2026-08-14,Evening,0,No-Show
APT008331,PT00439,PR006,Post-Op Care,2026-07-20,Morning,2,Completed
APT008332,PT01565,PR016,Wound Dressing,2026-06-13,Afternoon,13,No-Show
APT008333,PT01146,PR016,Diabetic Care Visit,2026-07-19,Morning,10,Completed
APT008334,PT01483,PR008,Vitals Check,2026-07-15,Evening,12,Completed
APT008335,PT01496,PR011,Diabetic Care Visit,2026-08-09,Afternoon,13,Completed
APT008336,PT01123,PR010,Nursing Visit,2026-07-12,Afternoon,12,Completed
APT008337,PT01723,PR002,Wound Dressing,2026-08-16,Evening,8,No-Show
APT008338,PT00992,PR011,Physiotherapy Session,2026-08-20,Morning,3,No-Show
APT008339,PT00532,PR013,Vitals Check,2026-08-17,Afternoon,9,Completed
APT008340,PT01729,PR015,Nursing Visit,2026-06-04,Morning,10,Cancelled
APT008341,PT01572,PR020,Physiotherapy Session,2026-08-03,Morning,13,Completed
APT008342,PT00780,PR020,Diabetic Care Visit,2026-08-01,Afternoon,13,Completed
APT008343,PT01289,PR013,Vitals Check,2026-07-27,Afternoon,7,Cancelled
APT008344,PT01365,PR013,Vitals Check,2026-06-06,Morning,13,Completed
APT008345,PT00476,PR008,Post-Op Care,2026-08-10,Morning,4,Completed
APT008346,PT00163,PR010,Vitals Check,2026-07-29,Evening,4,Completed
APT008347,PT00296,PR008,Diabetic Care Visit,2026-08-21,Evening,0,Completed
APT008348,PT01004,PR011,Vitals Check,2026-07-04,Evening,1,Completed
APT008349,PT01544,PR008,Diabetic Care Visit,2026-07-31,Evening,6,Completed
APT008350,PT00487,PR012,Nursing Visit,2026-08-21,Evening,14,Rescheduled
APT008351,PT00636,PR013,Nursing Visit,2026-06-25,Evening,1,Completed
APT008352,PT01766,PR003,Post-Op Care,2026-06-13,Afternoon,5,Completed
APT008353,PT01918,PR001,Nursing Visit,2026-08-02,Afternoon,10,Completed
APT008354,PT01672,PR003,Post-Op Care,2026-07-16,Afternoon,4,Completed
APT008355,PT01397,PR010,Physiotherapy Session,2026-06-18,Evening,13,Rescheduled
APT008356,PT00600,PR015,Vitals Check,2026-08-16,Afternoon,8,Completed
APT008357,PT01558,PR014,Vitals Check,2026-06-09,Morning,10,Completed
APT008358,PT01072,PR002,Wound Dressing,2026-07-19,Afternoon,9,Completed
APT008359,PT00080,PR004,Physiotherapy Session,2026-06-23,Afternoon,11,Completed
APT008360,PT00718,PR012,Post-Op Care,2026-07-26,Morning,0,Completed
APT008361,PT00019,PR010,Nursing Visit,2026-07-11,Morning,10,Cancelled
APT008362,PT00912,PR006,Post-Op Care,2026-06-16,Evening,4,Completed
APT008363,PT00104,PR005,Nursing Visit,2026-07-01,Afternoon,3,Completed
APT008364,PT00516,PR019,Post-Op Care,2026-08-17,Evening,1,Rescheduled
APT008365,PT01298,PR007,Physiotherapy Session,2026-08-08,Afternoon,10,Completed
APT008366,PT00282,PR013,Wound Dressing,2026-06-16,Afternoon,2,No-Show
APT008367,PT01999,PR008,Nursing Visit,2026-06-27,Morning,5,Completed
APT008368,PT01133,PR012,Vitals Check,2026-07-22,Afternoon,1,No-Show
APT008369,PT00728,PR004,Diabetic Care Visit,2026-07-19,Morning,4,Completed
APT008370,PT00250,PR003,Diabetic Care Visit,2026-06-27,Morning,12,No-Show
APT008371,PT01056,PR007,Physiotherapy Session,2026-07-23,Afternoon,12,Completed
APT008372,PT00381,PR003,Post-Op Care,2026-08-02,Evening,8,Completed
APT008373,PT01426,PR004,Post-Op Care,2026-06-12,Morning,3,Cancelled
APT008374,PT00959,PR002,Post-Op Care,2026-06-16,Afternoon,6,Completed
APT008375,PT00912,PR003,Physiotherapy Session,2026-08-22,Afternoon,0,Completed
APT008376,PT00766,PR009,Wound Dressing,2026-08-07,Evening,2,Completed
APT008377,PT00865,PR013,Vitals Check,2026-06-11,Evening,5,Completed
APT008378,PT01399,PR018,Diabetic Care Visit,2026-08-24,Evening,0,Cancelled
APT008379,PT00291,PR019,Nursing Visit,2026-07-15,Morning,5,No-Show
APT008380,PT01333,PR004,Wound Dressing,2026-06-21,Morning,7,Cancelled
APT008381,PT00668,PR010,Vitals Check,2026-06-21,Afternoon,14,Completed
APT008382,PT00417,PR013,Post-Op Care,2026-08-22,Afternoon,6,Completed
APT008383,PT01347,PR002,Nursing Visit,2026-08-01,Morning,8,Completed
APT008384,PT01007,PR005,Diabetic Care Visit,2026-07-10,Afternoon,10,Rescheduled
APT008385,PT00409,PR017,Wound Dressing,2026-06-12,Afternoon,13,Completed
APT008386,PT00816,PR013,Vitals Check,2026-06-07,Morning,5,Completed
APT008387,PT01178,PR005,Diabetic Care Visit,2026-08-01,Afternoon,4,Completed
APT008388,PT01612,PR008,Physiotherapy Session,2026-06-25,Morning,1,No-Show
APT008389,PT01661,PR002,Physiotherapy Session,2026-06-06,Evening,1,Completed
APT008390,PT01573,PR017,Diabetic Care Visit,2026-06-01,Afternoon,5,No-Show
APT008391,PT01020,PR014,Physiotherapy Session,2026-06-02,Afternoon,9,Completed
APT008392,PT00131,PR006,Diabetic Care Visit,2026-07-02,Morning,0,Completed
APT008393,PT01945,PR010,Wound Dressing,2026-08-21,Morning,0,Completed
APT008394,PT01123,PR002,Vitals Check,2026-08-21,Morning,11,Completed
APT008395,PT00329,PR006,Nursing Visit,2026-07-06,Afternoon,6,Completed
APT008396,PT01473,PR009,Nursing Visit,2026-07-07,Morning,8,Completed
APT008397,PT00846,PR002,Nursing Visit,2026-07-02,Morning,8,Completed
APT008398,PT00877,PR010,Physiotherapy Session,2026-08-24,Afternoon,11,No-Show
APT008399,PT00338,PR011,Vitals Check,2026-06-28,Evening,3,Completed
APT008400,PT01759,PR006,Diabetic Care Visit,2026-06-30,Evening,9,Completed
APT008401,PT01053,PR018,Vitals Check,2026-07-08,Afternoon,6,No-Show
APT008402,PT00990,PR005,Nursing Visit,2026-06-07,Evening,9,Completed
APT008403,PT01643,PR016,Post-Op Care,2026-07-10,Evening,4,Completed
APT008404,PT00709,PR003,Diabetic Care Visit,2026-07-11,Morning,2,Cancelled
APT008405,PT00657,PR005,Wound Dressing,2026-08-15,Evening,5,Rescheduled
APT008406,PT01866,PR020,Nursing Visit,2026-08-03,Morning,5,Completed
APT008407,PT01235,PR010,Diabetic Care Visit,2026-06-17,Morning,3,No-Show
APT008408,PT01544,PR008,Diabetic Care Visit,2026-08-02,Afternoon,11,Completed
APT008409,PT00312,PR001,Physiotherapy Session,2026-08-12,Morning,11,Completed
APT008410,PT01288,PR010,Diabetic Care Visit,2026-07-17,Morning,4,Completed
APT008411,PT01939,PR001,Physiotherapy Session,2026-06-22,Morning,0,Rescheduled
APT008412,PT00831,PR002,Post-Op Care,2026-07-17,Evening,11,Rescheduled
APT008413,PT01864,PR018,Nursing Visit,2026-07-28,Afternoon,5,Completed
APT008414,PT01930,PR011,Diabetic Care Visit,2026-06-12,Evening,13,Completed
APT008415,PT00320,PR008,Wound Dressing,2026-07-11,Morning,14,Completed
APT008416,PT01110,PR002,Vitals Check,2026-08-26,Morning,12,Completed
APT008417,PT01987,PR004,Physiotherapy Session,2026-07-30,Morning,1,Completed
APT008418,PT01954,PR012,Nursing Visit,2026-08-13,Afternoon,9,Completed
APT008419,PT01815,PR008,Post-Op Care,2026-08-09,Evening,3,Cancelled
APT008420,PT00164,PR016,Wound Dressing,2026-08-16,Evening,0,No-Show
APT008421,PT00723,PR007,Post-Op Care,2026-08-29,Afternoon,0,Completed
APT008422,PT01117,PR003,Vitals Check,2026-08-29,Morning,0,Cancelled
APT008423,PT00662,PR016,Wound Dressing,2026-08-17,Afternoon,3,Completed
APT008424,PT01002,PR008,Post-Op Care,2026-08-18,Evening,8,No-Show
APT008425,PT00137,PR016,Physiotherapy Session,2026-07-21,Evening,10,Completed
APT008426,PT01131,PR009,Physiotherapy Session,2026-08-17,Evening,4,Completed
APT008427,PT01570,PR001,Wound Dressing,2026-07-07,Morning,13,Completed
APT008428,PT01027,PR017,Nursing Visit,2026-07-22,Morning,3,No-Show
APT008429,PT00662,PR005,Wound Dressing,2026-06-23,Morning,10,No-Show
APT008430,PT00978,PR005,Post-Op Care,2026-06-07,Evening,0,Cancelled
APT008431,PT01930,PR020,Vitals Check,2026-07-16,Afternoon,14,No-Show
APT008432,PT01286,PR013,Physiotherapy Session,2026-08-03,Evening,6,Cancelled
APT008433,PT00686,PR017,Post-Op Care,2026-07-07,Afternoon,6,Completed
APT008434,PT01330,PR007,Wound Dressing,2026-07-28,Evening,9,Cancelled
APT008435,PT01539,PR002,Physiotherapy Session,2026-06-16,Evening,10,Completed
APT008436,PT00392,PR009,Physiotherapy Session,2026-08-04,Afternoon,12,Completed
APT008437,PT01966,PR005,Physiotherapy Session,2026-06-22,Afternoon,10,Completed
APT008438,PT00937,PR010,Nursing Visit,2026-08-08,Afternoon,2,Rescheduled
APT008439,PT00525,PR017,Vitals Check,2026-07-31,Morning,5,No-Show
APT008440,PT00613,PR002,Post-Op Care,2026-07-01,Afternoon,5,Cancelled
APT008441,PT00866,PR012,Nursing Visit,2026-06-19,Evening,5,Completed
APT008442,PT01483,PR008,Nursing Visit,2026-06-18,Afternoon,6,Completed
APT008443,PT01469,PR004,Nursing Visit,2026-08-08,Evening,2,Completed
APT008444,PT01181,PR011,Physiotherapy Session,2026-06-08,Morning,6,Cancelled
APT008445,PT01250,PR016,Wound Dressing,2026-08-14,Morning,9,Rescheduled
APT008446,PT00330,PR002,Vitals Check,2026-08-06,Evening,8,Completed
APT008447,PT00320,PR004,Post-Op Care,2026-08-15,Evening,5,No-Show
APT008448,PT01549,PR007,Physiotherapy Session,2026-06-08,Afternoon,1,Completed
APT008449,PT01128,PR003,Diabetic Care Visit,2026-07-10,Morning,8,Completed
APT008450,PT00892,PR015,Wound Dressing,2026-06-18,Morning,3,Completed
APT008451,PT01627,PR002,Nursing Visit,2026-08-02,Afternoon,3,No-Show
APT008452,PT01442,PR008,Nursing Visit,2026-07-20,Morning,12,Completed
APT008453,PT00669,PR013,Vitals Check,2026-07-04,Evening,2,Completed
APT008454,PT01913,PR003,Physiotherapy Session,2026-06-30,Evening,6,Completed
APT008455,PT00724,PR002,Diabetic Care Visit,2026-08-18,Morning,10,Completed
APT008456,PT01435,PR017,Physiotherapy Session,2026-07-02,Evening,3,Rescheduled
APT008457,PT01093,PR017,Nursing Visit,2026-08-03,Evening,6,Completed
APT008458,PT00153,PR012,Nursing Visit,2026-06-14,Evening,13,Completed
APT008459,PT01157,PR004,Diabetic Care Visit,2026-07-28,Morning,9,Cancelled
APT008460,PT00388,PR003,Wound Dressing,2026-06-17,Morning,11,Completed
APT008461,PT01424,PR020,Post-Op Care,2026-08-12,Afternoon,14,Completed
APT008462,PT00012,PR013,Diabetic Care Visit,2026-06-24,Afternoon,6,Completed
APT008463,PT01433,PR003,Wound Dressing,2026-08-26,Afternoon,12,Completed
APT008464,PT01253,PR002,Vitals Check,2026-06-12,Afternoon,0,Completed
APT008465,PT01329,PR004,Wound Dressing,2026-06-16,Morning,9,Rescheduled
APT008466,PT01674,PR018,Nursing Visit,2026-06-25,Afternoon,13,Completed
APT008467,PT00073,PR007,Post-Op Care,2026-08-14,Afternoon,1,Completed
APT008468,PT00728,PR013,Wound Dressing,2026-08-19,Morning,7,Completed
APT008469,PT00523,PR017,Nursing Visit,2026-06-08,Evening,0,Rescheduled
APT008470,PT01546,PR010,Post-Op Care,2026-06-17,Afternoon,7,Completed
APT008471,PT00782,PR018,Wound Dressing,2026-07-01,Afternoon,5,Completed
APT008472,PT01012,PR007,Nursing Visit,2026-06-21,Evening,6,Completed
APT008473,PT01835,PR008,Vitals Check,2026-07-28,Afternoon,9,Completed
APT008474,PT00759,PR015,Physiotherapy Session,2026-06-06,Evening,11,Completed
APT008475,PT00933,PR007,Vitals Check,2026-06-13,Evening,6,No-Show
APT008476,PT00365,PR005,Wound Dressing,2026-08-05,Afternoon,0,Completed
APT008477,PT01493,PR009,Wound Dressing,2026-07-28,Evening,2,No-Show
APT008478,PT00761,PR017,Physiotherapy Session,2026-07-23,Evening,11,Completed
APT008479,PT00835,PR001,Diabetic Care Visit,2026-08-07,Evening,3,Completed
APT008480,PT01033,PR015,Nursing Visit,2026-08-14,Morning,5,Cancelled
APT008481,PT01068,PR004,Diabetic Care Visit,2026-07-09,Morning,9,No-Show
APT008482,PT00072,PR007,Physiotherapy Session,2026-07-04,Evening,11,Completed
APT008483,PT00642,PR012,Diabetic Care Visit,2026-06-21,Evening,10,No-Show
APT008484,PT00904,PR017,Wound Dressing,2026-08-14,Afternoon,13,Completed
APT008485,PT00002,PR017,Wound Dressing,2026-06-10,Evening,1,Completed
APT008486,PT00957,PR010,Nursing Visit,2026-08-16,Morning,6,Completed
APT008487,PT01622,PR006,Physiotherapy Session,2026-08-21,Evening,12,Rescheduled
APT008488,PT00952,PR010,Physiotherapy Session,2026-07-17,Morning,14,Completed
APT008489,PT00296,PR013,Post-Op Care,2026-07-07,Morning,12,No-Show
APT008490,PT00649,PR015,Diabetic Care Visit,2026-08-29,Evening,0,Completed
APT008491,PT00106,PR020,Physiotherapy Session,2026-06-28,Morning,8,Completed
APT008492,PT01572,PR012,Wound Dressing,2026-08-26,Morning,7,Completed
APT008493,PT01370,PR008,Diabetic Care Visit,2026-06-09,Afternoon,2,Completed
APT008494,PT01036,PR003,Wound Dressing,2026-06-16,Evening,8,Completed
APT008495,PT00728,PR008,Vitals Check,2026-06-06,Morning,1,Completed
APT008496,PT00370,PR015,Vitals Check,2026-06-08,Afternoon,12,No-Show
APT008497,PT00166,PR002,Vitals Check,2026-08-22,Afternoon,11,Completed
APT008498,PT00493,PR011,Diabetic Care Visit,2026-08-25,Afternoon,10,Completed
APT008499,PT01371,PR010,Vitals Check,2026-06-10,Evening,8,Cancelled
APT008500,PT00187,PR004,Post-Op Care,2026-07-28,Evening,2,Cancelled
APT008501,PT00308,PR015,Vitals Check,2026-08-24,Afternoon,4,No-Show
APT008502,PT01044,PR015,Post-Op Care,2026-07-07,Morning,7,Completed
APT008503,PT00020,PR002,Wound Dressing,2026-08-14,Morning,3,No-Show
APT008504,PT00865,PR004,Vitals Check,2026-07-07,Morning,7,Completed
APT008505,PT01553,PR011,Diabetic Care Visit,2026-06-07,Afternoon,5,Completed
APT008506,PT00730,PR014,Post-Op Care,2026-06-18,Evening,6,No-Show
APT008507,PT01303,PR018,Physiotherapy Session,2026-08-04,Morning,6,No-Show
APT008508,PT01634,PR003,Post-Op Care,2026-06-19,Morning,3,Completed
APT008509,PT01777,PR008,Vitals Check,2026-07-14,Morning,0,Completed
APT008510,PT01841,PR011,Physiotherapy Session,2026-08-25,Evening,7,No-Show
APT008511,PT01342,PR016,Vitals Check,2026-08-08,Morning,9,Completed
APT008512,PT01783,PR003,Nursing Visit,2026-06-26,Evening,12,Completed
APT008513,PT00979,PR002,Vitals Check,2026-06-30,Afternoon,8,Completed
APT008514,PT00320,PR013,Vitals Check,2026-06-23,Afternoon,4,Completed
APT008515,PT00022,PR010,Vitals Check,2026-08-01,Evening,14,Rescheduled
APT008516,PT01341,PR012,Vitals Check,2026-07-01,Evening,9,Cancelled
APT008517,PT00572,PR014,Post-Op Care,2026-07-15,Morning,5,Completed
APT008518,PT00216,PR006,Post-Op Care,2026-07-16,Evening,1,No-Show
APT008519,PT00109,PR005,Vitals Check,2026-06-06,Morning,0,Completed
APT008520,PT00857,PR001,Diabetic Care Visit,2026-06-17,Morning,13,Completed
APT008521,PT00093,PR017,Diabetic Care Visit,2026-06-12,Evening,8,No-Show
APT008522,PT01227,PR008,Diabetic Care Visit,2026-07-22,Evening,8,Completed
APT008523,PT00915,PR015,Wound Dressing,2026-06-04,Afternoon,7,Completed
APT008524,PT01323,PR012,Physiotherapy Session,2026-07-02,Evening,14,Completed
APT008525,PT01555,PR020,Diabetic Care Visit,2026-06-16,Morning,11,No-Show
APT008526,PT01890,PR007,Nursing Visit,2026-08-06,Afternoon,0,Cancelled
APT008527,PT01969,PR001,Wound Dressing,2026-06-28,Morning,4,Completed
APT008528,PT00535,PR009,Wound Dressing,2026-06-03,Afternoon,7,Completed
APT008529,PT00165,PR007,Post-Op Care,2026-08-11,Morning,0,Completed
APT008530,PT01514,PR002,Diabetic Care Visit,2026-07-05,Morning,9,Completed
APT008531,PT01875,PR003,Physiotherapy Session,2026-08-11,Evening,2,Cancelled
APT008532,PT00759,PR015,Nursing Visit,2026-08-11,Morning,4,Completed
APT008533,PT01255,PR013,Wound Dressing,2026-07-13,Afternoon,7,Completed
APT008534,PT01531,PR001,Vitals Check,2026-06-17,Evening,0,Completed
APT008535,PT01639,PR003,Post-Op Care,2026-07-02,Afternoon,0,Completed
APT008536,PT00954,PR019,Wound Dressing,2026-08-02,Afternoon,9,No-Show
APT008537,PT01902,PR006,Diabetic Care Visit,2026-07-31,Afternoon,10,No-Show
APT008538,PT01055,PR018,Physiotherapy Session,2026-07-31,Morning,1,Completed
APT008539,PT00727,PR015,Wound Dressing,2026-06-20,Afternoon,5,Rescheduled
APT008540,PT00650,PR004,Vitals Check,2026-07-02,Morning,9,No-Show
APT008541,PT00628,PR009,Physiotherapy Session,2026-06-16,Morning,7,Completed
APT008542,PT00617,PR016,Wound Dressing,2026-08-27,Afternoon,12,Completed
APT008543,PT00823,PR019,Nursing Visit,2026-08-03,Afternoon,2,Completed
APT008544,PT00933,PR007,Post-Op Care,2026-07-08,Afternoon,11,Completed
APT008545,PT01257,PR015,Vitals Check,2026-06-09,Afternoon,9,Completed
APT008546,PT00288,PR016,Diabetic Care Visit,2026-08-12,Morning,13,No-Show
APT008547,PT00884,PR002,Post-Op Care,2026-07-21,Evening,9,Completed
APT008548,PT00113,PR010,Vitals Check,2026-06-29,Morning,7,Completed
APT008549,PT01285,PR010,Physiotherapy Session,2026-07-30,Morning,1,Cancelled
APT008550,PT00923,PR008,Post-Op Care,2026-07-28,Afternoon,8,No-Show
APT008551,PT00555,PR002,Diabetic Care Visit,2026-07-23,Evening,11,Completed
APT008552,PT00068,PR010,Wound Dressing,2026-08-19,Morning,7,Completed
APT008553,PT01281,PR019,Physiotherapy Session,2026-07-23,Morning,8,Completed
APT008554,PT01268,PR011,Nursing Visit,2026-07-10,Morning,1,Completed
APT008555,PT00083,PR010,Post-Op Care,2026-06-13,Evening,4,Completed
APT008556,PT00300,PR016,Wound Dressing,2026-08-21,Afternoon,4,No-Show
APT008557,PT01061,PR007,Wound Dressing,2026-06-04,Evening,3,No-Show
APT008558,PT01252,PR012,Wound Dressing,2026-08-09,Afternoon,4,Completed
APT008559,PT01632,PR008,Nursing Visit,2026-06-17,Evening,10,Completed
APT008560,PT01460,PR008,Nursing Visit,2026-07-06,Afternoon,6,Completed
APT008561,PT01093,PR003,Nursing Visit,2026-06-25,Afternoon,12,Completed
APT008562,PT01562,PR008,Vitals Check,2026-08-19,Afternoon,1,Completed
APT008563,PT01564,PR005,Vitals Check,2026-07-01,Afternoon,1,Completed
APT008564,PT01550,PR014,Nursing Visit,2026-07-13,Evening,9,Completed
APT008565,PT01307,PR001,Vitals Check,2026-08-26,Morning,1,Completed
APT008566,PT00330,PR002,Vitals Check,2026-06-11,Morning,5,Completed
APT008567,PT01879,PR003,Vitals Check,2026-07-26,Morning,6,Completed
APT008568,PT00061,PR008,Post-Op Care,2026-07-15,Afternoon,10,No-Show
APT008569,PT01941,PR010,Wound Dressing,2026-06-25,Afternoon,14,Cancelled
APT008570,PT01486,PR018,Post-Op Care,2026-06-22,Evening,14,Cancelled
APT008571,PT01803,PR014,Vitals Check,2026-08-07,Morning,7,Completed
APT008572,PT00625,PR019,Physiotherapy Session,2026-08-10,Morning,0,Completed
APT008573,PT00089,PR002,Wound Dressing,2026-07-17,Afternoon,5,Completed
APT008574,PT00776,PR002,Vitals Check,2026-06-21,Afternoon,8,Completed
APT008575,PT01061,PR003,Post-Op Care,2026-08-09,Afternoon,9,Completed
APT008576,PT00350,PR004,Nursing Visit,2026-08-09,Afternoon,8,No-Show
APT008577,PT01856,PR013,Physiotherapy Session,2026-06-11,Morning,5,Completed
APT008578,PT01799,PR015,Nursing Visit,2026-07-28,Morning,1,Completed
APT008579,PT00973,PR007,Diabetic Care Visit,2026-06-10,Evening,12,Cancelled
APT008580,PT01969,PR005,Nursing Visit,2026-08-05,Evening,3,No-Show
APT008581,PT01509,PR017,Wound Dressing,2026-08-09,Evening,14,Cancelled
APT008582,PT01579,PR009,Physiotherapy Session,2026-07-31,Afternoon,7,Completed
APT008583,PT00374,PR006,Diabetic Care Visit,2026-08-15,Afternoon,6,No-Show
APT008584,PT01354,PR010,Diabetic Care Visit,2026-06-10,Afternoon,11,No-Show
APT008585,PT00747,PR008,Wound Dressing,2026-08-05,Afternoon,0,Rescheduled
APT008586,PT01378,PR011,Post-Op Care,2026-07-30,Afternoon,9,Completed
APT008587,PT01539,PR002,Physiotherapy Session,2026-08-11,Evening,14,Completed
APT008588,PT01550,PR011,Diabetic Care Visit,2026-07-07,Morning,4,Rescheduled
APT008589,PT01179,PR013,Post-Op Care,2026-06-07,Evening,11,Completed
APT008590,PT01738,PR003,Vitals Check,2026-06-07,Evening,6,Rescheduled
APT008591,PT01361,PR016,Diabetic Care Visit,2026-08-19,Evening,11,Completed
APT008592,PT01077,PR012,Nursing Visit,2026-07-04,Morning,14,Completed
APT008593,PT01118,PR002,Post-Op Care,2026-08-29,Evening,2,Completed
APT008594,PT00366,PR006,Vitals Check,2026-08-03,Morning,4,Completed
APT008595,PT00431,PR018,Vitals Check,2026-08-05,Afternoon,14,Completed
APT008596,PT00832,PR001,Diabetic Care Visit,2026-08-24,Morning,14,Completed
APT008597,PT01879,PR017,Diabetic Care Visit,2026-08-12,Evening,0,Completed
APT008598,PT01198,PR008,Wound Dressing,2026-08-29,Afternoon,6,Completed
APT008599,PT01624,PR019,Physiotherapy Session,2026-07-11,Morning,5,Completed
APT008600,PT00865,PR013,Diabetic Care Visit,2026-06-23,Morning,2,Completed
APT008601,PT00807,PR009,Post-Op Care,2026-06-28,Morning,4,Completed
APT008602,PT01013,PR002,Physiotherapy Session,2026-07-02,Afternoon,4,Completed
APT008603,PT00889,PR004,Vitals Check,2026-08-03,Morning,10,Completed
APT008604,PT00742,PR008,Vitals Check,2026-07-23,Morning,0,Completed
APT008605,PT00769,PR010,Nursing Visit,2026-06-14,Afternoon,0,Completed
APT008606,PT00432,PR001,Wound Dressing,2026-08-13,Morning,14,Completed
APT008607,PT00242,PR010,Diabetic Care Visit,2026-06-05,Afternoon,4,Cancelled
APT008608,PT01315,PR018,Vitals Check,2026-06-01,Afternoon,6,Completed
APT008609,PT01409,PR016,Diabetic Care Visit,2026-07-07,Afternoon,3,Completed
APT008610,PT01026,PR002,Physiotherapy Session,2026-08-11,Evening,7,Completed
APT008611,PT01828,PR013,Vitals Check,2026-07-03,Evening,1,Completed
APT008612,PT00496,PR010,Diabetic Care Visit,2026-06-11,Morning,9,Completed
APT008613,PT00580,PR013,Physiotherapy Session,2026-07-08,Evening,3,Completed
APT008614,PT00168,PR010,Wound Dressing,2026-06-09,Afternoon,10,Completed
APT008615,PT01664,PR008,Physiotherapy Session,2026-07-27,Afternoon,8,Cancelled
APT008616,PT01677,PR005,Vitals Check,2026-08-18,Afternoon,4,No-Show
APT008617,PT00601,PR013,Nursing Visit,2026-08-09,Morning,5,Completed
APT008618,PT01557,PR007,Vitals Check,2026-06-13,Evening,11,Completed
APT008619,PT01385,PR015,Wound Dressing,2026-08-13,Morning,11,Cancelled
APT008620,PT01800,PR003,Nursing Visit,2026-08-03,Afternoon,13,Completed
APT008621,PT01161,PR013,Nursing Visit,2026-06-23,Morning,13,Completed
APT008622,PT00832,PR001,Wound Dressing,2026-07-28,Afternoon,11,Completed
APT008623,PT01145,PR006,Post-Op Care,2026-07-22,Afternoon,11,Completed
APT008624,PT00507,PR008,Wound Dressing,2026-07-23,Evening,2,Completed
APT008625,PT01198,PR008,Post-Op Care,2026-08-25,Afternoon,9,No-Show
APT008626,PT00782,PR011,Nursing Visit,2026-06-14,Morning,7,Completed
APT008627,PT01734,PR019,Vitals Check,2026-06-18,Afternoon,8,No-Show
APT008628,PT01357,PR004,Physiotherapy Session,2026-06-18,Evening,7,No-Show
APT008629,PT00542,PR010,Wound Dressing,2026-08-09,Morning,11,Completed
APT008630,PT01402,PR008,Physiotherapy Session,2026-07-26,Afternoon,6,Completed
APT008631,PT00194,PR014,Nursing Visit,2026-06-11,Afternoon,13,Completed
APT008632,PT01014,PR016,Nursing Visit,2026-08-13,Afternoon,12,Cancelled
APT008633,PT01594,PR007,Nursing Visit,2026-07-25,Afternoon,14,Completed
APT008634,PT01528,PR003,Wound Dressing,2026-07-21,Afternoon,8,Completed
APT008635,PT01465,PR008,Wound Dressing,2026-06-07,Morning,1,Completed
APT008636,PT00258,PR004,Physiotherapy Session,2026-08-24,Afternoon,7,No-Show
APT008637,PT01019,PR005,Diabetic Care Visit,2026-07-01,Afternoon,7,No-Show
APT008638,PT01636,PR010,Diabetic Care Visit,2026-06-20,Afternoon,2,Completed
APT008639,PT01534,PR011,Diabetic Care Visit,2026-06-29,Afternoon,8,Completed
APT008640,PT01195,PR006,Vitals Check,2026-08-09,Morning,2,Cancelled
APT008641,PT01869,PR001,Wound Dressing,2026-06-21,Afternoon,9,Cancelled
APT008642,PT00756,PR014,Post-Op Care,2026-07-29,Morning,5,Completed
APT008643,PT00373,PR004,Physiotherapy Session,2026-08-10,Morning,12,Completed
APT008644,PT00278,PR012,Post-Op Care,2026-06-25,Evening,0,Completed
APT008645,PT01418,PR002,Wound Dressing,2026-06-23,Morning,11,Completed
APT008646,PT00820,PR020,Nursing Visit,2026-08-04,Morning,10,Completed
APT008647,PT01101,PR015,Vitals Check,2026-07-29,Evening,5,Completed
APT008648,PT00507,PR004,Wound Dressing,2026-08-19,Afternoon,8,Completed
APT008649,PT01871,PR012,Diabetic Care Visit,2026-08-29,Evening,1,No-Show
APT008650,PT01653,PR019,Post-Op Care,2026-06-04,Afternoon,4,Completed
APT008651,PT00895,PR020,Physiotherapy Session,2026-06-07,Afternoon,13,Completed
APT008652,PT00751,PR010,Vitals Check,2026-06-04,Afternoon,5,Cancelled
APT008653,PT00337,PR003,Nursing Visit,2026-06-23,Evening,4,No-Show
APT008654,PT01778,PR001,Physiotherapy Session,2026-07-10,Afternoon,10,Completed
APT008655,PT01059,PR020,Wound Dressing,2026-08-11,Morning,14,Completed
APT008656,PT00795,PR010,Post-Op Care,2026-07-27,Evening,3,Completed
APT008657,PT01248,PR013,Diabetic Care Visit,2026-06-10,Afternoon,5,Completed
APT008658,PT01124,PR013,Wound Dressing,2026-07-06,Evening,6,Completed
APT008659,PT00766,PR017,Nursing Visit,2026-06-13,Morning,3,Completed
APT008660,PT00978,PR005,Nursing Visit,2026-07-15,Morning,4,Completed
APT008661,PT01088,PR007,Vitals Check,2026-08-07,Morning,13,Completed
APT008662,PT01836,PR014,Physiotherapy Session,2026-06-26,Morning,0,Completed
APT008663,PT00334,PR013,Post-Op Care,2026-07-17,Afternoon,5,Completed
APT008664,PT00101,PR004,Wound Dressing,2026-06-21,Evening,11,Completed
APT008665,PT00527,PR002,Post-Op Care,2026-08-26,Afternoon,9,Completed
APT008666,PT00592,PR010,Nursing Visit,2026-06-18,Afternoon,12,Completed
APT008667,PT01464,PR020,Vitals Check,2026-06-29,Afternoon,13,Completed
APT008668,PT01124,PR004,Diabetic Care Visit,2026-07-20,Morning,9,Completed
APT008669,PT01611,PR013,Diabetic Care Visit,2026-07-11,Afternoon,7,Completed
APT008670,PT00435,PR012,Nursing Visit,2026-08-12,Afternoon,7,Completed
APT008671,PT00233,PR011,Vitals Check,2026-07-03,Morning,4,Completed
APT008672,PT01618,PR010,Diabetic Care Visit,2026-06-19,Morning,1,Completed
APT008673,PT00771,PR020,Physiotherapy Session,2026-08-18,Evening,5,Completed
APT008674,PT00105,PR002,Post-Op Care,2026-07-15,Evening,0,No-Show
APT008675,PT00066,PR002,Nursing Visit,2026-06-22,Afternoon,9,Cancelled
APT008676,PT01609,PR006,Physiotherapy Session,2026-08-14,Afternoon,14,Completed
APT008677,PT00829,PR006,Physiotherapy Session,2026-07-21,Morning,3,Completed
APT008678,PT01311,PR002,Physiotherapy Session,2026-07-25,Morning,11,Completed
APT008679,PT01318,PR018,Nursing Visit,2026-06-10,Afternoon,9,Rescheduled
APT008680,PT00966,PR005,Vitals Check,2026-07-19,Morning,13,No-Show
APT008681,PT01419,PR008,Vitals Check,2026-06-29,Afternoon,1,Cancelled
APT008682,PT01194,PR013,Diabetic Care Visit,2026-06-16,Afternoon,8,Completed
APT008683,PT01200,PR003,Diabetic Care Visit,2026-07-06,Evening,12,Completed
APT008684,PT01035,PR017,Wound Dressing,2026-06-30,Evening,2,Completed
APT008685,PT01471,PR020,Wound Dressing,2026-08-11,Morning,10,Completed
APT008686,PT00800,PR019,Wound Dressing,2026-06-02,Evening,8,Completed
APT008687,PT01632,PR013,Nursing Visit,2026-07-31,Afternoon,14,Completed
APT008688,PT01532,PR013,Nursing Visit,2026-08-18,Evening,12,Completed
APT008689,PT01120,PR010,Physiotherapy Session,2026-06-04,Afternoon,7,Completed
APT008690,PT01733,PR012,Physiotherapy Session,2026-06-29,Evening,7,Completed
APT008691,PT01999,PR013,Nursing Visit,2026-06-21,Afternoon,11,Completed
APT008692,PT00184,PR015,Nursing Visit,2026-06-28,Afternoon,11,Completed
APT008693,PT00736,PR004,Physiotherapy Session,2026-08-24,Evening,7,Completed
APT008694,PT00349,PR018,Post-Op Care,2026-08-12,Morning,12,No-Show
APT008695,PT01786,PR007,Wound Dressing,2026-07-06,Afternoon,10,Completed
APT008696,PT01517,PR010,Diabetic Care Visit,2026-07-04,Evening,0,Completed
APT008697,PT00573,PR003,Nursing Visit,2026-08-09,Evening,4,Completed
APT008698,PT00062,PR017,Wound Dressing,2026-06-10,Afternoon,14,Completed
APT008699,PT00303,PR010,Wound Dressing,2026-07-17,Morning,6,Completed
APT008700,PT01384,PR019,Vitals Check,2026-08-22,Evening,2,Cancelled
APT008701,PT01245,PR010,Post-Op Care,2026-08-04,Evening,10,Completed
APT008702,PT01171,PR011,Vitals Check,2026-06-10,Evening,7,Completed
APT008703,PT00436,PR019,Post-Op Care,2026-06-19,Morning,2,Cancelled
APT008704,PT00036,PR020,Vitals Check,2026-07-10,Evening,9,No-Show
APT008705,PT01724,PR005,Physiotherapy Session,2026-06-08,Afternoon,2,Completed
APT008706,PT00294,PR018,Wound Dressing,2026-06-29,Evening,12,Completed
APT008707,PT01841,PR011,Nursing Visit,2026-08-15,Morning,7,No-Show
APT008708,PT00044,PR018,Diabetic Care Visit,2026-08-25,Evening,0,No-Show
APT008709,PT00210,PR017,Post-Op Care,2026-06-02,Evening,14,Completed
APT008710,PT01626,PR019,Diabetic Care Visit,2026-06-09,Afternoon,14,Completed
APT008711,PT00844,PR005,Vitals Check,2026-06-25,Evening,9,Completed
APT008712,PT00318,PR016,Vitals Check,2026-06-15,Afternoon,2,No-Show
APT008713,PT00113,PR002,Vitals Check,2026-07-03,Afternoon,1,Completed
APT008714,PT00737,PR009,Nursing Visit,2026-08-06,Afternoon,11,No-Show
APT008715,PT00549,PR014,Diabetic Care Visit,2026-06-14,Morning,0,Completed
APT008716,PT01116,PR009,Physiotherapy Session,2026-08-25,Evening,5,Completed
APT008717,PT00982,PR006,Nursing Visit,2026-06-07,Evening,13,No-Show
APT008718,PT00105,PR010,Vitals Check,2026-06-21,Afternoon,0,Completed
APT008719,PT01839,PR020,Physiotherapy Session,2026-06-28,Evening,14,No-Show
APT008720,PT01075,PR004,Vitals Check,2026-07-15,Evening,11,Completed
APT008721,PT00384,PR018,Diabetic Care Visit,2026-06-01,Evening,6,Completed
APT008722,PT00492,PR010,Vitals Check,2026-06-28,Morning,2,Completed
APT008723,PT01743,PR019,Physiotherapy Session,2026-06-03,Afternoon,1,Completed
APT008724,PT01404,PR010,Vitals Check,2026-06-28,Afternoon,8,Completed
APT008725,PT01718,PR003,Nursing Visit,2026-08-03,Evening,14,Completed
APT008726,PT00331,PR004,Physiotherapy Session,2026-08-11,Afternoon,8,Completed
APT008727,PT00342,PR019,Physiotherapy Session,2026-07-02,Afternoon,8,No-Show
APT008728,PT00054,PR018,Post-Op Care,2026-06-10,Afternoon,9,Completed
APT008729,PT00700,PR010,Nursing Visit,2026-08-17,Afternoon,13,Completed
APT008730,PT00840,PR008,Vitals Check,2026-06-08,Afternoon,10,Completed
APT008731,PT01447,PR007,Diabetic Care Visit,2026-08-17,Morning,14,Cancelled
APT008732,PT00528,PR005,Wound Dressing,2026-07-06,Evening,2,Completed
APT008733,PT01340,PR017,Diabetic Care Visit,2026-08-10,Evening,4,Completed
APT008734,PT01366,PR010,Diabetic Care Visit,2026-07-28,Afternoon,1,Completed
APT008735,PT01527,PR019,Wound Dressing,2026-07-25,Morning,3,Completed
APT008736,PT00932,PR015,Vitals Check,2026-08-25,Afternoon,9,Completed
APT008737,PT01674,PR012,Post-Op Care,2026-08-13,Evening,3,Completed
APT008738,PT00805,PR010,Wound Dressing,2026-06-19,Morning,9,Completed
APT008739,PT00366,PR007,Vitals Check,2026-06-16,Afternoon,14,Completed
APT008740,PT00273,PR019,Diabetic Care Visit,2026-08-07,Morning,14,Completed
APT008741,PT01437,PR013,Wound Dressing,2026-07-23,Evening,12,Cancelled
APT008742,PT00723,PR017,Post-Op Care,2026-08-03,Evening,6,No-Show
APT008743,PT00533,PR012,Physiotherapy Session,2026-07-17,Afternoon,8,Rescheduled
APT008744,PT01199,PR003,Physiotherapy Session,2026-08-01,Afternoon,0,Completed
APT008745,PT01327,PR015,Physiotherapy Session,2026-08-25,Evening,5,Completed
APT008746,PT01050,PR012,Diabetic Care Visit,2026-08-22,Afternoon,2,Completed
APT008747,PT01442,PR008,Nursing Visit,2026-06-12,Evening,14,Completed
APT008748,PT00940,PR010,Physiotherapy Session,2026-06-05,Evening,3,No-Show
APT008749,PT00897,PR006,Post-Op Care,2026-07-20,Afternoon,4,Cancelled
APT008750,PT00647,PR016,Post-Op Care,2026-07-18,Evening,4,Rescheduled
APT008751,PT01508,PR020,Post-Op Care,2026-06-08,Evening,7,Cancelled
APT008752,PT01809,PR010,Vitals Check,2026-08-12,Evening,14,Completed
APT008753,PT01347,PR002,Nursing Visit,2026-06-22,Morning,10,Completed
APT008754,PT01998,PR017,Wound Dressing,2026-08-24,Morning,0,Completed
APT008755,PT01994,PR008,Post-Op Care,2026-08-09,Afternoon,0,Rescheduled
APT008756,PT00245,PR007,Physiotherapy Session,2026-06-03,Evening,3,No-Show
APT008757,PT01125,PR015,Wound Dressing,2026-06-29,Evening,9,Completed
APT008758,PT01069,PR007,Post-Op Care,2026-07-13,Evening,8,Rescheduled
APT008759,PT00557,PR010,Physiotherapy Session,2026-07-28,Morning,1,Cancelled
APT008760,PT01430,PR010,Diabetic Care Visit,2026-08-26,Morning,2,Completed
APT008761,PT01491,PR015,Wound Dressing,2026-07-20,Afternoon,4,Cancelled
APT008762,PT01925,PR005,Physiotherapy Session,2026-07-07,Afternoon,9,No-Show
APT008763,PT00330,PR002,Diabetic Care Visit,2026-06-08,Morning,13,Completed
APT008764,PT00100,PR018,Vitals Check,2026-07-31,Evening,6,Completed
APT008765,PT01069,PR009,Post-Op Care,2026-07-01,Afternoon,2,No-Show
APT008766,PT00905,PR002,Nursing Visit,2026-06-25,Morning,10,Completed
APT008767,PT00298,PR012,Nursing Visit,2026-07-27,Morning,3,Completed
APT008768,PT00814,PR018,Vitals Check,2026-08-20,Evening,10,Completed
APT008769,PT00893,PR015,Diabetic Care Visit,2026-08-12,Morning,14,Completed
APT008770,PT01909,PR014,Nursing Visit,2026-06-22,Evening,5,Completed
APT008771,PT00179,PR018,Diabetic Care Visit,2026-06-17,Afternoon,10,Completed
APT008772,PT00853,PR004,Diabetic Care Visit,2026-07-09,Evening,11,Cancelled
APT008773,PT00373,PR004,Diabetic Care Visit,2026-07-17,Morning,5,Completed
APT008774,PT01597,PR019,Nursing Visit,2026-06-11,Morning,5,Completed
APT008775,PT00609,PR013,Post-Op Care,2026-06-14,Morning,9,Completed
APT008776,PT00257,PR020,Post-Op Care,2026-06-30,Afternoon,12,No-Show
APT008777,PT00240,PR018,Physiotherapy Session,2026-07-05,Evening,7,Completed
APT008778,PT00820,PR018,Vitals Check,2026-06-15,Afternoon,5,Completed
APT008779,PT01454,PR013,Post-Op Care,2026-06-09,Morning,9,Rescheduled
APT008780,PT00783,PR002,Wound Dressing,2026-06-14,Morning,2,No-Show
APT008781,PT00605,PR001,Wound Dressing,2026-07-17,Morning,9,Completed
APT008782,PT01119,PR011,Vitals Check,2026-07-04,Evening,1,Completed
APT008783,PT01292,PR005,Wound Dressing,2026-06-05,Morning,14,Completed
APT008784,PT00858,PR002,Nursing Visit,2026-07-18,Morning,1,Rescheduled
APT008785,PT01847,PR006,Nursing Visit,2026-07-27,Afternoon,4,Completed
APT008786,PT00082,PR002,Wound Dressing,2026-07-24,Evening,1,Completed
APT008787,PT00516,PR019,Wound Dressing,2026-08-02,Evening,9,Completed
APT008788,PT00050,PR008,Diabetic Care Visit,2026-07-14,Morning,6,Completed
APT008789,PT00338,PR020,Nursing Visit,2026-06-25,Morning,1,Completed
APT008790,PT00131,PR009,Nursing Visit,2026-06-17,Evening,12,Completed
APT008791,PT00360,PR010,Vitals Check,2026-07-14,Morning,11,Completed
APT008792,PT01059,PR014,Vitals Check,2026-06-18,Afternoon,3,Cancelled
APT008793,PT01859,PR011,Nursing Visit,2026-08-16,Afternoon,12,Cancelled
APT008794,PT00131,PR017,Diabetic Care Visit,2026-06-01,Evening,2,Cancelled
APT008795,PT00320,PR013,Nursing Visit,2026-07-06,Evening,6,Rescheduled
APT008796,PT01420,PR017,Diabetic Care Visit,2026-07-26,Afternoon,10,No-Show
APT008797,PT00318,PR016,Wound Dressing,2026-07-16,Evening,9,No-Show
APT008798,PT01093,PR007,Diabetic Care Visit,2026-08-13,Evening,6,Completed
APT008799,PT00042,PR004,Vitals Check,2026-06-29,Morning,10,Cancelled
APT008800,PT00334,PR008,Nursing Visit,2026-07-12,Afternoon,5,Completed
APT008801,PT00986,PR004,Vitals Check,2026-07-25,Morning,4,Completed
APT008802,PT00320,PR013,Vitals Check,2026-07-02,Afternoon,12,Cancelled
APT008803,PT00905,PR010,Post-Op Care,2026-07-25,Evening,7,Completed
APT008804,PT00208,PR015,Post-Op Care,2026-06-08,Morning,0,No-Show
APT008805,PT01238,PR019,Physiotherapy Session,2026-08-09,Afternoon,7,Completed
APT008806,PT00619,PR004,Vitals Check,2026-07-15,Evening,7,No-Show
APT008807,PT01329,PR008,Nursing Visit,2026-07-12,Evening,7,No-Show
APT008808,PT00411,PR009,Physiotherapy Session,2026-07-02,Afternoon,11,Rescheduled
APT008809,PT00948,PR014,Wound Dressing,2026-06-25,Evening,2,Cancelled
APT008810,PT01198,PR004,Post-Op Care,2026-06-27,Evening,7,Completed
APT008811,PT01585,PR010,Diabetic Care Visit,2026-08-20,Afternoon,14,Completed
APT008812,PT00497,PR013,Physiotherapy Session,2026-08-14,Afternoon,13,Completed
APT008813,PT00310,PR010,Nursing Visit,2026-08-20,Afternoon,2,Completed
APT008814,PT01681,PR008,Wound Dressing,2026-08-21,Afternoon,3,Completed
APT008815,PT01894,PR001,Post-Op Care,2026-06-11,Afternoon,9,Completed
APT008816,PT01820,PR006,Vitals Check,2026-08-06,Evening,13,No-Show
APT008817,PT00065,PR019,Nursing Visit,2026-07-31,Afternoon,1,Completed
APT008818,PT00076,PR007,Diabetic Care Visit,2026-08-29,Morning,5,Completed
APT008819,PT00045,PR010,Wound Dressing,2026-08-07,Evening,7,Completed
APT008820,PT00655,PR007,Wound Dressing,2026-06-11,Morning,6,Completed
APT008821,PT01950,PR007,Wound Dressing,2026-06-25,Evening,10,No-Show
APT008822,PT00079,PR004,Post-Op Care,2026-06-28,Afternoon,3,Completed
APT008823,PT00594,PR013,Vitals Check,2026-06-05,Morning,9,Completed
APT008824,PT01640,PR015,Wound Dressing,2026-08-17,Afternoon,13,Completed
APT008825,PT01050,PR014,Diabetic Care Visit,2026-07-02,Afternoon,1,Completed
APT008826,PT01208,PR011,Diabetic Care Visit,2026-07-22,Evening,4,Completed
APT008827,PT01770,PR016,Post-Op Care,2026-07-20,Morning,13,Cancelled
APT008828,PT00107,PR003,Nursing Visit,2026-07-01,Evening,1,Cancelled
APT008829,PT01053,PR012,Post-Op Care,2026-07-23,Morning,9,Completed
APT008830,PT00681,PR014,Diabetic Care Visit,2026-06-08,Morning,1,No-Show
APT008831,PT01198,PR004,Vitals Check,2026-08-25,Evening,7,Completed
APT008832,PT01109,PR011,Post-Op Care,2026-06-03,Evening,7,Completed
APT008833,PT00491,PR015,Diabetic Care Visit,2026-08-20,Evening,8,Completed
APT008834,PT01178,PR001,Nursing Visit,2026-06-03,Afternoon,2,Completed
APT008835,PT01975,PR009,Post-Op Care,2026-07-29,Morning,12,Completed
APT008836,PT00501,PR009,Physiotherapy Session,2026-08-27,Evening,12,Completed
APT008837,PT01330,PR017,Diabetic Care Visit,2026-08-12,Afternoon,3,No-Show
APT008838,PT00829,PR017,Post-Op Care,2026-06-12,Morning,1,Rescheduled
APT008839,PT00550,PR011,Diabetic Care Visit,2026-08-04,Morning,2,No-Show
APT008840,PT01632,PR004,Vitals Check,2026-08-14,Afternoon,1,Completed
APT008841,PT00651,PR020,Physiotherapy Session,2026-07-04,Afternoon,1,Completed
APT008842,PT00558,PR009,Vitals Check,2026-06-21,Evening,14,No-Show
APT008843,PT01770,PR016,Vitals Check,2026-08-17,Afternoon,8,Cancelled
APT008844,PT00756,PR014,Nursing Visit,2026-06-03,Afternoon,0,No-Show
APT008845,PT00992,PR011,Post-Op Care,2026-07-07,Afternoon,1,Cancelled
APT008846,PT00172,PR016,Post-Op Care,2026-08-21,Morning,8,Cancelled
APT008847,PT01628,PR018,Vitals Check,2026-08-03,Afternoon,0,Completed
APT008848,PT00167,PR006,Wound Dressing,2026-08-28,Afternoon,11,Completed
APT008849,PT01585,PR002,Nursing Visit,2026-08-20,Afternoon,12,Completed
APT008850,PT00567,PR002,Physiotherapy Session,2026-08-19,Afternoon,6,Completed
APT008851,PT01609,PR006,Physiotherapy Session,2026-08-07,Morning,13,Completed
APT008852,PT00334,PR004,Physiotherapy Session,2026-07-11,Morning,4,Completed
APT008853,PT01759,PR007,Nursing Visit,2026-06-06,Morning,12,Completed
APT008854,PT00084,PR004,Vitals Check,2026-08-22,Afternoon,12,Completed
APT008855,PT01981,PR002,Diabetic Care Visit,2026-06-23,Evening,12,Completed
APT008856,PT01073,PR020,Post-Op Care,2026-08-05,Morning,12,Cancelled
APT008857,PT01190,PR009,Wound Dressing,2026-07-01,Morning,0,Completed
APT008858,PT00235,PR006,Vitals Check,2026-06-06,Evening,9,Completed
APT008859,PT01415,PR002,Vitals Check,2026-06-21,Morning,4,No-Show
APT008860,PT01119,PR011,Nursing Visit,2026-08-19,Morning,8,Completed
APT008861,PT00694,PR002,Post-Op Care,2026-08-08,Morning,2,Completed
APT008862,PT00908,PR002,Nursing Visit,2026-06-22,Evening,11,Completed
APT008863,PT01928,PR014,Wound Dressing,2026-07-09,Morning,7,No-Show
APT008864,PT01327,PR016,Nursing Visit,2026-08-08,Morning,7,Completed
APT008865,PT01680,PR013,Nursing Visit,2026-08-18,Afternoon,6,Completed
APT008866,PT00435,PR014,Post-Op Care,2026-07-18,Evening,1,Rescheduled
APT008867,PT00255,PR018,Nursing Visit,2026-08-09,Evening,3,Completed
APT008868,PT01052,PR013,Physiotherapy Session,2026-06-16,Morning,5,No-Show
APT008869,PT00815,PR019,Post-Op Care,2026-07-17,Afternoon,12,No-Show
APT008870,PT01067,PR017,Nursing Visit,2026-08-01,Afternoon,5,Completed
APT008871,PT01129,PR004,Post-Op Care,2026-07-12,Afternoon,1,No-Show
APT008872,PT01120,PR002,Physiotherapy Session,2026-08-27,Evening,11,Cancelled
APT008873,PT01495,PR010,Diabetic Care Visit,2026-08-11,Morning,2,Completed
APT008874,PT01106,PR018,Nursing Visit,2026-06-24,Afternoon,10,Completed
APT008875,PT00609,PR008,Wound Dressing,2026-08-10,Evening,0,Completed
APT008876,PT00240,PR020,Wound Dressing,2026-06-14,Afternoon,4,Completed
APT008877,PT01018,PR012,Post-Op Care,2026-06-19,Afternoon,14,Completed
APT008878,PT00932,PR005,Diabetic Care Visit,2026-08-09,Evening,2,Completed
APT008879,PT01959,PR004,Vitals Check,2026-08-27,Evening,10,Completed
APT008880,PT01680,PR008,Wound Dressing,2026-06-17,Morning,7,Completed
APT008881,PT00322,PR017,Physiotherapy Session,2026-06-22,Morning,0,Completed
APT008882,PT01505,PR008,Nursing Visit,2026-06-12,Evening,3,Cancelled
APT008883,PT01695,PR009,Diabetic Care Visit,2026-06-23,Morning,8,Cancelled
APT008884,PT00370,PR015,Physiotherapy Session,2026-06-09,Morning,8,Completed
APT008885,PT01337,PR006,Diabetic Care Visit,2026-07-28,Afternoon,3,Completed
APT008886,PT00041,PR004,Physiotherapy Session,2026-07-14,Morning,13,Completed
APT008887,PT00052,PR005,Vitals Check,2026-08-05,Afternoon,7,Completed
APT008888,PT00595,PR011,Nursing Visit,2026-07-03,Evening,0,Rescheduled
APT008889,PT00592,PR002,Diabetic Care Visit,2026-06-27,Morning,11,Cancelled
APT008890,PT01124,PR013,Vitals Check,2026-06-22,Evening,5,Completed
APT008891,PT00038,PR010,Diabetic Care Visit,2026-06-07,Morning,0,Completed
APT008892,PT00862,PR010,Diabetic Care Visit,2026-07-20,Evening,10,Completed
APT008893,PT01308,PR005,Wound Dressing,2026-08-24,Afternoon,3,No-Show
APT008894,PT00668,PR010,Vitals Check,2026-08-18,Evening,8,Completed
APT008895,PT00764,PR020,Nursing Visit,2026-08-13,Afternoon,12,Completed
APT008896,PT01460,PR004,Vitals Check,2026-06-19,Morning,9,Cancelled
APT008897,PT00626,PR006,Wound Dressing,2026-07-28,Morning,13,Completed
APT008898,PT00001,PR004,Vitals Check,2026-06-11,Morning,10,No-Show
APT008899,PT01883,PR011,Diabetic Care Visit,2026-08-20,Afternoon,4,Completed
APT008900,PT00203,PR013,Physiotherapy Session,2026-08-04,Evening,4,Completed
APT008901,PT01282,PR016,Nursing Visit,2026-07-22,Afternoon,8,No-Show
APT008902,PT01746,PR015,Diabetic Care Visit,2026-08-21,Afternoon,6,Completed
APT008903,PT00239,PR009,Nursing Visit,2026-07-31,Afternoon,7,Cancelled
APT008904,PT00175,PR007,Post-Op Care,2026-06-12,Morning,14,No-Show
APT008905,PT01592,PR016,Post-Op Care,2026-06-19,Afternoon,7,Completed
APT008906,PT00759,PR019,Diabetic Care Visit,2026-07-19,Morning,6,Completed
APT008907,PT01185,PR002,Physiotherapy Session,2026-06-28,Afternoon,7,Completed
APT008908,PT00670,PR016,Physiotherapy Session,2026-07-31,Morning,6,No-Show
APT008909,PT00922,PR012,Physiotherapy Session,2026-06-27,Morning,5,Cancelled
APT008910,PT00734,PR015,Physiotherapy Session,2026-06-07,Evening,0,Completed
APT008911,PT00261,PR002,Vitals Check,2026-06-02,Evening,0,Completed
APT008912,PT00588,PR002,Vitals Check,2026-07-22,Afternoon,9,Completed
APT008913,PT00674,PR017,Physiotherapy Session,2026-06-30,Evening,11,No-Show
APT008914,PT00984,PR002,Diabetic Care Visit,2026-07-01,Morning,7,Completed
APT008915,PT01567,PR001,Wound Dressing,2026-08-04,Afternoon,3,Cancelled
APT008916,PT00211,PR010,Vitals Check,2026-06-30,Evening,3,Cancelled
APT008917,PT01367,PR018,Vitals Check,2026-07-18,Afternoon,9,Completed
APT008918,PT01597,PR001,Diabetic Care Visit,2026-06-14,Morning,13,No-Show
APT008919,PT01901,PR017,Wound Dressing,2026-06-29,Afternoon,14,Completed
APT008920,PT01302,PR018,Wound Dressing,2026-07-23,Afternoon,12,Completed
APT008921,PT00297,PR008,Diabetic Care Visit,2026-06-10,Morning,12,Completed
APT008922,PT01908,PR005,Vitals Check,2026-08-29,Afternoon,7,Completed
APT008923,PT00402,PR008,Physiotherapy Session,2026-08-16,Afternoon,13,No-Show
APT008924,PT00078,PR017,Diabetic Care Visit,2026-07-16,Afternoon,14,Completed
APT008925,PT01639,PR009,Physiotherapy Session,2026-08-26,Evening,8,Cancelled
APT008926,PT00361,PR020,Nursing Visit,2026-06-08,Morning,10,Completed
APT008927,PT00222,PR010,Diabetic Care Visit,2026-07-31,Afternoon,7,Completed
APT008928,PT00181,PR012,Post-Op Care,2026-06-09,Morning,3,Completed
APT008929,PT00794,PR001,Vitals Check,2026-06-10,Evening,13,Cancelled
APT008930,PT00271,PR005,Nursing Visit,2026-07-03,Evening,14,Rescheduled
APT008931,PT00801,PR008,Post-Op Care,2026-08-23,Morning,2,Completed
APT008932,PT00867,PR015,Physiotherapy Session,2026-07-10,Evening,8,Completed
APT008933,PT00841,PR001,Wound Dressing,2026-07-06,Afternoon,9,Completed
APT008934,PT00494,PR013,Vitals Check,2026-08-20,Afternoon,13,Completed
APT008935,PT00803,PR016,Post-Op Care,2026-06-27,Afternoon,11,Cancelled
APT008936,PT01319,PR001,Nursing Visit,2026-07-12,Morning,11,No-Show
APT008937,PT00742,PR008,Vitals Check,2026-06-07,Afternoon,5,Completed
APT008938,PT01956,PR010,Wound Dressing,2026-08-08,Evening,5,Cancelled
APT008939,PT00750,PR015,Physiotherapy Session,2026-07-05,Morning,11,Completed
APT008940,PT01194,PR008,Physiotherapy Session,2026-07-13,Afternoon,0,Rescheduled
APT008941,PT01385,PR005,Post-Op Care,2026-08-10,Afternoon,10,Completed
APT008942,PT01513,PR020,Post-Op Care,2026-07-03,Afternoon,12,No-Show
APT008943,PT00912,PR009,Nursing Visit,2026-07-23,Evening,14,Completed
APT008944,PT00861,PR004,Physiotherapy Session,2026-07-07,Afternoon,14,Completed
APT008945,PT00823,PR015,Post-Op Care,2026-06-24,Afternoon,8,Completed
APT008946,PT01464,PR011,Physiotherapy Session,2026-07-21,Afternoon,0,Completed
APT008947,PT00401,PR018,Physiotherapy Session,2026-08-01,Afternoon,11,No-Show
APT008948,PT00198,PR012,Diabetic Care Visit,2026-08-08,Afternoon,12,Completed
APT008949,PT00337,PR009,Post-Op Care,2026-06-23,Morning,10,Cancelled
APT008950,PT01615,PR014,Nursing Visit,2026-08-14,Afternoon,9,Rescheduled
APT008951,PT01761,PR002,Wound Dressing,2026-08-20,Evening,12,Completed
APT008952,PT00146,PR001,Physiotherapy Session,2026-08-03,Afternoon,9,Completed
APT008953,PT00216,PR003,Physiotherapy Session,2026-07-31,Morning,8,Completed
APT008954,PT01210,PR011,Physiotherapy Session,2026-08-09,Afternoon,1,Completed
APT008955,PT00234,PR018,Post-Op Care,2026-08-20,Morning,2,Completed
APT008956,PT00580,PR004,Vitals Check,2026-07-30,Afternoon,6,Completed
APT008957,PT01363,PR011,Wound Dressing,2026-08-03,Morning,1,Completed
APT008958,PT01879,PR003,Physiotherapy Session,2026-06-07,Morning,11,Completed
APT008959,PT01229,PR004,Vitals Check,2026-08-19,Evening,1,Completed
APT008960,PT01188,PR014,Wound Dressing,2026-07-10,Afternoon,2,Completed
APT008961,PT01782,PR011,Physiotherapy Session,2026-07-06,Afternoon,4,No-Show
APT008962,PT01532,PR013,Diabetic Care Visit,2026-07-06,Morning,3,Completed
APT008963,PT01518,PR020,Diabetic Care Visit,2026-07-28,Morning,6,No-Show
APT008964,PT00838,PR015,Nursing Visit,2026-07-16,Morning,0,Completed
APT008965,PT00344,PR014,Vitals Check,2026-08-10,Evening,1,Completed
APT008966,PT00973,PR007,Wound Dressing,2026-07-11,Morning,3,Completed
APT008967,PT00894,PR018,Vitals Check,2026-06-19,Afternoon,1,Completed
APT008968,PT01028,PR010,Post-Op Care,2026-08-27,Afternoon,0,Rescheduled
APT008969,PT00127,PR007,Nursing Visit,2026-06-22,Evening,0,Completed
APT008970,PT01157,PR004,Wound Dressing,2026-07-15,Morning,12,Completed
APT008971,PT01334,PR009,Wound Dressing,2026-08-21,Evening,3,Completed
APT008972,PT01359,PR005,Diabetic Care Visit,2026-07-31,Afternoon,13,No-Show
APT008973,PT01567,PR001,Post-Op Care,2026-07-14,Afternoon,4,Completed
APT008974,PT00805,PR002,Wound Dressing,2026-08-10,Morning,9,Completed
APT008975,PT00474,PR008,Wound Dressing,2026-06-15,Evening,3,Completed
APT008976,PT00982,PR006,Vitals Check,2026-08-05,Afternoon,4,No-Show
APT008977,PT01132,PR008,Physiotherapy Session,2026-07-25,Afternoon,2,Rescheduled
APT008978,PT00927,PR013,Nursing Visit,2026-07-05,Morning,2,Completed
APT008979,PT00075,PR011,Diabetic Care Visit,2026-07-27,Morning,3,Completed
APT008980,PT01916,PR020,Diabetic Care Visit,2026-08-13,Morning,1,Completed
APT008981,PT01541,PR010,Physiotherapy Session,2026-07-22,Morning,13,Completed
APT008982,PT00324,PR008,Physiotherapy Session,2026-06-12,Evening,9,Completed
APT008983,PT00152,PR018,Physiotherapy Session,2026-08-01,Evening,11,Completed
APT008984,PT00419,PR009,Nursing Visit,2026-07-15,Evening,11,No-Show
APT008985,PT00783,PR010,Physiotherapy Session,2026-08-05,Morning,11,Completed
APT008986,PT01839,PR012,Diabetic Care Visit,2026-08-11,Morning,7,Completed
APT008987,PT00849,PR008,Physiotherapy Session,2026-07-04,Afternoon,3,Completed
APT008988,PT01028,PR002,Vitals Check,2026-08-24,Afternoon,10,Completed
APT008989,PT00507,PR013,Vitals Check,2026-06-03,Afternoon,0,Completed
APT008990,PT01105,PR010,Nursing Visit,2026-06-21,Afternoon,2,No-Show
APT008991,PT00566,PR009,Nursing Visit,2026-06-22,Afternoon,11,Completed
APT008992,PT00250,PR017,Vitals Check,2026-06-27,Evening,14,No-Show
APT008993,PT01104,PR001,Physiotherapy Session,2026-06-18,Evening,0,Completed
APT008994,PT01446,PR005,Vitals Check,2026-06-12,Afternoon,14,Completed
APT008995,PT00353,PR014,Wound Dressing,2026-07-01,Afternoon,10,Completed
APT008996,PT00848,PR019,Vitals Check,2026-06-22,Evening,2,Completed
APT008997,PT00361,PR014,Post-Op Care,2026-07-03,Afternoon,12,Completed
APT008998,PT00366,PR009,Diabetic Care Visit,2026-06-16,Morning,7,Cancelled
APT008999,PT01284,PR019,Nursing Visit,2026-08-27,Afternoon,10,Completed
APT009000,PT00486,PR002,Diabetic Care Visit,2026-06-05,Afternoon,3,Completed
APT009001,PT00914,PR013,Nursing Visit,2026-06-23,Morning,11,Completed
APT009002,PT01411,PR004,Wound Dressing,2026-06-12,Morning,3,Completed
APT009003,PT01940,PR016,Post-Op Care,2026-07-27,Morning,1,Cancelled
APT009004,PT01245,PR002,Physiotherapy Session,2026-06-13,Morning,11,Completed
APT009005,PT01155,PR001,Nursing Visit,2026-08-27,Afternoon,11,Completed
APT009006,PT00093,PR006,Physiotherapy Session,2026-07-29,Afternoon,13,Completed
APT009007,PT01623,PR010,Post-Op Care,2026-06-30,Afternoon,9,No-Show
APT009008,PT00246,PR008,Physiotherapy Session,2026-07-27,Afternoon,8,No-Show
APT009009,PT01463,PR005,Post-Op Care,2026-08-27,Evening,13,Completed
APT009010,PT01274,PR008,Nursing Visit,2026-08-12,Afternoon,5,Completed
APT009011,PT01502,PR002,Wound Dressing,2026-08-11,Afternoon,4,Completed
APT009012,PT00004,PR002,Diabetic Care Visit,2026-06-13,Evening,6,Completed
APT009013,PT00671,PR002,Vitals Check,2026-06-09,Afternoon,7,No-Show
APT009014,PT01198,PR004,Wound Dressing,2026-08-15,Afternoon,14,Completed
APT009015,PT00699,PR019,Diabetic Care Visit,2026-07-20,Morning,8,Completed
APT009016,PT01181,PR020,Physiotherapy Session,2026-06-13,Morning,11,Completed
APT009017,PT00982,PR007,Physiotherapy Session,2026-07-17,Evening,7,Cancelled
APT009018,PT00854,PR010,Wound Dressing,2026-08-12,Afternoon,7,No-Show
APT009019,PT00615,PR017,Diabetic Care Visit,2026-07-30,Afternoon,9,Completed
APT009020,PT01772,PR008,Diabetic Care Visit,2026-06-21,Afternoon,2,Completed
APT009021,PT01429,PR020,Physiotherapy Session,2026-07-20,Evening,8,Completed
APT009022,PT01731,PR020,Post-Op Care,2026-08-02,Morning,11,No-Show
APT009023,PT00272,PR013,Post-Op Care,2026-08-18,Afternoon,8,Completed
APT009024,PT01897,PR004,Diabetic Care Visit,2026-06-15,Morning,13,Completed
APT009025,PT01801,PR007,Wound Dressing,2026-08-16,Morning,12,No-Show
APT009026,PT00577,PR013,Wound Dressing,2026-06-30,Morning,7,Completed
APT009027,PT01262,PR006,Vitals Check,2026-07-12,Afternoon,8,Completed
APT009028,PT00068,PR010,Physiotherapy Session,2026-07-22,Evening,0,Completed
APT009029,PT01823,PR001,Diabetic Care Visit,2026-07-26,Morning,11,Completed
APT009030,PT01518,PR014,Vitals Check,2026-07-10,Evening,1,Cancelled
APT009031,PT01582,PR020,Diabetic Care Visit,2026-07-23,Afternoon,10,Completed
APT009032,PT00098,PR008,Physiotherapy Session,2026-06-05,Morning,10,Completed
APT009033,PT01159,PR017,Wound Dressing,2026-07-05,Afternoon,11,Completed
APT009034,PT00785,PR011,Nursing Visit,2026-08-29,Morning,2,Cancelled
APT009035,PT01365,PR004,Vitals Check,2026-07-17,Morning,10,Completed
APT009036,PT00569,PR010,Diabetic Care Visit,2026-07-10,Evening,8,Completed
APT009037,PT00932,PR019,Diabetic Care Visit,2026-07-19,Afternoon,4,Completed
APT009038,PT01544,PR008,Post-Op Care,2026-06-29,Afternoon,1,Completed
APT009039,PT01539,PR002,Post-Op Care,2026-08-11,Afternoon,10,No-Show
APT009040,PT01833,PR006,Diabetic Care Visit,2026-07-15,Morning,11,Cancelled
APT009041,PT01847,PR009,Post-Op Care,2026-06-17,Evening,3,Completed
APT009042,PT01288,PR010,Physiotherapy Session,2026-08-12,Evening,4,No-Show
APT009043,PT00628,PR009,Post-Op Care,2026-07-01,Evening,0,Completed
APT009044,PT01768,PR010,Post-Op Care,2026-06-08,Morning,3,Completed
APT009045,PT00663,PR010,Post-Op Care,2026-07-17,Afternoon,6,Rescheduled
APT009046,PT01762,PR016,Nursing Visit,2026-06-21,Morning,10,Completed
APT009047,PT01221,PR011,Wound Dressing,2026-07-22,Evening,0,Completed
APT009048,PT00881,PR001,Wound Dressing,2026-06-24,Afternoon,2,Completed
APT009049,PT00683,PR016,Vitals Check,2026-06-28,Morning,9,Cancelled
APT009050,PT00924,PR004,Wound Dressing,2026-06-06,Afternoon,6,Completed
APT009051,PT01678,PR008,Nursing Visit,2026-07-23,Afternoon,11,Completed
APT009052,PT00900,PR010,Diabetic Care Visit,2026-07-19,Evening,6,Rescheduled
APT009053,PT00756,PR014,Wound Dressing,2026-06-22,Evening,3,Completed
APT009054,PT01857,PR007,Wound Dressing,2026-06-12,Afternoon,5,Completed
APT009055,PT01998,PR017,Nursing Visit,2026-08-09,Afternoon,7,Completed
APT009056,PT01359,PR005,Nursing Visit,2026-06-29,Evening,10,Completed
APT009057,PT01852,PR009,Diabetic Care Visit,2026-07-21,Evening,14,Completed
APT009058,PT01217,PR015,Wound Dressing,2026-06-25,Afternoon,8,Completed
APT009059,PT01531,PR019,Post-Op Care,2026-07-09,Afternoon,12,Completed
APT009060,PT00273,PR015,Wound Dressing,2026-07-31,Evening,10,No-Show
APT009061,PT01289,PR008,Vitals Check,2026-06-23,Afternoon,10,Completed
APT009062,PT01281,PR019,Nursing Visit,2026-07-23,Afternoon,11,Completed
APT009063,PT00936,PR008,Nursing Visit,2026-06-08,Evening,10,No-Show
APT009064,PT00787,PR019,Nursing Visit,2026-08-23,Evening,0,Completed
APT009065,PT00036,PR011,Vitals Check,2026-06-14,Morning,14,Cancelled
APT009066,PT00609,PR004,Physiotherapy Session,2026-06-23,Afternoon,4,Completed
APT009067,PT00519,PR011,Physiotherapy Session,2026-06-04,Afternoon,5,Completed
APT009068,PT01056,PR009,Diabetic Care Visit,2026-06-07,Morning,1,Completed
APT009069,PT00480,PR019,Post-Op Care,2026-08-07,Morning,5,Completed
APT009070,PT00986,PR008,Wound Dressing,2026-08-06,Morning,12,Completed
APT009071,PT01230,PR016,Vitals Check,2026-07-04,Afternoon,3,Completed
APT009072,PT00044,PR018,Diabetic Care Visit,2026-08-05,Afternoon,10,Cancelled
APT009073,PT01678,PR004,Wound Dressing,2026-07-30,Afternoon,1,Cancelled
APT009074,PT00875,PR007,Diabetic Care Visit,2026-06-17,Morning,1,No-Show
APT009075,PT00546,PR020,Nursing Visit,2026-07-11,Afternoon,7,Completed
APT009076,PT01846,PR016,Vitals Check,2026-07-04,Evening,3,Completed
APT009077,PT01361,PR019,Nursing Visit,2026-07-13,Afternoon,9,No-Show
APT009078,PT00923,PR008,Wound Dressing,2026-08-21,Evening,6,Completed
APT009079,PT01668,PR013,Nursing Visit,2026-06-25,Afternoon,1,Completed
APT009080,PT00600,PR016,Nursing Visit,2026-06-20,Evening,13,No-Show
APT009081,PT00372,PR011,Post-Op Care,2026-07-07,Morning,12,Completed
APT009082,PT00940,PR010,Vitals Check,2026-07-12,Afternoon,1,Completed
APT009083,PT01355,PR010,Post-Op Care,2026-08-18,Evening,2,Cancelled
APT009084,PT00082,PR010,Diabetic Care Visit,2026-06-08,Afternoon,3,Completed
APT009085,PT01585,PR010,Vitals Check,2026-07-02,Morning,3,Completed
APT009086,PT00072,PR003,Wound Dressing,2026-06-01,Evening,0,Completed
APT009087,PT00164,PR016,Vitals Check,2026-06-03,Evening,4,Rescheduled
APT009088,PT00506,PR019,Diabetic Care Visit,2026-08-28,Morning,3,Completed
APT009089,PT01005,PR018,Diabetic Care Visit,2026-06-04,Morning,5,Completed
APT009090,PT00316,PR008,Wound Dressing,2026-07-10,Afternoon,1,Completed
APT009091,PT01176,PR016,Nursing Visit,2026-07-11,Evening,5,Completed
APT009092,PT00192,PR015,Wound Dressing,2026-06-14,Morning,2,Completed
APT009093,PT00024,PR020,Diabetic Care Visit,2026-07-28,Afternoon,14,No-Show
APT009094,PT00066,PR010,Post-Op Care,2026-06-19,Evening,4,Completed
APT009095,PT00777,PR013,Wound Dressing,2026-06-30,Evening,1,Completed
APT009096,PT01809,PR010,Wound Dressing,2026-07-31,Evening,8,Rescheduled
APT009097,PT01481,PR002,Nursing Visit,2026-08-25,Afternoon,10,Completed
APT009098,PT00256,PR004,Physiotherapy Session,2026-07-12,Morning,12,Completed
APT009099,PT01217,PR019,Wound Dressing,2026-08-27,Morning,7,Completed
APT009100,PT01734,PR001,Nursing Visit,2026-07-18,Morning,9,Completed
APT009101,PT00396,PR002,Post-Op Care,2026-07-04,Evening,9,Cancelled
APT009102,PT01550,PR020,Post-Op Care,2026-08-03,Morning,9,Completed
APT009103,PT00140,PR010,Nursing Visit,2026-08-03,Morning,8,Completed
APT009104,PT00748,PR019,Vitals Check,2026-07-26,Evening,6,No-Show
APT009105,PT00056,PR005,Post-Op Care,2026-06-29,Morning,9,Completed
APT009106,PT01402,PR013,Wound Dressing,2026-06-20,Morning,11,Completed
APT009107,PT00219,PR013,Diabetic Care Visit,2026-08-17,Afternoon,12,No-Show
APT009108,PT00322,PR003,Post-Op Care,2026-08-03,Morning,9,Completed
APT009109,PT01718,PR006,Post-Op Care,2026-06-02,Afternoon,6,Completed
APT009110,PT01540,PR002,Diabetic Care Visit,2026-06-09,Morning,5,Completed
APT009111,PT01735,PR009,Wound Dressing,2026-07-11,Afternoon,5,Completed
APT009112,PT01563,PR004,Nursing Visit,2026-06-30,Afternoon,3,Completed
APT009113,PT01355,PR010,Post-Op Care,2026-08-16,Morning,5,Completed
APT009114,PT01610,PR010,Post-Op Care,2026-06-18,Morning,5,Completed
APT009115,PT01199,PR017,Physiotherapy Session,2026-06-25,Morning,4,Completed
APT009116,PT00170,PR010,Wound Dressing,2026-08-24,Morning,10,Completed
APT009117,PT01871,PR018,Post-Op Care,2026-06-02,Afternoon,8,Cancelled
APT009118,PT00550,PR020,Physiotherapy Session,2026-07-17,Afternoon,1,No-Show
APT009119,PT01788,PR002,Vitals Check,2026-06-11,Morning,1,Completed
APT009120,PT01283,PR013,Post-Op Care,2026-07-27,Morning,12,Completed
APT009121,PT01445,PR002,Physiotherapy Session,2026-06-19,Morning,9,Rescheduled
APT009122,PT01284,PR015,Wound Dressing,2026-08-21,Morning,2,Cancelled
APT009123,PT00196,PR007,Nursing Visit,2026-08-09,Afternoon,13,Completed
APT009124,PT01614,PR011,Diabetic Care Visit,2026-08-23,Morning,6,No-Show
APT009125,PT00828,PR010,Wound Dressing,2026-07-12,Morning,0,No-Show
APT009126,PT00421,PR001,Diabetic Care Visit,2026-07-04,Evening,12,Completed
APT009127,PT00954,PR001,Physiotherapy Session,2026-07-31,Evening,0,Completed
APT009128,PT00377,PR008,Nursing Visit,2026-06-13,Evening,6,Completed
APT009129,PT00969,PR001,Nursing Visit,2026-06-17,Morning,9,Completed
APT009130,PT00871,PR010,Diabetic Care Visit,2026-07-19,Evening,4,Completed
APT009131,PT00643,PR002,Vitals Check,2026-07-30,Evening,2,No-Show
APT009132,PT00153,PR012,Nursing Visit,2026-06-23,Morning,0,Completed
APT009133,PT01568,PR014,Nursing Visit,2026-07-12,Evening,7,No-Show
APT009134,PT00693,PR008,Nursing Visit,2026-08-11,Evening,2,Completed
APT009135,PT00894,PR018,Post-Op Care,2026-07-03,Afternoon,1,Completed
APT009136,PT01154,PR017,Post-Op Care,2026-06-20,Evening,10,Completed
APT009137,PT00088,PR019,Nursing Visit,2026-07-02,Afternoon,11,Completed
APT009138,PT00582,PR018,Diabetic Care Visit,2026-06-18,Evening,14,Cancelled
APT009139,PT01973,PR010,Vitals Check,2026-06-02,Morning,3,Cancelled
APT009140,PT01577,PR013,Vitals Check,2026-07-16,Evening,3,Cancelled
APT009141,PT00950,PR007,Nursing Visit,2026-07-04,Afternoon,5,Completed
APT009142,PT01001,PR013,Physiotherapy Session,2026-07-27,Evening,7,No-Show
APT009143,PT00969,PR019,Nursing Visit,2026-08-09,Afternoon,3,Cancelled
APT009144,PT01024,PR018,Physiotherapy Session,2026-06-20,Afternoon,10,Completed
APT009145,PT00030,PR007,Diabetic Care Visit,2026-08-28,Morning,0,Completed
APT009146,PT01015,PR001,Nursing Visit,2026-07-18,Morning,12,No-Show
APT009147,PT00953,PR010,Vitals Check,2026-06-23,Evening,9,Completed
APT009148,PT01158,PR018,Diabetic Care Visit,2026-06-24,Evening,7,Completed
APT009149,PT01627,PR010,Vitals Check,2026-08-14,Morning,3,Completed
APT009150,PT01562,PR008,Nursing Visit,2026-06-09,Morning,6,No-Show
APT009151,PT01711,PR002,Wound Dressing,2026-07-23,Afternoon,7,No-Show
APT009152,PT01525,PR011,Wound Dressing,2026-06-24,Morning,6,Completed
APT009153,PT00766,PR003,Physiotherapy Session,2026-07-03,Morning,3,Rescheduled
APT009154,PT00137,PR001,Vitals Check,2026-07-01,Evening,6,Completed
APT009155,PT01861,PR005,Physiotherapy Session,2026-08-03,Afternoon,5,Completed
APT009156,PT01224,PR002,Vitals Check,2026-07-11,Morning,8,Completed
APT009157,PT01996,PR002,Vitals Check,2026-08-20,Afternoon,8,Completed
APT009158,PT00905,PR002,Diabetic Care Visit,2026-08-12,Morning,5,Completed
APT009159,PT00651,PR011,Vitals Check,2026-07-03,Evening,6,No-Show
APT009160,PT01474,PR010,Vitals Check,2026-07-19,Morning,5,Completed
APT009161,PT01897,PR013,Physiotherapy Session,2026-07-08,Afternoon,9,Completed
APT009162,PT01496,PR012,Post-Op Care,2026-06-14,Afternoon,13,Completed
APT009163,PT00331,PR013,Post-Op Care,2026-06-16,Evening,6,No-Show
APT009164,PT00530,PR002,Post-Op Care,2026-08-12,Afternoon,11,Completed
APT009165,PT01585,PR010,Physiotherapy Session,2026-07-10,Morning,1,Completed
APT009166,PT00653,PR005,Post-Op Care,2026-08-20,Afternoon,7,Completed
APT009167,PT01115,PR013,Wound Dressing,2026-06-21,Morning,1,Completed
APT009168,PT00036,PR018,Post-Op Care,2026-07-15,Morning,7,No-Show
APT009169,PT01206,PR002,Post-Op Care,2026-07-15,Evening,0,Cancelled
APT009170,PT01724,PR019,Diabetic Care Visit,2026-07-16,Evening,13,Rescheduled
APT009171,PT01965,PR017,Physiotherapy Session,2026-08-27,Evening,12,Cancelled
APT009172,PT00459,PR008,Wound Dressing,2026-08-23,Afternoon,14,Completed
APT009173,PT01508,PR011,Physiotherapy Session,2026-08-17,Morning,1,Completed
APT009174,PT00427,PR013,Post-Op Care,2026-08-10,Morning,6,Completed
APT009175,PT01679,PR011,Nursing Visit,2026-07-28,Evening,3,Completed
APT009176,PT00565,PR009,Vitals Check,2026-08-21,Morning,4,Completed
APT009177,PT00262,PR002,Diabetic Care Visit,2026-08-18,Evening,1,No-Show
APT009178,PT01533,PR012,Physiotherapy Session,2026-06-16,Morning,7,Completed
APT009179,PT01440,PR006,Wound Dressing,2026-08-25,Afternoon,8,Cancelled
APT009180,PT00767,PR018,Post-Op Care,2026-07-07,Evening,11,Completed
APT009181,PT00143,PR010,Diabetic Care Visit,2026-07-06,Morning,6,Completed
APT009182,PT01396,PR010,Diabetic Care Visit,2026-06-29,Morning,0,Completed
APT009183,PT01913,PR007,Post-Op Care,2026-07-02,Evening,7,Completed
APT009184,PT01624,PR019,Wound Dressing,2026-06-14,Morning,3,Completed
APT009185,PT01057,PR004,Post-Op Care,2026-08-11,Morning,13,Completed
APT009186,PT00731,PR011,Vitals Check,2026-07-21,Morning,13,Completed
APT009187,PT00891,PR014,Post-Op Care,2026-08-05,Morning,7,Completed
APT009188,PT00964,PR004,Nursing Visit,2026-06-20,Evening,12,Completed
APT009189,PT01834,PR004,Wound Dressing,2026-06-09,Afternoon,13,No-Show
APT009190,PT01542,PR010,Diabetic Care Visit,2026-08-18,Afternoon,5,Completed
APT009191,PT00882,PR016,Nursing Visit,2026-06-12,Afternoon,4,Completed
APT009192,PT01059,PR018,Nursing Visit,2026-07-01,Morning,13,Cancelled
APT009193,PT01195,PR003,Wound Dressing,2026-08-19,Afternoon,7,Completed
APT009194,PT00065,PR015,Nursing Visit,2026-06-11,Afternoon,6,Completed
APT009195,PT00869,PR005,Physiotherapy Session,2026-06-13,Afternoon,11,Completed
APT009196,PT01545,PR002,Vitals Check,2026-07-26,Evening,9,Completed
APT009197,PT00059,PR013,Physiotherapy Session,2026-06-24,Afternoon,2,Completed
APT009198,PT00497,PR004,Physiotherapy Session,2026-08-12,Morning,1,Completed
APT009199,PT00117,PR007,Vitals Check,2026-06-11,Afternoon,2,Completed
APT009200,PT00841,PR001,Physiotherapy Session,2026-08-14,Afternoon,7,Completed
APT009201,PT01687,PR020,Physiotherapy Session,2026-08-02,Morning,9,Completed
APT009202,PT01595,PR002,Post-Op Care,2026-07-11,Evening,1,Completed
APT009203,PT00765,PR003,Diabetic Care Visit,2026-07-02,Morning,7,Completed
APT009204,PT01650,PR013,Diabetic Care Visit,2026-07-25,Afternoon,13,Rescheduled
APT009205,PT00358,PR002,Diabetic Care Visit,2026-07-22,Morning,12,Completed
APT009206,PT00775,PR014,Nursing Visit,2026-07-10,Evening,7,Completed
APT009207,PT00753,PR013,Nursing Visit,2026-06-22,Afternoon,12,Completed
APT009208,PT00216,PR007,Diabetic Care Visit,2026-08-11,Morning,10,Cancelled
APT009209,PT01956,PR010,Nursing Visit,2026-08-02,Morning,8,Cancelled
APT009210,PT01898,PR020,Wound Dressing,2026-06-17,Morning,9,No-Show
APT009211,PT01507,PR002,Diabetic Care Visit,2026-07-13,Evening,0,Completed
APT009212,PT00812,PR017,Vitals Check,2026-06-24,Morning,9,Completed
APT009213,PT01911,PR002,Physiotherapy Session,2026-06-24,Morning,1,Completed
APT009214,PT00084,PR008,Post-Op Care,2026-08-06,Evening,13,Completed
APT009215,PT00541,PR004,Diabetic Care Visit,2026-06-07,Evening,10,No-Show
APT009216,PT01720,PR002,Diabetic Care Visit,2026-08-09,Morning,12,No-Show
APT009217,PT00293,PR007,Physiotherapy Session,2026-07-20,Evening,8,No-Show
APT009218,PT01937,PR020,Vitals Check,2026-07-23,Afternoon,2,Completed
APT009219,PT00650,PR008,Diabetic Care Visit,2026-06-30,Afternoon,4,Completed
APT009220,PT00417,PR013,Vitals Check,2026-08-18,Afternoon,10,Completed
APT009221,PT00238,PR010,Nursing Visit,2026-07-07,Afternoon,12,Completed
APT009222,PT01249,PR014,Post-Op Care,2026-06-05,Morning,3,Completed
APT009223,PT01273,PR018,Post-Op Care,2026-06-07,Morning,12,Completed
APT009224,PT01000,PR010,Vitals Check,2026-07-31,Afternoon,7,Completed
APT009225,PT00839,PR003,Post-Op Care,2026-06-26,Afternoon,1,Cancelled
APT009226,PT01388,PR006,Physiotherapy Session,2026-08-02,Morning,4,Completed
APT009227,PT01549,PR003,Physiotherapy Session,2026-08-28,Morning,14,Completed
APT009228,PT01584,PR005,Nursing Visit,2026-08-23,Afternoon,0,Cancelled
APT009229,PT00092,PR019,Post-Op Care,2026-06-20,Afternoon,13,No-Show
APT009230,PT01758,PR011,Nursing Visit,2026-08-18,Afternoon,8,Completed
APT009231,PT00544,PR017,Vitals Check,2026-08-07,Afternoon,14,Completed
APT009232,PT01829,PR014,Diabetic Care Visit,2026-07-31,Morning,0,Completed
APT009233,PT01896,PR008,Physiotherapy Session,2026-08-29,Afternoon,9,Completed
APT009234,PT01617,PR015,Vitals Check,2026-06-21,Afternoon,6,Completed
APT009235,PT00026,PR014,Diabetic Care Visit,2026-07-15,Evening,8,Completed
APT009236,PT00773,PR002,Vitals Check,2026-07-06,Evening,10,Completed
APT009237,PT00695,PR018,Nursing Visit,2026-07-03,Afternoon,4,Completed
APT009238,PT00306,PR020,Post-Op Care,2026-08-15,Evening,9,Completed
APT009239,PT00006,PR017,Wound Dressing,2026-07-13,Evening,0,Completed
APT009240,PT00097,PR003,Nursing Visit,2026-08-27,Evening,8,Completed
APT009241,PT00034,PR010,Diabetic Care Visit,2026-07-28,Evening,7,Completed
APT009242,PT01586,PR008,Wound Dressing,2026-06-21,Morning,14,Completed
APT009243,PT01338,PR007,Physiotherapy Session,2026-07-26,Afternoon,1,Completed
APT009244,PT01878,PR002,Wound Dressing,2026-07-06,Morning,12,Completed
APT009245,PT00169,PR011,Diabetic Care Visit,2026-07-17,Afternoon,4,Completed
APT009246,PT00675,PR013,Physiotherapy Session,2026-07-16,Evening,9,Cancelled
APT009247,PT01672,PR006,Physiotherapy Session,2026-07-24,Evening,13,Completed
APT009248,PT00006,PR009,Nursing Visit,2026-07-24,Morning,12,Completed
APT009249,PT01985,PR020,Wound Dressing,2026-08-02,Evening,8,Completed
APT009250,PT00899,PR018,Wound Dressing,2026-06-07,Morning,1,No-Show
APT009251,PT01833,PR009,Post-Op Care,2026-08-29,Evening,5,Completed
APT009252,PT00493,PR020,Nursing Visit,2026-08-09,Morning,8,No-Show
APT009253,PT01200,PR007,Vitals Check,2026-08-08,Evening,3,Cancelled
APT009254,PT01748,PR002,Diabetic Care Visit,2026-07-11,Morning,1,Completed
APT009255,PT00273,PR005,Diabetic Care Visit,2026-08-17,Morning,0,Completed
APT009256,PT01325,PR002,Post-Op Care,2026-07-03,Afternoon,2,Completed
APT009257,PT00880,PR015,Wound Dressing,2026-07-13,Afternoon,11,Completed
APT009258,PT01061,PR017,Nursing Visit,2026-08-13,Morning,0,Completed
APT009259,PT01665,PR015,Diabetic Care Visit,2026-07-19,Evening,5,No-Show
APT009260,PT00392,PR006,Vitals Check,2026-06-19,Evening,7,Completed
APT009261,PT01983,PR002,Vitals Check,2026-07-18,Morning,6,Cancelled
APT009262,PT01198,PR004,Vitals Check,2026-08-01,Morning,1,Completed
APT009263,PT01012,PR017,Nursing Visit,2026-07-01,Evening,9,Completed
APT009264,PT01185,PR010,Diabetic Care Visit,2026-08-27,Morning,5,Completed
APT009265,PT00294,PR020,Post-Op Care,2026-06-26,Evening,5,Cancelled
APT009266,PT01111,PR003,Diabetic Care Visit,2026-08-14,Evening,13,No-Show
APT009267,PT01548,PR010,Post-Op Care,2026-06-15,Morning,8,Completed
APT009268,PT00971,PR011,Nursing Visit,2026-08-03,Morning,3,Completed
APT009269,PT00697,PR017,Post-Op Care,2026-08-03,Evening,10,Cancelled
APT009270,PT01855,PR018,Wound Dressing,2026-07-06,Morning,8,Completed
APT009271,PT00059,PR008,Nursing Visit,2026-08-15,Afternoon,9,Completed
APT009272,PT01491,PR015,Post-Op Care,2026-07-24,Evening,1,Completed
APT009273,PT00077,PR008,Post-Op Care,2026-07-15,Evening,13,Completed
APT009274,PT00561,PR017,Vitals Check,2026-08-23,Evening,13,Completed
APT009275,PT00118,PR004,Physiotherapy Session,2026-08-08,Morning,7,Completed
APT009276,PT01184,PR010,Physiotherapy Session,2026-06-15,Afternoon,10,Cancelled
APT009277,PT01715,PR020,Wound Dressing,2026-06-30,Evening,5,Completed
APT009278,PT00919,PR013,Nursing Visit,2026-07-11,Morning,1,No-Show
APT009279,PT01411,PR013,Wound Dressing,2026-06-06,Afternoon,5,Cancelled
APT009280,PT01221,PR014,Physiotherapy Session,2026-08-18,Afternoon,10,Cancelled
APT009281,PT00414,PR004,Diabetic Care Visit,2026-08-23,Morning,6,Completed
APT009282,PT01007,PR016,Wound Dressing,2026-07-26,Evening,12,Completed
APT009283,PT00178,PR003,Physiotherapy Session,2026-06-20,Afternoon,1,Completed
APT009284,PT01511,PR002,Physiotherapy Session,2026-06-24,Afternoon,9,Completed
APT009285,PT01498,PR010,Post-Op Care,2026-06-17,Afternoon,1,Completed
APT009286,PT01458,PR016,Wound Dressing,2026-07-30,Afternoon,13,No-Show
APT009287,PT00709,PR003,Wound Dressing,2026-08-23,Evening,9,Completed
APT009288,PT01935,PR002,Vitals Check,2026-07-23,Evening,13,Cancelled
APT009289,PT01579,PR007,Vitals Check,2026-08-22,Afternoon,13,Completed
APT009290,PT01790,PR008,Wound Dressing,2026-07-01,Afternoon,2,Completed
APT009291,PT00472,PR020,Vitals Check,2026-08-07,Evening,6,Completed
APT009292,PT01697,PR008,Diabetic Care Visit,2026-07-13,Evening,8,Completed
APT009293,PT00897,PR006,Vitals Check,2026-07-16,Morning,0,Completed
APT009294,PT00294,PR018,Physiotherapy Session,2026-07-07,Afternoon,0,Completed
APT009295,PT00921,PR002,Nursing Visit,2026-06-25,Afternoon,14,Completed
APT009296,PT00809,PR016,Diabetic Care Visit,2026-08-11,Morning,2,Completed
APT009297,PT01746,PR019,Post-Op Care,2026-06-17,Afternoon,11,Completed
APT009298,PT01272,PR003,Post-Op Care,2026-07-03,Morning,7,Completed
APT009299,PT00308,PR001,Post-Op Care,2026-06-04,Morning,12,Completed
APT009300,PT00028,PR009,Nursing Visit,2026-08-10,Afternoon,8,Completed
APT009301,PT00885,PR015,Wound Dressing,2026-07-19,Morning,11,Cancelled
APT009302,PT00602,PR009,Diabetic Care Visit,2026-07-21,Morning,7,Completed
APT009303,PT00722,PR008,Physiotherapy Session,2026-08-12,Afternoon,10,Completed
APT009304,PT01964,PR006,Physiotherapy Session,2026-08-04,Afternoon,0,Completed
APT009305,PT01983,PR002,Physiotherapy Session,2026-08-11,Afternoon,0,Completed
APT009306,PT01487,PR018,Diabetic Care Visit,2026-06-16,Afternoon,1,Completed
APT009307,PT00374,PR007,Post-Op Care,2026-06-19,Morning,1,No-Show
APT009308,PT00460,PR002,Nursing Visit,2026-08-25,Afternoon,7,No-Show
APT009309,PT01329,PR008,Vitals Check,2026-08-11,Afternoon,5,Cancelled
APT009310,PT00832,PR016,Vitals Check,2026-08-12,Evening,8,Cancelled
APT009311,PT00322,PR003,Nursing Visit,2026-08-24,Evening,14,Completed
APT009312,PT01621,PR005,Physiotherapy Session,2026-07-02,Afternoon,5,Completed
APT009313,PT01181,PR011,Wound Dressing,2026-06-24,Morning,14,Completed
APT009314,PT00072,PR006,Physiotherapy Session,2026-06-25,Afternoon,5,Completed
APT009315,PT01138,PR002,Vitals Check,2026-06-11,Morning,5,Cancelled
APT009316,PT01042,PR001,Wound Dressing,2026-07-04,Morning,5,Rescheduled
APT009317,PT00968,PR002,Physiotherapy Session,2026-07-14,Afternoon,10,No-Show
APT009318,PT01623,PR002,Diabetic Care Visit,2026-06-12,Afternoon,6,Rescheduled
APT009319,PT00361,PR020,Post-Op Care,2026-07-09,Morning,14,Completed
APT009320,PT00058,PR004,Diabetic Care Visit,2026-08-21,Afternoon,4,No-Show
APT009321,PT00548,PR010,Wound Dressing,2026-07-19,Morning,3,Completed
APT009322,PT00818,PR006,Vitals Check,2026-08-16,Evening,2,No-Show
APT009323,PT00181,PR012,Post-Op Care,2026-07-30,Morning,1,No-Show
APT009324,PT00040,PR002,Physiotherapy Session,2026-08-28,Evening,0,No-Show
APT009325,PT01967,PR008,Post-Op Care,2026-08-05,Afternoon,4,No-Show
APT009326,PT00310,PR002,Nursing Visit,2026-06-08,Morning,12,Completed
APT009327,PT00361,PR014,Wound Dressing,2026-08-14,Afternoon,3,Completed
APT009328,PT01451,PR010,Physiotherapy Session,2026-08-07,Afternoon,9,Completed
APT009329,PT00965,PR013,Nursing Visit,2026-06-20,Afternoon,8,No-Show
APT009330,PT01326,PR019,Nursing Visit,2026-06-24,Morning,3,No-Show
APT009331,PT00589,PR004,Physiotherapy Session,2026-06-19,Afternoon,9,Completed
APT009332,PT00594,PR013,Vitals Check,2026-07-24,Afternoon,3,Completed
APT009333,PT01235,PR002,Nursing Visit,2026-07-08,Evening,2,No-Show
APT009334,PT01374,PR002,Vitals Check,2026-06-26,Morning,13,Completed
APT009335,PT00268,PR004,Diabetic Care Visit,2026-07-24,Evening,13,Completed
APT009336,PT00459,PR004,Physiotherapy Session,2026-07-30,Afternoon,10,Completed
APT009337,PT01471,PR018,Physiotherapy Session,2026-08-10,Morning,14,Rescheduled
APT009338,PT01426,PR008,Nursing Visit,2026-06-08,Afternoon,7,Completed
APT009339,PT01795,PR010,Vitals Check,2026-07-01,Evening,7,Completed
APT009340,PT01444,PR019,Nursing Visit,2026-07-01,Evening,13,Completed
APT009341,PT00870,PR002,Nursing Visit,2026-06-30,Afternoon,8,Completed
APT009342,PT00763,PR001,Wound Dressing,2026-08-25,Evening,4,Completed
APT009343,PT00750,PR001,Nursing Visit,2026-06-06,Morning,11,Completed
APT009344,PT00507,PR004,Nursing Visit,2026-08-29,Afternoon,12,Completed
APT009345,PT00784,PR004,Diabetic Care Visit,2026-07-31,Evening,2,Completed
APT009346,PT00148,PR009,Diabetic Care Visit,2026-06-28,Evening,3,Completed
APT009347,PT00819,PR007,Post-Op Care,2026-06-14,Morning,11,Cancelled
APT009348,PT00449,PR013,Physiotherapy Session,2026-06-25,Morning,7,Completed
APT009349,PT01330,PR006,Post-Op Care,2026-07-02,Evening,14,Completed
APT009350,PT01081,PR013,Nursing Visit,2026-08-25,Morning,3,Completed
APT009351,PT00163,PR010,Post-Op Care,2026-08-05,Morning,10,Completed
APT009352,PT01150,PR017,Physiotherapy Session,2026-07-07,Afternoon,0,Completed
APT009353,PT00505,PR014,Physiotherapy Session,2026-06-16,Evening,2,Completed
APT009354,PT01578,PR015,Diabetic Care Visit,2026-06-03,Evening,12,Completed
APT009355,PT00736,PR004,Physiotherapy Session,2026-08-21,Afternoon,12,Completed
APT009356,PT00597,PR007,Nursing Visit,2026-07-27,Morning,10,No-Show
APT009357,PT01976,PR005,Vitals Check,2026-07-06,Morning,7,No-Show
APT009358,PT01807,PR020,Nursing Visit,2026-08-05,Evening,11,No-Show
APT009359,PT01770,PR015,Nursing Visit,2026-07-23,Afternoon,7,Completed
APT009360,PT00247,PR013,Wound Dressing,2026-08-29,Morning,1,Completed
APT009361,PT00341,PR016,Wound Dressing,2026-06-14,Morning,3,No-Show
APT009362,PT00920,PR003,Vitals Check,2026-07-03,Afternoon,12,Completed
APT009363,PT01396,PR002,Wound Dressing,2026-08-14,Evening,9,Completed
APT009364,PT00379,PR015,Nursing Visit,2026-08-10,Morning,12,Completed
APT009365,PT01912,PR005,Wound Dressing,2026-07-12,Evening,9,Completed
APT009366,PT00842,PR007,Vitals Check,2026-08-10,Evening,6,No-Show
APT009367,PT01916,PR018,Nursing Visit,2026-08-22,Afternoon,6,Cancelled
APT009368,PT01003,PR019,Wound Dressing,2026-06-26,Evening,11,Completed
APT009369,PT01766,PR017,Nursing Visit,2026-07-11,Afternoon,5,Completed
APT009370,PT00715,PR020,Wound Dressing,2026-06-17,Evening,3,Cancelled
APT009371,PT01199,PR007,Wound Dressing,2026-08-02,Evening,13,Completed
APT009372,PT00869,PR016,Wound Dressing,2026-08-12,Morning,2,Completed
APT009373,PT00935,PR010,Vitals Check,2026-06-02,Evening,2,Completed
APT009374,PT01192,PR017,Wound Dressing,2026-06-20,Morning,0,Completed
APT009375,PT00142,PR003,Wound Dressing,2026-08-25,Afternoon,7,Completed
APT009376,PT01058,PR010,Physiotherapy Session,2026-07-09,Afternoon,1,Completed
APT009377,PT02000,PR008,Vitals Check,2026-06-25,Afternoon,6,Completed
APT009378,PT01734,PR016,Diabetic Care Visit,2026-08-29,Afternoon,13,No-Show
APT009379,PT01701,PR010,Diabetic Care Visit,2026-06-10,Evening,11,Completed
APT009380,PT01694,PR016,Vitals Check,2026-07-17,Morning,7,No-Show
APT009381,PT00638,PR002,Diabetic Care Visit,2026-08-02,Afternoon,7,Completed
APT009382,PT01476,PR018,Vitals Check,2026-06-30,Afternoon,12,Rescheduled
APT009383,PT00339,PR010,Physiotherapy Session,2026-07-22,Evening,9,Completed
APT009384,PT01575,PR007,Nursing Visit,2026-06-17,Evening,7,Completed
APT009385,PT00003,PR010,Nursing Visit,2026-08-02,Afternoon,1,Completed
APT009386,PT01603,PR016,Nursing Visit,2026-08-29,Evening,9,Rescheduled
APT009387,PT00494,PR008,Vitals Check,2026-06-04,Evening,6,Rescheduled
APT009388,PT00382,PR019,Nursing Visit,2026-08-15,Evening,1,Completed
APT009389,PT01267,PR009,Physiotherapy Session,2026-07-05,Morning,2,Completed
APT009390,PT01340,PR017,Wound Dressing,2026-07-25,Morning,11,Completed
APT009391,PT01695,PR007,Wound Dressing,2026-06-23,Afternoon,6,Cancelled
APT009392,PT00139,PR008,Nursing Visit,2026-06-11,Morning,6,Completed
APT009393,PT01563,PR008,Vitals Check,2026-06-02,Evening,1,Completed
APT009394,PT00601,PR008,Nursing Visit,2026-06-16,Evening,8,Completed
APT009395,PT01776,PR011,Physiotherapy Session,2026-07-03,Afternoon,9,No-Show
APT009396,PT01956,PR010,Nursing Visit,2026-07-26,Evening,7,Rescheduled
APT009397,PT01442,PR008,Diabetic Care Visit,2026-07-12,Afternoon,9,No-Show
APT009398,PT00595,PR014,Vitals Check,2026-07-03,Morning,11,Completed
APT009399,PT01061,PR007,Diabetic Care Visit,2026-06-20,Afternoon,1,Completed
APT009400,PT01324,PR004,Wound Dressing,2026-08-09,Evening,4,No-Show
APT009401,PT00684,PR004,Nursing Visit,2026-08-17,Afternoon,3,No-Show
APT009402,PT00280,PR002,Nursing Visit,2026-08-19,Afternoon,4,Completed
APT009403,PT00635,PR018,Physiotherapy Session,2026-07-30,Morning,13,Completed
APT009404,PT01386,PR019,Physiotherapy Session,2026-06-13,Evening,10,Completed
APT009405,PT01018,PR020,Physiotherapy Session,2026-06-26,Afternoon,12,Completed
APT009406,PT00643,PR010,Post-Op Care,2026-06-20,Morning,8,Completed
APT009407,PT01238,PR016,Diabetic Care Visit,2026-08-10,Afternoon,0,Completed
APT009408,PT00165,PR007,Wound Dressing,2026-08-10,Afternoon,12,Cancelled
APT009409,PT01636,PR010,Nursing Visit,2026-08-19,Morning,1,Completed
APT009410,PT00919,PR008,Post-Op Care,2026-08-21,Afternoon,14,Cancelled
APT009411,PT01428,PR001,Post-Op Care,2026-06-13,Afternoon,8,Completed
APT009412,PT01353,PR012,Nursing Visit,2026-06-04,Morning,14,Completed
APT009413,PT01812,PR012,Nursing Visit,2026-06-12,Evening,1,Rescheduled
APT009414,PT01468,PR017,Diabetic Care Visit,2026-06-27,Evening,12,Completed
APT009415,PT00635,PR018,Diabetic Care Visit,2026-08-03,Afternoon,3,Completed
APT009416,PT00283,PR002,Nursing Visit,2026-06-25,Evening,11,Rescheduled
APT009417,PT01464,PR014,Diabetic Care Visit,2026-07-18,Afternoon,11,Completed
APT009418,PT01080,PR002,Wound Dressing,2026-06-23,Morning,2,Completed
APT009419,PT01671,PR016,Post-Op Care,2026-08-08,Evening,12,No-Show
APT009420,PT01958,PR017,Vitals Check,2026-07-19,Evening,4,Completed
APT009421,PT00508,PR004,Diabetic Care Visit,2026-08-05,Afternoon,2,Cancelled
APT009422,PT01825,PR004,Wound Dressing,2026-07-19,Evening,9,Completed
APT009423,PT00167,PR006,Physiotherapy Session,2026-07-28,Evening,3,Cancelled
APT009424,PT01077,PR012,Physiotherapy Session,2026-06-16,Afternoon,13,Completed
APT009425,PT01152,PR010,Wound Dressing,2026-08-02,Evening,4,Completed
APT009426,PT01714,PR018,Nursing Visit,2026-07-05,Evening,8,Completed
APT009427,PT00081,PR018,Vitals Check,2026-06-05,Afternoon,11,Completed
APT009428,PT00832,PR015,Diabetic Care Visit,2026-08-27,Afternoon,9,Completed
APT009429,PT01161,PR013,Physiotherapy Session,2026-08-06,Morning,6,Completed
APT009430,PT01228,PR010,Physiotherapy Session,2026-07-09,Evening,7,Completed
APT009431,PT00522,PR002,Physiotherapy Session,2026-08-02,Afternoon,1,Completed
APT009432,PT00082,PR002,Post-Op Care,2026-06-13,Evening,1,Completed
APT009433,PT00573,PR006,Post-Op Care,2026-07-07,Evening,9,No-Show
APT009434,PT01619,PR005,Post-Op Care,2026-06-15,Afternoon,2,Completed
APT009435,PT00279,PR013,Vitals Check,2026-06-11,Evening,6,Cancelled
APT009436,PT00028,PR006,Diabetic Care Visit,2026-08-17,Afternoon,3,Completed
APT009437,PT01013,PR010,Diabetic Care Visit,2026-07-14,Afternoon,9,Cancelled
APT009438,PT00403,PR014,Post-Op Care,2026-07-17,Afternoon,12,Completed
APT009439,PT01511,PR002,Physiotherapy Session,2026-08-01,Afternoon,8,Completed
APT009440,PT00517,PR002,Diabetic Care Visit,2026-06-13,Afternoon,12,Completed
APT009441,PT00800,PR015,Vitals Check,2026-08-25,Evening,12,Completed
APT009442,PT01795,PR010,Physiotherapy Session,2026-08-11,Afternoon,1,Completed
APT009443,PT01735,PR006,Post-Op Care,2026-08-15,Afternoon,8,Completed
APT009444,PT01170,PR013,Vitals Check,2026-08-18,Morning,11,Completed
APT009445,PT00819,PR006,Vitals Check,2026-06-14,Evening,0,Completed
APT009446,PT01511,PR002,Wound Dressing,2026-07-04,Morning,8,Completed
APT009447,PT00908,PR002,Wound Dressing,2026-06-23,Morning,7,Completed
APT009448,PT00496,PR010,Wound Dressing,2026-08-17,Evening,12,Completed
APT009449,PT01087,PR018,Diabetic Care Visit,2026-08-25,Afternoon,12,No-Show
APT009450,PT01839,PR012,Vitals Check,2026-06-05,Afternoon,13,No-Show
APT009451,PT00494,PR013,Diabetic Care Visit,2026-07-24,Evening,10,Completed
APT009452,PT00204,PR005,Nursing Visit,2026-08-25,Afternoon,11,Completed
APT009453,PT01507,PR010,Wound Dressing,2026-07-04,Morning,7,Cancelled
APT009454,PT01381,PR015,Post-Op Care,2026-08-12,Evening,0,Completed
APT009455,PT00035,PR019,Nursing Visit,2026-06-01,Morning,6,Completed
APT009456,PT01433,PR003,Diabetic Care Visit,2026-07-19,Evening,5,Completed
APT009457,PT01513,PR014,Wound Dressing,2026-06-19,Evening,5,Completed
APT009458,PT01964,PR009,Post-Op Care,2026-07-23,Morning,3,Completed
APT009459,PT00540,PR003,Vitals Check,2026-08-25,Evening,2,Completed
APT009460,PT01698,PR014,Wound Dressing,2026-08-11,Afternoon,3,Completed
APT009461,PT01385,PR001,Post-Op Care,2026-07-07,Morning,8,No-Show
APT009462,PT01893,PR005,Post-Op Care,2026-08-24,Evening,14,Completed
APT009463,PT00184,PR015,Nursing Visit,2026-06-01,Evening,4,No-Show
APT009464,PT01002,PR013,Physiotherapy Session,2026-06-19,Evening,11,Completed
APT009465,PT01028,PR002,Post-Op Care,2026-08-27,Evening,9,Completed
APT009466,PT00290,PR001,Physiotherapy Session,2026-06-04,Afternoon,2,Completed
APT009467,PT00974,PR002,Physiotherapy Session,2026-08-13,Morning,12,Completed
APT009468,PT00807,PR007,Vitals Check,2026-06-29,Morning,8,Completed
APT009469,PT01437,PR004,Wound Dressing,2026-08-18,Afternoon,10,Completed
APT009470,PT01122,PR002,Wound Dressing,2026-08-18,Afternoon,7,Completed
APT009471,PT01070,PR013,Diabetic Care Visit,2026-08-14,Evening,13,Completed
APT009472,PT01344,PR019,Physiotherapy Session,2026-07-30,Morning,13,No-Show
APT009473,PT01900,PR008,Post-Op Care,2026-07-11,Morning,10,Completed
APT009474,PT00942,PR015,Post-Op Care,2026-06-17,Evening,11,Cancelled
APT009475,PT00439,PR007,Vitals Check,2026-06-18,Afternoon,4,Cancelled
APT009476,PT00786,PR001,Physiotherapy Session,2026-06-18,Evening,5,Completed
APT009477,PT01657,PR004,Vitals Check,2026-08-27,Evening,9,Completed
APT009478,PT01753,PR015,Vitals Check,2026-06-08,Evening,3,Completed
APT009479,PT01013,PR010,Wound Dressing,2026-06-09,Evening,9,No-Show
APT009480,PT01052,PR004,Nursing Visit,2026-07-30,Afternoon,13,No-Show
APT009481,PT00914,PR004,Nursing Visit,2026-06-03,Morning,9,Completed
APT009482,PT01531,PR016,Physiotherapy Session,2026-07-31,Evening,2,Completed
APT009483,PT00977,PR002,Wound Dressing,2026-08-24,Afternoon,8,Completed
APT009484,PT01024,PR012,Physiotherapy Session,2026-07-19,Morning,12,Completed
APT009485,PT00888,PR007,Physiotherapy Session,2026-06-20,Evening,6,Completed
APT009486,PT01646,PR012,Wound Dressing,2026-06-11,Morning,3,No-Show
APT009487,PT01860,PR011,Physiotherapy Session,2026-08-09,Evening,1,Completed
APT009488,PT00612,PR005,Post-Op Care,2026-06-07,Morning,1,Completed
APT009489,PT00042,PR004,Nursing Visit,2026-06-13,Morning,5,Completed
APT009490,PT00537,PR017,Nursing Visit,2026-08-13,Afternoon,12,Completed
APT009491,PT00711,PR004,Wound Dressing,2026-07-25,Morning,7,Completed
APT009492,PT00131,PR007,Post-Op Care,2026-08-28,Afternoon,11,Completed
APT009493,PT00140,PR002,Physiotherapy Session,2026-08-05,Morning,1,Completed
APT009494,PT01551,PR004,Physiotherapy Session,2026-06-12,Morning,2,Completed
APT009495,PT00134,PR018,Physiotherapy Session,2026-06-09,Morning,11,Completed
APT009496,PT00751,PR002,Physiotherapy Session,2026-07-21,Evening,3,Completed
APT009497,PT00384,PR014,Wound Dressing,2026-07-09,Afternoon,7,Completed
APT009498,PT01917,PR018,Physiotherapy Session,2026-08-02,Afternoon,9,No-Show
APT009499,PT01001,PR013,Physiotherapy Session,2026-08-19,Morning,8,Completed
APT009500,PT00211,PR010,Physiotherapy Session,2026-06-04,Evening,3,No-Show
APT009501,PT01580,PR013,Nursing Visit,2026-07-27,Afternoon,0,No-Show
APT009502,PT01500,PR012,Vitals Check,2026-07-31,Evening,11,Completed
APT009503,PT00192,PR005,Wound Dressing,2026-06-19,Evening,13,Completed
APT009504,PT00492,PR010,Post-Op Care,2026-06-14,Afternoon,13,Cancelled
APT009505,PT00743,PR018,Nursing Visit,2026-07-26,Morning,14,Completed
APT009506,PT00453,PR006,Wound Dressing,2026-07-06,Evening,12,Completed
APT009507,PT00819,PR007,Vitals Check,2026-06-18,Morning,2,Completed
APT009508,PT00697,PR009,Diabetic Care Visit,2026-07-14,Evening,6,No-Show
APT009509,PT01319,PR019,Wound Dressing,2026-07-29,Evening,12,Cancelled
APT009510,PT01822,PR001,Physiotherapy Session,2026-07-22,Afternoon,11,Completed
APT009511,PT01463,PR016,Post-Op Care,2026-08-03,Evening,10,Cancelled
APT009512,PT01965,PR003,Vitals Check,2026-07-02,Morning,1,Rescheduled
APT009513,PT00209,PR010,Nursing Visit,2026-06-13,Evening,13,Completed
APT009514,PT00555,PR002,Vitals Check,2026-08-08,Morning,5,Completed
APT009515,PT00641,PR009,Wound Dressing,2026-07-15,Morning,8,Completed
APT009516,PT01227,PR008,Diabetic Care Visit,2026-07-26,Morning,3,Completed
APT009517,PT00926,PR008,Nursing Visit,2026-06-09,Morning,6,Completed
APT009518,PT01876,PR010,Physiotherapy Session,2026-07-25,Afternoon,10,Completed
APT009519,PT01288,PR010,Nursing Visit,2026-08-13,Afternoon,10,Completed
APT009520,PT01210,PR020,Physiotherapy Session,2026-06-09,Afternoon,2,Completed
APT009521,PT01869,PR019,Post-Op Care,2026-07-23,Morning,9,Completed
APT009522,PT01589,PR007,Physiotherapy Session,2026-07-13,Morning,3,No-Show
APT009523,PT00643,PR002,Post-Op Care,2026-07-14,Morning,8,Completed
APT009524,PT00385,PR004,Diabetic Care Visit,2026-07-11,Morning,12,Completed
APT009525,PT01865,PR016,Post-Op Care,2026-07-03,Afternoon,2,Completed
APT009526,PT01815,PR008,Diabetic Care Visit,2026-06-21,Morning,2,No-Show
APT009527,PT01450,PR004,Physiotherapy Session,2026-06-16,Afternoon,14,Completed
APT009528,PT00520,PR006,Nursing Visit,2026-07-18,Evening,13,Completed
APT009529,PT00683,PR016,Physiotherapy Session,2026-06-29,Evening,13,Completed
APT009530,PT00515,PR016,Vitals Check,2026-07-17,Morning,1,Completed
APT009531,PT00749,PR002,Post-Op Care,2026-07-23,Afternoon,6,Completed
APT009532,PT01737,PR002,Diabetic Care Visit,2026-06-16,Evening,4,Completed
APT009533,PT00503,PR010,Wound Dressing,2026-06-04,Evening,2,Completed
APT009534,PT00265,PR010,Post-Op Care,2026-06-26,Afternoon,7,No-Show
APT009535,PT01799,PR001,Wound Dressing,2026-08-07,Afternoon,14,No-Show
APT009536,PT00884,PR010,Wound Dressing,2026-07-16,Evening,2,Completed
APT009537,PT00091,PR014,Wound Dressing,2026-06-09,Evening,4,No-Show
APT009538,PT01901,PR006,Vitals Check,2026-06-21,Evening,10,Rescheduled
APT009539,PT01145,PR017,Post-Op Care,2026-06-19,Afternoon,11,No-Show
APT009540,PT01279,PR011,Physiotherapy Session,2026-06-18,Evening,0,Completed
APT009541,PT01187,PR004,Nursing Visit,2026-06-23,Evening,7,No-Show
APT009542,PT01278,PR020,Wound Dressing,2026-06-01,Morning,9,No-Show
APT009543,PT00502,PR007,Diabetic Care Visit,2026-08-12,Evening,14,Completed
APT009544,PT01931,PR006,Physiotherapy Session,2026-06-22,Afternoon,9,Completed
APT009545,PT01273,PR012,Post-Op Care,2026-07-23,Morning,12,Cancelled
APT009546,PT00211,PR002,Diabetic Care Visit,2026-06-15,Afternoon,5,Cancelled
APT009547,PT00619,PR008,Vitals Check,2026-08-05,Morning,12,No-Show
APT009548,PT01916,PR012,Wound Dressing,2026-07-27,Morning,1,Completed
APT009549,PT00216,PR003,Vitals Check,2026-06-22,Morning,3,Completed
APT009550,PT00957,PR002,Physiotherapy Session,2026-07-17,Afternoon,13,Completed
APT009551,PT01985,PR012,Diabetic Care Visit,2026-06-15,Evening,7,Completed
APT009552,PT01251,PR001,Diabetic Care Visit,2026-06-24,Morning,6,Completed
APT009553,PT00453,PR007,Vitals Check,2026-06-03,Morning,9,Completed
APT009554,PT00883,PR015,Wound Dressing,2026-06-02,Afternoon,11,No-Show
APT009555,PT00954,PR001,Physiotherapy Session,2026-08-21,Evening,13,Completed
APT009556,PT00333,PR002,Diabetic Care Visit,2026-08-21,Morning,12,Completed
APT009557,PT01789,PR019,Physiotherapy Session,2026-07-08,Morning,12,Completed
APT009558,PT01384,PR001,Physiotherapy Session,2026-08-15,Evening,9,No-Show
APT009559,PT01198,PR004,Diabetic Care Visit,2026-07-16,Morning,9,Completed
APT009560,PT00009,PR003,Nursing Visit,2026-08-16,Morning,5,Completed
APT009561,PT01215,PR017,Nursing Visit,2026-06-16,Morning,11,No-Show
APT009562,PT01600,PR012,Nursing Visit,2026-06-03,Evening,7,Completed
APT009563,PT00349,PR018,Physiotherapy Session,2026-06-13,Evening,5,Completed
APT009564,PT00518,PR017,Post-Op Care,2026-06-04,Morning,8,Completed
APT009565,PT00933,PR009,Diabetic Care Visit,2026-06-07,Morning,2,Completed
APT009566,PT01471,PR020,Wound Dressing,2026-07-07,Evening,2,Rescheduled
APT009567,PT00087,PR003,Vitals Check,2026-06-23,Morning,14,No-Show
APT009568,PT01847,PR003,Vitals Check,2026-07-23,Morning,10,Cancelled
APT009569,PT01292,PR019,Physiotherapy Session,2026-06-09,Evening,0,Completed
APT009570,PT00768,PR005,Post-Op Care,2026-08-03,Afternoon,8,Completed
APT009571,PT01321,PR002,Wound Dressing,2026-06-26,Morning,8,No-Show
APT009572,PT00720,PR002,Vitals Check,2026-08-29,Morning,11,Completed
APT009573,PT01921,PR001,Wound Dressing,2026-07-21,Evening,10,No-Show
APT009574,PT01028,PR002,Vitals Check,2026-06-30,Morning,4,Completed
APT009575,PT01483,PR013,Nursing Visit,2026-07-01,Morning,2,Cancelled
APT009576,PT01290,PR014,Physiotherapy Session,2026-08-16,Evening,0,Rescheduled
APT009577,PT01229,PR008,Vitals Check,2026-08-15,Afternoon,3,Completed
APT009578,PT01783,PR003,Wound Dressing,2026-08-16,Evening,1,Completed
APT009579,PT00806,PR014,Wound Dressing,2026-08-24,Afternoon,4,Rescheduled
APT009580,PT00647,PR016,Diabetic Care Visit,2026-08-05,Afternoon,14,Completed
APT009581,PT00260,PR017,Vitals Check,2026-08-18,Morning,3,Completed
APT009582,PT00693,PR013,Post-Op Care,2026-06-29,Afternoon,13,Completed
APT009583,PT00928,PR002,Diabetic Care Visit,2026-07-17,Morning,12,Completed
APT009584,PT01396,PR010,Physiotherapy Session,2026-08-28,Afternoon,9,No-Show
APT009585,PT00224,PR008,Diabetic Care Visit,2026-07-27,Evening,12,Completed
APT009586,PT00620,PR008,Vitals Check,2026-06-10,Afternoon,4,Completed
APT009587,PT01433,PR003,Post-Op Care,2026-08-05,Evening,1,Completed
APT009588,PT00757,PR009,Vitals Check,2026-08-25,Afternoon,7,No-Show
APT009589,PT01632,PR004,Post-Op Care,2026-07-27,Evening,11,Completed
APT009590,PT01369,PR012,Physiotherapy Session,2026-06-10,Afternoon,10,Completed
APT009591,PT01155,PR005,Post-Op Care,2026-07-20,Morning,3,Completed
APT009592,PT01492,PR020,Nursing Visit,2026-07-17,Morning,9,Completed
APT009593,PT01429,PR014,Diabetic Care Visit,2026-08-11,Afternoon,1,Completed
APT009594,PT01254,PR013,Vitals Check,2026-07-27,Morning,13,Cancelled
APT009595,PT00099,PR002,Wound Dressing,2026-08-27,Morning,5,Completed
APT009596,PT01811,PR010,Nursing Visit,2026-08-25,Afternoon,9,Completed
APT009597,PT01892,PR017,Physiotherapy Session,2026-08-25,Morning,13,Completed
APT009598,PT00516,PR019,Nursing Visit,2026-06-02,Afternoon,8,Completed
APT009599,PT01198,PR008,Physiotherapy Session,2026-08-28,Morning,9,Cancelled
APT009600,PT01531,PR015,Vitals Check,2026-08-13,Afternoon,13,Completed
APT009601,PT01267,PR009,Diabetic Care Visit,2026-07-18,Afternoon,6,Completed
APT009602,PT01507,PR002,Wound Dressing,2026-08-01,Evening,12,Completed
APT009603,PT00685,PR011,Physiotherapy Session,2026-08-16,Morning,6,Completed
APT009604,PT01177,PR019,Nursing Visit,2026-07-04,Afternoon,0,No-Show
APT009605,PT00717,PR009,Diabetic Care Visit,2026-08-18,Morning,12,Completed
APT009606,PT00576,PR013,Post-Op Care,2026-08-28,Evening,12,Completed
APT009607,PT00796,PR019,Vitals Check,2026-07-19,Afternoon,6,Completed
APT009608,PT01518,PR014,Physiotherapy Session,2026-06-27,Afternoon,13,No-Show
APT009609,PT00570,PR016,Wound Dressing,2026-07-23,Morning,8,Completed
APT009610,PT00724,PR010,Diabetic Care Visit,2026-08-09,Morning,5,Rescheduled
APT009611,PT01607,PR006,Wound Dressing,2026-07-22,Evening,8,No-Show
APT009612,PT01589,PR003,Vitals Check,2026-08-14,Morning,12,Completed
APT009613,PT00840,PR008,Physiotherapy Session,2026-07-01,Evening,14,No-Show
APT009614,PT01860,PR014,Post-Op Care,2026-08-05,Afternoon,10,Rescheduled
APT009615,PT01920,PR002,Diabetic Care Visit,2026-06-10,Morning,6,Completed
APT009616,PT01902,PR003,Diabetic Care Visit,2026-07-07,Evening,10,Rescheduled
APT009617,PT00138,PR009,Physiotherapy Session,2026-07-23,Morning,1,Completed
APT009618,PT01532,PR008,Wound Dressing,2026-08-12,Evening,6,Completed
APT009619,PT01127,PR002,Wound Dressing,2026-08-07,Evening,9,Completed
APT009620,PT01065,PR003,Physiotherapy Session,2026-08-14,Evening,8,Completed
APT009621,PT01680,PR004,Vitals Check,2026-07-07,Evening,9,Completed
APT009622,PT00515,PR019,Post-Op Care,2026-06-14,Evening,0,No-Show
APT009623,PT01783,PR006,Nursing Visit,2026-08-09,Afternoon,13,Completed
APT009624,PT01392,PR012,Post-Op Care,2026-06-17,Afternoon,7,Completed
APT009625,PT00005,PR002,Wound Dressing,2026-06-25,Afternoon,12,Rescheduled
APT009626,PT00727,PR016,Wound Dressing,2026-07-18,Morning,13,Completed
APT009627,PT01460,PR004,Diabetic Care Visit,2026-06-26,Evening,14,Rescheduled
APT009628,PT01859,PR018,Wound Dressing,2026-07-26,Afternoon,3,Completed
APT009629,PT01475,PR002,Wound Dressing,2026-07-16,Evening,14,Completed
APT009630,PT01935,PR002,Wound Dressing,2026-07-07,Evening,10,Completed
APT009631,PT01720,PR002,Vitals Check,2026-07-25,Afternoon,10,Cancelled
APT009632,PT01188,PR014,Diabetic Care Visit,2026-06-28,Afternoon,10,Completed
APT009633,PT01334,PR007,Vitals Check,2026-06-13,Evening,5,No-Show
APT009634,PT00043,PR006,Nursing Visit,2026-07-15,Morning,8,Completed
APT009635,PT01837,PR004,Physiotherapy Session,2026-08-06,Evening,5,Completed
APT009636,PT01829,PR020,Diabetic Care Visit,2026-07-21,Morning,1,Completed
APT009637,PT01897,PR004,Nursing Visit,2026-06-24,Morning,1,Completed
APT009638,PT00438,PR012,Diabetic Care Visit,2026-06-16,Evening,7,Completed
APT009639,PT01350,PR008,Nursing Visit,2026-08-24,Afternoon,10,Completed
APT009640,PT00269,PR006,Vitals Check,2026-07-01,Evening,1,Completed
APT009641,PT01045,PR018,Vitals Check,2026-08-02,Afternoon,13,No-Show
APT009642,PT01159,PR009,Nursing Visit,2026-08-27,Evening,12,Completed
APT009643,PT01746,PR016,Wound Dressing,2026-07-25,Morning,10,Cancelled
APT009644,PT01338,PR006,Post-Op Care,2026-08-07,Afternoon,2,Completed
APT009645,PT00904,PR017,Diabetic Care Visit,2026-08-07,Afternoon,3,Rescheduled
APT009646,PT01304,PR018,Post-Op Care,2026-07-07,Morning,4,Completed
APT009647,PT00310,PR010,Wound Dressing,2026-06-16,Morning,14,Completed
APT009648,PT01479,PR010,Diabetic Care Visit,2026-08-01,Evening,8,Completed
APT009649,PT01458,PR016,Post-Op Care,2026-06-28,Morning,10,Completed
APT009650,PT01873,PR005,Nursing Visit,2026-07-04,Morning,7,Completed
APT009651,PT01275,PR007,Physiotherapy Session,2026-06-25,Evening,3,Completed
APT009652,PT00553,PR001,Wound Dressing,2026-07-12,Afternoon,14,Completed
APT009653,PT01792,PR014,Wound Dressing,2026-06-05,Evening,1,No-Show
APT009654,PT01128,PR006,Physiotherapy Session,2026-08-06,Morning,8,No-Show
APT009655,PT00778,PR010,Post-Op Care,2026-06-11,Evening,6,Completed
APT009656,PT00452,PR002,Nursing Visit,2026-06-23,Afternoon,10,Completed
APT009657,PT00181,PR012,Nursing Visit,2026-06-08,Morning,7,Completed
APT009658,PT01481,PR010,Vitals Check,2026-08-26,Evening,0,Completed
APT009659,PT01902,PR009,Wound Dressing,2026-07-30,Morning,2,Completed
APT009660,PT00385,PR013,Wound Dressing,2026-08-28,Morning,5,Completed
APT009661,PT01409,PR005,Wound Dressing,2026-08-15,Afternoon,14,Completed
APT009662,PT00629,PR017,Wound Dressing,2026-07-28,Morning,7,Completed
APT009663,PT00488,PR014,Diabetic Care Visit,2026-07-21,Morning,3,Completed
APT009664,PT01043,PR005,Wound Dressing,2026-08-19,Morning,11,Completed
APT009665,PT00106,PR012,Diabetic Care Visit,2026-07-19,Morning,1,Completed
APT009666,PT01135,PR016,Physiotherapy Session,2026-08-07,Afternoon,13,No-Show
APT009667,PT00698,PR012,Wound Dressing,2026-08-15,Evening,7,Completed
APT009668,PT00406,PR001,Physiotherapy Session,2026-07-09,Afternoon,6,Completed
APT009669,PT00898,PR008,Physiotherapy Session,2026-07-24,Afternoon,8,Completed
APT009670,PT01794,PR011,Nursing Visit,2026-06-25,Morning,10,No-Show
APT009671,PT01801,PR006,Diabetic Care Visit,2026-07-02,Afternoon,14,No-Show
APT009672,PT01185,PR010,Vitals Check,2026-06-22,Evening,3,No-Show
APT009673,PT01286,PR004,Post-Op Care,2026-08-05,Morning,0,Completed
APT009674,PT01754,PR019,Post-Op Care,2026-06-27,Evening,5,Completed
APT009675,PT00727,PR005,Vitals Check,2026-06-11,Evening,1,No-Show
APT009676,PT00187,PR013,Post-Op Care,2026-06-03,Morning,9,Completed
APT009677,PT01814,PR012,Wound Dressing,2026-08-23,Morning,6,Completed
APT009678,PT00749,PR010,Nursing Visit,2026-06-17,Morning,8,Completed
APT009679,PT01252,PR020,Nursing Visit,2026-06-13,Afternoon,8,Completed
APT009680,PT01270,PR010,Physiotherapy Session,2026-07-01,Morning,2,Completed
APT009681,PT00046,PR007,Nursing Visit,2026-08-20,Morning,0,No-Show
APT009682,PT00484,PR003,Diabetic Care Visit,2026-07-15,Afternoon,12,Cancelled
APT009683,PT01126,PR010,Post-Op Care,2026-06-07,Evening,2,Completed
APT009684,PT00945,PR004,Physiotherapy Session,2026-08-15,Evening,5,Completed
APT009685,PT01779,PR010,Physiotherapy Session,2026-06-24,Afternoon,7,Completed
APT009686,PT01959,PR008,Nursing Visit,2026-06-12,Afternoon,14,Completed
APT009687,PT01805,PR014,Nursing Visit,2026-08-28,Afternoon,9,Completed
APT009688,PT00436,PR019,Nursing Visit,2026-07-11,Morning,4,Completed
APT009689,PT01455,PR016,Physiotherapy Session,2026-07-20,Afternoon,10,No-Show
APT009690,PT01900,PR004,Post-Op Care,2026-07-14,Morning,13,No-Show
APT009691,PT01199,PR007,Physiotherapy Session,2026-07-25,Afternoon,11,Completed
APT009692,PT01911,PR010,Post-Op Care,2026-08-01,Evening,4,Rescheduled
APT009693,PT01455,PR015,Vitals Check,2026-07-20,Afternoon,0,Completed
APT009694,PT00906,PR007,Physiotherapy Session,2026-06-21,Evening,4,Cancelled
APT009695,PT01032,PR008,Physiotherapy Session,2026-07-31,Morning,13,Completed
APT009696,PT00820,PR018,Wound Dressing,2026-07-10,Afternoon,12,No-Show
APT009697,PT00055,PR012,Vitals Check,2026-08-21,Afternoon,0,Rescheduled
APT009698,PT01559,PR015,Physiotherapy Session,2026-08-14,Evening,8,Completed
APT009699,PT00723,PR003,Post-Op Care,2026-07-13,Afternoon,7,Rescheduled
APT009700,PT01997,PR018,Post-Op Care,2026-08-05,Morning,9,Completed
APT009701,PT01525,PR018,Vitals Check,2026-08-24,Morning,6,Completed
APT009702,PT01641,PR012,Post-Op Care,2026-08-17,Evening,14,No-Show
APT009703,PT01320,PR002,Wound Dressing,2026-06-04,Morning,11,Completed
APT009704,PT00995,PR009,Diabetic Care Visit,2026-06-21,Afternoon,2,No-Show
APT009705,PT00734,PR015,Nursing Visit,2026-08-28,Afternoon,9,Completed
APT009706,PT01822,PR016,Wound Dressing,2026-06-13,Evening,12,Completed
APT009707,PT01703,PR009,Wound Dressing,2026-06-19,Afternoon,3,Completed
APT009708,PT00006,PR009,Nursing Visit,2026-08-18,Afternoon,3,Cancelled
APT009709,PT01854,PR019,Vitals Check,2026-08-17,Afternoon,8,No-Show
APT009710,PT00188,PR013,Wound Dressing,2026-06-30,Afternoon,8,Completed
APT009711,PT00548,PR002,Vitals Check,2026-07-23,Morning,11,Rescheduled
APT009712,PT00627,PR015,Diabetic Care Visit,2026-07-24,Morning,13,Completed
APT009713,PT01541,PR010,Vitals Check,2026-08-02,Morning,5,Completed
APT009714,PT01878,PR002,Vitals Check,2026-06-26,Morning,7,Completed
APT009715,PT00676,PR001,Nursing Visit,2026-07-10,Afternoon,6,No-Show
APT009716,PT01617,PR016,Diabetic Care Visit,2026-06-18,Afternoon,14,Completed
APT009717,PT00288,PR001,Diabetic Care Visit,2026-08-27,Afternoon,11,Rescheduled
APT009718,PT01999,PR004,Diabetic Care Visit,2026-06-03,Morning,7,Completed
APT009719,PT00647,PR015,Nursing Visit,2026-07-25,Evening,4,Completed
APT009720,PT00081,PR012,Physiotherapy Session,2026-06-01,Morning,4,No-Show
APT009721,PT00050,PR004,Post-Op Care,2026-08-03,Afternoon,3,Completed
APT009722,PT00529,PR003,Diabetic Care Visit,2026-08-21,Afternoon,9,Completed
APT009723,PT01657,PR004,Vitals Check,2026-06-13,Evening,1,Completed
APT009724,PT00819,PR006,Post-Op Care,2026-08-05,Morning,13,No-Show
APT009725,PT01859,PR012,Post-Op Care,2026-06-11,Afternoon,13,Completed
APT009726,PT00130,PR002,Physiotherapy Session,2026-08-13,Evening,6,Completed
APT009727,PT01548,PR002,Physiotherapy Session,2026-08-05,Afternoon,11,Completed
APT009728,PT00917,PR019,Diabetic Care Visit,2026-08-12,Afternoon,8,Cancelled
APT009729,PT00678,PR003,Physiotherapy Session,2026-08-18,Morning,8,Completed
APT009730,PT00816,PR004,Post-Op Care,2026-08-08,Evening,11,No-Show
APT009731,PT00972,PR009,Post-Op Care,2026-07-31,Afternoon,2,Completed
APT009732,PT00039,PR005,Physiotherapy Session,2026-06-26,Evening,11,Completed
APT009733,PT00346,PR008,Vitals Check,2026-07-20,Afternoon,2,No-Show
APT009734,PT00890,PR011,Physiotherapy Session,2026-06-24,Evening,10,No-Show
APT009735,PT01126,PR010,Diabetic Care Visit,2026-07-21,Evening,11,Completed
APT009736,PT00486,PR002,Post-Op Care,2026-07-21,Afternoon,8,No-Show
APT009737,PT00275,PR010,Wound Dressing,2026-08-29,Morning,6,Cancelled
APT009738,PT01087,PR020,Physiotherapy Session,2026-08-07,Afternoon,6,Completed
APT009739,PT00073,PR003,Physiotherapy Session,2026-06-01,Morning,6,Completed
APT009740,PT01360,PR001,Nursing Visit,2026-07-20,Evening,8,Completed
APT009741,PT00152,PR018,Nursing Visit,2026-07-06,Morning,3,Completed
APT009742,PT00171,PR013,Vitals Check,2026-06-09,Afternoon,1,Rescheduled
APT009743,PT01389,PR009,Physiotherapy Session,2026-08-02,Evening,2,Completed
APT009744,PT01099,PR010,Wound Dressing,2026-06-16,Evening,7,Completed
APT009745,PT01558,PR018,Diabetic Care Visit,2026-08-19,Morning,3,Completed
APT009746,PT01130,PR012,Physiotherapy Session,2026-08-07,Evening,14,Completed
APT009747,PT00113,PR010,Vitals Check,2026-07-23,Evening,13,Completed
APT009748,PT00315,PR014,Physiotherapy Session,2026-06-15,Morning,3,Completed
APT009749,PT00696,PR013,Wound Dressing,2026-07-09,Morning,10,No-Show
APT009750,PT01653,PR019,Vitals Check,2026-07-17,Afternoon,3,Rescheduled
APT009751,PT00778,PR010,Diabetic Care Visit,2026-08-07,Evening,10,Completed
APT009752,PT01274,PR004,Physiotherapy Session,2026-06-01,Morning,7,Completed
APT009753,PT01872,PR016,Nursing Visit,2026-06-03,Evening,8,Completed
APT009754,PT00277,PR002,Nursing Visit,2026-06-30,Morning,14,Completed
APT009755,PT01639,PR003,Diabetic Care Visit,2026-07-27,Evening,11,Completed
APT009756,PT00488,PR020,Post-Op Care,2026-06-23,Afternoon,2,Completed
APT009757,PT00878,PR009,Vitals Check,2026-06-23,Morning,14,Cancelled
APT009758,PT01085,PR006,Wound Dressing,2026-06-21,Evening,12,Completed
APT009759,PT00545,PR019,Vitals Check,2026-06-03,Evening,11,No-Show
APT009760,PT00004,PR002,Nursing Visit,2026-07-25,Evening,0,No-Show
APT009761,PT00279,PR013,Post-Op Care,2026-08-29,Afternoon,1,Completed
APT009762,PT01687,PR014,Nursing Visit,2026-07-01,Evening,11,No-Show
APT009763,PT00856,PR010,Wound Dressing,2026-08-09,Evening,2,Completed
APT009764,PT00846,PR002,Diabetic Care Visit,2026-07-23,Evening,10,Completed
APT009765,PT00390,PR007,Diabetic Care Visit,2026-06-12,Afternoon,8,Completed
APT009766,PT00562,PR003,Post-Op Care,2026-07-09,Evening,7,No-Show
APT009767,PT01226,PR017,Wound Dressing,2026-06-24,Afternoon,0,No-Show
APT009768,PT00985,PR001,Nursing Visit,2026-06-02,Morning,2,No-Show
APT009769,PT00515,PR005,Diabetic Care Visit,2026-06-11,Afternoon,10,Completed
APT009770,PT01684,PR010,Post-Op Care,2026-07-08,Morning,6,Completed
APT009771,PT01895,PR004,Diabetic Care Visit,2026-07-09,Afternoon,8,No-Show
APT009772,PT00062,PR009,Wound Dressing,2026-08-11,Afternoon,14,Completed
APT009773,PT01677,PR015,Diabetic Care Visit,2026-08-19,Evening,7,Completed
APT009774,PT00662,PR016,Vitals Check,2026-06-22,Evening,9,Completed
APT009775,PT01108,PR010,Diabetic Care Visit,2026-06-08,Morning,12,Completed
APT009776,PT00183,PR002,Wound Dressing,2026-07-31,Morning,1,No-Show
APT009777,PT00704,PR006,Wound Dressing,2026-08-12,Afternoon,7,Rescheduled
APT009778,PT01156,PR007,Post-Op Care,2026-06-20,Morning,4,Completed
APT009779,PT00310,PR010,Nursing Visit,2026-06-27,Afternoon,7,Completed
APT009780,PT01788,PR010,Diabetic Care Visit,2026-07-25,Morning,6,Completed
APT009781,PT00074,PR008,Diabetic Care Visit,2026-08-18,Morning,3,Completed
APT009782,PT00095,PR020,Vitals Check,2026-08-10,Afternoon,2,Completed
APT009783,PT01995,PR002,Nursing Visit,2026-08-22,Evening,0,Completed
APT009784,PT00775,PR011,Vitals Check,2026-07-19,Evening,1,Completed
APT009785,PT00259,PR015,Nursing Visit,2026-08-03,Morning,10,Completed
APT009786,PT01898,PR012,Vitals Check,2026-08-01,Afternoon,13,Rescheduled
APT009787,PT01414,PR018,Vitals Check,2026-06-24,Evening,0,Completed
APT009788,PT01253,PR010,Post-Op Care,2026-07-14,Afternoon,9,Completed
APT009789,PT01245,PR002,Physiotherapy Session,2026-06-09,Evening,5,No-Show
APT009790,PT00984,PR002,Vitals Check,2026-08-04,Evening,2,Completed
APT009791,PT00873,PR005,Diabetic Care Visit,2026-08-20,Evening,7,Completed
APT009792,PT01058,PR002,Post-Op Care,2026-06-25,Evening,8,Completed
APT009793,PT00877,PR002,Physiotherapy Session,2026-08-07,Afternoon,1,Completed
APT009794,PT01443,PR002,Diabetic Care Visit,2026-08-06,Evening,8,Completed
APT009795,PT01544,PR008,Diabetic Care Visit,2026-08-29,Afternoon,9,Completed
APT009796,PT00649,PR016,Wound Dressing,2026-06-12,Afternoon,5,Completed
APT009797,PT00988,PR003,Diabetic Care Visit,2026-07-23,Evening,12,No-Show
APT009798,PT01412,PR006,Post-Op Care,2026-06-13,Afternoon,7,Completed
APT009799,PT01686,PR008,Wound Dressing,2026-07-18,Afternoon,9,Completed
APT009800,PT01032,PR008,Physiotherapy Session,2026-08-04,Afternoon,4,Completed
APT009801,PT01218,PR004,Wound Dressing,2026-06-10,Morning,5,Completed
APT009802,PT01396,PR002,Physiotherapy Session,2026-07-18,Afternoon,9,Completed
APT009803,PT01408,PR014,Wound Dressing,2026-06-19,Evening,0,No-Show
APT009804,PT01054,PR005,Nursing Visit,2026-06-24,Morning,13,Completed
APT009805,PT00692,PR010,Nursing Visit,2026-08-19,Afternoon,3,No-Show
APT009806,PT00059,PR004,Nursing Visit,2026-06-09,Afternoon,2,No-Show
APT009807,PT00730,PR020,Physiotherapy Session,2026-06-12,Afternoon,1,Completed
APT009808,PT01650,PR004,Vitals Check,2026-08-10,Morning,0,Completed
APT009809,PT01026,PR010,Diabetic Care Visit,2026-07-17,Afternoon,9,Completed
APT009810,PT00231,PR019,Vitals Check,2026-07-30,Afternoon,10,Completed
APT009811,PT01677,PR016,Vitals Check,2026-08-26,Morning,14,No-Show
APT009812,PT01905,PR009,Vitals Check,2026-08-19,Morning,8,Completed
APT009813,PT00463,PR010,Nursing Visit,2026-06-18,Evening,2,Completed
APT009814,PT00121,PR012,Physiotherapy Session,2026-08-21,Afternoon,1,Completed
APT009815,PT01812,PR014,Diabetic Care Visit,2026-07-16,Evening,12,Cancelled
APT009816,PT00046,PR017,Physiotherapy Session,2026-07-15,Evening,1,Completed
APT009817,PT00212,PR010,Post-Op Care,2026-08-13,Afternoon,12,No-Show
APT009818,PT00831,PR002,Vitals Check,2026-07-12,Morning,12,Completed
APT009819,PT01342,PR001,Physiotherapy Session,2026-08-28,Evening,12,Completed
APT009820,PT00417,PR008,Post-Op Care,2026-08-18,Morning,3,Completed
APT009821,PT01165,PR008,Nursing Visit,2026-08-02,Morning,3,Completed
APT009822,PT01315,PR018,Physiotherapy Session,2026-08-05,Morning,7,Completed
APT009823,PT01406,PR005,Physiotherapy Session,2026-06-06,Afternoon,5,Completed
APT009824,PT00467,PR002,Wound Dressing,2026-06-11,Evening,14,Completed
APT009825,PT00325,PR009,Physiotherapy Session,2026-08-17,Morning,4,No-Show
APT009826,PT00018,PR011,Diabetic Care Visit,2026-06-04,Evening,9,Completed
APT009827,PT01869,PR005,Post-Op Care,2026-08-06,Evening,0,Cancelled
APT009828,PT01502,PR010,Physiotherapy Session,2026-08-27,Evening,6,No-Show
APT009829,PT00868,PR011,Wound Dressing,2026-07-30,Morning,8,No-Show
APT009830,PT00563,PR010,Diabetic Care Visit,2026-06-09,Evening,10,No-Show
APT009831,PT00021,PR006,Vitals Check,2026-08-20,Morning,5,Completed
APT009832,PT00422,PR010,Diabetic Care Visit,2026-08-04,Evening,5,Completed
APT009833,PT01774,PR017,Post-Op Care,2026-07-10,Morning,5,No-Show
APT009834,PT00409,PR006,Wound Dressing,2026-07-08,Afternoon,3,No-Show
APT009835,PT01774,PR006,Nursing Visit,2026-06-28,Evening,4,Completed
APT009836,PT01989,PR008,Physiotherapy Session,2026-07-02,Morning,0,Rescheduled
APT009837,PT01711,PR010,Vitals Check,2026-08-23,Afternoon,2,Completed
APT009838,PT00674,PR003,Post-Op Care,2026-07-23,Morning,0,Completed
APT009839,PT00798,PR004,Diabetic Care Visit,2026-08-11,Evening,2,Completed
APT009840,PT00168,PR010,Physiotherapy Session,2026-07-10,Afternoon,4,No-Show
APT009841,PT01721,PR014,Nursing Visit,2026-06-26,Morning,0,Cancelled
APT009842,PT00777,PR013,Post-Op Care,2026-07-05,Afternoon,12,Completed
APT009843,PT00654,PR002,Vitals Check,2026-07-29,Afternoon,4,No-Show
APT009844,PT00643,PR002,Wound Dressing,2026-06-13,Evening,10,Completed
APT009845,PT01947,PR008,Nursing Visit,2026-06-30,Evening,9,Cancelled
APT009846,PT01756,PR017,Physiotherapy Session,2026-07-19,Evening,1,No-Show
APT009847,PT00640,PR012,Physiotherapy Session,2026-08-09,Evening,6,No-Show
APT009848,PT01436,PR004,Diabetic Care Visit,2026-06-12,Morning,9,Completed
APT009849,PT00317,PR014,Post-Op Care,2026-06-29,Afternoon,9,Completed
APT009850,PT00365,PR005,Diabetic Care Visit,2026-08-11,Morning,4,No-Show
APT009851,PT01927,PR003,Vitals Check,2026-08-14,Afternoon,0,Completed
APT009852,PT00810,PR015,Nursing Visit,2026-06-02,Evening,11,Cancelled
APT009853,PT00360,PR010,Vitals Check,2026-08-06,Evening,14,Completed
APT009854,PT00494,PR004,Nursing Visit,2026-06-04,Morning,6,No-Show
APT009855,PT00329,PR007,Vitals Check,2026-07-25,Evening,14,Completed
APT009856,PT00002,PR009,Post-Op Care,2026-07-25,Morning,0,Completed
APT009857,PT00672,PR014,Wound Dressing,2026-07-29,Morning,5,Completed
APT009858,PT00750,PR016,Wound Dressing,2026-06-17,Afternoon,8,Completed
APT009859,PT00441,PR013,Diabetic Care Visit,2026-06-28,Evening,3,Completed
APT009860,PT01608,PR005,Wound Dressing,2026-07-29,Morning,13,No-Show
APT009861,PT01600,PR020,Physiotherapy Session,2026-07-13,Morning,14,Cancelled
APT009862,PT01329,PR004,Post-Op Care,2026-07-19,Morning,4,Completed
APT009863,PT00863,PR008,Vitals Check,2026-06-22,Evening,8,Completed
APT009864,PT01961,PR018,Vitals Check,2026-08-09,Evening,3,Completed
APT009865,PT00627,PR015,Diabetic Care Visit,2026-06-01,Afternoon,5,Completed
APT009866,PT01491,PR001,Nursing Visit,2026-06-06,Evening,3,No-Show
APT009867,PT00018,PR018,Post-Op Care,2026-07-31,Afternoon,4,Completed
APT009868,PT00722,PR013,Post-Op Care,2026-08-10,Afternoon,13,Completed
APT009869,PT00284,PR011,Wound Dressing,2026-08-24,Evening,2,Completed
APT009870,PT01598,PR012,Wound Dressing,2026-06-08,Evening,14,Cancelled
APT009871,PT00193,PR004,Physiotherapy Session,2026-08-25,Evening,10,Completed
APT009872,PT01988,PR012,Physiotherapy Session,2026-07-05,Evening,7,Completed
APT009873,PT00773,PR002,Vitals Check,2026-07-22,Evening,8,Completed
APT009874,PT01556,PR010,Nursing Visit,2026-06-10,Afternoon,4,Completed
APT009875,PT00462,PR020,Wound Dressing,2026-08-23,Evening,12,No-Show
APT009876,PT00856,PR002,Post-Op Care,2026-08-21,Afternoon,11,Completed
APT009877,PT00646,PR013,Nursing Visit,2026-08-17,Evening,11,Cancelled
APT009878,PT00723,PR007,Post-Op Care,2026-08-16,Morning,4,Completed
APT009879,PT00722,PR013,Diabetic Care Visit,2026-07-31,Evening,10,Completed
APT009880,PT00079,PR008,Vitals Check,2026-08-13,Afternoon,0,No-Show
APT009881,PT00933,PR009,Vitals Check,2026-07-10,Evening,1,Completed
APT009882,PT00517,PR010,Wound Dressing,2026-06-16,Evening,5,Completed
APT009883,PT00947,PR002,Physiotherapy Session,2026-08-29,Evening,7,Cancelled
APT009884,PT01783,PR017,Post-Op Care,2026-08-23,Afternoon,0,Cancelled
APT009885,PT00407,PR013,Wound Dressing,2026-07-26,Afternoon,13,Completed
APT009886,PT00722,PR004,Wound Dressing,2026-07-25,Morning,6,Completed
APT009887,PT00216,PR009,Nursing Visit,2026-07-10,Evening,10,No-Show
APT009888,PT00993,PR013,Wound Dressing,2026-07-15,Afternoon,8,Completed
APT009889,PT00279,PR013,Nursing Visit,2026-06-28,Afternoon,13,Completed
APT009890,PT00925,PR017,Post-Op Care,2026-06-16,Morning,2,Cancelled
APT009891,PT01901,PR009,Post-Op Care,2026-06-06,Evening,6,Completed
APT009892,PT01538,PR004,Nursing Visit,2026-08-05,Morning,6,Completed
APT009893,PT00841,PR015,Diabetic Care Visit,2026-07-03,Morning,9,Completed
APT009894,PT00943,PR013,Wound Dressing,2026-06-15,Afternoon,12,Completed
APT009895,PT00672,PR020,Wound Dressing,2026-08-07,Afternoon,2,Completed
APT009896,PT00588,PR010,Wound Dressing,2026-07-22,Morning,0,No-Show
APT009897,PT01581,PR019,Wound Dressing,2026-08-18,Afternoon,8,Completed
APT009898,PT01164,PR002,Vitals Check,2026-07-25,Morning,2,Completed
APT009899,PT01863,PR015,Vitals Check,2026-08-26,Morning,13,Completed
APT009900,PT00414,PR008,Physiotherapy Session,2026-06-22,Morning,4,Completed
APT009901,PT01058,PR002,Physiotherapy Session,2026-08-19,Morning,4,Completed
APT009902,PT01727,PR002,Physiotherapy Session,2026-06-03,Morning,0,Completed
APT009903,PT01193,PR014,Vitals Check,2026-06-10,Afternoon,8,Completed
APT009904,PT00750,PR015,Diabetic Care Visit,2026-06-06,Morning,7,Completed
APT009905,PT00948,PR012,Diabetic Care Visit,2026-06-06,Evening,2,Completed
APT009906,PT01756,PR017,Vitals Check,2026-07-05,Evening,13,No-Show
APT009907,PT00410,PR006,Nursing Visit,2026-06-27,Afternoon,6,Completed
APT009908,PT01099,PR010,Diabetic Care Visit,2026-06-25,Morning,5,Completed
APT009909,PT00299,PR008,Wound Dressing,2026-08-05,Evening,11,Completed
APT009910,PT00809,PR016,Post-Op Care,2026-07-28,Afternoon,13,No-Show
APT009911,PT00648,PR002,Wound Dressing,2026-08-02,Afternoon,6,Rescheduled
APT009912,PT01694,PR015,Post-Op Care,2026-07-03,Evening,4,Rescheduled
APT009913,PT01020,PR018,Physiotherapy Session,2026-06-25,Evening,5,No-Show
APT009914,PT01681,PR004,Nursing Visit,2026-08-11,Evening,3,Completed
APT009915,PT01425,PR009,Vitals Check,2026-07-21,Evening,13,Completed
APT009916,PT01113,PR014,Post-Op Care,2026-08-18,Afternoon,0,Completed
APT009917,PT01264,PR012,Physiotherapy Session,2026-06-08,Morning,9,Cancelled
APT009918,PT01551,PR008,Physiotherapy Session,2026-08-14,Afternoon,7,No-Show
APT009919,PT01887,PR013,Nursing Visit,2026-08-11,Evening,12,No-Show
APT009920,PT01087,PR011,Vitals Check,2026-06-25,Evening,10,Completed
APT009921,PT00642,PR014,Physiotherapy Session,2026-06-20,Afternoon,6,Completed
APT009922,PT00280,PR002,Diabetic Care Visit,2026-06-23,Morning,1,Completed
APT009923,PT00750,PR005,Post-Op Care,2026-08-13,Evening,8,No-Show
APT009924,PT00697,PR003,Wound Dressing,2026-06-23,Evening,12,Completed
APT009925,PT00313,PR016,Vitals Check,2026-08-08,Morning,7,Completed
APT009926,PT00430,PR010,Physiotherapy Session,2026-08-29,Afternoon,13,Completed
APT009927,PT01611,PR008,Nursing Visit,2026-07-14,Morning,8,No-Show
APT009928,PT00681,PR014,Diabetic Care Visit,2026-06-06,Morning,0,Completed
APT009929,PT00262,PR010,Diabetic Care Visit,2026-06-13,Morning,12,Completed
APT009930,PT00632,PR013,Nursing Visit,2026-08-28,Morning,8,No-Show
APT009931,PT00681,PR014,Vitals Check,2026-08-22,Afternoon,10,No-Show
APT009932,PT01038,PR010,Diabetic Care Visit,2026-08-25,Afternoon,10,Completed
APT009933,PT00402,PR008,Diabetic Care Visit,2026-07-23,Evening,4,Completed
APT009934,PT01016,PR004,Nursing Visit,2026-06-23,Evening,5,Completed
APT009935,PT01606,PR008,Nursing Visit,2026-06-24,Evening,13,Cancelled
APT009936,PT01260,PR012,Nursing Visit,2026-08-20,Afternoon,10,Completed
APT009937,PT00139,PR008,Nursing Visit,2026-08-03,Afternoon,10,Completed
APT009938,PT01127,PR010,Physiotherapy Session,2026-07-17,Evening,6,Completed
APT009939,PT01637,PR006,Wound Dressing,2026-07-30,Morning,4,Rescheduled
APT009940,PT01255,PR004,Post-Op Care,2026-07-07,Evening,6,Completed
APT009941,PT01919,PR001,Nursing Visit,2026-06-06,Afternoon,6,No-Show
APT009942,PT01591,PR007,Nursing Visit,2026-07-10,Afternoon,11,Completed
APT009943,PT01976,PR019,Wound Dressing,2026-08-04,Evening,9,Completed
APT009944,PT00534,PR013,Physiotherapy Session,2026-08-23,Afternoon,0,Completed
APT009945,PT01237,PR011,Physiotherapy Session,2026-07-19,Morning,13,Cancelled
APT009946,PT01633,PR020,Physiotherapy Session,2026-07-04,Evening,1,Completed
APT009947,PT01184,PR002,Diabetic Care Visit,2026-06-22,Evening,12,Completed
APT009948,PT01143,PR013,Wound Dressing,2026-07-25,Morning,5,Cancelled
APT009949,PT00162,PR014,Post-Op Care,2026-08-22,Afternoon,2,Completed
APT009950,PT00561,PR009,Diabetic Care Visit,2026-08-22,Evening,9,Completed
APT009951,PT01142,PR017,Wound Dressing,2026-08-22,Afternoon,14,Completed
APT009952,PT01641,PR014,Nursing Visit,2026-06-24,Evening,11,Completed
APT009953,PT00745,PR006,Physiotherapy Session,2026-06-07,Afternoon,14,Completed
APT009954,PT01664,PR008,Diabetic Care Visit,2026-06-09,Morning,5,Cancelled
APT009955,PT01649,PR002,Wound Dressing,2026-07-21,Afternoon,0,Completed
APT009956,PT00365,PR019,Post-Op Care,2026-07-04,Morning,4,Completed
APT009957,PT01462,PR002,Nursing Visit,2026-06-05,Evening,12,Completed
APT009958,PT01730,PR002,Vitals Check,2026-07-17,Afternoon,6,Completed
APT009959,PT01793,PR017,Wound Dressing,2026-08-26,Evening,13,Completed
APT009960,PT01293,PR002,Wound Dressing,2026-08-21,Afternoon,11,Completed
APT009961,PT00662,PR016,Vitals Check,2026-08-24,Evening,7,Cancelled
APT009962,PT00233,PR020,Diabetic Care Visit,2026-06-20,Evening,8,Completed
APT009963,PT01741,PR014,Post-Op Care,2026-08-16,Morning,6,Completed
APT009964,PT01798,PR008,Wound Dressing,2026-07-06,Morning,12,Completed
APT009965,PT00152,PR020,Vitals Check,2026-07-03,Evening,5,Completed
APT009966,PT00674,PR017,Physiotherapy Session,2026-07-12,Morning,12,Rescheduled
APT009967,PT00061,PR004,Physiotherapy Session,2026-07-14,Afternoon,2,No-Show
APT009968,PT00095,PR011,Vitals Check,2026-06-10,Afternoon,1,Completed
APT009969,PT01599,PR004,Nursing Visit,2026-07-18,Morning,6,Completed
APT009970,PT00104,PR001,Physiotherapy Session,2026-07-28,Evening,1,No-Show
APT009971,PT01700,PR015,Wound Dressing,2026-08-24,Afternoon,6,Completed
APT009972,PT00710,PR002,Nursing Visit,2026-07-11,Morning,13,Completed
APT009973,PT00101,PR013,Diabetic Care Visit,2026-07-01,Afternoon,14,Completed
APT009974,PT00688,PR010,Nursing Visit,2026-08-13,Morning,12,Rescheduled
APT009975,PT00731,PR018,Wound Dressing,2026-07-30,Evening,13,No-Show
APT009976,PT01945,PR002,Wound Dressing,2026-07-23,Evening,2,Completed
APT009977,PT01921,PR016,Wound Dressing,2026-07-18,Afternoon,9,Completed
APT009978,PT01019,PR019,Physiotherapy Session,2026-07-15,Morning,9,Completed
APT009979,PT00583,PR003,Wound Dressing,2026-08-18,Afternoon,11,Completed
APT009980,PT00464,PR013,Vitals Check,2026-07-16,Evening,8,No-Show
APT009981,PT01666,PR007,Wound Dressing,2026-07-17,Evening,4,Completed
APT009982,PT01871,PR011,Vitals Check,2026-06-25,Afternoon,6,Completed
APT009983,PT00675,PR008,Physiotherapy Session,2026-07-09,Morning,2,Cancelled
APT009984,PT01237,PR018,Vitals Check,2026-07-04,Afternoon,3,Completed
APT009985,PT01810,PR003,Vitals Check,2026-07-04,Morning,3,Completed
APT009986,PT00072,PR017,Wound Dressing,2026-08-29,Morning,6,Rescheduled
APT009987,PT01348,PR011,Wound Dressing,2026-08-19,Evening,3,Completed
APT009988,PT01767,PR013,Diabetic Care Visit,2026-06-19,Morning,13,Completed
APT009989,PT01686,PR013,Post-Op Care,2026-08-14,Evening,7,Completed
APT009990,PT00933,PR006,Nursing Visit,2026-07-31,Afternoon,6,Completed
APT009991,PT00565,PR009,Diabetic Care Visit,2026-06-15,Evening,11,Completed
APT009992,PT00798,PR004,Physiotherapy Session,2026-07-20,Evening,1,Completed
APT009993,PT00511,PR010,Vitals Check,2026-06-25,Afternoon,1,No-Show
APT009994,PT00016,PR010,Post-Op Care,2026-08-05,Evening,0,Completed
APT009995,PT01520,PR008,Physiotherapy Session,2026-06-03,Morning,8,Completed
APT009996,PT00094,PR016,Physiotherapy Session,2026-07-06,Afternoon,10,Completed
APT009997,PT00858,PR010,Physiotherapy Session,2026-07-19,Morning,10,Rescheduled
APT009998,PT01842,PR009,Diabetic Care Visit,2026-07-22,Afternoon,2,Completed
APT009999,PT00805,PR010,Post-Op Care,2026-08-21,Evening,6,Completed
APT010000,PT01221,PR018,Post-Op Care,2026-06-23,Afternoon,14,Completed
