appointment_id,travel_distance_km,travel_time_min,delay_minutes,cancelled,replacement_required,buffer_minutes_needed,delay_cascade_triggered,downstream_notified
APT000001,15.5,35,9,False,False,11,False,False
APT000002,10.7,30,0,False,True,20,False,False
APT000003,23.9,54,0,False,True,10,False,False
APT000004,9.2,23,2,False,False,10,False,False
APT000005,21.4,67,0,True,True,20,False,False
APT000006,21.9,64,0,False,True,10,False,False
APT000007,19.0,62,6,False,False,10,False,False
APT000008,21.0,60,0,False,False,10,False,False
APT000009,18.4,46,0,False,False,15,False,False
APT000010,13.8,45,0,True,True,10,False,False
APT000011,24.4,62,0,False,False,20,False,False
APT000012,1.5,4,17,False,False,21,True,False
APT000013,22.0,49,6,False,False,10,False,False
APT000014,1.0,3,11,False,False,13,False,False
APT000015,10.6,33,0,True,True,10,False,False
APT000016,21.9,66,0,True,True,10,False,False
APT000017,11.9,30,0,False,False,20,False,False
APT000018,13.2,46,0,True,True,20,False,False
APT000019,16.6,46,7,False,False,10,False,False
APT000020,19.5,59,0,False,False,15,False,False
APT000021,24.3,67,5,False,False,10,False,False
APT000022,10.2,25,17,False,False,19,True,False
APT000023,13.2,39,0,False,False,20,False,False
APT000024,21.7,48,14,False,False,17,False,False
APT000025,14.3,43,0,False,True,15,False,False
APT000026,7.6,26,9,False,False,10,False,False
APT000027,15.0,34,0,False,False,10,False,False
APT000028,3.8,13,0,True,True,15,False,False
APT000029,21.0,56,0,True,True,15,False,False
APT000030,15.9,50,0,True,True,10,False,False
APT000031,23.2,65,0,True,True,10,False,False
APT000032,5.9,20,2,False,False,10,False,False
APT000033,2.2,7,14,False,False,18,False,False
APT000034,1.8,4,0,False,False,10,False,False
APT000035,9.2,25,13,False,False,16,False,False
APT000036,19.9,47,0,False,False,15,False,False
APT000037,15.6,41,0,False,True,15,False,False
APT000038,12.5,34,0,False,False,20,False,False
APT000039,5.1,17,5,False,False,10,False,False
APT000040,5.0,16,5,False,False,10,False,False
APT000041,12.9,36,0,True,True,15,False,False
APT000042,17.2,50,0,True,True,20,False,False
APT000043,8.5,23,0,False,False,20,False,False
APT000044,12.3,39,5,False,False,10,False,False
APT000045,19.9,56,0,False,False,15,False,False
APT000046,6.6,19,0,True,True,10,False,False
APT000047,12.4,36,0,True,True,15,False,False
APT000048,8.5,20,0,False,False,20,False,False
APT000049,17.5,43,0,True,True,20,False,False
APT000050,10.5,31,0,False,False,15,False,False
APT000051,20.0,62,0,True,True,15,False,False
APT000052,22.7,75,0,False,False,15,False,False
APT000053,23.5,75,0,True,True,10,False,False
APT000054,22.9,61,0,False,False,15,False,False
APT000055,13.9,43,16,False,False,20,True,True
APT000056,21.6,73,5,False,False,10,False,False
APT000057,12.9,43,0,False,False,20,False,False
APT000058,6.0,17,7,False,False,10,False,False
APT000059,16.1,39,0,True,True,20,False,False
APT000060,18.9,55,0,True,True,10,False,False
APT000061,6.8,20,0,True,True,20,False,False
APT000062,2.4,7,7,False,False,10,False,False
APT000063,4.3,11,11,False,False,14,False,False
APT000064,23.0,53,8,False,False,10,False,False
APT000065,20.2,46,0,True,True,20,False,False
APT000066,17.0,39,7,False,False,10,False,False
APT000067,8.0,22,0,False,False,15,False,False
APT000068,1.7,4,4,False,False,10,False,False
APT000069,7.1,16,5,False,False,10,False,False
APT000070,24.4,84,0,True,True,15,False,False
APT000071,4.4,12,9,False,False,12,False,False
APT000072,12.9,33,0,False,False,10,False,False
APT000073,19.3,49,6,False,False,10,False,False
APT000074,22.4,53,0,False,False,20,False,False
APT000075,20.9,51,0,False,False,10,False,False
APT000076,7.8,22,0,True,True,20,False,False
APT000077,4.1,10,4,False,False,10,False,False
APT000078,1.8,5,18,False,False,25,True,True
APT000079,9.9,32,5,False,False,10,False,False
APT000080,15.1,48,0,False,False,15,False,False
APT000081,24.8,82,8,False,False,10,False,False
APT000082,8.3,24,0,True,True,15,False,False
APT000083,9.0,29,4,False,False,10,False,False
APT000084,12.9,31,1,False,False,10,False,False
APT000085,3.1,10,0,True,True,10,False,False
APT000086,4.4,10,0,False,False,10,False,False
APT000087,14.1,49,0,True,True,20,False,False
APT000088,16.6,37,0,True,True,20,False,False
APT000089,23.5,74,21,False,False,24,True,True
APT000090,6.0,15,2,False,False,10,False,False
APT000091,17.6,52,10,False,False,12,False,False
APT000092,17.9,56,4,False,False,10,False,False
APT000093,10.1,23,0,True,True,10,False,False
APT000094,8.0,26,0,True,True,10,False,False
APT000095,7.5,21,15,False,False,17,False,False
APT000096,7.6,19,18,False,False,23,True,True
APT000097,1.4,4,29,False,False,33,True,True
APT000098,1.1,3,9,False,False,10,False,False
APT000099,23.4,74,4,False,False,10,False,False
APT000100,1.2,4,24,False,False,29,True,True
APT000101,2.0,4,3,False,False,10,False,False
APT000102,21.0,72,0,True,True,20,False,False
APT000103,5.5,14,9,False,False,12,False,False
APT000104,10.0,29,7,False,False,10,False,False
APT000105,2.3,5,0,True,True,15,False,False
APT000106,23.1,70,10,False,False,12,False,False
APT000107,22.7,64,1,False,False,10,False,False
APT000108,24.9,55,0,False,False,15,False,False
APT000109,17.5,60,0,False,False,10,False,False
APT000110,22.4,53,0,True,True,20,False,False
APT000111,2.3,5,3,False,False,10,False,False
APT000112,16.1,37,0,True,True,10,False,False
APT000113,11.3,36,5,False,False,10,False,False
APT000114,5.3,13,0,False,True,10,False,False
APT000115,9.0,20,11,False,False,13,False,False
APT000116,14.4,40,0,False,False,20,False,False
APT000117,12.0,41,0,True,True,20,False,False
APT000118,11.6,41,0,False,False,20,False,False
APT000119,14.9,45,0,False,True,20,False,False
APT000120,7.5,19,0,True,True,15,False,False
APT000121,9.1,28,3,False,False,10,False,False
APT000122,5.1,18,8,False,False,11,False,False
APT000123,21.6,60,0,False,False,15,False,False
APT000124,13.7,35,13,False,False,17,False,False
APT000125,19.0,44,6,False,False,10,False,False
APT000126,18.9,55,0,True,True,20,False,False
APT000127,14.2,42,17,False,False,23,True,True
APT000128,16.7,46,12,False,False,14,False,False
APT000129,24.5,85,14,False,False,16,False,False
APT000130,3.9,10,11,False,False,15,False,False
APT000131,12.3,40,3,False,False,10,False,False
APT000132,3.7,11,0,False,False,15,False,False
APT000133,6.4,18,5,False,False,10,False,False
APT000134,21.8,62,0,True,True,15,False,False
APT000135,24.8,74,4,False,False,10,False,False
APT000136,6.9,23,0,False,False,15,False,False
APT000137,8.2,20,0,True,True,15,False,False
APT000138,19.4,65,0,True,True,20,False,False
APT000139,7.9,26,0,False,False,15,False,False
APT000140,22.9,62,0,False,False,10,False,False
APT000141,1.4,3,2,False,False,10,False,False
APT000142,8.7,28,1,False,False,10,False,False
APT000143,9.9,29,4,False,False,10,False,False
APT000144,19.9,55,6,False,False,10,False,False
APT000145,9.7,31,0,False,False,15,False,False
APT000146,8.6,30,10,False,False,14,False,False
APT000147,19.5,53,0,False,False,20,False,False
APT000148,11.3,27,3,False,False,10,False,False
APT000149,11.0,26,0,False,False,20,False,False
APT000150,10.8,33,0,True,True,10,False,False
APT000151,2.4,6,0,False,True,20,False,False
APT000152,11.8,41,9,False,False,11,False,False
APT000153,11.5,26,15,False,False,17,False,False
APT000154,5.3,17,0,True,True,20,False,False
APT000155,11.2,25,0,False,True,10,False,False
APT000156,14.9,37,0,True,True,15,False,False
APT000157,1.7,4,5,False,False,10,False,False
APT000158,2.9,8,0,True,True,20,False,False
APT000159,22.3,50,0,True,True,20,False,False
APT000160,21.0,51,3,False,False,10,False,False
APT000161,11.6,40,0,False,False,15,False,False
APT000162,17.8,44,0,False,False,10,False,False
APT000163,16.7,43,19,False,False,24,True,True
APT000164,21.7,63,0,True,True,20,False,False
APT000165,18.3,52,10,False,False,12,False,False
APT000166,21.9,53,4,False,False,10,False,False
APT000167,2.9,8,1,False,False,10,False,False
APT000168,14.7,33,0,True,True,15,False,False
APT000169,16.6,44,17,False,False,22,True,True
APT000170,6.0,15,15,False,False,19,False,False
APT000171,4.2,14,0,True,True,20,False,False
APT000172,24.2,62,0,False,True,10,False,False
APT000173,22.8,68,9,False,False,11,False,False
APT000174,9.9,24,9,False,False,12,False,False
APT000175,10.5,24,0,False,False,15,False,False
APT000176,22.5,54,0,True,True,20,False,False
APT000177,4.3,10,14,False,False,18,False,False
APT000178,3.5,9,10,False,False,11,False,False
APT000179,17.6,44,0,True,True,15,False,False
APT000180,17.8,52,0,True,True,15,False,False
APT000181,11.4,34,0,False,False,20,False,False
APT000182,11.3,26,9,False,False,11,False,False
APT000183,16.3,53,12,False,False,14,False,False
APT000184,20.0,48,4,False,False,10,False,False
APT000185,6.2,20,0,False,False,15,False,False
APT000186,9.5,31,13,False,False,18,False,False
APT000187,7.6,20,19,False,False,26,True,True
APT000188,7.3,24,12,False,False,15,False,False
APT000189,6.9,22,3,False,False,10,False,False
APT000190,23.4,56,2,False,False,10,False,False
APT000191,1.2,4,0,False,True,20,False,False
APT000192,16.4,53,10,False,False,14,False,False
APT000193,12.0,34,0,False,False,15,False,False
APT000194,7.7,21,0,True,True,20,False,False
APT000195,21.1,60,3,False,False,10,False,False
APT000196,12.9,32,0,False,True,15,False,False
APT000197,19.3,43,6,False,False,10,False,False
APT000198,11.4,36,0,True,True,15,False,False
APT000199,9.1,30,0,False,False,10,False,False
APT000200,13.8,35,0,False,False,20,False,False
APT000201,10.0,29,5,False,False,10,False,False
APT000202,17.3,47,20,False,False,23,True,True
APT000203,9.9,28,0,False,False,10,False,False
APT000204,21.2,47,13,False,False,17,False,False
APT000205,10.9,36,0,True,True,20,False,False
APT000206,17.0,38,7,False,False,10,False,False
APT000207,11.1,37,0,False,False,15,False,False
APT000208,8.9,25,0,False,False,10,False,False
APT000209,5.9,18,0,True,True,10,False,False
APT000210,21.3,69,11,False,False,13,False,False
APT000211,21.6,59,0,False,False,15,False,False
APT000212,10.4,25,0,True,True,15,False,False
APT000213,14.9,36,27,False,False,35,True,True
APT000214,17.9,62,17,False,False,23,True,True
APT000215,18.2,54,6,False,False,10,False,False
APT000216,17.6,41,0,False,True,15,False,False
APT000217,2.5,7,21,False,False,26,True,True
APT000218,2.3,5,6,False,False,10,False,False
APT000219,16.2,56,0,True,True,15,False,False
APT000220,10.1,33,2,False,False,10,False,False
APT000221,23.5,75,0,True,True,15,False,False
APT000222,2.2,5,0,False,False,15,False,False
APT000223,5.0,17,3,False,False,10,False,False
APT000224,21.4,60,0,False,False,15,False,False
APT000225,14.0,38,1,False,False,10,False,False
APT000226,4.2,12,5,False,False,10,False,False
APT000227,16.1,39,0,True,True,10,False,False
APT000228,18.9,61,9,False,False,12,False,False
APT000229,7.0,17,0,False,False,20,False,False
APT000230,11.8,28,9,False,False,12,False,False
APT000231,2.9,8,6,False,False,10,False,False
APT000232,13.4,34,0,False,False,10,False,False
APT000233,7.8,18,0,True,True,10,False,False
APT000234,23.8,58,9,False,False,12,False,False
APT000235,23.8,70,0,False,True,10,False,False
APT000236,4.7,16,12,False,False,16,False,False
APT000237,12.1,34,12,False,False,13,False,False
APT000238,13.7,34,0,False,False,10,False,False
APT000239,15.8,50,0,True,True,15,False,False
APT000240,8.2,18,0,False,False,10,False,False
APT000241,14.0,43,5,False,False,10,False,False
APT000242,6.6,22,0,True,True,15,False,False
APT000243,22.7,62,18,False,False,21,True,True
APT000244,22.1,51,0,False,False,20,False,False
APT000245,23.5,65,12,False,False,16,False,False
APT000246,7.2,22,16,False,False,20,True,False
APT000247,1.3,4,9,False,False,10,False,False
APT000248,16.9,58,0,True,True,15,False,False
APT000249,12.6,31,0,True,True,15,False,False
APT000250,15.6,50,13,False,False,17,False,False
APT000251,23.2,78,2,False,False,10,False,False
APT000252,17.5,58,6,False,False,10,False,False
APT000253,2.9,8,0,True,True,20,False,False
APT000254,21.0,53,0,False,False,10,False,False
APT000255,12.3,28,0,True,True,15,False,False
APT000256,13.9,48,9,False,False,12,False,False
APT000257,17.3,51,0,False,True,20,False,False
APT000258,10.6,36,4,False,False,10,False,False
APT000259,17.7,41,0,False,False,15,False,False
APT000260,11.0,27,11,False,False,12,False,False
APT000261,13.1,45,4,False,False,10,False,False
APT000262,3.2,11,9,False,False,12,False,False
APT000263,14.5,38,0,False,False,15,False,False
APT000264,22.7,70,0,False,True,15,False,False
APT000265,2.5,7,0,True,True,15,False,False
APT000266,10.3,28,5,False,False,10,False,False
APT000267,10.2,32,17,False,False,21,True,True
APT000268,2.0,5,2,False,False,10,False,False
APT000269,14.1,33,8,False,False,10,False,False
APT000270,7.3,18,0,False,True,20,False,False
APT000271,3.7,11,0,True,True,20,False,False
APT000272,20.5,71,11,False,False,15,False,False
APT000273,3.2,9,6,False,False,10,False,False
APT000274,6.1,20,0,False,False,15,False,False
APT000275,15.8,36,9,False,False,12,False,False
APT000276,11.8,36,10,False,False,12,False,False
APT000277,10.0,25,0,True,True,10,False,False
APT000278,2.5,6,5,False,False,10,False,False
APT000279,17.3,45,0,False,False,10,False,False
APT000280,8.2,26,1,False,False,10,False,False
APT000281,12.0,35,0,True,True,15,False,False
APT000282,14.0,35,0,True,True,20,False,False
APT000283,17.8,44,0,False,False,15,False,False
APT000284,5.5,13,0,False,False,20,False,False
APT000285,4.3,13,0,True,True,10,False,False
APT000286,24.1,69,0,True,True,20,False,False
APT000287,3.0,10,7,False,False,10,False,False
APT000288,2.7,8,0,True,True,15,False,False
APT000289,4.6,11,3,False,False,10,False,False
APT000290,9.7,24,1,False,False,10,False,False
APT000291,1.9,5,1,False,False,10,False,False
APT000292,11.1,30,5,False,False,10,False,False
APT000293,7.4,22,3,False,False,10,False,False
APT000294,17.9,49,16,False,False,20,True,True
APT000295,24.4,62,0,False,False,20,False,False
APT000296,1.4,4,0,False,True,15,False,False
APT000297,23.0,79,0,True,True,15,False,False
APT000298,16.4,50,0,True,True,15,False,False
APT000299,17.7,62,0,True,True,10,False,False
APT000300,17.3,50,3,False,False,10,False,False
APT000301,14.0,41,0,True,True,15,False,False
APT000302,13.0,44,18,False,False,24,True,True
APT000303,10.3,29,10,False,False,12,False,False
APT000304,8.3,19,0,False,False,20,False,False
APT000305,10.8,31,7,False,False,10,False,False
APT000306,10.8,24,0,False,False,20,False,False
APT000307,13.8,31,4,False,False,10,False,False
APT000308,15.6,46,0,False,False,15,False,False
APT000309,3.6,10,11,False,False,12,False,False
APT000310,16.3,41,5,False,False,10,False,False
APT000311,24.6,54,3,False,False,10,False,False
APT000312,13.7,48,0,True,True,15,False,False
APT000313,17.0,48,16,False,False,20,True,True
APT000314,13.0,41,0,True,True,15,False,False
APT000315,18.7,50,0,False,False,10,False,False
APT000316,16.8,51,0,False,False,15,False,False
APT000317,9.2,24,14,False,False,18,False,False
APT000318,12.4,35,0,False,False,15,False,False
APT000319,20.2,59,0,False,False,10,False,False
APT000320,20.0,55,0,False,True,10,False,False
APT000321,21.2,67,0,False,False,15,False,False
APT000322,10.7,31,0,False,False,15,False,False
APT000323,6.7,18,0,True,True,15,False,False
APT000324,20.4,48,4,False,False,10,False,False
APT000325,19.4,63,0,True,True,10,False,False
APT000326,14.3,39,7,False,False,10,False,False
APT000327,2.1,7,0,True,True,15,False,False
APT000328,3.4,8,22,False,False,26,True,True
APT000329,12.5,37,0,False,False,10,False,False
APT000330,17.8,57,3,False,False,10,False,False
APT000331,8.8,28,0,False,False,10,False,False
APT000332,22.0,52,0,False,False,20,False,False
APT000333,10.9,31,25,False,False,30,True,True
APT000334,11.4,39,0,False,False,20,False,False
APT000335,17.9,43,0,False,False,15,False,False
APT000336,3.1,9,3,False,False,10,False,False
APT000337,16.0,40,0,True,True,15,False,False
APT000338,10.2,29,3,False,False,10,False,False
APT000339,16.1,41,0,False,False,15,False,False
APT000340,2.7,9,0,True,True,15,False,False
APT000341,20.5,53,0,False,False,20,False,False
APT000342,16.5,45,0,False,False,15,False,False
APT000343,15.4,41,0,True,True,10,False,False
APT000344,5.2,18,0,True,True,15,False,False
APT000345,6.3,17,14,False,False,18,False,False
APT000346,20.5,48,5,False,False,10,False,False
APT000347,2.3,7,0,True,True,15,False,False
APT000348,4.8,12,8,False,False,10,False,False
APT000349,18.3,45,0,False,False,15,False,False
APT000350,13.8,40,0,False,False,20,False,False
APT000351,5.8,15,0,True,True,20,False,False
APT000352,8.6,20,6,False,False,10,False,False
APT000353,17.8,58,15,False,False,17,False,False
APT000354,8.8,30,0,True,True,15,False,False
APT000355,17.1,52,12,False,False,15,False,False
APT000356,6.9,22,0,True,True,20,False,False
APT000357,9.0,27,12,False,False,13,False,False
APT000358,4.7,13,5,False,False,10,False,False
APT000359,4.3,10,0,True,True,20,False,False
APT000360,24.1,76,9,False,False,11,False,False
APT000361,5.2,13,0,False,True,20,False,False
APT000362,7.8,18,8,False,False,11,False,False
APT000363,7.4,23,10,False,False,13,False,False
APT000364,14.2,43,0,True,True,20,False,False
APT000365,24.9,87,0,False,True,20,False,False
APT000366,19.9,66,3,False,False,10,False,False
APT000367,24.8,62,3,False,False,10,False,False
APT000368,17.0,45,0,False,False,20,False,False
APT000369,9.1,23,5,False,False,10,False,False
APT000370,4.8,13,0,False,False,15,False,False
APT000371,7.9,23,5,False,False,10,False,False
APT000372,12.3,37,15,False,False,19,False,False
APT000373,23.7,55,0,False,False,20,False,False
APT000374,13.9,38,0,False,False,15,False,False
APT000375,14.8,35,0,False,False,10,False,False
APT000376,21.1,67,8,False,False,10,False,False
APT000377,15.0,49,13,False,False,16,False,False
APT000378,16.4,51,5,False,False,10,False,False
APT000379,10.9,37,5,False,False,10,False,False
APT000380,18.6,42,8,False,False,10,False,False
APT000381,20.1,52,6,False,False,10,False,False
APT000382,2.8,7,0,False,False,10,False,False
APT000383,22.2,73,31,False,False,40,True,True
APT000384,4.5,15,0,False,False,10,False,False
APT000385,6.0,15,0,False,False,15,False,False
APT000386,17.8,41,8,False,False,10,False,False
APT000387,22.7,70,0,True,True,10,False,False
APT000388,13.8,46,0,True,True,15,False,False
APT000389,21.4,57,6,False,False,10,False,False
APT000390,16.8,45,7,False,False,10,False,False
APT000391,10.9,33,0,False,False,15,False,False
APT000392,7.8,24,0,True,True,15,False,False
APT000393,24.6,73,10,False,False,12,False,False
APT000394,22.3,74,0,True,True,10,False,False
APT000395,16.7,46,0,True,True,15,False,False
APT000396,21.6,66,0,True,True,15,False,False
APT000397,24.5,67,0,False,False,20,False,False
APT000398,12.3,30,0,False,False,10,False,False
APT000399,7.8,23,0,False,False,15,False,False
APT000400,1.9,6,0,True,True,15,False,False
APT000401,17.0,56,3,False,False,10,False,False
APT000402,16.3,56,2,False,False,10,False,False
APT000403,21.4,48,0,True,True,20,False,False
APT000404,16.7,43,4,False,False,10,False,False
APT000405,10.3,33,0,False,False,15,False,False
APT000406,6.3,19,0,False,False,10,False,False
APT000407,12.8,34,6,False,False,10,False,False
APT000408,22.5,65,0,False,False,20,False,False
APT000409,22.4,52,0,False,False,20,False,False
APT000410,10.6,32,14,False,False,18,False,False
APT000411,22.6,55,0,True,True,20,False,False
APT000412,18.3,48,0,False,False,15,False,False
APT000413,9.9,23,0,False,False,20,False,False
APT000414,13.9,45,6,False,False,10,False,False
APT000415,15.4,43,0,True,True,15,False,False
APT000416,10.8,31,5,False,False,10,False,False
APT000417,9.5,21,0,False,False,20,False,False
APT000418,14.8,45,0,True,True,20,False,False
APT000419,3.4,8,0,False,False,20,False,False
APT000420,9.8,34,0,False,False,15,False,False
APT000421,20.3,50,13,False,False,18,False,False
APT000422,10.0,28,0,False,False,15,False,False
APT000423,18.1,48,0,True,True,10,False,False
APT000424,12.4,28,9,False,False,12,False,False
APT000425,10.4,31,16,False,False,21,True,True
APT000426,5.8,16,6,False,False,10,False,False
APT000427,21.3,64,0,True,True,20,False,False
APT000428,2.8,7,0,False,False,15,False,False
APT000429,10.9,32,0,False,False,10,False,False
APT000430,7.6,25,9,False,False,12,False,False
APT000431,24.1,82,12,False,False,16,False,False
APT000432,7.2,20,8,False,False,11,False,False
APT000433,10.8,26,0,True,True,10,False,False
APT000434,9.0,21,10,False,False,14,False,False
APT000435,5.3,18,13,False,False,17,False,False
APT000436,14.8,38,6,False,False,10,False,False
APT000437,18.4,52,12,False,False,16,False,False
APT000438,15.7,37,11,False,False,14,False,False
APT000439,18.5,44,0,True,True,10,False,False
APT000440,19.4,54,0,False,False,10,False,False
APT000441,24.7,83,0,False,False,15,False,False
APT000442,7.4,20,0,True,True,10,False,False
APT000443,15.5,44,2,False,False,10,False,False
APT000444,1.6,6,0,False,False,15,False,False
APT000445,9.9,33,0,False,False,20,False,False
APT000446,3.6,10,15,False,False,19,False,False
APT000447,13.2,40,2,False,False,10,False,False
APT000448,8.9,26,16,False,False,21,True,True
APT000449,13.1,32,11,False,False,15,False,False
APT000450,20.6,60,0,True,True,15,False,False
APT000451,11.5,27,9,False,False,12,False,False
APT000452,18.1,45,0,True,True,15,False,False
APT000453,13.9,41,2,False,False,10,False,False
APT000454,19.6,55,0,False,False,20,False,False
APT000455,15.5,38,19,False,False,21,True,True
APT000456,16.3,53,5,False,False,10,False,False
APT000457,1.2,4,16,False,False,20,True,True
APT000458,11.9,38,0,False,False,10,False,False
APT000459,18.6,57,15,False,False,18,False,False
APT000460,12.7,43,5,False,False,10,False,False
APT000461,19.2,63,16,False,False,18,True,True
APT000462,11.4,37,0,False,False,20,False,False
APT000463,9.8,24,27,False,False,32,True,True
APT000464,7.2,25,0,False,False,10,False,False
APT000465,23.7,53,16,False,False,20,True,True
APT000466,10.6,31,10,False,False,12,False,False
APT000467,9.6,32,3,False,False,10,False,False
APT000468,10.3,26,12,False,False,14,False,False
APT000469,13.9,35,14,False,False,19,False,False
APT000470,8.3,26,4,False,False,10,False,False
APT000471,2.4,7,1,False,False,10,False,False
APT000472,2.4,8,12,False,False,17,False,False
APT000473,3.7,8,9,False,False,10,False,False
APT000474,22.1,66,0,True,True,10,False,False
APT000475,11.0,27,3,False,False,10,False,False
APT000476,12.0,37,0,False,True,10,False,False
APT000477,24.5,76,6,False,False,10,False,False
APT000478,13.1,45,0,True,True,20,False,False
APT000479,25.0,79,0,True,True,15,False,False
APT000480,21.8,62,0,False,False,15,False,False
APT000481,13.6,42,0,True,True,20,False,False
APT000482,15.2,37,0,False,False,10,False,False
APT000483,16.4,50,3,False,False,10,False,False
APT000484,12.5,30,0,True,True,15,False,False
APT000485,14.4,50,8,False,False,11,False,False
APT000486,12.6,37,5,False,False,10,False,False
APT000487,11.6,35,2,False,False,10,False,False
APT000488,7.5,23,0,True,True,20,False,False
APT000489,6.6,15,4,False,False,10,False,False
APT000490,14.7,51,1,False,False,10,False,False
APT000491,19.8,56,0,True,True,15,False,False
APT000492,20.3,57,2,False,False,10,False,False
APT000493,20.4,65,0,True,True,20,False,False
APT000494,10.1,34,1,False,False,10,False,False
APT000495,23.3,67,0,False,False,10,False,False
APT000496,14.1,39,0,True,True,20,False,False
APT000497,6.8,15,0,False,False,15,False,False
APT000498,16.6,43,6,False,False,10,False,False
APT000499,15.3,44,4,False,False,10,False,False
APT000500,24.3,63,3,False,False,10,False,False
APT000501,4.3,13,9,False,False,11,False,False
APT000502,24.0,56,0,True,True,10,False,False
APT000503,17.4,57,6,False,False,10,False,False
APT000504,6.7,18,0,True,True,15,False,False
APT000505,2.2,6,0,False,False,15,False,False
APT000506,3.3,9,0,False,False,20,False,False
APT000507,14.1,33,0,False,False,20,False,False
APT000508,18.3,58,7,False,False,10,False,False
APT000509,4.8,14,1,False,False,10,False,False
APT000510,23.8,66,3,False,False,10,False,False
APT000511,23.9,59,13,False,False,18,False,False
APT000512,2.1,6,0,False,True,15,False,False
APT000513,3.6,9,0,False,False,15,False,False
APT000514,1.9,6,0,False,False,15,False,False
APT000515,3.8,12,5,False,False,10,False,False
APT000516,3.0,7,6,False,False,10,False,False
APT000517,4.3,12,0,False,False,20,False,False
APT000518,24.7,55,4,False,False,10,False,False
APT000519,16.3,55,0,True,True,20,False,False
APT000520,17.4,49,0,False,False,15,False,False
APT000521,4.2,10,0,True,True,15,False,False
APT000522,16.8,41,14,False,False,15,False,False
APT000523,14.6,45,0,True,True,20,False,False
APT000524,19.0,56,6,False,False,10,False,False
APT000525,1.2,3,0,True,True,15,False,False
APT000526,3.6,12,3,False,False,10,False,False
APT000527,11.9,34,0,True,True,20,False,False
APT000528,4.4,12,16,False,False,22,True,False
APT000529,3.4,10,4,False,False,10,False,False
APT000530,11.2,35,0,True,True,15,False,False
APT000531,3.7,10,0,False,False,10,False,False
APT000532,13.3,38,0,True,True,15,False,False
APT000533,12.7,38,3,False,False,10,False,False
APT000534,6.4,15,0,False,False,10,False,False
APT000535,13.4,30,0,False,False,15,False,False
APT000536,15.7,51,0,False,False,10,False,False
APT000537,3.6,10,0,False,True,20,False,False
APT000538,16.9,59,0,False,False,10,False,False
APT000539,20.9,51,8,False,False,11,False,False
APT000540,15.3,46,0,False,True,15,False,False
APT000541,15.2,45,0,False,False,20,False,False
APT000542,2.8,10,1,False,False,10,False,False
APT000543,23.1,75,0,True,True,15,False,False
APT000544,21.3,55,5,False,False,10,False,False
APT000545,9.2,25,16,False,False,22,True,True
APT000546,7.7,24,9,False,False,13,False,False
APT000547,15.4,49,0,False,True,20,False,False
APT000548,17.9,44,10,False,False,12,False,False
APT000549,8.5,21,0,True,True,15,False,False
APT000550,17.7,46,0,False,False,15,False,False
APT000551,23.2,64,0,False,True,15,False,False
APT000552,1.7,5,0,True,True,20,False,False
APT000553,15.8,53,3,False,False,10,False,False
APT000554,11.4,30,0,True,True,15,False,False
APT000555,6.9,23,0,False,False,10,False,False
APT000556,1.2,4,0,False,False,15,False,False
APT000557,8.7,29,0,True,True,10,False,False
APT000558,2.8,9,0,False,False,20,False,False
APT000559,16.9,59,0,False,False,10,False,False
APT000560,3.2,7,3,False,False,10,False,False
APT000561,21.6,56,4,False,False,10,False,False
APT000562,6.0,16,0,False,False,20,False,False
APT000563,7.8,25,3,False,False,10,False,False
APT000564,5.9,19,0,True,True,20,False,False
APT000565,24.0,62,0,True,True,20,False,False
APT000566,1.9,6,11,False,False,14,False,False
APT000567,14.9,42,12,False,False,16,False,False
APT000568,1.6,5,10,False,False,13,False,False
APT000569,9.6,27,0,False,True,10,False,False
APT000570,22.3,69,0,False,True,10,False,False
APT000571,19.8,54,0,False,False,20,False,False
APT000572,8.9,25,9,False,False,12,False,False
APT000573,5.1,14,0,False,False,15,False,False
APT000574,7.9,20,13,False,False,18,False,False
APT000575,10.1,27,0,False,False,20,False,False
APT000576,9.9,33,0,False,False,15,False,False
APT000577,2.2,5,0,False,True,20,False,False
APT000578,13.9,43,0,True,True,15,False,False
APT000579,21.8,61,7,False,False,10,False,False
APT000580,8.5,19,14,False,False,19,False,False
APT000581,7.9,20,0,False,False,10,False,False
APT000582,12.0,30,18,False,False,20,True,True
APT000583,7.4,18,1,False,False,10,False,False
APT000584,19.6,45,3,False,False,10,False,False
APT000585,18.4,44,3,False,False,10,False,False
APT000586,17.2,59,0,False,False,15,False,False
APT000587,25.0,79,0,True,True,15,False,False
APT000588,18.7,61,0,False,False,15,False,False
APT000589,11.2,29,1,False,False,10,False,False
APT000590,18.3,58,6,False,False,10,False,False
APT000591,9.9,23,3,False,False,10,False,False
APT000592,6.6,21,4,False,False,10,False,False
APT000593,6.8,20,7,False,False,10,False,False
APT000594,15.2,35,6,False,False,10,False,False
APT000595,23.3,74,6,False,False,10,False,False
APT000596,21.6,59,14,False,False,17,False,False
APT000597,5.7,19,1,False,False,10,False,False
APT000598,22.0,71,0,True,True,15,False,False
APT000599,20.4,67,4,False,False,10,False,False
APT000600,23.9,55,2,False,False,10,False,False
APT000601,17.9,62,0,True,True,20,False,False
APT000602,8.5,24,0,False,False,10,False,False
APT000603,3.0,10,16,False,False,22,True,True
APT000604,22.4,67,0,False,False,20,False,False
APT000605,8.3,27,2,False,False,10,False,False
APT000606,18.6,43,0,False,True,15,False,False
APT000607,1.4,5,2,False,False,10,False,False
APT000608,10.7,26,6,False,False,10,False,False
APT000609,10.1,30,7,False,False,10,False,False
APT000610,16.9,51,2,False,False,10,False,False
APT000611,15.8,50,0,True,True,10,False,False
APT000612,9.0,30,8,False,False,10,False,False
APT000613,10.6,34,0,True,True,10,False,False
APT000614,24.5,85,0,True,True,15,False,False
APT000615,16.0,43,0,False,False,15,False,False
APT000616,16.8,38,4,False,False,10,False,False
APT000617,1.2,3,0,False,False,15,False,False
APT000618,6.0,14,0,False,False,15,False,False
APT000619,23.8,70,0,False,True,15,False,False
APT000620,24.0,60,0,True,True,10,False,False
APT000621,18.5,53,13,False,False,18,False,False
APT000622,13.8,34,0,False,False,15,False,False
APT000623,6.9,17,0,False,False,20,False,False
APT000624,1.4,5,4,False,False,10,False,False
APT000625,16.3,38,0,False,True,20,False,False
APT000626,12.7,37,15,False,False,19,False,False
APT000627,11.7,37,11,False,False,15,False,False
APT000628,19.4,62,0,False,False,10,False,False
APT000629,9.4,27,0,True,True,15,False,False
APT000630,7.7,18,0,False,False,20,False,False
APT000631,14.3,42,0,False,False,20,False,False
APT000632,22.8,67,0,True,True,15,False,False
APT000633,10.6,34,0,True,True,10,False,False
APT000634,7.4,23,9,False,False,12,False,False
APT000635,5.9,20,2,False,False,10,False,False
APT000636,16.0,49,2,False,False,10,False,False
APT000637,21.4,65,5,False,False,10,False,False
APT000638,10.5,32,6,False,False,10,False,False
APT000639,2.6,7,0,False,True,15,False,False
APT000640,5.0,12,0,True,True,10,False,False
APT000641,16.9,48,0,False,False,15,False,False
APT000642,18.4,47,16,False,False,22,True,True
APT000643,12.8,34,7,False,False,10,False,False
APT000644,15.2,43,8,False,False,10,False,False
APT000645,20.6,63,9,False,False,11,False,False
APT000646,13.8,46,10,False,False,14,False,False
APT000647,24.2,64,0,True,True,10,False,False
APT000648,23.3,54,14,False,False,20,False,False
APT000649,6.7,21,19,False,False,22,True,True
APT000650,17.1,48,5,False,False,10,False,False
APT000651,6.2,21,11,False,False,15,False,False
APT000652,21.3,68,13,False,False,15,False,False
APT000653,17.8,43,1,False,False,10,False,False
APT000654,9.8,32,0,True,True,10,False,False
APT000655,9.5,23,0,False,True,10,False,False
APT000656,7.5,17,10,False,False,11,False,False
APT000657,22.9,60,0,False,False,20,False,False
APT000658,12.5,40,6,False,False,10,False,False
APT000659,21.5,72,0,True,True,15,False,False
APT000660,4.7,15,0,False,False,15,False,False
APT000661,19.3,52,8,False,False,10,False,False
APT000662,3.6,10,7,False,False,10,False,False
APT000663,24.1,73,0,True,True,15,False,False
APT000664,2.8,8,0,False,False,10,False,False
APT000665,13.3,30,1,False,False,10,False,False
APT000666,3.4,11,10,False,False,13,False,False
APT000667,6.9,17,2,False,False,10,False,False
APT000668,22.9,51,0,True,True,10,False,False
APT000669,14.8,52,0,False,False,20,False,False
APT000670,24.0,68,0,True,True,10,False,False
APT000671,3.5,9,13,False,False,17,False,False
APT000672,3.6,11,0,False,True,10,False,False
APT000673,20.1,45,5,False,False,10,False,False
APT000674,10.0,29,0,True,True,10,False,False
APT000675,22.6,71,0,False,False,10,False,False
APT000676,14.7,50,0,True,True,20,False,False
APT000677,13.1,34,4,False,False,10,False,False
APT000678,17.6,47,0,True,True,10,False,False
APT000679,5.5,16,4,False,False,10,False,False
APT000680,20.4,68,7,False,False,10,False,False
APT000681,22.8,71,0,True,True,20,False,False
APT000682,15.2,38,3,False,False,10,False,False
APT000683,8.4,29,18,False,False,23,True,True
APT000684,6.4,16,0,False,False,10,False,False
APT000685,19.7,51,11,False,False,14,False,False
APT000686,24.8,67,0,False,False,10,False,False
APT000687,12.6,44,10,False,False,12,False,False
APT000688,14.6,41,0,False,True,20,False,False
APT000689,19.2,57,0,False,False,20,False,False
APT000690,11.4,36,22,False,False,25,True,True
APT000691,10.8,31,0,True,True,15,False,False
APT000692,19.2,47,0,False,False,10,False,False
APT000693,4.1,12,7,False,False,10,False,False
APT000694,17.4,56,0,True,True,20,False,False
APT000695,18.0,56,0,True,True,20,False,False
APT000696,9.2,26,0,False,False,10,False,False
APT000697,13.8,44,12,False,False,14,False,False
APT000698,9.4,24,12,False,False,17,False,False
APT000699,16.3,45,7,False,False,10,False,False
APT000700,12.5,42,0,True,True,20,False,False
APT000701,14.8,35,10,False,False,13,False,False
APT000702,10.8,32,0,False,False,15,False,False
APT000703,17.8,43,1,False,False,10,False,False
APT000704,17.9,57,0,True,True,10,False,False
APT000705,2.3,8,0,False,True,10,False,False
APT000706,10.7,33,6,False,False,10,False,False
APT000707,18.6,63,7,False,False,10,False,False
APT000708,1.3,3,0,True,True,15,False,False
APT000709,3.4,10,0,True,True,15,False,False
APT000710,4.1,10,3,False,False,10,False,False
APT000711,4.9,17,0,False,False,20,False,False
APT000712,15.5,43,0,True,True,20,False,False
APT000713,3.7,12,0,True,True,15,False,False
APT000714,17.6,43,4,False,False,10,False,False
APT000715,19.0,49,0,False,False,10,False,False
APT000716,5.0,17,18,False,False,20,True,True
APT000717,21.0,63,16,False,False,20,True,False
APT000718,2.2,6,2,False,False,10,False,False
APT000719,19.7,61,0,True,True,15,False,False
APT000720,22.9,71,0,True,True,15,False,False
APT000721,14.7,47,0,False,False,15,False,False
APT000722,4.8,14,5,False,False,10,False,False
APT000723,15.3,49,0,True,True,15,False,False
APT000724,2.0,5,0,False,False,15,False,False
APT000725,21.8,66,0,False,True,15,False,False
APT000726,23.5,74,5,False,False,10,False,False
APT000727,20.5,52,13,False,False,16,False,False
APT000728,5.2,15,0,False,False,15,False,False
APT000729,12.6,32,0,True,True,10,False,False
APT000730,14.7,39,6,False,False,10,False,False
APT000731,20.7,59,0,True,True,10,False,False
APT000732,8.2,22,1,False,False,10,False,False
APT000733,20.5,70,2,False,False,10,False,False
APT000734,18.8,59,24,False,False,28,True,False
APT000735,19.2,51,0,False,False,10,False,False
APT000736,4.2,14,0,False,False,15,False,False
APT000737,11.5,26,0,True,True,15,False,False
APT000738,5.6,14,0,False,False,20,False,False
APT000739,2.9,7,7,False,False,10,False,False
APT000740,23.5,69,0,True,True,20,False,False
APT000741,16.9,46,6,False,False,10,False,False
APT000742,1.0,3,0,False,False,15,False,False
APT000743,1.4,4,0,False,False,15,False,False
APT000744,23.9,69,12,False,False,15,False,False
APT000745,12.1,28,4,False,False,10,False,False
APT000746,11.8,27,7,False,False,10,False,False
APT000747,16.0,44,2,False,False,10,False,False
APT000748,6.8,21,0,True,True,10,False,False
APT000749,9.9,29,7,False,False,10,False,False
APT000750,16.8,59,1,False,False,10,False,False
APT000751,6.0,20,5,False,False,10,False,False
APT000752,1.7,4,14,False,False,18,False,False
APT000753,7.7,21,0,False,False,20,False,False
APT000754,9.1,25,0,True,True,15,False,False
APT000755,21.4,74,17,False,False,20,True,True
APT000756,13.4,40,5,False,False,10,False,False
APT000757,15.7,46,4,False,False,10,False,False
APT000758,4.8,17,4,False,False,10,False,False
APT000759,21.1,49,15,False,False,17,False,False
APT000760,1.6,4,12,False,False,14,False,False
APT000761,21.3,57,0,False,False,10,False,False
APT000762,2.9,7,20,False,False,24,True,True
APT000763,23.1,72,0,True,True,10,False,False
APT000764,11.8,34,16,False,False,20,True,True
APT000765,20.6,58,7,False,False,10,False,False
APT000766,4.7,12,10,False,False,13,False,False
APT000767,15.7,54,10,False,False,14,False,False
APT000768,6.4,18,2,False,False,10,False,False
APT000769,15.5,47,0,True,True,10,False,False
APT000770,15.4,51,0,True,True,15,False,False
APT000771,2.7,6,5,False,False,10,False,False
APT000772,22.8,68,3,False,False,10,False,False
APT000773,17.9,49,0,True,True,15,False,False
APT000774,6.5,16,0,False,False,15,False,False
APT000775,12.5,39,0,False,False,15,False,False
APT000776,24.5,61,0,True,True,15,False,False
APT000777,6.2,18,3,False,False,10,False,False
APT000778,8.9,27,0,False,False,10,False,False
APT000779,17.8,62,0,False,False,15,False,False
APT000780,1.1,3,0,False,False,15,False,False
APT000781,18.2,49,1,False,False,10,False,False
APT000782,6.0,18,0,False,False,10,False,False
APT000783,12.4,41,0,True,True,15,False,False
APT000784,4.0,13,22,False,False,27,True,True
APT000785,2.7,8,7,False,False,10,False,False
APT000786,21.5,47,0,False,False,15,False,False
APT000787,23.4,54,4,False,False,10,False,False
APT000788,24.8,82,4,False,False,10,False,False
APT000789,20.7,49,0,False,True,15,False,False
APT000790,19.3,60,1,False,False,10,False,False
APT000791,14.9,34,0,False,False,20,False,False
APT000792,15.5,47,0,False,False,10,False,False
APT000793,8.2,24,9,False,False,10,False,False
APT000794,8.4,29,0,True,True,15,False,False
APT000795,15.3,47,0,False,False,15,False,False
APT000796,15.6,38,4,False,False,10,False,False
APT000797,5.3,17,3,False,False,10,False,False
APT000798,15.1,52,1,False,False,10,False,False
APT000799,19.3,44,0,False,False,20,False,False
APT000800,13.7,33,0,False,False,15,False,False
APT000801,10.6,27,6,False,False,10,False,False
APT000802,13.3,33,5,False,False,10,False,False
APT000803,11.6,36,2,False,False,10,False,False
APT000804,2.5,7,0,True,True,15,False,False
APT000805,8.8,21,2,False,False,10,False,False
APT000806,15.8,49,7,False,False,10,False,False
APT000807,6.8,15,6,False,False,10,False,False
APT000808,21.4,63,17,False,False,23,True,False
APT000809,10.3,30,10,False,False,14,False,False
APT000810,1.7,5,0,True,True,20,False,False
APT000811,1.1,3,0,True,True,15,False,False
APT000812,21.1,66,5,False,False,10,False,False
APT000813,9.4,24,0,True,True,20,False,False
APT000814,21.9,54,0,True,True,10,False,False
APT000815,14.3,35,0,True,True,15,False,False
APT000816,7.1,25,12,False,False,15,False,False
APT000817,20.2,67,0,False,False,15,False,False
APT000818,8.8,28,0,False,False,20,False,False
APT000819,14.2,32,0,True,True,20,False,False
APT000820,21.4,74,0,False,True,15,False,False
APT000821,5.9,16,13,False,False,16,False,False
APT000822,13.4,40,0,True,True,15,False,False
APT000823,18.9,60,0,False,False,20,False,False
APT000824,10.5,24,7,False,False,10,False,False
APT000825,3.5,11,0,True,True,20,False,False
APT000826,22.8,67,5,False,False,10,False,False
APT000827,17.4,53,0,True,True,20,False,False
APT000828,16.7,43,15,False,False,19,False,False
APT000829,7.0,21,13,False,False,17,False,False
APT000830,19.8,68,0,False,False,10,False,False
APT000831,24.9,62,0,True,True,15,False,False
APT000832,22.1,68,0,False,False,15,False,False
APT000833,22.7,62,0,False,False,15,False,False
APT000834,5.7,16,1,False,False,10,False,False
APT000835,11.2,34,0,False,False,15,False,False
APT000836,7.0,17,18,False,False,22,True,True
APT000837,14.5,49,0,False,True,20,False,False
APT000838,21.9,74,0,False,False,15,False,False
APT000839,14.4,38,0,False,False,15,False,False
APT000840,17.9,49,0,False,True,15,False,False
APT000841,4.3,12,10,False,False,13,False,False
APT000842,5.3,17,0,True,True,15,False,False
APT000843,23.8,73,5,False,False,10,False,False
APT000844,3.6,8,2,False,False,10,False,False
APT000845,5.6,14,0,False,False,15,False,False
APT000846,4.5,10,0,True,True,15,False,False
APT000847,19.0,46,0,False,False,10,False,False
APT000848,16.8,55,26,False,False,32,True,True
APT000849,18.8,48,0,False,False,20,False,False
APT000850,11.9,33,0,False,False,20,False,False
APT000851,22.7,65,2,False,False,10,False,False
APT000852,20.1,48,15,False,False,18,False,False
APT000853,10.3,32,9,False,False,12,False,False
APT000854,24.3,72,11,False,False,13,False,False
APT000855,3.0,8,0,True,True,20,False,False
APT000856,11.6,40,0,True,True,10,False,False
APT000857,12.5,38,13,False,False,15,False,False
APT000858,24.4,72,0,False,False,15,False,False
APT000859,24.4,57,13,False,False,15,False,False
APT000860,14.3,38,1,False,False,10,False,False
APT000861,17.9,54,0,True,True,10,False,False
APT000862,15.5,40,0,False,True,15,False,False
APT000863,15.3,49,8,False,False,11,False,False
APT000864,2.3,5,0,True,True,10,False,False
APT000865,9.8,33,0,False,False,15,False,False
APT000866,19.5,60,0,False,True,15,False,False
APT000867,2.1,6,8,False,False,10,False,False
APT000868,5.1,16,4,False,False,10,False,False
APT000869,10.0,25,12,False,False,13,False,False
APT000870,22.9,66,10,False,False,12,False,False
APT000871,15.3,50,0,True,True,15,False,False
APT000872,20.6,57,3,False,False,10,False,False
APT000873,16.9,40,0,False,True,15,False,False
APT000874,7.1,22,0,False,False,15,False,False
APT000875,12.4,40,0,True,True,15,False,False
APT000876,21.7,71,9,False,False,10,False,False
APT000877,23.6,62,0,True,True,15,False,False
APT000878,11.0,37,0,True,True,15,False,False
APT000879,24.8,86,0,False,False,10,False,False
APT000880,8.1,24,9,False,False,12,False,False
APT000881,22.5,78,1,False,False,10,False,False
APT000882,8.2,21,0,True,True,15,False,False
APT000883,16.3,39,0,False,True,20,False,False
APT000884,5.5,19,0,False,False,20,False,False
APT000885,15.9,46,5,False,False,10,False,False
APT000886,21.5,66,0,True,True,10,False,False
APT000887,18.2,52,0,False,True,20,False,False
APT000888,4.7,12,13,False,False,17,False,False
APT000889,11.4,31,11,False,False,15,False,False
APT000890,17.9,57,0,False,True,15,False,False
APT000891,13.1,44,11,False,False,15,False,False
APT000892,17.0,42,0,False,True,15,False,False
APT000893,5.6,17,0,False,False,15,False,False
APT000894,12.1,38,5,False,False,10,False,False
APT000895,9.1,31,8,False,False,10,False,False
APT000896,3.5,10,0,False,False,15,False,False
APT000897,1.2,4,10,False,False,13,False,False
APT000898,5.3,18,2,False,False,10,False,False
APT000899,15.8,54,2,False,False,10,False,False
APT000900,23.7,54,0,False,False,20,False,False
APT000901,13.0,43,0,True,True,15,False,False
APT000902,6.2,17,0,False,False,10,False,False
APT000903,15.9,45,12,False,False,14,False,False
APT000904,14.7,51,0,True,True,15,False,False
APT000905,22.0,76,0,True,True,20,False,False
APT000906,13.7,48,0,True,True,20,False,False
APT000907,2.4,6,12,False,False,14,False,False
APT000908,19.6,47,13,False,False,16,False,False
APT000909,3.2,8,17,False,False,22,True,True
APT000910,7.0,17,5,False,False,10,False,False
APT000911,8.6,25,13,False,False,15,False,False
APT000912,10.8,25,0,False,False,10,False,False
APT000913,13.1,35,0,True,True,20,False,False
APT000914,11.0,27,7,False,False,10,False,False
APT000915,1.8,5,7,False,False,10,False,False
APT000916,10.9,35,0,True,True,15,False,False
APT000917,4.7,14,17,False,False,20,True,True
APT000918,21.7,59,0,True,True,20,False,False
APT000919,17.6,59,0,True,True,15,False,False
APT000920,6.7,17,2,False,False,10,False,False
APT000921,2.4,8,12,False,False,13,False,False
APT000922,3.8,8,15,False,False,20,False,False
APT000923,17.1,59,0,True,True,15,False,False
APT000924,19.5,44,12,False,False,14,False,False
APT000925,6.9,22,6,False,False,10,False,False
APT000926,21.8,50,0,False,False,15,False,False
APT000927,5.6,19,0,True,True,20,False,False
APT000928,23.7,75,7,False,False,10,False,False
APT000929,14.5,36,0,False,False,15,False,False
APT000930,6.6,17,11,False,False,15,False,False
APT000931,3.4,9,10,False,False,11,False,False
APT000932,1.9,5,6,False,False,10,False,False
APT000933,11.5,33,6,False,False,10,False,False
APT000934,15.6,42,12,False,False,14,False,False
APT000935,7.1,23,1,False,False,10,False,False
APT000936,19.9,45,0,True,True,15,False,False
APT000937,12.9,31,5,False,False,10,False,False
APT000938,13.8,42,0,False,False,10,False,False
APT000939,22.8,51,0,True,True,15,False,False
APT000940,20.5,46,15,False,False,17,False,False
APT000941,8.3,20,2,False,False,10,False,False
APT000942,13.0,45,0,True,True,20,False,False
APT000943,12.1,37,17,False,False,19,True,True
APT000944,14.2,46,0,False,False,20,False,False
APT000945,16.0,48,0,True,True,15,False,False
APT000946,7.8,24,4,False,False,10,False,False
APT000947,16.4,46,1,False,False,10,False,False
APT000948,23.0,63,0,True,True,10,False,False
APT000949,4.1,13,0,False,False,20,False,False
APT000950,2.8,9,0,True,True,10,False,False
APT000951,10.6,27,35,False,False,42,True,True
APT000952,18.6,48,0,False,False,15,False,False
APT000953,25.0,77,0,False,False,20,False,False
APT000954,3.9,9,0,False,False,20,False,False
APT000955,5.0,14,0,False,False,15,False,False
APT000956,2.5,6,0,False,False,10,False,False
APT000957,24.8,70,0,False,False,15,False,False
APT000958,4.9,14,0,False,False,20,False,False
APT000959,14.0,47,0,False,False,20,False,False
APT000960,11.6,32,0,False,False,10,False,False
APT000961,1.1,4,0,True,True,20,False,False
APT000962,21.3,58,0,False,False,15,False,False
APT000963,6.5,15,21,False,False,24,True,True
APT000964,4.0,12,0,False,False,20,False,False
APT000965,6.2,16,0,False,False,20,False,False
APT000966,19.9,66,8,False,False,10,False,False
APT000967,20.8,66,11,False,False,14,False,False
APT000968,5.6,19,0,False,False,15,False,False
APT000969,19.4,45,0,False,False,15,False,False
APT000970,15.2,49,5,False,False,10,False,False
APT000971,18.5,57,0,True,True,20,False,False
APT000972,4.8,12,0,False,False,15,False,False
APT000973,6.1,20,0,True,True,15,False,False
APT000974,13.2,42,18,False,False,20,True,True
APT000975,11.4,39,1,False,False,10,False,False
APT000976,11.0,26,0,False,False,20,False,False
APT000977,12.3,30,0,True,True,15,False,False
APT000978,14.7,51,0,True,True,15,False,False
APT000979,11.5,35,0,False,True,20,False,False
APT000980,17.1,43,0,False,False,20,False,False
APT000981,7.4,18,4,False,False,10,False,False
APT000982,6.0,20,0,True,True,10,False,False
APT000983,12.6,35,0,True,True,10,False,False
APT000984,23.0,74,4,False,False,10,False,False
APT000985,12.8,32,19,False,False,26,True,True
APT000986,1.7,4,1,False,False,10,False,False
APT000987,15.2,52,11,False,False,14,False,False
APT000988,15.9,45,0,True,True,15,False,False
APT000989,7.0,19,4,False,False,10,False,False
APT000990,6.0,20,4,False,False,10,False,False
APT000991,18.8,43,0,True,True,15,False,False
APT000992,10.8,31,5,False,False,10,False,False
APT000993,15.5,38,0,False,True,15,False,False
APT000994,9.1,30,0,False,True,20,False,False
APT000995,2.3,7,0,False,False,20,False,False
APT000996,1.9,5,0,True,True,20,False,False
APT000997,3.0,8,0,False,False,15,False,False
APT000998,21.3,74,0,True,True,10,False,False
APT000999,14.5,50,7,False,False,10,False,False
APT001000,13.5,36,0,True,True,10,False,False
APT001001,23.0,80,5,False,False,10,False,False
APT001002,3.6,11,0,True,True,15,False,False
APT001003,8.8,26,0,False,False,15,False,False
APT001004,17.8,62,0,False,False,15,False,False
APT001005,14.1,49,6,False,False,10,False,False
APT001006,19.9,64,7,False,False,10,False,False
APT001007,2.8,8,18,False,False,24,True,False
APT001008,14.6,39,8,False,False,11,False,False
APT001009,23.7,60,0,False,True,20,False,False
APT001010,2.0,5,8,False,False,11,False,False
APT001011,21.6,66,7,False,False,10,False,False
APT001012,3.3,11,19,False,False,27,True,True
APT001013,11.7,32,0,True,True,10,False,False
APT001014,23.6,79,22,False,False,28,True,True
APT001015,9.9,24,7,False,False,10,False,False
APT001016,9.2,24,0,False,False,15,False,False
APT001017,19.5,43,10,False,False,12,False,False
APT001018,23.0,51,0,False,False,10,False,False
APT001019,22.1,56,0,True,True,20,False,False
APT001020,20.2,50,11,False,False,12,False,False
APT001021,23.3,64,0,False,False,20,False,False
APT001022,8.5,29,0,False,False,20,False,False
APT001023,11.8,30,3,False,False,10,False,False
APT001024,23.8,57,7,False,False,10,False,False
APT001025,5.5,12,0,True,True,15,False,False
APT001026,10.1,27,0,True,True,20,False,False
APT001027,2.9,9,0,True,True,10,False,False
APT001028,3.3,10,0,False,False,10,False,False
APT001029,20.7,46,11,False,False,13,False,False
APT001030,8.5,29,0,False,True,15,False,False
APT001031,6.4,16,1,False,False,10,False,False
APT001032,3.2,10,2,False,False,10,False,False
APT001033,20.5,64,0,False,True,20,False,False
APT001034,15.6,39,11,False,False,14,False,False
APT001035,3.8,9,0,False,False,10,False,False
APT001036,3.8,10,14,False,False,18,False,False
APT001037,12.0,38,0,False,False,15,False,False
APT001038,24.8,82,0,True,True,20,False,False
APT001039,21.6,59,6,False,False,10,False,False
APT001040,18.0,45,0,True,True,15,False,False
APT001041,16.9,38,0,True,True,15,False,False
APT001042,5.4,14,14,False,False,16,False,False
APT001043,8.4,28,0,True,True,10,False,False
APT001044,18.0,47,4,False,False,10,False,False
APT001045,10.9,29,3,False,False,10,False,False
APT001046,6.9,20,0,False,False,10,False,False
APT001047,12.8,36,7,False,False,10,False,False
APT001048,16.7,54,0,True,True,20,False,False
APT001049,10.7,29,0,True,True,15,False,False
APT001050,13.0,31,0,True,True,10,False,False
APT001051,23.4,75,0,False,False,10,False,False
APT001052,14.7,34,6,False,False,10,False,False
APT001053,10.5,24,0,True,True,15,False,False
APT001054,7.4,20,16,False,False,20,True,True
APT001055,19.4,55,0,True,True,10,False,False
APT001056,13.0,39,0,False,True,15,False,False
APT001057,23.3,67,7,False,False,10,False,False
APT001058,10.2,24,12,False,False,13,False,False
APT001059,13.4,41,4,False,False,10,False,False
APT001060,1.9,6,0,True,True,10,False,False
APT001061,16.0,42,0,True,True,20,False,False
APT001062,1.2,3,0,True,True,15,False,False
APT001063,3.9,11,15,False,False,18,False,False
APT001064,2.3,7,21,False,False,27,True,True
APT001065,6.5,19,5,False,False,10,False,False
APT001066,6.9,23,9,False,False,10,False,False
APT001067,2.3,8,18,False,False,21,True,False
APT001068,8.2,24,0,False,False,15,False,False
APT001069,7.5,26,6,False,False,10,False,False
APT001070,19.3,43,0,False,False,20,False,False
APT001071,23.6,81,6,False,False,10,False,False
APT001072,5.5,15,0,False,False,10,False,False
APT001073,23.4,65,0,True,True,15,False,False
APT001074,12.9,45,0,False,False,15,False,False
APT001075,20.3,51,0,False,True,10,False,False
APT001076,13.3,40,0,True,True,15,False,False
APT001077,23.8,66,4,False,False,10,False,False
APT001078,24.9,86,0,True,True,10,False,False
APT001079,15.9,51,0,True,True,15,False,False
APT001080,24.0,78,0,True,True,15,False,False
APT001081,9.5,31,0,False,False,10,False,False
APT001082,24.4,73,0,True,True,20,False,False
APT001083,2.9,10,0,True,True,10,False,False
APT001084,22.0,71,0,True,True,15,False,False
APT001085,11.8,40,0,False,False,15,False,False
APT001086,16.3,43,0,False,False,15,False,False
APT001087,9.5,33,10,False,False,13,False,False
APT001088,9.1,24,0,True,True,20,False,False
APT001089,8.3,26,0,False,False,20,False,False
APT001090,15.0,35,4,False,False,10,False,False
APT001091,19.8,59,0,False,False,15,False,False
APT001092,8.9,25,0,False,False,10,False,False
APT001093,15.1,49,5,False,False,10,False,False
APT001094,9.7,34,0,False,False,15,False,False
APT001095,12.7,30,0,True,True,10,False,False
APT001096,19.8,67,0,False,False,20,False,False
APT001097,22.8,69,0,True,True,15,False,False
APT001098,11.2,33,9,False,False,10,False,False
APT001099,14.5,47,0,True,True,15,False,False
APT001100,9.9,26,18,False,False,22,True,True
APT001101,6.4,19,2,False,False,10,False,False
APT001102,15.3,36,0,False,True,15,False,False
APT001103,6.8,20,0,False,False,10,False,False
APT001104,24.9,57,0,False,False,10,False,False
APT001105,7.0,23,3,False,False,10,False,False
APT001106,5.5,13,3,False,False,10,False,False
APT001107,16.6,41,11,False,False,15,False,False
APT001108,19.8,52,0,True,True,20,False,False
APT001109,8.5,25,10,False,False,14,False,False
APT001110,8.8,29,2,False,False,10,False,False
APT001111,23.9,65,0,False,True,15,False,False
APT001112,12.8,31,0,True,True,15,False,False
APT001113,8.2,27,0,False,False,10,False,False
APT001114,22.9,60,5,False,False,10,False,False
APT001115,2.6,8,4,False,False,10,False,False
APT001116,7.1,20,0,True,True,20,False,False
APT001117,24.5,70,0,False,False,15,False,False
APT001118,16.2,38,0,False,False,15,False,False
APT001119,8.6,28,0,False,False,15,False,False
APT001120,5.5,16,11,False,False,14,False,False
APT001121,4.6,14,6,False,False,10,False,False
APT001122,1.5,5,9,False,False,11,False,False
APT001123,12.5,42,15,False,False,20,False,False
APT001124,23.5,77,0,True,True,20,False,False
APT001125,10.9,30,7,False,False,10,False,False
APT001126,4.6,13,9,False,False,10,False,False
APT001127,18.4,43,0,True,True,20,False,False
APT001128,1.1,3,0,True,True,20,False,False
APT001129,21.9,65,0,False,False,15,False,False
APT001130,9.9,29,15,False,False,19,False,False
APT001131,13.7,31,0,True,True,10,False,False
APT001132,17.4,55,3,False,False,10,False,False
APT001133,19.7,46,0,False,False,10,False,False
APT001134,9.8,25,19,False,False,23,True,True
APT001135,11.8,36,0,True,True,15,False,False
APT001136,17.3,56,5,False,False,10,False,False
APT001137,10.1,24,0,False,False,10,False,False
APT001138,19.6,59,0,False,True,15,False,False
APT001139,16.4,37,10,False,False,12,False,False
APT001140,24.8,66,0,True,True,15,False,False
APT001141,5.3,12,3,False,False,10,False,False
APT001142,4.8,11,0,True,True,20,False,False
APT001143,21.8,69,0,True,True,15,False,False
APT001144,15.1,50,0,True,True,10,False,False
APT001145,23.3,76,9,False,False,11,False,False
APT001146,4.1,14,0,True,True,20,False,False
APT001147,11.8,36,0,False,False,15,False,False
APT001148,20.6,68,14,False,False,16,False,False
APT001149,9.6,26,0,False,False,15,False,False
APT001150,11.8,30,3,False,False,10,False,False
APT001151,6.6,18,5,False,False,10,False,False
APT001152,20.4,48,0,True,True,20,False,False
APT001153,1.9,6,0,False,True,15,False,False
APT001154,4.2,14,0,False,False,10,False,False
APT001155,14.2,40,12,False,False,14,False,False
APT001156,4.1,12,0,True,True,15,False,False
APT001157,8.8,25,11,False,False,13,False,False
APT001158,23.0,71,0,False,True,15,False,False
APT001159,24.2,58,18,False,False,23,True,False
APT001160,3.4,10,8,False,False,10,False,False
APT001161,14.7,38,1,False,False,10,False,False
APT001162,21.6,69,0,False,False,15,False,False
APT001163,24.0,56,0,False,False,20,False,False
APT001164,21.3,64,0,True,True,15,False,False
APT001165,16.2,38,0,True,True,15,False,False
APT001166,5.5,18,4,False,False,10,False,False
APT001167,16.9,50,0,True,True,10,False,False
APT001168,10.2,23,18,False,False,20,True,True
APT001169,24.9,66,0,False,False,15,False,False
APT001170,9.1,21,1,False,False,10,False,False
APT001171,6.2,15,10,False,False,14,False,False
APT001172,22.7,70,13,False,False,18,False,False
APT001173,3.1,9,0,False,True,15,False,False
APT001174,13.3,36,12,False,False,14,False,False
APT001175,4.7,16,13,False,False,17,False,False
APT001176,15.8,45,6,False,False,10,False,False
APT001177,10.3,35,21,False,False,29,True,True
APT001178,2.5,7,0,False,False,10,False,False
APT001179,18.4,58,0,False,True,20,False,False
APT001180,24.9,65,10,False,False,13,False,False
APT001181,19.5,59,13,False,False,16,False,False
APT001182,22.8,63,0,True,True,15,False,False
APT001183,17.5,39,18,False,False,21,True,True
APT001184,20.2,66,0,True,True,15,False,False
APT001185,25.0,69,8,False,False,10,False,False
APT001186,14.3,33,0,False,False,20,False,False
APT001187,13.4,38,0,False,False,15,False,False
APT001188,6.6,22,0,False,False,15,False,False
APT001189,12.9,35,2,False,False,10,False,False
APT001190,15.7,53,0,True,True,20,False,False
APT001191,15.7,51,0,False,True,10,False,False
APT001192,15.7,42,0,True,True,15,False,False
APT001193,24.5,80,5,False,False,10,False,False
APT001194,4.2,14,0,False,False,15,False,False
APT001195,6.2,20,0,True,True,20,False,False
APT001196,3.9,13,12,False,False,15,False,False
APT001197,21.2,52,2,False,False,10,False,False
APT001198,20.6,65,14,False,False,18,False,False
APT001199,17.3,59,0,True,True,15,False,False
APT001200,11.2,33,0,False,False,20,False,False
APT001201,14.8,49,0,False,False,10,False,False
APT001202,10.9,25,0,True,True,20,False,False
APT001203,24.0,67,0,False,False,20,False,False
APT001204,24.0,66,0,False,False,10,False,False
APT001205,2.5,7,7,False,False,10,False,False
APT001206,12.4,28,4,False,False,10,False,False
APT001207,13.9,47,0,True,True,15,False,False
APT001208,20.1,53,0,False,True,15,False,False
APT001209,22.6,74,12,False,False,14,False,False
APT001210,1.7,5,5,False,False,10,False,False
APT001211,14.4,37,0,True,True,20,False,False
APT001212,15.2,42,4,False,False,10,False,False
APT001213,18.5,64,4,False,False,10,False,False
APT001214,17.5,47,0,False,False,20,False,False
APT001215,7.2,18,5,False,False,10,False,False
APT001216,10.9,25,0,False,False,15,False,False
APT001217,12.1,27,0,True,True,20,False,False
APT001218,22.4,67,5,False,False,10,False,False
APT001219,7.3,24,0,False,True,15,False,False
APT001220,6.9,22,0,False,False,10,False,False
APT001221,7.5,25,4,False,False,10,False,False
APT001222,10.1,26,0,False,False,15,False,False
APT001223,10.1,29,1,False,False,10,False,False
APT001224,7.4,23,0,False,False,20,False,False
APT001225,17.1,45,6,False,False,10,False,False
APT001226,4.4,14,0,True,True,15,False,False
APT001227,24.3,66,0,True,True,20,False,False
APT001228,20.6,63,1,False,False,10,False,False
APT001229,6.5,17,0,True,True,10,False,False
APT001230,9.1,31,13,False,False,16,False,False
APT001231,19.9,65,0,False,False,10,False,False
APT001232,15.1,34,6,False,False,10,False,False
APT001233,4.0,13,5,False,False,10,False,False
APT001234,22.7,75,8,False,False,11,False,False
APT001235,3.2,9,5,False,False,10,False,False
APT001236,14.5,39,0,True,True,20,False,False
APT001237,17.5,56,0,True,True,15,False,False
APT001238,12.0,35,0,True,True,15,False,False
APT001239,22.5,70,0,False,True,20,False,False
APT001240,12.8,43,7,False,False,10,False,False
APT001241,10.3,29,0,False,False,15,False,False
APT001242,9.8,23,0,False,False,10,False,False
APT001243,15.5,35,4,False,False,10,False,False
APT001244,23.7,66,0,False,False,20,False,False
APT001245,13.5,33,0,True,True,15,False,False
APT001246,10.1,29,5,False,False,10,False,False
APT001247,12.9,34,0,False,True,10,False,False
APT001248,20.4,71,0,True,True,15,False,False
APT001249,13.4,30,1,False,False,10,False,False
APT001250,14.1,31,0,False,False,10,False,False
APT001251,15.3,46,0,True,True,15,False,False
APT001252,15.9,51,0,False,False,15,False,False
APT001253,1.3,4,6,False,False,10,False,False
APT001254,1.3,4,22,False,False,30,True,True
APT001255,14.0,48,0,True,True,15,False,False
APT001256,20.9,58,0,False,False,15,False,False
APT001257,19.4,46,1,False,False,10,False,False
APT001258,12.7,34,0,False,False,10,False,False
APT001259,22.1,76,0,False,False,20,False,False
APT001260,2.8,9,0,True,True,20,False,False
APT001261,23.8,68,11,False,False,14,False,False
APT001262,2.3,8,7,False,False,10,False,False
APT001263,22.5,78,2,False,False,10,False,False
APT001264,16.1,40,0,True,True,15,False,False
APT001265,17.7,53,0,False,False,20,False,False
APT001266,7.0,16,0,False,False,15,False,False
APT001267,4.4,11,0,False,True,20,False,False
APT001268,5.9,20,0,True,True,15,False,False
APT001269,13.4,37,0,False,False,15,False,False
APT001270,20.2,56,0,True,True,20,False,False
APT001271,24.8,80,0,False,False,15,False,False
APT001272,11.5,35,6,False,False,10,False,False
APT001273,20.2,66,22,False,False,29,True,False
APT001274,8.0,23,3,False,False,10,False,False
APT001275,6.0,15,14,False,False,16,False,False
APT001276,20.2,68,12,False,False,15,False,False
APT001277,19.7,54,12,False,False,16,False,False
APT001278,14.2,47,0,False,False,15,False,False
APT001279,7.0,24,0,True,True,15,False,False
APT001280,12.8,29,13,False,False,17,False,False
APT001281,24.9,70,5,False,False,10,False,False
APT001282,13.6,44,5,False,False,10,False,False
APT001283,2.3,5,7,False,False,10,False,False
APT001284,1.5,4,0,False,False,15,False,False
APT001285,7.6,21,0,False,False,20,False,False
APT001286,16.6,46,15,False,False,17,False,False
APT001287,7.0,20,0,False,False,10,False,False
APT001288,20.7,65,0,True,True,20,False,False
APT001289,15.2,41,15,False,False,19,False,False
APT001290,15.5,54,0,True,True,15,False,False
APT001291,23.9,67,0,True,True,20,False,False
APT001292,24.7,63,12,False,False,14,False,False
APT001293,18.6,50,0,True,True,15,False,False
APT001294,17.1,57,0,True,True,15,False,False
APT001295,9.9,32,6,False,False,10,False,False
APT001296,14.6,47,0,True,True,15,False,False
APT001297,5.2,16,8,False,False,10,False,False
APT001298,9.5,24,3,False,False,10,False,False
APT001299,10.4,29,5,False,False,10,False,False
APT001300,2.2,5,0,True,True,15,False,False
APT001301,14.7,41,10,False,False,12,False,False
APT001302,7.9,22,0,False,True,10,False,False
APT001303,2.0,6,0,True,True,15,False,False
APT001304,20.0,46,7,False,False,10,False,False
APT001305,3.1,7,0,True,True,15,False,False
APT001306,4.5,14,4,False,False,10,False,False
APT001307,2.1,6,11,False,False,15,False,False
APT001308,9.9,22,0,True,True,20,False,False
APT001309,18.5,51,1,False,False,10,False,False
APT001310,12.5,36,1,False,False,10,False,False
APT001311,21.7,56,0,False,False,10,False,False
APT001312,24.7,66,0,False,False,15,False,False
APT001313,8.6,21,12,False,False,13,False,False
APT001314,9.1,26,7,False,False,10,False,False
APT001315,2.7,6,0,False,False,10,False,False
APT001316,3.9,12,0,False,True,15,False,False
APT001317,15.6,42,0,True,True,10,False,False
APT001318,1.6,5,0,False,False,15,False,False
APT001319,8.1,23,1,False,False,10,False,False
APT001320,14.5,40,0,False,False,15,False,False
APT001321,9.0,27,0,True,True,20,False,False
APT001322,22.9,55,0,False,True,20,False,False
APT001323,5.2,17,0,False,False,10,False,False
APT001324,3.4,12,0,False,False,10,False,False
APT001325,19.2,61,11,False,False,12,False,False
APT001326,24.6,83,17,False,False,23,True,True
APT001327,18.0,49,0,True,True,10,False,False
APT001328,10.5,33,0,False,False,10,False,False
APT001329,24.3,61,6,False,False,10,False,False
APT001330,3.3,11,0,True,True,10,False,False
APT001331,2.8,7,1,False,False,10,False,False
APT001332,14.3,33,0,False,True,15,False,False
APT001333,21.4,54,0,False,False,20,False,False
APT001334,15.0,52,5,False,False,10,False,False
APT001335,9.9,23,0,True,True,15,False,False
APT001336,13.8,34,0,True,True,20,False,False
APT001337,21.1,51,12,False,False,14,False,False
APT001338,6.6,20,5,False,False,10,False,False
APT001339,2.0,5,0,True,True,15,False,False
APT001340,3.4,11,0,True,True,15,False,False
APT001341,13.2,44,0,False,False,15,False,False
APT001342,9.7,24,9,False,False,12,False,False
APT001343,20.1,44,8,False,False,10,False,False
APT001344,11.5,34,0,True,True,20,False,False
APT001345,8.1,18,10,False,False,13,False,False
APT001346,14.2,42,0,True,True,15,False,False
APT001347,19.0,43,0,True,True,15,False,False
APT001348,10.6,24,3,False,False,10,False,False
APT001349,10.4,30,0,False,False,10,False,False
APT001350,3.1,10,9,False,False,11,False,False
APT001351,23.6,69,0,False,False,20,False,False
APT001352,13.0,40,13,False,False,17,False,False
APT001353,8.9,30,0,False,False,15,False,False
APT001354,1.1,3,1,False,False,10,False,False
APT001355,17.6,51,13,False,False,15,False,False
APT001356,9.1,26,13,False,False,16,False,False
APT001357,7.9,19,19,False,False,26,True,True
APT001358,18.0,54,0,False,False,15,False,False
APT001359,21.5,59,0,True,True,15,False,False
APT001360,17.6,45,9,False,False,11,False,False
APT001361,1.8,5,17,False,False,22,True,False
APT001362,2.9,8,0,True,True,20,False,False
APT001363,5.3,16,0,True,True,15,False,False
APT001364,24.5,67,16,False,False,18,True,True
APT001365,15.3,44,0,False,False,15,False,False
APT001366,8.6,20,6,False,False,10,False,False
APT001367,7.2,23,4,False,False,10,False,False
APT001368,24.7,75,1,False,False,10,False,False
APT001369,11.7,30,0,True,True,15,False,False
APT001370,1.9,5,0,False,False,20,False,False
APT001371,7.1,16,7,False,False,10,False,False
APT001372,22.3,57,2,False,False,10,False,False
APT001373,16.3,56,12,False,False,16,False,False
APT001374,12.4,41,0,True,True,10,False,False
APT001375,5.1,16,0,False,False,15,False,False
APT001376,6.5,17,0,False,False,20,False,False
APT001377,9.9,25,0,False,False,20,False,False
APT001378,11.4,25,0,True,True,10,False,False
APT001379,1.4,4,0,True,True,20,False,False
APT001380,5.1,12,0,False,True,15,False,False
APT001381,8.0,23,3,False,False,10,False,False
APT001382,20.2,61,6,False,False,10,False,False
APT001383,19.0,60,0,False,False,10,False,False
APT001384,16.8,55,11,False,False,13,False,False
APT001385,21.3,59,0,False,False,10,False,False
APT001386,14.5,33,0,True,True,15,False,False
APT001387,14.4,46,0,True,True,20,False,False
APT001388,2.7,9,10,False,False,12,False,False
APT001389,13.3,32,0,False,False,20,False,False
APT001390,5.3,14,9,False,False,12,False,False
APT001391,24.6,78,1,False,False,10,False,False
APT001392,8.2,23,9,False,False,11,False,False
APT001393,14.9,51,6,False,False,10,False,False
APT001394,11.0,35,0,False,False,15,False,False
APT001395,8.9,30,10,False,False,13,False,False
APT001396,5.9,15,0,False,False,10,False,False
APT001397,19.9,56,0,True,True,10,False,False
APT001398,18.9,49,1,False,False,10,False,False
APT001399,21.0,62,0,True,True,10,False,False
APT001400,5.1,12,0,True,True,15,False,False
APT001401,19.4,47,2,False,False,10,False,False
APT001402,23.8,64,28,False,False,34,True,True
APT001403,25.0,69,5,False,False,10,False,False
APT001404,7.1,24,15,False,False,20,False,False
APT001405,22.4,58,4,False,False,10,False,False
APT001406,2.1,5,0,False,False,10,False,False
APT001407,21.4,48,14,False,False,18,False,False
APT001408,5.3,14,11,False,False,15,False,False
APT001409,11.1,37,11,False,False,14,False,False
APT001410,21.6,59,8,False,False,10,False,False
APT001411,10.8,24,0,False,False,15,False,False
APT001412,2.8,7,16,False,False,22,True,False
APT001413,8.3,23,0,False,False,10,False,False
APT001414,4.9,15,0,False,False,15,False,False
APT001415,23.6,56,16,False,False,19,True,True
APT001416,9.3,30,0,True,True,20,False,False
APT001417,18.6,45,0,False,False,20,False,False
APT001418,6.2,20,5,False,False,10,False,False
APT001419,6.0,19,0,True,True,15,False,False
APT001420,21.2,70,9,False,False,11,False,False
APT001421,14.5,36,13,False,False,15,False,False
APT001422,6.5,20,0,False,False,10,False,False
APT001423,5.8,18,10,False,False,11,False,False
APT001424,18.1,57,0,True,True,15,False,False
APT001425,13.0,38,15,False,False,20,False,False
APT001426,4.8,15,0,False,False,10,False,False
APT001427,11.6,32,4,False,False,10,False,False
APT001428,14.6,38,4,False,False,10,False,False
APT001429,19.7,48,3,False,False,10,False,False
APT001430,18.3,46,0,False,False,20,False,False
APT001431,15.3,48,11,False,False,14,False,False
APT001432,16.3,37,6,False,False,10,False,False
APT001433,14.2,41,0,False,False,10,False,False
APT001434,11.7,30,0,True,True,15,False,False
APT001435,16.4,48,0,False,False,20,False,False
APT001436,6.9,19,13,False,False,18,False,False
APT001437,12.9,45,5,False,False,10,False,False
APT001438,8.6,30,0,False,False,15,False,False
APT001439,21.4,69,0,False,False,15,False,False
APT001440,24.2,82,0,False,False,15,False,False
APT001441,16.1,51,0,True,True,10,False,False
APT001442,3.5,8,0,True,True,20,False,False
APT001443,7.1,23,0,True,True,10,False,False
APT001444,16.9,43,0,False,False,20,False,False
APT001445,14.0,39,0,False,False,15,False,False
APT001446,16.5,48,0,False,False,15,False,False
APT001447,19.1,59,1,False,False,10,False,False
APT001448,5.0,11,0,False,False,15,False,False
APT001449,11.9,27,0,True,True,15,False,False
APT001450,6.5,22,1,False,False,10,False,False
APT001451,10.1,29,8,False,False,10,False,False
APT001452,19.0,53,0,True,True,15,False,False
APT001453,5.3,15,1,False,False,10,False,False
APT001454,11.1,37,1,False,False,10,False,False
APT001455,8.7,24,0,False,False,10,False,False
APT001456,14.1,40,0,True,True,15,False,False
APT001457,5.3,15,22,False,False,26,True,False
APT001458,24.3,65,0,True,True,10,False,False
APT001459,20.8,51,0,True,True,15,False,False
APT001460,13.6,42,10,False,False,14,False,False
APT001461,7.0,19,3,False,False,10,False,False
APT001462,11.7,39,0,True,True,20,False,False
APT001463,4.3,14,0,True,True,15,False,False
APT001464,21.2,64,0,True,True,20,False,False
APT001465,6.6,18,0,True,True,15,False,False
APT001466,21.9,48,3,False,False,10,False,False
APT001467,20.9,60,8,False,False,10,False,False
APT001468,14.0,47,0,False,True,15,False,False
APT001469,17.3,57,9,False,False,10,False,False
APT001470,6.0,16,0,True,True,15,False,False
APT001471,22.4,58,0,True,True,15,False,False
APT001472,11.4,40,0,False,False,10,False,False
APT001473,10.9,35,0,False,False,15,False,False
APT001474,1.1,3,14,False,False,19,False,False
APT001475,10.9,25,18,False,False,24,True,True
APT001476,5.8,19,0,False,False,15,False,False
APT001477,12.8,37,0,True,True,10,False,False
APT001478,22.0,74,0,True,True,20,False,False
APT001479,21.3,47,0,True,True,15,False,False
APT001480,10.0,24,15,False,False,18,False,False
APT001481,14.0,35,0,True,True,20,False,False
APT001482,8.6,22,0,False,False,15,False,False
APT001483,19.8,57,0,False,False,20,False,False
APT001484,1.1,4,0,True,True,20,False,False
APT001485,15.4,39,18,False,False,20,True,True
APT001486,15.4,50,9,False,False,11,False,False
APT001487,6.6,20,0,False,True,15,False,False
APT001488,13.6,33,0,False,False,20,False,False
APT001489,19.1,49,8,False,False,10,False,False
APT001490,4.0,10,7,False,False,10,False,False
APT001491,18.1,41,5,False,False,10,False,False
APT001492,7.7,21,0,False,False,10,False,False
APT001493,11.5,34,6,False,False,10,False,False
APT001494,4.3,13,12,False,False,16,False,False
APT001495,2.2,7,0,True,True,20,False,False
APT001496,10.3,26,3,False,False,10,False,False
APT001497,13.5,39,0,False,True,15,False,False
APT001498,1.7,4,0,False,False,20,False,False
APT001499,2.0,7,5,False,False,10,False,False
APT001500,6.6,18,0,False,False,15,False,False
APT001501,3.6,11,0,False,False,15,False,False
APT001502,4.9,11,7,False,False,10,False,False
APT001503,10.3,29,0,False,True,15,False,False
APT001504,22.9,78,0,True,True,10,False,False
APT001505,3.8,13,0,False,False,15,False,False
APT001506,14.9,46,0,True,True,10,False,False
APT001507,20.1,50,10,False,False,13,False,False
APT001508,15.9,40,9,False,False,13,False,False
APT001509,4.6,15,3,False,False,10,False,False
APT001510,13.6,33,0,False,False,20,False,False
APT001511,5.9,15,0,False,False,15,False,False
APT001512,20.5,56,6,False,False,10,False,False
APT001513,14.4,50,5,False,False,10,False,False
APT001514,17.7,47,16,False,False,22,True,True
APT001515,18.2,40,3,False,False,10,False,False
APT001516,10.5,30,10,False,False,14,False,False
APT001517,24.8,78,0,False,False,15,False,False
APT001518,13.3,40,10,False,False,13,False,False
APT001519,24.6,62,0,True,True,15,False,False
APT001520,2.1,5,3,False,False,10,False,False
APT001521,7.2,22,1,False,False,10,False,False
APT001522,1.1,3,16,False,False,18,True,True
APT001523,17.0,45,22,False,False,27,True,True
APT001524,3.8,10,5,False,False,10,False,False
APT001525,3.6,8,0,False,False,20,False,False
APT001526,22.3,57,0,True,True,10,False,False
APT001527,8.5,19,1,False,False,10,False,False
APT001528,9.0,21,11,False,False,15,False,False
APT001529,1.5,3,3,False,False,10,False,False
APT001530,2.8,7,1,False,False,10,False,False
APT001531,7.3,24,3,False,False,10,False,False
APT001532,15.0,42,1,False,False,10,False,False
APT001533,3.6,11,3,False,False,10,False,False
APT001534,6.2,19,0,True,True,10,False,False
APT001535,6.3,22,0,False,False,10,False,False
APT001536,14.6,40,20,False,False,25,True,True
APT001537,3.8,12,13,False,False,16,False,False
APT001538,20.4,61,0,False,False,10,False,False
APT001539,7.2,20,0,False,False,20,False,False
APT001540,24.5,74,5,False,False,10,False,False
APT001541,9.4,27,14,False,False,19,False,False
APT001542,6.4,18,0,False,True,15,False,False
APT001543,5.5,13,0,False,False,20,False,False
APT001544,13.1,29,0,True,True,20,False,False
APT001545,14.6,50,0,True,True,20,False,False
APT001546,11.5,28,16,False,False,19,True,True
APT001547,25.0,86,12,False,False,14,False,False
APT001548,21.7,62,0,False,False,15,False,False
APT001549,9.8,24,0,False,True,20,False,False
APT001550,16.9,47,0,False,False,10,False,False
APT001551,21.9,57,0,False,False,20,False,False
APT001552,9.3,23,9,False,False,11,False,False
APT001553,5.4,15,3,False,False,10,False,False
APT001554,18.1,44,0,True,True,20,False,False
APT001555,20.5,46,3,False,False,10,False,False
APT001556,13.1,39,0,False,True,10,False,False
APT001557,2.3,8,11,False,False,15,False,False
APT001558,2.6,9,6,False,False,10,False,False
APT001559,19.7,52,13,False,False,17,False,False
APT001560,5.1,18,0,True,True,10,False,False
APT001561,23.0,68,0,False,False,15,False,False
APT001562,12.5,38,0,True,True,15,False,False
APT001563,15.3,42,0,False,True,10,False,False
APT001564,17.1,56,24,False,False,30,True,True
APT001565,11.2,35,0,True,True,10,False,False
APT001566,15.1,36,0,False,False,10,False,False
APT001567,11.7,30,0,False,False,15,False,False
APT001568,15.4,39,20,False,False,25,True,True
APT001569,15.3,43,0,False,True,10,False,False
APT001570,23.5,61,0,True,True,15,False,False
APT001571,13.8,43,12,False,False,16,False,False
APT001572,15.3,50,12,False,False,13,False,False
APT001573,17.7,57,0,True,True,10,False,False
APT001574,10.5,27,0,True,True,15,False,False
APT001575,24.8,62,0,True,True,15,False,False
APT001576,12.1,38,2,False,False,10,False,False
APT001577,18.8,50,13,False,False,15,False,False
APT001578,23.1,77,0,False,False,10,False,False
APT001579,15.0,48,0,False,True,15,False,False
APT001580,8.0,23,16,False,False,19,True,False
APT001581,13.2,32,5,False,False,10,False,False
APT001582,24.8,72,0,True,True,15,False,False
APT001583,3.0,8,0,False,False,20,False,False
APT001584,19.8,47,0,True,True,15,False,False
APT001585,18.4,45,14,False,False,18,False,False
APT001586,8.4,27,1,False,False,10,False,False
APT001587,24.2,85,0,False,False,15,False,False
APT001588,10.7,28,5,False,False,10,False,False
APT001589,15.3,50,0,True,True,15,False,False
APT001590,8.2,23,0,False,False,10,False,False
APT001591,1.0,2,12,False,False,16,False,False
APT001592,19.0,42,0,False,False,10,False,False
APT001593,12.7,32,14,False,False,16,False,False
APT001594,11.5,30,5,False,False,10,False,False
APT001595,15.3,47,0,False,False,15,False,False
APT001596,18.3,62,0,True,True,15,False,False
APT001597,4.8,11,6,False,False,10,False,False
APT001598,14.2,42,0,False,False,15,False,False
APT001599,19.7,67,0,True,True,15,False,False
APT001600,14.6,43,0,True,True,15,False,False
APT001601,6.7,18,12,False,False,14,False,False
APT001602,1.0,3,0,False,False,20,False,False
APT001603,23.5,59,13,False,False,15,False,False
APT001604,13.1,34,0,True,True,15,False,False
APT001605,2.1,7,20,False,False,24,True,True
APT001606,6.6,16,0,False,False,15,False,False
APT001607,18.7,51,0,True,True,20,False,False
APT001608,17.1,59,12,False,False,15,False,False
APT001609,11.5,29,5,False,False,10,False,False
APT001610,2.6,6,0,True,True,20,False,False
APT001611,23.7,81,12,False,False,17,False,False
APT001612,22.3,69,0,False,False,15,False,False
APT001613,5.8,16,12,False,False,15,False,False
APT001614,22.9,74,7,False,False,10,False,False
APT001615,17.5,57,4,False,False,10,False,False
APT001616,9.6,27,0,False,False,15,False,False
APT001617,3.8,10,0,False,False,15,False,False
APT001618,9.6,22,10,False,False,13,False,False
APT001619,23.2,63,0,False,False,15,False,False
APT001620,14.5,40,0,False,False,20,False,False
APT001621,16.4,40,12,False,False,16,False,False
APT001622,1.8,4,0,True,True,15,False,False
APT001623,5.0,13,0,False,False,20,False,False
APT001624,13.0,36,0,True,True,20,False,False
APT001625,14.5,36,0,True,True,10,False,False
APT001626,3.3,7,4,False,False,10,False,False
APT001627,9.4,26,13,False,False,15,False,False
APT001628,23.3,75,0,False,False,15,False,False
APT001629,11.2,38,0,True,True,10,False,False
APT001630,11.3,29,5,False,False,10,False,False
APT001631,24.7,63,6,False,False,10,False,False
APT001632,20.5,67,0,True,True,20,False,False
APT001633,17.2,45,0,True,True,10,False,False
APT001634,3.1,8,1,False,False,10,False,False
APT001635,17.5,46,1,False,False,10,False,False
APT001636,13.3,34,0,False,False,15,False,False
APT001637,5.5,14,1,False,False,10,False,False
APT001638,4.8,12,0,False,True,15,False,False
APT001639,16.2,42,0,False,False,15,False,False
APT001640,24.4,63,6,False,False,10,False,False
APT001641,6.5,20,0,False,False,10,False,False
APT001642,22.6,71,0,False,False,20,False,False
APT001643,10.6,27,6,False,False,10,False,False
APT001644,2.7,7,13,False,False,15,False,False
APT001645,3.1,8,0,False,False,10,False,False
APT001646,18.2,48,12,False,False,16,False,False
APT001647,15.5,37,2,False,False,10,False,False
APT001648,2.4,6,0,True,True,15,False,False
APT001649,15.8,46,0,True,True,20,False,False
APT001650,10.4,35,6,False,False,10,False,False
APT001651,3.0,8,6,False,False,10,False,False
APT001652,16.2,56,1,False,False,10,False,False
APT001653,5.1,13,19,False,False,23,True,True
APT001654,24.1,63,0,True,True,10,False,False
APT001655,6.6,15,0,False,False,10,False,False
APT001656,19.1,47,0,True,True,15,False,False
APT001657,9.8,22,9,False,False,11,False,False
APT001658,18.8,60,0,False,False,20,False,False
APT001659,3.6,11,0,False,False,15,False,False
APT001660,1.2,4,0,True,True,15,False,False
APT001661,24.8,79,0,True,True,20,False,False
APT001662,2.5,6,6,False,False,10,False,False
APT001663,22.5,50,0,False,False,15,False,False
APT001664,12.3,34,13,False,False,15,False,False
APT001665,8.1,20,0,True,True,15,False,False
APT001666,4.1,12,12,False,False,16,False,False
APT001667,24.6,64,0,False,False,15,False,False
APT001668,21.7,51,0,False,False,20,False,False
APT001669,7.3,18,2,False,False,10,False,False
APT001670,22.4,49,12,False,False,14,False,False
APT001671,24.5,57,0,False,False,15,False,False
APT001672,16.2,49,6,False,False,10,False,False
APT001673,11.1,25,0,True,True,15,False,False
APT001674,18.0,60,6,False,False,10,False,False
APT001675,8.0,22,2,False,False,10,False,False
APT001676,11.2,39,7,False,False,10,False,False
APT001677,23.8,71,6,False,False,10,False,False
APT001678,10.4,25,3,False,False,10,False,False
APT001679,7.9,18,11,False,False,14,False,False
APT001680,22.2,56,0,True,True,15,False,False
APT001681,10.0,23,5,False,False,10,False,False
APT001682,6.3,22,6,False,False,10,False,False
APT001683,11.2,36,6,False,False,10,False,False
APT001684,14.5,41,0,True,True,15,False,False
APT001685,18.4,56,0,True,True,15,False,False
APT001686,23.7,75,2,False,False,10,False,False
APT001687,15.3,51,0,True,True,10,False,False
APT001688,22.4,67,18,False,False,25,True,True
APT001689,22.1,53,4,False,False,10,False,False
APT001690,6.1,20,8,False,False,10,False,False
APT001691,5.2,16,8,False,False,10,False,False
APT001692,5.4,15,0,False,True,15,False,False
APT001693,16.9,59,0,True,True,10,False,False
APT001694,6.4,17,7,False,False,10,False,False
APT001695,22.7,54,0,True,True,10,False,False
APT001696,10.0,32,0,True,True,10,False,False
APT001697,21.5,73,15,False,False,20,False,False
APT001698,8.3,25,0,False,False,20,False,False
APT001699,5.1,13,7,False,False,10,False,False
APT001700,13.4,40,0,False,False,10,False,False
APT001701,15.4,45,7,False,False,10,False,False
APT001702,18.8,47,0,True,True,20,False,False
APT001703,10.5,27,20,False,False,26,True,False
APT001704,16.6,47,0,True,True,15,False,False
APT001705,13.3,41,8,False,False,10,False,False
APT001706,22.9,59,6,False,False,10,False,False
APT001707,19.5,45,0,False,False,10,False,False
APT001708,6.1,21,0,True,True,20,False,False
APT001709,24.7,73,0,True,True,10,False,False
APT001710,24.3,54,0,False,False,15,False,False
APT001711,20.4,55,0,False,False,10,False,False
APT001712,23.4,59,12,False,False,16,False,False
APT001713,1.6,4,8,False,False,10,False,False
APT001714,1.5,4,0,False,False,15,False,False
APT001715,7.7,21,21,False,False,25,True,True
APT001716,24.9,56,15,False,False,21,False,False
APT001717,24.7,55,0,False,False,10,False,False
APT001718,7.2,22,0,False,False,20,False,False
APT001719,1.3,4,0,True,True,15,False,False
APT001720,13.7,34,14,False,False,18,False,False
APT001721,24.8,72,1,False,False,10,False,False
APT001722,5.1,17,7,False,False,10,False,False
APT001723,6.8,18,0,True,True,15,False,False
APT001724,23.8,67,0,False,False,15,False,False
APT001725,20.8,65,0,True,True,10,False,False
APT001726,11.1,30,0,False,False,15,False,False
APT001727,6.5,19,13,False,False,18,False,False
APT001728,20.6,50,0,False,False,15,False,False
APT001729,23.1,81,0,True,True,10,False,False
APT001730,10.7,36,0,False,False,20,False,False
APT001731,19.0,54,0,False,False,20,False,False
APT001732,13.7,36,0,False,False,20,False,False
APT001733,11.7,32,13,False,False,15,False,False
APT001734,15.1,45,0,False,False,10,False,False
APT001735,19.0,53,9,False,False,11,False,False
APT001736,20.8,57,0,True,True,15,False,False
APT001737,9.5,26,10,False,False,13,False,False
APT001738,7.1,18,10,False,False,14,False,False
APT001739,10.3,31,14,False,False,19,False,False
APT001740,1.1,4,0,False,False,15,False,False
APT001741,12.3,39,0,True,True,15,False,False
APT001742,13.2,39,0,True,True,20,False,False
APT001743,10.8,30,6,False,False,10,False,False
APT001744,19.5,67,0,False,False,15,False,False
APT001745,19.7,61,0,False,True,10,False,False
APT001746,10.4,36,20,False,False,26,True,True
APT001747,10.3,24,7,False,False,10,False,False
APT001748,12.5,28,8,False,False,10,False,False
APT001749,19.2,49,0,True,True,10,False,False
APT001750,22.6,51,0,True,True,20,False,False
APT001751,23.0,68,0,True,True,20,False,False
APT001752,24.8,74,20,False,False,22,True,True
APT001753,8.0,20,0,False,False,20,False,False
APT001754,6.8,21,0,True,True,15,False,False
APT001755,22.0,62,0,True,True,15,False,False
APT001756,2.1,7,0,False,True,15,False,False
APT001757,18.2,58,0,True,True,10,False,False
APT001758,5.1,15,6,False,False,10,False,False
APT001759,15.8,36,0,True,True,15,False,False
APT001760,5.4,17,0,False,True,20,False,False
APT001761,7.9,20,1,False,False,10,False,False
APT001762,13.7,32,5,False,False,10,False,False
APT001763,6.0,14,0,True,True,20,False,False
APT001764,6.4,21,7,False,False,10,False,False
APT001765,3.2,11,5,False,False,10,False,False
APT001766,17.8,62,0,False,False,15,False,False
APT001767,23.7,70,6,False,False,10,False,False
APT001768,22.5,50,0,True,True,20,False,False
APT001769,18.3,60,14,False,False,15,False,False
APT001770,8.6,22,0,True,True,15,False,False
APT001771,10.7,34,9,False,False,11,False,False
APT001772,21.3,54,0,False,False,20,False,False
APT001773,17.6,48,0,True,True,15,False,False
APT001774,19.7,46,0,True,True,15,False,False
APT001775,23.7,70,9,False,False,11,False,False
APT001776,18.6,43,4,False,False,10,False,False
APT001777,13.7,31,0,False,True,15,False,False
APT001778,15.8,55,0,True,True,10,False,False
APT001779,16.7,38,0,False,False,20,False,False
APT001780,8.5,20,0,True,True,20,False,False
APT001781,22.6,77,0,False,False,15,False,False
APT001782,15.5,37,4,False,False,10,False,False
APT001783,23.8,71,0,True,True,20,False,False
APT001784,17.5,59,11,False,False,12,False,False
APT001785,3.2,10,0,True,True,15,False,False
APT001786,1.3,4,0,True,True,10,False,False
APT001787,18.2,57,17,False,False,20,True,True
APT001788,10.1,23,13,False,False,16,False,False
APT001789,24.7,59,4,False,False,10,False,False
APT001790,8.8,23,0,True,True,10,False,False
APT001791,11.5,37,12,False,False,14,False,False
APT001792,7.9,19,0,True,True,15,False,False
APT001793,7.9,27,0,False,False,20,False,False
APT001794,2.5,8,4,False,False,10,False,False
APT001795,21.4,54,0,True,True,15,False,False
APT001796,4.0,12,4,False,False,10,False,False
APT001797,17.5,56,9,False,False,11,False,False
APT001798,12.6,28,0,True,True,20,False,False
APT001799,5.4,14,0,False,True,15,False,False
APT001800,11.5,33,0,False,False,15,False,False
APT001801,20.7,48,0,True,True,20,False,False
APT001802,18.6,50,0,True,True,20,False,False
APT001803,16.0,52,0,False,True,15,False,False
APT001804,21.1,52,2,False,False,10,False,False
APT001805,20.5,48,0,False,False,10,False,False
APT001806,24.7,57,0,True,True,10,False,False
APT001807,22.6,78,11,False,False,13,False,False
APT001808,14.0,37,0,True,True,15,False,False
APT001809,24.4,78,0,True,True,10,False,False
APT001810,10.3,33,0,True,True,15,False,False
APT001811,19.7,50,3,False,False,10,False,False
APT001812,13.0,31,0,True,True,15,False,False
APT001813,5.9,17,5,False,False,10,False,False
APT001814,12.0,28,7,False,False,10,False,False
APT001815,12.2,28,5,False,False,10,False,False
APT001816,24.6,60,5,False,False,10,False,False
APT001817,19.6,66,0,False,False,15,False,False
APT001818,4.9,12,0,False,False,20,False,False
APT001819,15.6,44,5,False,False,10,False,False
APT001820,2.1,7,7,False,False,10,False,False
APT001821,5.4,13,1,False,False,10,False,False
APT001822,13.7,43,0,True,True,15,False,False
APT001823,1.6,6,0,True,True,15,False,False
APT001824,7.8,19,0,False,False,15,False,False
APT001825,7.6,24,0,True,True,10,False,False
APT001826,1.9,6,3,False,False,10,False,False
APT001827,8.1,28,0,False,True,15,False,False
APT001828,16.1,42,5,False,False,10,False,False
APT001829,4.9,17,3,False,False,10,False,False
APT001830,13.9,35,0,True,True,20,False,False
APT001831,4.7,14,0,False,True,10,False,False
APT001832,2.4,6,13,False,False,17,False,False
APT001833,23.2,72,7,False,False,10,False,False
APT001834,10.4,34,8,False,False,10,False,False
APT001835,22.0,57,5,False,False,10,False,False
APT001836,20.3,45,7,False,False,10,False,False
APT001837,13.0,45,0,True,True,15,False,False
APT001838,11.7,35,5,False,False,10,False,False
APT001839,4.5,13,2,False,False,10,False,False
APT001840,7.8,26,28,False,False,31,True,False
APT001841,16.3,48,17,False,False,23,True,True
APT001842,22.2,54,3,False,False,10,False,False
APT001843,24.0,67,0,False,False,10,False,False
APT001844,9.3,26,0,True,True,10,False,False
APT001845,4.1,12,3,False,False,10,False,False
APT001846,20.0,67,0,True,True,15,False,False
APT001847,7.2,17,16,False,False,21,True,False
APT001848,9.7,28,6,False,False,10,False,False
APT001849,16.6,58,0,True,True,20,False,False
APT001850,19.5,53,0,False,False,20,False,False
APT001851,6.7,23,18,False,False,20,True,True
APT001852,4.9,15,0,False,False,10,False,False
APT001853,12.1,42,0,True,True,15,False,False
APT001854,11.7,28,0,True,True,10,False,False
APT001855,1.1,4,4,False,False,10,False,False
APT001856,24.3,59,14,False,False,17,False,False
APT001857,7.7,18,0,False,False,15,False,False
APT001858,10.6,25,3,False,False,10,False,False
APT001859,20.2,66,0,False,False,15,False,False
APT001860,10.2,23,10,False,False,12,False,False
APT001861,11.2,34,16,False,False,18,True,True
APT001862,4.0,10,0,False,False,10,False,False
APT001863,6.0,19,15,False,False,19,False,False
APT001864,10.5,30,0,False,False,15,False,False
APT001865,8.8,26,9,False,False,10,False,False
APT001866,7.5,26,0,False,False,20,False,False
APT001867,2.8,7,0,False,False,15,False,False
APT001868,1.7,4,0,False,False,10,False,False
APT001869,7.7,24,0,False,False,20,False,False
APT001870,7.5,19,0,True,True,15,False,False
APT001871,19.5,66,0,False,False,15,False,False
APT001872,19.3,51,0,False,False,20,False,False
APT001873,8.1,27,0,False,False,15,False,False
APT001874,5.9,20,0,False,False,15,False,False
APT001875,2.5,7,0,False,False,15,False,False
APT001876,21.9,50,11,False,False,12,False,False
APT001877,3.5,10,11,False,False,14,False,False
APT001878,21.7,62,0,True,True,15,False,False
APT001879,14.5,41,6,False,False,10,False,False
APT001880,24.9,69,0,False,True,15,False,False
APT001881,24.7,55,0,False,False,15,False,False
APT001882,3.1,10,2,False,False,10,False,False
APT001883,2.9,9,0,True,True,15,False,False
APT001884,22.8,62,0,True,True,15,False,False
APT001885,1.6,4,4,False,False,10,False,False
APT001886,6.3,16,0,True,True,10,False,False
APT001887,11.4,38,0,False,False,10,False,False
APT001888,18.3,43,0,False,False,15,False,False
APT001889,21.8,49,4,False,False,10,False,False
APT001890,8.7,25,0,False,False,10,False,False
APT001891,15.6,38,0,True,True,10,False,False
APT001892,7.5,26,9,False,False,11,False,False
APT001893,11.6,37,2,False,False,10,False,False
APT001894,17.7,45,5,False,False,10,False,False
APT001895,14.1,47,16,False,False,19,True,True
APT001896,22.5,73,0,True,True,10,False,False
APT001897,23.6,57,0,True,True,10,False,False
APT001898,21.6,57,0,False,True,15,False,False
APT001899,5.5,17,7,False,False,10,False,False
APT001900,9.7,28,9,False,False,11,False,False
APT001901,3.0,8,12,False,False,16,False,False
APT001902,3.3,11,7,False,False,10,False,False
APT001903,17.7,49,5,False,False,10,False,False
APT001904,20.4,71,13,False,False,15,False,False
APT001905,18.9,62,7,False,False,10,False,False
APT001906,10.2,35,0,True,True,15,False,False
APT001907,20.2,48,0,False,False,15,False,False
APT001908,20.1,50,22,False,False,30,True,True
APT001909,2.7,6,13,False,False,17,False,False
APT001910,5.6,12,0,False,False,20,False,False
APT001911,5.0,14,0,False,False,10,False,False
APT001912,10.2,23,0,True,True,20,False,False
APT001913,1.6,5,0,False,True,20,False,False
APT001914,21.6,68,8,False,False,10,False,False
APT001915,23.1,52,0,True,True,10,False,False
APT001916,24.0,65,0,False,False,15,False,False
APT001917,18.1,56,0,True,True,15,False,False
APT001918,4.2,12,0,True,True,15,False,False
APT001919,20.5,46,0,True,True,15,False,False
APT001920,3.3,7,0,False,False,10,False,False
APT001921,11.8,26,0,True,True,10,False,False
APT001922,21.8,69,7,False,False,10,False,False
APT001923,9.7,30,18,False,False,24,True,True
APT001924,3.7,10,5,False,False,10,False,False
APT001925,18.5,49,12,False,False,16,False,False
APT001926,8.4,25,12,False,False,16,False,False
APT001927,2.2,7,0,True,True,10,False,False
APT001928,3.4,9,19,False,False,22,True,True
APT001929,16.6,42,6,False,False,10,False,False
APT001930,3.3,8,10,False,False,13,False,False
APT001931,21.4,68,0,True,True,20,False,False
APT001932,10.4,25,0,True,True,15,False,False
APT001933,11.2,37,5,False,False,10,False,False
APT001934,21.3,73,16,False,False,18,True,True
APT001935,21.7,61,0,False,False,10,False,False
APT001936,14.9,40,15,False,False,20,False,False
APT001937,5.7,15,8,False,False,11,False,False
APT001938,23.6,60,0,True,True,20,False,False
APT001939,12.8,41,0,True,True,15,False,False
APT001940,1.7,5,0,False,False,15,False,False
APT001941,15.7,39,5,False,False,10,False,False
APT001942,4.3,10,3,False,False,10,False,False
APT001943,7.3,19,11,False,False,13,False,False
APT001944,9.5,32,12,False,False,14,False,False
APT001945,4.4,11,0,False,False,15,False,False
APT001946,13.9,48,7,False,False,10,False,False
APT001947,21.7,53,0,False,False,15,False,False
APT001948,16.3,46,0,False,False,15,False,False
APT001949,12.8,30,0,False,False,10,False,False
APT001950,13.2,43,1,False,False,10,False,False
APT001951,15.6,46,0,False,False,15,False,False
APT001952,12.4,30,0,False,True,15,False,False
APT001953,24.7,65,0,False,False,15,False,False
APT001954,22.4,61,0,False,False,10,False,False
APT001955,18.3,42,0,True,True,15,False,False
APT001956,2.1,5,0,True,True,15,False,False
APT001957,18.8,48,10,False,False,13,False,False
APT001958,7.7,27,5,False,False,10,False,False
APT001959,10.5,30,0,False,False,15,False,False
APT001960,14.2,32,10,False,False,13,False,False
APT001961,2.6,8,0,True,True,15,False,False
APT001962,10.1,34,7,False,False,10,False,False
APT001963,13.4,33,19,False,False,26,True,False
APT001964,16.6,37,6,False,False,10,False,False
APT001965,14.9,47,0,False,True,15,False,False
APT001966,16.6,56,0,True,True,20,False,False
APT001967,22.6,69,0,True,True,15,False,False
APT001968,12.7,35,0,False,False,15,False,False
APT001969,1.3,4,0,False,True,10,False,False
APT001970,11.0,32,0,True,True,10,False,False
APT001971,14.0,47,7,False,False,10,False,False
APT001972,9.4,28,0,False,False,15,False,False
APT001973,16.2,53,12,False,False,16,False,False
APT001974,14.3,33,9,False,False,11,False,False
APT001975,24.7,61,0,False,False,15,False,False
APT001976,17.9,62,0,True,True,10,False,False
APT001977,21.6,49,0,False,True,10,False,False
APT001978,18.8,62,2,False,False,10,False,False
APT001979,11.9,37,0,False,False,20,False,False
APT001980,14.0,41,0,True,True,15,False,False
APT001981,8.8,21,0,False,False,15,False,False
APT001982,10.6,25,0,True,True,20,False,False
APT001983,7.1,21,13,False,False,15,False,False
APT001984,18.4,52,1,False,False,10,False,False
APT001985,12.3,33,0,True,True,20,False,False
APT001986,8.7,23,6,False,False,10,False,False
APT001987,16.0,55,0,True,True,15,False,False
APT001988,3.8,13,7,False,False,10,False,False
APT001989,20.3,49,0,True,True,20,False,False
APT001990,12.0,40,6,False,False,10,False,False
APT001991,17.9,62,0,False,False,20,False,False
APT001992,8.7,25,0,False,True,10,False,False
APT001993,7.2,17,12,False,False,15,False,False
APT001994,8.0,20,12,False,False,15,False,False
APT001995,9.2,25,0,False,False,15,False,False
APT001996,3.6,12,0,True,True,15,False,False
APT001997,15.4,43,6,False,False,10,False,False
APT001998,1.6,4,3,False,False,10,False,False
APT001999,14.7,51,0,True,True,15,False,False
APT002000,11.2,33,0,True,True,15,False,False
APT002001,8.0,22,11,False,False,12,False,False
APT002002,12.5,34,0,True,True,15,False,False
APT002003,23.4,63,0,True,True,15,False,False
APT002004,23.8,71,0,True,True,20,False,False
APT002005,22.4,63,0,True,True,15,False,False
APT002006,10.4,36,2,False,False,10,False,False
APT002007,13.5,33,0,False,False,10,False,False
APT002008,6.4,19,5,False,False,10,False,False
APT002009,10.7,29,5,False,False,10,False,False
APT002010,3.6,10,0,True,True,20,False,False
APT002011,22.5,76,0,True,True,10,False,False
APT002012,10.2,23,0,False,False,15,False,False
APT002013,3.1,10,0,True,True,10,False,False
APT002014,11.2,31,3,False,False,10,False,False
APT002015,5.7,14,0,True,True,20,False,False
APT002016,3.0,10,16,False,False,19,True,True
APT002017,6.1,18,0,False,True,10,False,False
APT002018,9.8,23,0,False,False,10,False,False
APT002019,18.7,51,4,False,False,10,False,False
APT002020,22.0,67,16,False,False,21,True,True
APT002021,19.0,42,16,False,False,22,True,True
APT002022,18.7,47,0,True,True,10,False,False
APT002023,23.4,75,11,False,False,15,False,False
APT002024,19.5,54,0,False,False,10,False,False
APT002025,8.7,27,0,True,True,15,False,False
APT002026,12.9,29,17,False,False,23,True,True
APT002027,22.4,69,0,False,False,15,False,False
APT002028,9.9,32,0,False,False,20,False,False
APT002029,7.9,18,13,False,False,17,False,False
APT002030,22.1,76,0,True,True,20,False,False
APT002031,11.4,30,9,False,False,12,False,False
APT002032,10.1,28,0,False,False,15,False,False
APT002033,8.9,29,11,False,False,13,False,False
APT002034,7.0,23,22,False,False,25,True,True
APT002035,8.1,26,0,False,False,15,False,False
APT002036,2.6,6,0,False,True,10,False,False
APT002037,16.1,55,18,False,False,20,True,True
APT002038,11.1,26,3,False,False,10,False,False
APT002039,2.8,8,5,False,False,10,False,False
APT002040,23.8,69,0,True,True,20,False,False
APT002041,24.7,70,0,True,True,15,False,False
APT002042,22.8,66,8,False,False,10,False,False
APT002043,15.9,54,3,False,False,10,False,False
APT002044,21.9,60,0,False,True,15,False,False
APT002045,19.0,65,0,False,False,20,False,False
APT002046,16.0,51,2,False,False,10,False,False
APT002047,7.3,24,17,False,False,21,True,True
APT002048,9.1,25,0,False,True,20,False,False
APT002049,13.7,36,0,True,True,10,False,False
APT002050,3.2,10,0,False,True,20,False,False
APT002051,24.4,79,0,False,False,15,False,False
APT002052,8.3,26,0,True,True,10,False,False
APT002053,11.7,36,2,False,False,10,False,False
APT002054,22.9,54,0,False,False,15,False,False
APT002055,21.0,49,6,False,False,10,False,False
APT002056,5.1,14,0,False,False,15,False,False
APT002057,3.1,9,0,True,True,10,False,False
APT002058,17.2,38,0,False,False,15,False,False
APT002059,16.5,53,3,False,False,10,False,False
APT002060,3.2,10,0,False,False,10,False,False
APT002061,22.6,50,0,True,True,10,False,False
APT002062,20.9,71,0,True,True,15,False,False
APT002063,5.8,19,0,True,True,15,False,False
APT002064,17.8,41,0,False,True,20,False,False
APT002065,16.4,39,2,False,False,10,False,False
APT002066,5.1,16,0,True,True,15,False,False
APT002067,3.3,10,13,False,False,17,False,False
APT002068,20.1,60,4,False,False,10,False,False
APT002069,21.3,58,22,False,False,29,True,True
APT002070,8.9,27,0,True,True,15,False,False
APT002071,17.4,54,0,False,False,15,False,False
APT002072,9.4,24,0,False,True,10,False,False
APT002073,10.3,23,0,True,True,15,False,False
APT002074,9.5,26,8,False,False,11,False,False
APT002075,16.9,57,0,False,False,15,False,False
APT002076,18.0,55,0,True,True,15,False,False
APT002077,15.2,47,4,False,False,10,False,False
APT002078,1.7,6,1,False,False,10,False,False
APT002079,19.3,51,2,False,False,10,False,False
APT002080,13.6,46,0,True,True,10,False,False
APT002081,3.9,11,11,False,False,15,False,False
APT002082,2.2,7,0,True,True,15,False,False
APT002083,23.7,64,0,True,True,15,False,False
APT002084,4.2,13,5,False,False,10,False,False
APT002085,19.5,49,8,False,False,10,False,False
APT002086,15.6,35,0,True,True,20,False,False
APT002087,13.4,40,1,False,False,10,False,False
APT002088,6.0,19,0,True,True,10,False,False
APT002089,16.8,51,0,True,True,20,False,False
APT002090,7.3,21,24,False,False,33,True,True
APT002091,13.9,39,0,False,False,10,False,False
APT002092,19.7,68,17,False,False,20,True,True
APT002093,1.5,4,0,True,True,20,False,False
APT002094,4.5,15,0,True,True,15,False,False
APT002095,17.5,45,0,False,False,15,False,False
APT002096,24.5,63,0,False,True,20,False,False
APT002097,7.5,21,8,False,False,10,False,False
APT002098,10.3,35,0,False,False,20,False,False
APT002099,1.7,5,16,False,False,20,True,True
APT002100,17.2,49,9,False,False,10,False,False
APT002101,19.6,62,0,False,False,15,False,False
APT002102,24.0,77,18,False,False,22,True,True
APT002103,3.7,8,0,True,True,20,False,False
APT002104,7.4,22,0,False,False,15,False,False
APT002105,15.5,41,0,True,True,20,False,False
APT002106,11.6,39,6,False,False,10,False,False
APT002107,12.0,41,5,False,False,10,False,False
APT002108,15.2,40,0,True,True,15,False,False
APT002109,7.1,21,5,False,False,10,False,False
APT002110,18.2,50,20,False,False,23,True,True
APT002111,2.3,6,0,True,True,10,False,False
APT002112,2.6,9,0,True,True,15,False,False
APT002113,13.8,47,14,False,False,18,False,False
APT002114,6.5,18,0,True,True,15,False,False
APT002115,18.2,45,0,False,False,10,False,False
APT002116,19.8,59,2,False,False,10,False,False
APT002117,2.8,10,0,True,True,15,False,False
APT002118,7.7,21,0,True,True,15,False,False
APT002119,23.6,53,0,True,True,15,False,False
APT002120,5.8,16,3,False,False,10,False,False
APT002121,22.2,53,18,False,False,21,True,False
APT002122,24.8,74,0,True,True,20,False,False
APT002123,5.7,13,0,False,False,15,False,False
APT002124,6.8,18,11,False,False,13,False,False
APT002125,11.5,33,20,False,False,23,True,True
APT002126,12.1,42,9,False,False,10,False,False
APT002127,11.9,40,0,True,True,15,False,False
APT002128,19.8,57,7,False,False,10,False,False
APT002129,2.0,5,0,True,True,10,False,False
APT002130,21.1,49,4,False,False,10,False,False
APT002131,8.2,26,1,False,False,10,False,False
APT002132,1.0,3,3,False,False,10,False,False
APT002133,17.9,40,0,True,True,10,False,False
APT002134,18.1,45,0,True,True,10,False,False
APT002135,15.1,51,0,False,False,20,False,False
APT002136,5.5,17,0,True,True,15,False,False
APT002137,18.4,51,10,False,False,11,False,False
APT002138,18.4,45,8,False,False,10,False,False
APT002139,8.8,28,10,False,False,11,False,False
APT002140,14.9,46,13,False,False,15,False,False
APT002141,4.8,14,0,True,True,20,False,False
APT002142,24.2,75,0,False,True,15,False,False
APT002143,9.8,30,0,False,False,15,False,False
APT002144,24.8,66,7,False,False,10,False,False
APT002145,22.0,50,17,False,False,19,True,True
APT002146,16.1,43,4,False,False,10,False,False
APT002147,18.9,50,0,True,True,20,False,False
APT002148,5.3,14,0,True,True,20,False,False
APT002149,16.5,49,0,True,True,15,False,False
APT002150,5.8,19,0,True,True,20,False,False
APT002151,8.7,29,11,False,False,15,False,False
APT002152,17.0,57,0,False,False,10,False,False
APT002153,9.0,30,5,False,False,10,False,False
APT002154,18.9,46,3,False,False,10,False,False
APT002155,16.1,54,0,True,True,10,False,False
APT002156,18.6,44,0,True,True,15,False,False
APT002157,1.6,4,0,True,True,15,False,False
APT002158,2.7,9,0,False,False,10,False,False
APT002159,2.4,5,8,False,False,10,False,False
APT002160,13.5,38,4,False,False,10,False,False
APT002161,2.7,7,4,False,False,10,False,False
APT002162,6.5,18,9,False,False,11,False,False
APT002163,7.3,16,0,True,True,15,False,False
APT002164,23.7,63,0,True,True,15,False,False
APT002165,8.7,27,0,True,True,15,False,False
APT002166,15.2,40,1,False,False,10,False,False
APT002167,13.1,32,7,False,False,10,False,False
APT002168,9.1,27,9,False,False,13,False,False
APT002169,11.2,34,11,False,False,14,False,False
APT002170,7.7,18,0,True,True,15,False,False
APT002171,12.9,37,2,False,False,10,False,False
APT002172,15.6,39,5,False,False,10,False,False
APT002173,5.3,16,0,False,False,10,False,False
APT002174,20.5,54,0,True,True,15,False,False
APT002175,7.5,23,14,False,False,17,False,False
APT002176,19.6,54,7,False,False,10,False,False
APT002177,16.4,47,0,True,True,10,False,False
APT002178,2.0,6,0,True,True,20,False,False
APT002179,22.4,76,15,False,False,19,False,False
APT002180,2.6,6,0,True,True,20,False,False
APT002181,15.0,48,10,False,False,13,False,False
APT002182,1.3,3,0,False,False,15,False,False
APT002183,11.5,31,6,False,False,10,False,False
APT002184,11.7,36,0,False,False,15,False,False
APT002185,14.4,32,0,True,True,20,False,False
APT002186,8.6,22,2,False,False,10,False,False
APT002187,3.1,7,0,True,True,10,False,False
APT002188,14.8,39,15,False,False,17,False,False
APT002189,1.4,5,0,True,True,15,False,False
APT002190,17.1,57,0,True,True,15,False,False
APT002191,19.7,64,4,False,False,10,False,False
APT002192,8.9,21,0,True,True,15,False,False
APT002193,24.5,72,3,False,False,10,False,False
APT002194,13.8,34,1,False,False,10,False,False
APT002195,19.4,65,0,True,True,15,False,False
APT002196,6.3,20,6,False,False,10,False,False
APT002197,15.2,46,7,False,False,10,False,False
APT002198,15.6,35,0,True,True,15,False,False
APT002199,17.9,42,0,False,True,15,False,False
APT002200,1.4,4,0,False,True,15,False,False
APT002201,13.7,48,0,True,True,10,False,False
APT002202,12.5,35,9,False,False,11,False,False
APT002203,11.2,25,2,False,False,10,False,False
APT002204,9.3,30,0,False,False,10,False,False
APT002205,19.1,60,0,True,True,20,False,False
APT002206,18.1,41,0,False,False,10,False,False
APT002207,21.6,53,7,False,False,10,False,False
APT002208,11.5,36,15,False,False,17,False,False
APT002209,9.2,26,0,False,False,15,False,False
APT002210,7.3,25,0,True,True,10,False,False
APT002211,18.4,42,0,False,False,15,False,False
APT002212,7.0,23,15,False,False,20,False,False
APT002213,23.5,66,0,True,True,20,False,False
APT002214,5.3,13,1,False,False,10,False,False
APT002215,11.8,35,8,False,False,10,False,False
APT002216,1.8,5,0,False,True,20,False,False
APT002217,19.5,65,0,True,True,15,False,False
APT002218,7.5,26,19,False,False,26,True,True
APT002219,7.5,25,7,False,False,10,False,False
APT002220,22.4,67,0,False,False,20,False,False
APT002221,14.2,35,0,False,False,10,False,False
APT002222,18.8,59,0,False,True,15,False,False
APT002223,8.5,26,0,False,False,10,False,False
APT002224,13.1,32,0,False,True,20,False,False
APT002225,23.3,64,0,True,True,20,False,False
APT002226,11.9,32,0,True,True,10,False,False
APT002227,8.0,18,1,False,False,10,False,False
APT002228,3.7,11,0,True,True,15,False,False
APT002229,16.7,58,8,False,False,10,False,False
APT002230,21.5,74,18,False,False,20,True,True
APT002231,9.1,24,6,False,False,10,False,False
APT002232,9.6,28,0,False,False,15,False,False
APT002233,8.4,23,8,False,False,11,False,False
APT002234,6.6,20,0,False,False,15,False,False
APT002235,5.6,13,0,True,True,15,False,False
APT002236,15.6,37,0,True,True,15,False,False
APT002237,20.0,53,0,False,False,20,False,False
APT002238,15.2,43,6,False,False,10,False,False
APT002239,17.3,46,0,True,True,15,False,False
APT002240,24.2,54,0,False,False,15,False,False
APT002241,20.7,70,0,True,True,15,False,False
APT002242,15.9,50,0,False,False,20,False,False
APT002243,21.2,74,20,False,False,22,True,True
APT002244,16.2,52,0,True,True,20,False,False
APT002245,3.0,10,9,False,False,11,False,False
APT002246,15.6,42,0,False,False,10,False,False
APT002247,23.7,64,0,False,False,15,False,False
APT002248,18.9,64,0,False,False,20,False,False
APT002249,7.4,19,0,False,False,10,False,False
APT002250,19.4,65,11,False,False,15,False,False
APT002251,17.6,57,3,False,False,10,False,False
APT002252,22.9,60,0,False,True,15,False,False
APT002253,13.7,48,8,False,False,10,False,False
APT002254,6.1,17,0,False,False,10,False,False
APT002255,12.0,35,7,False,False,10,False,False
APT002256,18.1,57,0,True,True,20,False,False
APT002257,7.0,24,0,True,True,15,False,False
APT002258,14.7,35,0,False,False,15,False,False
APT002259,15.1,35,17,False,False,23,True,True
APT002260,20.5,49,0,False,True,15,False,False
APT002261,16.3,36,0,True,True,15,False,False
APT002262,12.2,31,0,False,True,15,False,False
APT002263,8.4,23,0,True,True,10,False,False
APT002264,9.8,29,15,False,False,17,False,False
APT002265,10.5,28,15,False,False,20,False,False
APT002266,21.1,70,0,False,True,20,False,False
APT002267,12.6,30,11,False,False,13,False,False
APT002268,2.4,6,21,False,False,26,True,True
APT002269,18.3,44,0,True,True,20,False,False
APT002270,9.7,31,13,False,False,17,False,False
APT002271,7.8,20,3,False,False,10,False,False
APT002272,18.7,63,13,False,False,15,False,False
APT002273,10.6,36,4,False,False,10,False,False
APT002274,11.4,29,0,False,False,10,False,False
APT002275,3.5,12,0,False,False,15,False,False
APT002276,21.2,70,0,False,False,15,False,False
APT002277,6.7,21,0,True,True,20,False,False
APT002278,17.3,59,8,False,False,10,False,False
APT002279,3.6,10,5,False,False,10,False,False
APT002280,8.2,20,8,False,False,10,False,False
APT002281,2.7,7,0,False,False,20,False,False
APT002282,7.2,19,0,True,True,15,False,False
APT002283,8.4,21,0,False,False,15,False,False
APT002284,13.6,43,9,False,False,11,False,False
APT002285,12.1,30,2,False,False,10,False,False
APT002286,21.5,51,0,True,True,20,False,False
APT002287,18.3,52,2,False,False,10,False,False
APT002288,12.6,29,7,False,False,10,False,False
APT002289,2.3,6,9,False,False,12,False,False
APT002290,16.6,43,0,True,True,10,False,False
APT002291,8.0,24,0,True,True,15,False,False
APT002292,23.8,66,0,False,False,10,False,False
APT002293,5.3,14,0,True,True,15,False,False
APT002294,9.4,23,0,False,False,10,False,False
APT002295,1.8,4,5,False,False,10,False,False
APT002296,10.0,30,0,True,True,15,False,False
APT002297,20.8,70,10,False,False,13,False,False
APT002298,5.6,15,0,False,False,10,False,False
APT002299,20.4,46,2,False,False,10,False,False
APT002300,6.0,17,0,True,True,20,False,False
APT002301,7.7,24,0,False,False,10,False,False
APT002302,6.9,21,8,False,False,10,False,False
APT002303,10.1,23,0,False,False,20,False,False
APT002304,19.2,49,0,False,False,20,False,False
APT002305,5.5,17,8,False,False,10,False,False
APT002306,15.0,34,0,False,False,15,False,False
APT002307,19.3,44,10,False,False,13,False,False
APT002308,8.0,19,0,False,True,20,False,False
APT002309,10.0,28,0,True,True,20,False,False
APT002310,1.3,4,0,True,True,15,False,False
APT002311,5.4,15,9,False,False,11,False,False
APT002312,11.0,28,0,True,True,10,False,False
APT002313,10.8,35,0,True,True,15,False,False
APT002314,3.1,7,1,False,False,10,False,False
APT002315,17.4,61,19,False,False,24,True,True
APT002316,14.8,51,13,False,False,17,False,False
APT002317,3.5,12,0,False,True,10,False,False
APT002318,14.5,33,0,True,True,15,False,False
APT002319,4.3,12,6,False,False,10,False,False
APT002320,8.6,23,0,False,True,15,False,False
APT002321,23.4,65,0,False,True,20,False,False
APT002322,14.1,34,8,False,False,10,False,False
APT002323,8.3,29,0,True,True,15,False,False
APT002324,24.4,64,0,True,True,15,False,False
APT002325,22.2,74,0,False,False,10,False,False
APT002326,4.3,12,1,False,False,10,False,False
APT002327,3.5,10,0,False,False,20,False,False
APT002328,4.5,15,8,False,False,10,False,False
APT002329,18.6,60,4,False,False,10,False,False
APT002330,14.4,32,6,False,False,10,False,False
APT002331,24.9,57,8,False,False,11,False,False
APT002332,11.7,27,8,False,False,10,False,False
APT002333,20.2,59,0,False,False,15,False,False
APT002334,15.2,48,3,False,False,10,False,False
APT002335,11.0,38,0,False,False,20,False,False
APT002336,15.3,38,5,False,False,10,False,False
APT002337,3.4,11,13,False,False,17,False,False
APT002338,15.5,53,0,True,True,10,False,False
APT002339,21.6,66,0,True,True,15,False,False
APT002340,15.8,55,0,False,False,10,False,False
APT002341,22.3,75,0,False,False,15,False,False
APT002342,20.2,51,14,False,False,17,False,False
APT002343,21.3,60,13,False,False,15,False,False
APT002344,5.7,18,0,True,True,20,False,False
APT002345,22.5,75,0,True,True,20,False,False
APT002346,10.4,34,0,False,False,15,False,False
APT002347,5.2,15,0,True,True,15,False,False
APT002348,19.2,51,0,True,True,15,False,False
APT002349,13.1,40,14,False,False,19,False,False
APT002350,5.9,19,19,False,False,21,True,False
APT002351,18.3,64,0,True,True,15,False,False
APT002352,18.9,59,13,False,False,18,False,False
APT002353,10.1,33,18,False,False,21,True,True
APT002354,17.0,37,0,True,True,20,False,False
APT002355,20.8,72,0,True,True,20,False,False
APT002356,4.3,13,1,False,False,10,False,False
APT002357,17.5,40,2,False,False,10,False,False
APT002358,9.3,25,0,True,True,15,False,False
APT002359,12.5,40,0,True,True,20,False,False
APT002360,14.7,33,10,False,False,12,False,False
APT002361,20.0,61,12,False,False,16,False,False
APT002362,18.7,56,0,True,True,20,False,False
APT002363,18.3,44,6,False,False,10,False,False
APT002364,11.4,28,0,True,True,15,False,False
APT002365,14.0,35,0,False,False,10,False,False
APT002366,8.6,28,0,False,False,15,False,False
APT002367,19.7,61,0,False,False,15,False,False
APT002368,12.4,33,0,True,True,15,False,False
APT002369,10.0,25,0,False,False,10,False,False
APT002370,6.1,18,13,False,False,15,False,False
APT002371,9.7,26,0,False,False,20,False,False
APT002372,1.1,3,9,False,False,12,False,False
APT002373,16.6,46,0,False,False,20,False,False
APT002374,18.4,46,5,False,False,10,False,False
APT002375,6.2,14,0,True,True,10,False,False
APT002376,11.3,37,2,False,False,10,False,False
APT002377,14.5,44,12,False,False,16,False,False
APT002378,9.7,24,1,False,False,10,False,False
APT002379,8.0,23,13,False,False,17,False,False
APT002380,8.7,25,4,False,False,10,False,False
APT002381,15.8,53,4,False,False,10,False,False
APT002382,9.6,32,4,False,False,10,False,False
APT002383,13.2,42,0,False,False,20,False,False
APT002384,3.6,12,14,False,False,18,False,False
APT002385,3.3,11,0,False,False,10,False,False
APT002386,16.2,54,0,True,True,10,False,False
APT002387,18.2,55,0,False,False,15,False,False
APT002388,12.9,33,5,False,False,10,False,False
APT002389,1.1,3,0,False,False,15,False,False
APT002390,1.7,5,5,False,False,10,False,False
APT002391,1.4,4,0,True,True,15,False,False
APT002392,23.8,62,0,False,False,20,False,False
APT002393,8.5,22,10,False,False,12,False,False
APT002394,15.1,35,6,False,False,10,False,False
APT002395,12.1,28,14,False,False,16,False,False
APT002396,13.6,33,0,False,False,10,False,False
APT002397,19.7,58,0,True,True,15,False,False
APT002398,21.8,68,16,False,False,22,True,True
APT002399,3.1,10,11,False,False,15,False,False
APT002400,8.8,27,0,True,True,10,False,False
APT002401,19.5,53,0,True,True,20,False,False
APT002402,5.6,19,0,True,True,20,False,False
APT002403,8.0,26,0,False,True,20,False,False
APT002404,17.0,45,18,False,False,22,True,True
APT002405,3.3,7,0,False,True,20,False,False
APT002406,17.2,43,0,True,True,15,False,False
APT002407,16.3,46,0,True,True,10,False,False
APT002408,11.0,29,6,False,False,10,False,False
APT002409,1.2,4,2,False,False,10,False,False
APT002410,3.4,9,0,True,True,15,False,False
APT002411,23.3,59,0,True,True,15,False,False
APT002412,21.2,65,16,False,False,20,True,True
APT002413,6.5,16,0,True,True,20,False,False
APT002414,11.1,36,11,False,False,13,False,False
APT002415,6.7,15,7,False,False,10,False,False
APT002416,6.3,16,4,False,False,10,False,False
APT002417,4.9,13,0,False,False,20,False,False
APT002418,7.9,19,7,False,False,10,False,False
APT002419,23.0,69,3,False,False,10,False,False
APT002420,24.8,72,13,False,False,18,False,False
APT002421,3.4,8,3,False,False,10,False,False
APT002422,3.4,12,0,False,False,10,False,False
APT002423,10.9,27,1,False,False,10,False,False
APT002424,7.8,24,0,False,False,10,False,False
APT002425,2.9,9,8,False,False,10,False,False
APT002426,12.5,31,8,False,False,10,False,False
APT002427,8.3,19,3,False,False,10,False,False
APT002428,16.1,37,0,True,True,10,False,False
APT002429,22.9,78,11,False,False,14,False,False
APT002430,17.0,40,0,True,True,10,False,False
APT002431,8.5,25,7,False,False,10,False,False
APT002432,20.1,64,0,False,True,10,False,False
APT002433,5.6,19,6,False,False,10,False,False
APT002434,10.1,25,0,True,True,20,False,False
APT002435,22.4,61,1,False,False,10,False,False
APT002436,3.2,9,6,False,False,10,False,False
APT002437,21.3,51,11,False,False,14,False,False
APT002438,18.4,45,0,True,True,10,False,False
APT002439,13.8,37,0,True,True,15,False,False
APT002440,21.4,69,12,False,False,16,False,False
APT002441,8.6,28,0,False,True,10,False,False
APT002442,13.7,39,0,True,True,15,False,False
APT002443,7.3,21,8,False,False,11,False,False
APT002444,18.6,63,17,False,False,23,True,True
APT002445,13.4,40,3,False,False,10,False,False
APT002446,11.3,37,6,False,False,10,False,False
APT002447,23.9,71,0,False,True,20,False,False
APT002448,14.5,43,18,False,False,20,True,True
APT002449,5.6,13,3,False,False,10,False,False
APT002450,20.0,47,7,False,False,10,False,False
APT002451,8.9,31,7,False,False,10,False,False
APT002452,11.9,39,17,False,False,20,True,False
APT002453,7.3,24,0,False,False,20,False,False
APT002454,10.9,25,0,True,True,15,False,False
APT002455,17.5,40,8,False,False,10,False,False
APT002456,22.8,73,7,False,False,10,False,False
APT002457,24.5,73,0,True,True,10,False,False
APT002458,12.1,36,5,False,False,10,False,False
APT002459,14.6,37,0,True,True,15,False,False
APT002460,4.5,10,8,False,False,11,False,False
APT002461,21.3,65,1,False,False,10,False,False
APT002462,12.2,32,21,False,False,26,True,True
APT002463,16.1,41,5,False,False,10,False,False
APT002464,3.2,8,8,False,False,10,False,False
APT002465,13.4,32,5,False,False,10,False,False
APT002466,21.0,54,0,False,True,20,False,False
APT002467,14.6,33,0,True,True,15,False,False
APT002468,22.8,69,0,True,True,20,False,False
APT002469,24.3,74,2,False,False,10,False,False
APT002470,13.0,38,12,False,False,16,False,False
APT002471,10.1,35,0,False,False,10,False,False
APT002472,8.3,25,3,False,False,10,False,False
APT002473,21.4,54,0,True,True,20,False,False
APT002474,11.0,36,0,False,False,15,False,False
APT002475,14.1,33,0,True,True,20,False,False
APT002476,12.0,42,0,False,True,15,False,False
APT002477,10.1,24,0,True,True,20,False,False
APT002478,12.1,38,0,False,True,15,False,False
APT002479,16.3,36,0,False,False,15,False,False
APT002480,23.5,69,0,True,True,20,False,False
APT002481,12.0,30,0,False,False,15,False,False
APT002482,10.4,29,10,False,False,11,False,False
APT002483,12.0,30,11,False,False,15,False,False
APT002484,7.2,19,0,True,True,10,False,False
APT002485,13.8,42,4,False,False,10,False,False
APT002486,12.6,41,0,True,True,20,False,False
APT002487,5.5,18,1,False,False,10,False,False
APT002488,16.3,49,0,True,True,15,False,False
APT002489,21.1,47,0,True,True,15,False,False
APT002490,21.4,53,17,False,False,24,True,True
APT002491,9.4,23,9,False,False,10,False,False
APT002492,3.5,11,0,True,True,20,False,False
APT002493,20.5,47,15,False,False,17,False,False
APT002494,9.2,27,0,True,True,15,False,False
APT002495,17.3,40,0,True,True,10,False,False
APT002496,18.3,52,9,False,False,12,False,False
APT002497,15.8,54,18,False,False,23,True,False
APT002498,12.3,32,0,True,True,20,False,False
APT002499,10.2,31,0,True,True,10,False,False
APT002500,14.7,36,11,False,False,15,False,False
APT002501,19.0,45,9,False,False,10,False,False
APT002502,6.5,17,0,True,True,20,False,False
APT002503,3.2,10,0,True,True,15,False,False
APT002504,8.0,21,0,False,True,15,False,False
APT002505,8.0,24,10,False,False,12,False,False
APT002506,5.8,14,0,False,False,15,False,False
APT002507,12.1,35,0,True,True,15,False,False
APT002508,17.2,38,6,False,False,10,False,False
APT002509,3.6,11,0,True,True,15,False,False
APT002510,19.5,44,0,True,True,20,False,False
APT002511,17.2,52,0,True,True,15,False,False
APT002512,21.5,74,7,False,False,10,False,False
APT002513,1.8,5,12,False,False,14,False,False
APT002514,22.8,79,0,False,True,15,False,False
APT002515,3.8,10,0,False,False,10,False,False
APT002516,23.9,66,15,False,False,19,False,False
APT002517,19.4,49,0,False,False,10,False,False
APT002518,1.3,4,16,False,False,18,True,False
APT002519,8.6,27,0,False,False,10,False,False
APT002520,3.5,8,0,False,False,10,False,False
APT002521,2.6,6,3,False,False,10,False,False
APT002522,15.9,54,0,False,False,15,False,False
APT002523,17.7,60,1,False,False,10,False,False
APT002524,22.5,67,12,False,False,14,False,False
APT002525,11.6,36,2,False,False,10,False,False
APT002526,12.3,29,0,False,False,15,False,False
APT002527,3.7,12,0,False,True,15,False,False
APT002528,10.5,27,2,False,False,10,False,False
APT002529,9.4,27,0,False,False,20,False,False
APT002530,21.8,49,0,False,False,10,False,False
APT002531,21.6,75,21,False,False,26,True,True
APT002532,24.3,84,0,False,False,10,False,False
APT002533,3.3,10,0,True,True,15,False,False
APT002534,21.1,54,0,True,True,20,False,False
APT002535,12.5,32,14,False,False,17,False,False
APT002536,8.7,28,2,False,False,10,False,False
APT002537,21.8,68,0,True,True,20,False,False
APT002538,3.5,11,0,True,True,15,False,False
APT002539,5.9,19,0,True,True,15,False,False
APT002540,23.7,75,2,False,False,10,False,False
APT002541,4.2,13,2,False,False,10,False,False
APT002542,6.7,17,0,True,True,10,False,False
APT002543,11.1,34,0,False,False,10,False,False
APT002544,21.1,72,0,False,False,15,False,False
APT002545,15.5,36,0,False,False,15,False,False
APT002546,16.5,49,6,False,False,10,False,False
APT002547,8.0,20,6,False,False,10,False,False
APT002548,14.5,46,0,True,True,10,False,False
APT002549,15.0,36,14,False,False,16,False,False
APT002550,24.3,77,6,False,False,10,False,False
APT002551,7.3,25,0,False,False,10,False,False
APT002552,24.5,66,9,False,False,10,False,False
APT002553,22.7,61,11,False,False,12,False,False
APT002554,1.1,4,7,False,False,10,False,False
APT002555,19.5,61,4,False,False,10,False,False
APT002556,19.2,62,0,True,True,15,False,False
APT002557,20.7,60,0,True,True,15,False,False
APT002558,3.9,11,0,False,False,15,False,False
APT002559,1.9,6,9,False,False,10,False,False
APT002560,9.6,23,0,False,False,15,False,False
APT002561,6.0,15,11,False,False,12,False,False
APT002562,4.7,14,7,False,False,10,False,False
APT002563,17.1,43,6,False,False,10,False,False
APT002564,11.5,39,9,False,False,12,False,False
APT002565,18.0,45,0,True,True,15,False,False
APT002566,13.9,45,0,True,True,15,False,False
APT002567,1.5,4,1,False,False,10,False,False
APT002568,14.3,44,0,False,False,15,False,False
APT002569,17.8,43,4,False,False,10,False,False
APT002570,7.4,17,4,False,False,10,False,False
APT002571,24.8,82,0,False,False,15,False,False
APT002572,17.2,55,5,False,False,10,False,False
APT002573,14.5,48,7,False,False,10,False,False
APT002574,19.3,65,12,False,False,15,False,False
APT002575,22.2,59,7,False,False,10,False,False
APT002576,23.7,63,0,False,True,15,False,False
APT002577,3.0,8,5,False,False,10,False,False
APT002578,2.0,4,7,False,False,10,False,False
APT002579,20.6,56,0,True,True,15,False,False
APT002580,13.1,31,17,False,False,24,True,True
APT002581,8.5,25,3,False,False,10,False,False
APT002582,24.1,60,2,False,False,10,False,False
APT002583,16.7,38,4,False,False,10,False,False
APT002584,15.3,38,0,False,False,15,False,False
APT002585,9.1,25,10,False,False,14,False,False
APT002586,22.3,72,7,False,False,10,False,False
APT002587,9.9,28,3,False,False,10,False,False
APT002588,15.4,44,15,False,False,18,False,False
APT002589,11.9,40,0,False,False,15,False,False
APT002590,5.0,12,13,False,False,17,False,False
APT002591,23.4,55,7,False,False,10,False,False
APT002592,8.4,21,0,True,True,20,False,False
APT002593,10.7,36,5,False,False,10,False,False
APT002594,9.6,28,2,False,False,10,False,False
APT002595,22.4,76,6,False,False,10,False,False
APT002596,2.2,6,14,False,False,18,False,False
APT002597,21.9,51,20,False,False,22,True,True
APT002598,15.3,39,0,False,True,10,False,False
APT002599,19.8,61,0,True,True,15,False,False
APT002600,15.5,52,3,False,False,10,False,False
APT002601,13.2,34,2,False,False,10,False,False
APT002602,6.0,14,2,False,False,10,False,False
APT002603,12.4,32,7,False,False,10,False,False
APT002604,15.6,54,0,False,True,15,False,False
APT002605,24.7,84,0,True,True,20,False,False
APT002606,11.7,26,0,False,False,10,False,False
APT002607,9.3,25,5,False,False,10,False,False
APT002608,7.3,19,2,False,False,10,False,False
APT002609,11.8,40,4,False,False,10,False,False
APT002610,7.6,26,0,True,True,15,False,False
APT002611,11.2,39,0,True,True,15,False,False
APT002612,2.7,8,22,False,False,26,True,True
APT002613,17.6,47,0,False,True,15,False,False
APT002614,13.8,35,0,False,False,15,False,False
APT002615,8.5,29,11,False,False,13,False,False
APT002616,2.1,5,5,False,False,10,False,False
APT002617,8.8,22,0,True,True,10,False,False
APT002618,19.2,59,6,False,False,10,False,False
APT002619,17.2,46,2,False,False,10,False,False
APT002620,18.0,43,0,True,True,15,False,False
APT002621,3.2,7,13,False,False,15,False,False
APT002622,24.4,85,0,True,True,15,False,False
APT002623,14.0,43,7,False,False,10,False,False
APT002624,5.0,13,10,False,False,13,False,False
APT002625,12.0,33,0,False,False,20,False,False
APT002626,5.5,16,3,False,False,10,False,False
APT002627,12.8,41,6,False,False,10,False,False
APT002628,16.1,48,0,False,False,15,False,False
APT002629,1.9,6,5,False,False,10,False,False
APT002630,14.8,43,18,False,False,21,True,True
APT002631,8.7,29,0,True,True,10,False,False
APT002632,22.4,70,0,True,True,20,False,False
APT002633,6.4,16,22,False,False,29,True,True
APT002634,25.0,59,0,False,True,15,False,False
APT002635,14.2,46,17,False,False,20,True,True
APT002636,11.1,29,2,False,False,10,False,False
APT002637,22.0,73,0,False,False,10,False,False
APT002638,11.5,37,16,False,False,22,True,True
APT002639,15.4,41,0,False,False,10,False,False
APT002640,14.5,47,1,False,False,10,False,False
APT002641,3.2,8,8,False,False,10,False,False
APT002642,19.6,58,0,False,True,20,False,False
APT002643,2.6,8,13,False,False,15,False,False
APT002644,9.2,25,0,True,True,10,False,False
APT002645,10.9,32,0,False,False,15,False,False
APT002646,24.7,82,0,True,True,10,False,False
APT002647,9.0,28,0,True,True,10,False,False
APT002648,24.3,54,6,False,False,10,False,False
APT002649,9.4,29,6,False,False,10,False,False
APT002650,20.3,53,0,True,True,20,False,False
APT002651,7.1,21,0,True,True,10,False,False
APT002652,14.7,46,0,False,False,10,False,False
APT002653,3.3,10,0,True,True,15,False,False
APT002654,1.2,4,3,False,False,10,False,False
APT002655,6.1,14,0,False,True,10,False,False
APT002656,13.8,31,0,False,False,20,False,False
APT002657,6.5,16,0,True,True,10,False,False
APT002658,3.2,9,6,False,False,10,False,False
APT002659,5.7,15,0,False,False,20,False,False
APT002660,5.7,19,0,False,False,15,False,False
APT002661,16.3,40,6,False,False,10,False,False
APT002662,18.1,54,11,False,False,15,False,False
APT002663,1.2,3,0,True,True,20,False,False
APT002664,7.3,20,6,False,False,10,False,False
APT002665,9.3,25,4,False,False,10,False,False
APT002666,23.6,58,0,False,False,20,False,False
APT002667,16.1,55,0,False,True,10,False,False
APT002668,20.3,64,0,False,False,20,False,False
APT002669,15.5,42,4,False,False,10,False,False
APT002670,24.4,77,8,False,False,11,False,False
APT002671,8.5,23,5,False,False,10,False,False
APT002672,14.1,37,0,False,False,10,False,False
APT002673,23.9,75,9,False,False,12,False,False
APT002674,20.7,64,0,True,True,10,False,False
APT002675,6.4,19,7,False,False,10,False,False
APT002676,14.2,40,7,False,False,10,False,False
APT002677,7.2,21,0,False,False,10,False,False
APT002678,14.6,44,2,False,False,10,False,False
APT002679,1.1,3,5,False,False,10,False,False
APT002680,24.8,77,0,False,False,20,False,False
APT002681,3.3,11,0,True,True,15,False,False
APT002682,19.3,45,14,False,False,16,False,False
APT002683,2.4,8,15,False,False,17,False,False
APT002684,12.4,42,0,True,True,15,False,False
APT002685,8.6,25,1,False,False,10,False,False
APT002686,20.3,47,0,True,True,10,False,False
APT002687,15.5,36,12,False,False,17,False,False
APT002688,23.7,55,0,False,False,10,False,False
APT002689,19.8,68,2,False,False,10,False,False
APT002690,12.1,41,0,False,False,10,False,False
APT002691,21.5,53,0,False,False,10,False,False
APT002692,1.7,6,0,True,True,10,False,False
APT002693,19.2,50,16,False,False,22,True,True
APT002694,8.2,28,14,False,False,17,False,False
APT002695,2.5,6,0,False,False,20,False,False
APT002696,3.6,11,4,False,False,10,False,False
APT002697,15.4,44,13,False,False,15,False,False
APT002698,10.4,25,7,False,False,10,False,False
APT002699,4.7,15,3,False,False,10,False,False
APT002700,11.5,36,10,False,False,11,False,False
APT002701,6.2,16,2,False,False,10,False,False
APT002702,21.7,58,8,False,False,11,False,False
APT002703,8.6,23,0,False,False,20,False,False
APT002704,12.9,30,1,False,False,10,False,False
APT002705,16.1,52,0,False,False,10,False,False
APT002706,21.9,65,4,False,False,10,False,False
APT002707,16.3,52,0,True,True,15,False,False
APT002708,22.0,72,7,False,False,10,False,False
APT002709,7.7,17,1,False,False,10,False,False
APT002710,22.0,61,10,False,False,14,False,False
APT002711,20.6,61,16,False,False,19,True,True
APT002712,19.4,62,9,False,False,11,False,False
APT002713,22.8,62,0,False,False,15,False,False
APT002714,10.9,37,10,False,False,13,False,False
APT002715,21.5,67,13,False,False,17,False,False
APT002716,20.0,65,0,False,True,15,False,False
APT002717,18.2,60,0,True,True,15,False,False
APT002718,7.6,23,0,False,False,15,False,False
APT002719,23.3,80,0,False,True,10,False,False
APT002720,4.9,17,0,True,True,10,False,False
APT002721,10.5,30,9,False,False,13,False,False
APT002722,18.2,44,3,False,False,10,False,False
APT002723,18.3,55,0,False,False,10,False,False
APT002724,3.2,7,0,False,False,15,False,False
APT002725,2.7,9,14,False,False,17,False,False
APT002726,9.3,31,7,False,False,10,False,False
APT002727,11.4,37,8,False,False,10,False,False
APT002728,6.4,18,5,False,False,10,False,False
APT002729,20.9,50,12,False,False,16,False,False
APT002730,4.7,14,0,False,False,15,False,False
APT002731,16.2,42,0,False,False,15,False,False
APT002732,7.4,21,0,True,True,20,False,False
APT002733,5.4,16,16,False,False,21,True,False
APT002734,22.7,70,17,False,False,19,True,True
APT002735,11.5,37,0,False,False,15,False,False
APT002736,13.1,38,3,False,False,10,False,False
APT002737,13.8,36,0,False,True,20,False,False
APT002738,4.2,11,0,True,True,15,False,False
APT002739,19.0,60,0,False,False,20,False,False
APT002740,15.7,44,0,True,True,15,False,False
APT002741,17.5,60,0,False,False,10,False,False
APT002742,4.3,15,0,True,True,15,False,False
APT002743,4.4,14,5,False,False,10,False,False
APT002744,8.0,24,0,True,True,15,False,False
APT002745,20.5,72,0,False,False,10,False,False
APT002746,4.4,10,12,False,False,14,False,False
APT002747,15.4,41,0,False,False,10,False,False
APT002748,13.0,45,0,True,True,10,False,False
APT002749,8.3,21,0,False,False,15,False,False
APT002750,5.4,17,16,False,False,18,True,True
APT002751,8.8,29,4,False,False,10,False,False
APT002752,19.0,47,0,True,True,20,False,False
APT002753,13.8,38,7,False,False,10,False,False
APT002754,16.9,45,0,True,True,20,False,False
APT002755,13.9,32,6,False,False,10,False,False
APT002756,22.1,53,13,False,False,15,False,False
APT002757,3.9,9,1,False,False,10,False,False
APT002758,15.9,49,7,False,False,10,False,False
APT002759,23.8,62,0,False,True,15,False,False
APT002760,8.2,22,0,False,False,15,False,False
APT002761,7.9,23,5,False,False,10,False,False
APT002762,4.2,10,0,True,True,20,False,False
APT002763,14.2,39,0,True,True,15,False,False
APT002764,23.4,79,3,False,False,10,False,False
APT002765,8.5,27,0,True,True,15,False,False
APT002766,7.4,23,2,False,False,10,False,False
APT002767,23.4,67,0,True,True,10,False,False
APT002768,9.6,23,0,False,True,20,False,False
APT002769,14.7,33,8,False,False,11,False,False
APT002770,13.9,35,13,False,False,16,False,False
APT002771,16.1,46,0,False,False,15,False,False
APT002772,6.7,23,0,True,True,15,False,False
APT002773,4.7,16,13,False,False,16,False,False
APT002774,10.1,27,3,False,False,10,False,False
APT002775,18.1,47,0,True,True,20,False,False
APT002776,13.3,38,0,True,True,20,False,False
APT002777,19.7,66,8,False,False,10,False,False
APT002778,25.0,69,0,True,True,10,False,False
APT002779,6.7,17,1,False,False,10,False,False
APT002780,24.3,74,0,True,True,10,False,False
APT002781,13.0,34,7,False,False,10,False,False
APT002782,18.8,48,0,True,True,10,False,False
APT002783,14.0,35,14,False,False,19,False,False
APT002784,2.6,9,5,False,False,10,False,False
APT002785,10.6,28,20,False,False,23,True,True
APT002786,13.8,46,0,True,True,15,False,False
APT002787,10.3,31,7,False,False,10,False,False
APT002788,3.1,7,2,False,False,10,False,False
APT002789,3.7,9,0,False,False,20,False,False
APT002790,8.7,24,0,False,True,20,False,False
APT002791,5.1,11,4,False,False,10,False,False
APT002792,19.6,45,0,True,True,15,False,False
APT002793,24.7,62,17,False,False,22,True,False
APT002794,23.5,78,14,False,False,17,False,False
APT002795,17.5,57,0,True,True,15,False,False
APT002796,5.2,18,0,False,False,15,False,False
APT002797,1.4,3,8,False,False,11,False,False
APT002798,3.2,10,1,False,False,10,False,False
APT002799,19.4,66,0,True,True,15,False,False
APT002800,18.6,59,3,False,False,10,False,False
APT002801,10.5,28,2,False,False,10,False,False
APT002802,24.9,59,0,True,True,10,False,False
APT002803,4.2,13,5,False,False,10,False,False
APT002804,2.7,7,0,False,False,20,False,False
APT002805,17.2,49,1,False,False,10,False,False
APT002806,9.9,29,0,False,False,15,False,False
APT002807,1.4,5,0,False,False,15,False,False
APT002808,19.7,49,5,False,False,10,False,False
APT002809,6.9,23,13,False,False,15,False,False
APT002810,16.3,47,0,False,False,15,False,False
APT002811,9.3,30,0,False,False,15,False,False
APT002812,21.0,65,0,False,False,20,False,False
APT002813,16.0,47,7,False,False,10,False,False
APT002814,16.1,53,7,False,False,10,False,False
APT002815,4.4,14,12,False,False,15,False,False
APT002816,4.9,15,0,True,True,15,False,False
APT002817,3.9,9,2,False,False,10,False,False
APT002818,23.4,81,0,True,True,15,False,False
APT002819,12.4,32,0,False,False,10,False,False
APT002820,8.2,19,16,False,False,18,True,True
APT002821,17.6,47,0,True,True,10,False,False
APT002822,23.5,60,0,True,True,15,False,False
APT002823,6.5,16,0,True,True,20,False,False
APT002824,3.4,11,0,False,False,10,False,False
APT002825,19.5,45,3,False,False,10,False,False
APT002826,7.2,23,6,False,False,10,False,False
APT002827,6.7,19,15,False,False,17,False,False
APT002828,18.6,45,0,True,True,10,False,False
APT002829,22.9,55,0,True,True,15,False,False
APT002830,5.2,13,6,False,False,10,False,False
APT002831,10.6,33,0,False,False,15,False,False
APT002832,3.0,8,0,True,True,15,False,False
APT002833,20.9,47,0,True,True,10,False,False
APT002834,13.9,32,5,False,False,10,False,False
APT002835,21.5,55,0,False,False,15,False,False
APT002836,6.2,18,0,True,True,20,False,False
APT002837,7.8,18,0,False,False,20,False,False
APT002838,5.2,13,11,False,False,15,False,False
APT002839,9.9,34,0,False,False,15,False,False
APT002840,18.2,59,0,False,False,20,False,False
APT002841,21.0,58,0,True,True,15,False,False
APT002842,15.0,36,0,True,True,15,False,False
APT002843,18.5,61,10,False,False,12,False,False
APT002844,1.1,3,15,False,False,20,False,False
APT002845,17.3,49,0,True,True,15,False,False
APT002846,5.0,12,0,True,True,15,False,False
APT002847,24.4,72,4,False,False,10,False,False
APT002848,14.2,47,10,False,False,13,False,False
APT002849,10.1,27,6,False,False,10,False,False
APT002850,2.2,6,5,False,False,10,False,False
APT002851,16.0,45,0,False,False,20,False,False
APT002852,12.7,36,0,False,False,10,False,False
APT002853,23.4,72,0,False,False,15,False,False
APT002854,22.3,71,14,False,False,18,False,False
APT002855,6.3,21,10,False,False,13,False,False
APT002856,24.1,82,0,False,False,10,False,False
APT002857,21.6,76,0,True,True,15,False,False
APT002858,18.0,42,0,True,True,20,False,False
APT002859,3.9,10,0,True,True,15,False,False
APT002860,14.1,47,12,False,False,16,False,False
APT002861,7.5,18,15,False,False,17,False,False
APT002862,13.0,39,2,False,False,10,False,False
APT002863,7.8,20,18,False,False,21,True,True
APT002864,2.7,9,0,False,False,20,False,False
APT002865,10.2,23,5,False,False,10,False,False
APT002866,3.6,11,7,False,False,10,False,False
APT002867,7.9,20,0,False,False,15,False,False
APT002868,12.1,35,2,False,False,10,False,False
APT002869,15.4,35,0,False,False,20,False,False
APT002870,18.8,62,5,False,False,10,False,False
APT002871,1.7,6,10,False,False,14,False,False
APT002872,3.2,8,10,False,False,14,False,False
APT002873,10.4,26,20,False,False,26,True,False
APT002874,23.3,60,6,False,False,10,False,False
APT002875,20.1,62,0,False,False,15,False,False
APT002876,12.9,35,10,False,False,12,False,False
APT002877,17.2,52,12,False,False,16,False,False
APT002878,21.6,65,0,True,True,15,False,False
APT002879,21.6,57,0,False,False,20,False,False
APT002880,14.2,35,0,False,False,20,False,False
APT002881,11.9,35,0,False,False,15,False,False
APT002882,8.1,23,11,False,False,13,False,False
APT002883,13.2,38,18,False,False,20,True,True
APT002884,19.0,51,0,True,True,15,False,False
APT002885,4.7,16,1,False,False,10,False,False
APT002886,14.1,35,10,False,False,11,False,False
APT002887,16.1,54,0,False,False,20,False,False
APT002888,3.5,10,11,False,False,14,False,False
APT002889,23.7,59,0,True,True,15,False,False
APT002890,5.6,18,17,False,False,20,True,False
APT002891,2.6,6,0,False,False,20,False,False
APT002892,16.2,51,6,False,False,10,False,False
APT002893,21.8,49,0,False,False,15,False,False
APT002894,10.6,28,0,True,True,20,False,False
APT002895,4.3,14,12,False,False,16,False,False
APT002896,7.4,22,0,False,False,15,False,False
APT002897,12.4,34,0,False,False,15,False,False
APT002898,15.0,46,13,False,False,15,False,False
APT002899,20.4,59,7,False,False,10,False,False
APT002900,7.9,22,9,False,False,12,False,False
APT002901,8.2,22,10,False,False,11,False,False
APT002902,14.9,38,10,False,False,11,False,False
APT002903,18.6,49,15,False,False,18,False,False
APT002904,17.0,39,0,False,False,10,False,False
APT002905,14.5,47,0,True,True,10,False,False
APT002906,17.4,57,9,False,False,11,False,False
APT002907,3.9,9,0,False,True,10,False,False
APT002908,22.0,53,0,False,True,20,False,False
APT002909,18.0,60,22,False,False,27,True,False
APT002910,9.0,20,0,True,True,10,False,False
APT002911,2.3,7,15,False,False,18,False,False
APT002912,2.1,7,6,False,False,10,False,False
APT002913,18.0,50,0,True,True,15,False,False
APT002914,17.6,45,0,False,False,15,False,False
APT002915,6.3,19,16,False,False,22,True,True
APT002916,16.1,41,0,True,True,15,False,False
APT002917,3.4,11,0,False,False,15,False,False
APT002918,20.8,62,0,False,False,20,False,False
APT002919,24.1,71,0,False,False,10,False,False
APT002920,3.4,9,0,False,False,15,False,False
APT002921,23.7,55,4,False,False,10,False,False
APT002922,22.0,67,3,False,False,10,False,False
APT002923,13.3,31,2,False,False,10,False,False
APT002924,2.1,5,7,False,False,10,False,False
APT002925,4.9,15,0,False,False,20,False,False
APT002926,19.7,61,8,False,False,10,False,False
APT002927,24.9,73,2,False,False,10,False,False
APT002928,9.1,29,13,False,False,15,False,False
APT002929,11.6,31,0,True,True,15,False,False
APT002930,20.5,71,0,True,True,15,False,False
APT002931,14.1,37,4,False,False,10,False,False
APT002932,19.6,50,0,True,True,15,False,False
APT002933,17.8,41,0,True,True,20,False,False
APT002934,13.0,32,0,True,True,15,False,False
APT002935,12.1,37,0,False,False,15,False,False
APT002936,5.3,14,0,False,False,15,False,False
APT002937,4.2,14,15,False,False,18,False,False
APT002938,10.8,33,0,True,True,20,False,False
APT002939,22.0,50,0,True,True,15,False,False
APT002940,1.0,3,1,False,False,10,False,False
APT002941,11.9,27,7,False,False,10,False,False
APT002942,14.0,45,0,True,True,20,False,False
APT002943,5.1,14,0,True,True,15,False,False
APT002944,5.3,13,0,True,True,20,False,False
APT002945,8.3,20,0,True,True,20,False,False
APT002946,3.0,10,2,False,False,10,False,False
APT002947,14.6,34,23,False,False,29,True,True
APT002948,6.4,22,19,False,False,24,True,True
APT002949,22.0,77,0,False,False,15,False,False
APT002950,9.2,28,6,False,False,10,False,False
APT002951,24.5,81,10,False,False,12,False,False
APT002952,1.0,3,4,False,False,10,False,False
APT002953,12.7,29,0,False,False,20,False,False
APT002954,18.4,64,5,False,False,10,False,False
APT002955,22.6,63,2,False,False,10,False,False
APT002956,21.9,69,6,False,False,10,False,False
APT002957,8.9,28,7,False,False,10,False,False
APT002958,8.3,21,7,False,False,10,False,False
APT002959,20.4,71,0,False,False,15,False,False
APT002960,6.4,15,7,False,False,10,False,False
APT002961,19.7,49,0,False,False,15,False,False
APT002962,17.7,57,0,True,True,15,False,False
APT002963,9.8,32,8,False,False,10,False,False
APT002964,22.8,57,8,False,False,10,False,False
APT002965,1.9,5,9,False,False,12,False,False
APT002966,10.3,24,0,False,False,15,False,False
APT002967,15.7,46,4,False,False,10,False,False
APT002968,12.0,27,0,True,True,20,False,False
APT002969,5.2,13,0,True,True,15,False,False
APT002970,9.3,32,11,False,False,13,False,False
APT002971,6.3,14,0,False,False,10,False,False
APT002972,12.2,37,2,False,False,10,False,False
APT002973,13.9,35,7,False,False,10,False,False
APT002974,19.4,51,0,False,False,20,False,False
APT002975,3.8,12,4,False,False,10,False,False
APT002976,2.1,7,0,False,True,10,False,False
APT002977,4.6,13,0,False,False,10,False,False
APT002978,15.4,37,0,True,True,15,False,False
APT002979,23.2,68,4,False,False,10,False,False
APT002980,20.7,49,0,False,False,10,False,False
APT002981,1.7,4,6,False,False,10,False,False
APT002982,18.0,57,7,False,False,10,False,False
APT002983,18.4,43,0,True,True,15,False,False
APT002984,8.0,27,0,False,False,20,False,False
APT002985,24.8,66,0,False,True,15,False,False
APT002986,16.7,52,11,False,False,15,False,False
APT002987,4.7,13,4,False,False,10,False,False
APT002988,23.5,68,0,False,False,10,False,False
APT002989,21.1,56,0,True,True,15,False,False
APT002990,24.2,64,4,False,False,10,False,False
APT002991,22.3,54,2,False,False,10,False,False
APT002992,14.1,37,9,False,False,13,False,False
APT002993,1.3,4,4,False,False,10,False,False
APT002994,21.6,49,0,True,True,15,False,False
APT002995,16.2,52,2,False,False,10,False,False
APT002996,2.7,8,0,False,False,15,False,False
APT002997,4.2,12,13,False,False,17,False,False
APT002998,10.4,23,0,True,True,10,False,False
APT002999,24.2,70,9,False,False,12,False,False
APT003000,13.7,43,14,False,False,18,False,False
APT003001,16.0,42,0,True,True,15,False,False
APT003002,17.9,44,0,True,True,10,False,False
APT003003,7.8,22,4,False,False,10,False,False
APT003004,10.0,27,5,False,False,10,False,False
APT003005,8.7,23,9,False,False,12,False,False
APT003006,19.2,56,0,True,True,10,False,False
APT003007,8.8,24,2,False,False,10,False,False
APT003008,8.4,27,0,False,False,10,False,False
APT003009,5.8,19,4,False,False,10,False,False
APT003010,11.4,28,11,False,False,15,False,False
APT003011,21.3,73,0,True,True,20,False,False
APT003012,7.2,22,11,False,False,13,False,False
APT003013,4.5,14,0,False,False,10,False,False
APT003014,24.5,59,0,False,False,15,False,False
APT003015,19.3,54,6,False,False,10,False,False
APT003016,12.7,33,8,False,False,11,False,False
APT003017,16.3,54,7,False,False,10,False,False
APT003018,14.4,49,0,True,True,15,False,False
APT003019,23.5,75,0,True,True,20,False,False
APT003020,17.2,54,11,False,False,15,False,False
APT003021,7.5,24,0,True,True,10,False,False
APT003022,8.5,27,0,True,True,20,False,False
APT003023,2.6,9,0,True,True,15,False,False
APT003024,8.5,21,21,False,False,27,True,True
APT003025,2.3,7,0,False,True,15,False,False
APT003026,21.8,66,3,False,False,10,False,False
APT003027,22.7,70,5,False,False,10,False,False
APT003028,17.7,55,0,False,False,15,False,False
APT003029,10.5,34,6,False,False,10,False,False
APT003030,7.2,25,0,True,True,15,False,False
APT003031,17.7,40,13,False,False,15,False,False
APT003032,20.6,61,0,False,False,10,False,False
APT003033,10.4,27,7,False,False,10,False,False
APT003034,17.6,58,9,False,False,11,False,False
APT003035,3.1,8,1,False,False,10,False,False
APT003036,20.0,69,0,False,False,20,False,False
APT003037,3.9,10,0,False,False,20,False,False
APT003038,8.1,23,3,False,False,10,False,False
APT003039,23.2,70,2,False,False,10,False,False
APT003040,16.4,51,3,False,False,10,False,False
APT003041,13.6,42,0,False,False,20,False,False
APT003042,18.2,62,11,False,False,13,False,False
APT003043,13.7,31,0,False,False,15,False,False
APT003044,16.4,44,0,True,True,20,False,False
APT003045,22.0,50,0,True,True,10,False,False
APT003046,6.9,22,4,False,False,10,False,False
APT003047,18.6,58,1,False,False,10,False,False
APT003048,16.0,38,5,False,False,10,False,False
APT003049,7.0,23,0,False,False,20,False,False
APT003050,2.6,8,9,False,False,10,False,False
APT003051,9.6,32,0,True,True,15,False,False
APT003052,21.3,47,0,True,True,15,False,False
APT003053,15.1,37,7,False,False,10,False,False
APT003054,7.0,23,11,False,False,14,False,False
APT003055,14.3,32,8,False,False,10,False,False
APT003056,20.3,46,0,False,True,15,False,False
APT003057,11.0,35,8,False,False,10,False,False
APT003058,11.7,37,0,True,True,15,False,False
APT003059,13.5,47,0,False,False,15,False,False
APT003060,16.4,36,0,True,True,20,False,False
APT003061,19.9,66,0,False,False,10,False,False
APT003062,6.4,21,0,False,False,15,False,False
APT003063,8.5,27,2,False,False,10,False,False
APT003064,21.9,63,0,False,False,15,False,False
APT003065,4.9,13,0,False,False,15,False,False
APT003066,13.1,38,0,False,False,20,False,False
APT003067,8.1,26,10,False,False,13,False,False
APT003068,17.2,53,0,False,False,15,False,False
APT003069,16.4,50,0,True,True,15,False,False
APT003070,13.3,34,9,False,False,12,False,False
APT003071,11.1,29,0,True,True,15,False,False
APT003072,10.8,34,10,False,False,14,False,False
APT003073,10.2,33,8,False,False,10,False,False
APT003074,21.3,50,0,True,True,20,False,False
APT003075,19.3,44,0,False,False,20,False,False
APT003076,13.8,48,4,False,False,10,False,False
APT003077,3.7,9,0,False,False,15,False,False
APT003078,16.8,40,0,True,True,15,False,False
APT003079,5.0,15,9,False,False,10,False,False
APT003080,2.2,6,5,False,False,10,False,False
APT003081,15.0,36,8,False,False,11,False,False
APT003082,14.7,46,11,False,False,13,False,False
APT003083,1.2,3,0,False,False,20,False,False
APT003084,20.9,57,0,True,True,10,False,False
APT003085,20.2,52,2,False,False,10,False,False
APT003086,1.8,5,0,False,False,15,False,False
APT003087,3.7,12,0,False,False,15,False,False
APT003088,24.1,76,0,True,True,10,False,False
APT003089,11.1,29,7,False,False,10,False,False
APT003090,4.3,13,3,False,False,10,False,False
APT003091,10.1,23,3,False,False,10,False,False
APT003092,24.9,87,7,False,False,10,False,False
APT003093,14.1,39,12,False,False,14,False,False
APT003094,10.1,28,0,False,True,15,False,False
APT003095,3.7,13,0,False,True,10,False,False
APT003096,2.4,7,0,False,False,15,False,False
APT003097,11.7,36,3,False,False,10,False,False
APT003098,4.1,10,0,True,True,20,False,False
APT003099,18.4,52,23,False,False,31,True,True
APT003100,24.6,73,14,False,False,16,False,False
APT003101,17.4,60,16,False,False,21,True,True
APT003102,23.6,61,0,False,False,10,False,False
APT003103,13.9,40,0,False,False,20,False,False
APT003104,18.8,53,16,False,False,21,True,True
APT003105,16.6,37,15,False,False,20,False,False
APT003106,18.5,44,4,False,False,10,False,False
APT003107,20.2,47,4,False,False,10,False,False
APT003108,7.0,18,0,True,True,20,False,False
APT003109,17.1,42,0,True,True,20,False,False
APT003110,5.2,18,5,False,False,10,False,False
APT003111,23.0,73,0,False,True,15,False,False
APT003112,23.2,70,0,False,False,15,False,False
APT003113,20.0,58,0,True,True,15,False,False
APT003114,23.7,63,1,False,False,10,False,False
APT003115,20.1,57,0,True,True,15,False,False
APT003116,16.4,52,0,False,False,15,False,False
APT003117,1.5,4,7,False,False,10,False,False
APT003118,21.9,63,0,True,True,15,False,False
APT003119,4.4,14,0,True,True,20,False,False
APT003120,13.2,44,17,False,False,23,True,True
APT003121,9.2,24,27,False,False,31,True,True
APT003122,8.4,22,3,False,False,10,False,False
APT003123,3.8,12,13,False,False,17,False,False
APT003124,15.7,54,6,False,False,10,False,False
APT003125,16.8,56,0,False,False,15,False,False
APT003126,19.1,66,8,False,False,11,False,False
APT003127,2.8,7,1,False,False,10,False,False
APT003128,6.4,14,8,False,False,10,False,False
APT003129,18.6,60,0,False,False,10,False,False
APT003130,3.3,9,13,False,False,16,False,False
APT003131,20.6,70,0,False,False,20,False,False
APT003132,1.8,5,0,True,True,15,False,False
APT003133,7.4,26,0,False,False,15,False,False
APT003134,2.9,8,13,False,False,17,False,False
APT003135,15.0,50,16,False,False,20,True,True
APT003136,23.3,66,10,False,False,13,False,False
APT003137,20.9,69,4,False,False,10,False,False
APT003138,14.3,38,0,False,True,15,False,False
APT003139,6.7,19,4,False,False,10,False,False
APT003140,2.2,5,5,False,False,10,False,False
APT003141,11.0,27,8,False,False,10,False,False
APT003142,23.2,79,21,False,False,29,True,True
APT003143,16.7,49,2,False,False,10,False,False
APT003144,8.4,21,0,False,False,15,False,False
APT003145,2.3,8,3,False,False,10,False,False
APT003146,1.7,5,0,False,False,20,False,False
APT003147,13.2,38,0,False,False,15,False,False
APT003148,13.4,42,0,False,False,10,False,False
APT003149,12.9,30,0,False,False,15,False,False
APT003150,1.9,5,0,True,True,10,False,False
APT003151,5.5,17,9,False,False,11,False,False
APT003152,12.1,34,0,True,True,15,False,False
APT003153,13.8,37,0,True,True,15,False,False
APT003154,22.4,68,0,False,False,20,False,False
APT003155,3.7,9,0,False,False,15,False,False
APT003156,2.2,6,5,False,False,10,False,False
APT003157,13.5,35,0,True,True,15,False,False
APT003158,5.9,20,0,False,False,15,False,False
APT003159,21.8,73,0,True,True,10,False,False
APT003160,21.3,73,0,False,True,15,False,False
APT003161,11.3,33,10,False,False,14,False,False
APT003162,12.5,30,5,False,False,10,False,False
APT003163,11.4,32,10,False,False,13,False,False
APT003164,6.2,20,11,False,False,13,False,False
APT003165,5.4,13,0,False,False,10,False,False
APT003166,24.2,71,0,False,False,10,False,False
APT003167,8.2,28,15,False,False,19,False,False
APT003168,24.9,82,0,True,True,15,False,False
APT003169,22.1,65,6,False,False,10,False,False
APT003170,10.7,24,19,False,False,21,True,True
APT003171,2.6,7,0,True,True,15,False,False
APT003172,12.6,38,3,False,False,10,False,False
APT003173,16.4,39,0,False,False,10,False,False
APT003174,17.8,47,20,False,False,23,True,True
APT003175,13.5,30,4,False,False,10,False,False
APT003176,8.1,22,0,False,False,10,False,False
APT003177,7.4,25,2,False,False,10,False,False
APT003178,12.3,35,2,False,False,10,False,False
APT003179,10.2,31,0,True,True,10,False,False
APT003180,5.3,12,0,False,False,15,False,False
APT003181,3.6,11,0,False,False,10,False,False
APT003182,5.5,18,31,False,False,43,True,True
APT003183,15.4,40,10,False,False,13,False,False
APT003184,2.4,8,0,False,False,10,False,False
APT003185,8.2,27,14,False,False,19,False,False
APT003186,19.9,56,0,True,True,20,False,False
APT003187,11.1,31,1,False,False,10,False,False
APT003188,8.5,29,14,False,False,17,False,False
APT003189,14.0,40,0,True,True,10,False,False
APT003190,22.6,71,16,False,False,18,True,True
APT003191,22.3,67,0,True,True,15,False,False
APT003192,24.3,81,0,True,True,15,False,False
APT003193,21.6,73,0,True,True,20,False,False
APT003194,11.1,31,7,False,False,10,False,False
APT003195,8.9,28,10,False,False,13,False,False
APT003196,12.7,32,7,False,False,10,False,False
APT003197,19.1,45,0,False,False,15,False,False
APT003198,16.6,48,8,False,False,10,False,False
APT003199,17.2,60,0,True,True,10,False,False
APT003200,8.1,28,10,False,False,11,False,False
APT003201,21.1,56,0,True,True,15,False,False
APT003202,10.5,25,0,False,False,20,False,False
APT003203,21.2,48,0,True,True,10,False,False
APT003204,2.0,6,6,False,False,10,False,False
APT003205,2.1,6,6,False,False,10,False,False
APT003206,21.0,70,0,True,True,20,False,False
APT003207,23.3,69,0,True,True,15,False,False
APT003208,13.0,29,0,False,False,20,False,False
APT003209,6.0,21,0,False,False,20,False,False
APT003210,3.4,11,7,False,False,10,False,False
APT003211,19.8,63,18,False,False,20,True,True
APT003212,8.4,29,6,False,False,10,False,False
APT003213,3.5,12,10,False,False,14,False,False
APT003214,2.4,5,0,False,False,15,False,False
APT003215,2.8,8,21,False,False,24,True,True
APT003216,1.4,4,4,False,False,10,False,False
APT003217,10.2,28,5,False,False,10,False,False
APT003218,22.2,75,0,False,False,10,False,False
APT003219,23.3,65,2,False,False,10,False,False
APT003220,19.7,46,0,False,False,10,False,False
APT003221,16.0,42,0,False,False,10,False,False
APT003222,18.2,54,0,False,False,15,False,False
APT003223,10.5,34,0,True,True,10,False,False
APT003224,15.0,37,5,False,False,10,False,False
APT003225,2.1,7,0,True,True,15,False,False
APT003226,8.1,18,0,False,False,20,False,False
APT003227,19.2,47,0,False,True,15,False,False
APT003228,12.6,33,11,False,False,13,False,False
APT003229,4.8,16,0,False,False,15,False,False
APT003230,3.9,13,3,False,False,10,False,False
APT003231,21.4,55,0,True,True,15,False,False
APT003232,4.1,9,0,False,False,15,False,False
APT003233,23.7,64,0,True,True,15,False,False
APT003234,12.8,29,0,False,True,20,False,False
APT003235,23.7,73,3,False,False,10,False,False
APT003236,14.1,41,10,False,False,11,False,False
APT003237,21.4,49,4,False,False,10,False,False
APT003238,2.1,5,0,True,True,15,False,False
APT003239,12.7,31,0,True,True,15,False,False
APT003240,17.0,53,0,False,False,20,False,False
APT003241,23.4,80,5,False,False,10,False,False
APT003242,6.3,22,0,False,False,15,False,False
APT003243,17.8,44,17,False,False,23,True,False
APT003244,2.5,8,19,False,False,23,True,True
APT003245,17.1,46,0,False,False,15,False,False
APT003246,10.1,23,11,False,False,15,False,False
APT003247,1.7,5,0,False,False,15,False,False
APT003248,16.0,53,0,True,True,15,False,False
APT003249,10.4,30,0,False,False,15,False,False
APT003250,13.5,32,0,True,True,15,False,False
APT003251,2.6,8,27,False,False,35,True,True
APT003252,16.6,39,0,False,False,10,False,False
APT003253,18.1,58,0,False,False,15,False,False
APT003254,10.2,30,5,False,False,10,False,False
APT003255,22.7,68,15,False,False,20,False,False
APT003256,22.3,73,14,False,False,18,False,False
APT003257,24.8,77,8,False,False,10,False,False
APT003258,13.0,30,0,True,True,15,False,False
APT003259,8.2,26,19,False,False,26,True,False
APT003260,19.8,51,0,True,True,15,False,False
APT003261,10.0,31,0,False,False,15,False,False
APT003262,10.2,33,1,False,False,10,False,False
APT003263,4.3,10,6,False,False,10,False,False
APT003264,16.4,37,11,False,False,13,False,False
APT003265,4.0,14,5,False,False,10,False,False
APT003266,13.9,44,11,False,False,13,False,False
APT003267,21.7,67,0,True,True,15,False,False
APT003268,14.8,42,0,False,True,20,False,False
APT003269,17.1,54,0,True,True,20,False,False
APT003270,24.3,79,22,False,False,30,True,True
APT003271,20.4,47,15,False,False,20,False,False
APT003272,4.6,14,3,False,False,10,False,False
APT003273,10.5,35,7,False,False,10,False,False
APT003274,24.6,57,11,False,False,13,False,False
APT003275,13.3,45,7,False,False,10,False,False
APT003276,5.5,13,9,False,False,10,False,False
APT003277,9.3,28,0,False,False,20,False,False
APT003278,22.1,68,0,True,True,20,False,False
APT003279,5.2,15,0,True,True,10,False,False
APT003280,11.6,28,18,False,False,24,True,True
APT003281,14.6,39,0,True,True,10,False,False
APT003282,11.3,33,0,False,False,15,False,False
APT003283,24.7,70,0,True,True,15,False,False
APT003284,5.3,15,0,True,True,20,False,False
APT003285,5.5,18,15,False,False,17,False,False
APT003286,8.9,29,11,False,False,14,False,False
APT003287,14.6,42,0,False,False,10,False,False
APT003288,15.1,33,7,False,False,10,False,False
APT003289,22.0,69,0,False,False,10,False,False
APT003290,16.1,41,3,False,False,10,False,False
APT003291,10.0,29,0,False,True,15,False,False
APT003292,16.2,38,0,True,True,10,False,False
APT003293,9.1,30,0,False,False,15,False,False
APT003294,20.7,52,1,False,False,10,False,False
APT003295,12.3,28,22,False,False,30,True,True
APT003296,21.9,62,6,False,False,10,False,False
APT003297,10.3,31,0,False,False,10,False,False
APT003298,21.0,70,0,False,True,15,False,False
APT003299,7.5,20,5,False,False,10,False,False
APT003300,9.2,28,1,False,False,10,False,False
APT003301,7.4,18,0,True,True,20,False,False
APT003302,14.2,46,0,False,False,10,False,False
APT003303,23.2,81,0,False,False,10,False,False
APT003304,6.2,18,4,False,False,10,False,False
APT003305,21.2,47,0,False,False,15,False,False
APT003306,21.1,60,0,True,True,20,False,False
APT003307,1.7,5,1,False,False,10,False,False
APT003308,11.3,33,17,False,False,22,True,True
APT003309,15.2,52,0,True,True,15,False,False
APT003310,12.9,37,0,True,True,15,False,False
APT003311,21.0,48,0,True,True,20,False,False
APT003312,10.8,36,0,False,False,20,False,False
APT003313,14.8,37,9,False,False,12,False,False
APT003314,6.8,23,0,True,True,15,False,False
APT003315,7.4,19,7,False,False,10,False,False
APT003316,18.5,47,0,True,True,10,False,False
APT003317,13.6,41,0,True,True,15,False,False
APT003318,18.6,48,0,True,True,15,False,False
APT003319,5.7,19,4,False,False,10,False,False
APT003320,1.9,6,12,False,False,14,False,False
APT003321,3.3,11,11,False,False,14,False,False
APT003322,7.0,21,0,True,True,15,False,False
APT003323,9.8,33,7,False,False,10,False,False
APT003324,1.6,4,6,False,False,10,False,False
APT003325,6.3,15,0,True,True,15,False,False
APT003326,18.2,63,0,True,True,15,False,False
APT003327,6.1,19,8,False,False,10,False,False
APT003328,6.9,18,1,False,False,10,False,False
APT003329,24.6,71,3,False,False,10,False,False
APT003330,18.7,50,20,False,False,27,True,True
APT003331,24.0,69,0,True,True,15,False,False
APT003332,6.7,15,9,False,False,11,False,False
APT003333,10.5,26,12,False,False,14,False,False
APT003334,22.2,66,0,True,True,15,False,False
APT003335,19.1,55,10,False,False,14,False,False
APT003336,23.2,60,0,True,True,20,False,False
APT003337,21.4,63,0,True,True,20,False,False
APT003338,15.4,46,1,False,False,10,False,False
APT003339,14.0,39,0,False,False,10,False,False
APT003340,1.3,4,0,False,False,20,False,False
APT003341,14.0,35,4,False,False,10,False,False
APT003342,10.0,30,0,False,False,15,False,False
APT003343,24.5,77,0,True,True,20,False,False
APT003344,21.8,49,0,True,True,15,False,False
APT003345,9.5,29,5,False,False,10,False,False
APT003346,8.3,23,11,False,False,14,False,False
APT003347,16.2,39,5,False,False,10,False,False
APT003348,9.6,26,0,True,True,15,False,False
APT003349,2.7,7,13,False,False,18,False,False
APT003350,1.6,5,4,False,False,10,False,False
APT003351,17.1,46,0,False,False,15,False,False
APT003352,24.6,74,0,True,True,15,False,False
APT003353,5.9,17,0,False,True,15,False,False
APT003354,3.1,8,6,False,False,10,False,False
APT003355,17.9,59,2,False,False,10,False,False
APT003356,12.5,37,8,False,False,10,False,False
APT003357,19.1,51,9,False,False,10,False,False
APT003358,16.8,58,12,False,False,15,False,False
APT003359,18.0,44,2,False,False,10,False,False
APT003360,2.3,6,0,True,True,10,False,False
APT003361,25.0,69,0,False,False,10,False,False
APT003362,14.5,40,0,False,False,15,False,False
APT003363,3.2,11,15,False,False,20,False,False
APT003364,7.8,19,0,True,True,20,False,False
APT003365,20.8,61,0,True,True,15,False,False
APT003366,19.7,66,0,False,False,10,False,False
APT003367,8.9,26,0,True,True,15,False,False
APT003368,17.3,48,0,False,False,10,False,False
APT003369,22.6,62,1,False,False,10,False,False
APT003370,21.9,58,4,False,False,10,False,False
APT003371,3.2,9,14,False,False,19,False,False
APT003372,16.8,52,4,False,False,10,False,False
APT003373,17.1,51,0,False,True,15,False,False
APT003374,11.1,39,12,False,False,15,False,False
APT003375,23.4,70,15,False,False,17,False,False
APT003376,22.9,55,13,False,False,15,False,False
APT003377,21.6,68,16,False,False,18,True,True
APT003378,1.4,5,5,False,False,10,False,False
APT003379,7.2,17,12,False,False,13,False,False
APT003380,22.8,76,0,True,True,15,False,False
APT003381,5.0,16,0,False,False,15,False,False
APT003382,1.9,4,0,False,False,15,False,False
APT003383,22.5,79,5,False,False,10,False,False
APT003384,13.3,31,3,False,False,10,False,False
APT003385,14.0,41,0,True,True,10,False,False
APT003386,12.9,34,7,False,False,10,False,False
APT003387,4.7,12,0,False,False,15,False,False
APT003388,7.7,22,2,False,False,10,False,False
APT003389,2.7,8,0,False,False,15,False,False
APT003390,17.6,40,13,False,False,17,False,False
APT003391,3.2,9,11,False,False,13,False,False
APT003392,15.0,48,0,False,False,20,False,False
APT003393,4.0,14,0,True,True,15,False,False
APT003394,13.6,40,0,False,False,20,False,False
APT003395,11.6,40,15,False,False,21,False,False
APT003396,16.0,40,9,False,False,11,False,False
APT003397,12.9,32,2,False,False,10,False,False
APT003398,2.4,7,13,False,False,16,False,False
APT003399,20.5,48,6,False,False,10,False,False
APT003400,6.3,16,5,False,False,10,False,False
APT003401,15.5,36,16,False,False,20,True,True
APT003402,22.5,63,0,False,True,15,False,False
APT003403,18.1,45,18,False,False,24,True,True
APT003404,7.1,19,0,False,False,15,False,False
APT003405,1.4,4,0,True,True,15,False,False
APT003406,2.4,7,0,True,True,20,False,False
APT003407,1.8,5,32,False,False,43,True,True
APT003408,1.9,6,0,True,True,15,False,False
APT003409,22.9,79,0,True,True,20,False,False
APT003410,17.3,46,8,False,False,11,False,False
APT003411,15.7,53,0,False,True,10,False,False
APT003412,9.1,31,4,False,False,10,False,False
APT003413,5.8,14,0,True,True,15,False,False
APT003414,21.0,73,0,True,True,20,False,False
APT003415,1.3,3,0,False,False,10,False,False
APT003416,20.3,66,0,True,True,10,False,False
APT003417,10.1,31,0,True,True,20,False,False
APT003418,10.2,23,17,False,False,22,True,True
APT003419,14.4,37,0,False,True,15,False,False
APT003420,3.6,9,6,False,False,10,False,False
APT003421,16.9,46,25,False,False,34,True,True
APT003422,18.9,64,9,False,False,11,False,False
APT003423,23.1,51,7,False,False,10,False,False
APT003424,23.9,73,0,True,True,15,False,False
APT003425,6.9,20,1,False,False,10,False,False
APT003426,11.7,28,5,False,False,10,False,False
APT003427,18.8,60,14,False,False,19,False,False
APT003428,24.4,59,8,False,False,10,False,False
APT003429,15.2,38,0,False,False,20,False,False
APT003430,17.8,51,10,False,False,13,False,False
APT003431,23.2,63,1,False,False,10,False,False
APT003432,15.5,42,8,False,False,10,False,False
APT003433,18.4,55,0,False,False,15,False,False
APT003434,13.1,34,0,True,True,10,False,False
APT003435,3.1,9,0,False,False,15,False,False
APT003436,13.4,41,25,False,False,32,True,True
APT003437,23.4,81,0,False,False,20,False,False
APT003438,22.7,72,11,False,False,15,False,False
APT003439,19.8,56,0,False,False,15,False,False
APT003440,9.7,26,4,False,False,10,False,False
APT003441,16.8,59,0,False,False,15,False,False
APT003442,9.7,28,0,False,True,15,False,False
APT003443,19.6,52,9,False,False,12,False,False
APT003444,8.7,23,0,False,True,20,False,False
APT003445,19.8,64,0,True,True,15,False,False
APT003446,9.8,33,0,True,True,15,False,False
APT003447,1.1,3,0,True,True,15,False,False
APT003448,2.7,7,12,False,False,14,False,False
APT003449,6.8,23,12,False,False,14,False,False
APT003450,22.8,51,0,True,True,20,False,False
APT003451,11.7,33,7,False,False,10,False,False
APT003452,3.1,7,4,False,False,10,False,False
APT003453,5.2,14,0,False,False,20,False,False
APT003454,17.3,42,0,True,True,15,False,False
APT003455,16.3,54,0,True,True,15,False,False
APT003456,2.8,9,0,False,False,20,False,False
APT003457,23.3,73,0,True,True,10,False,False
APT003458,7.7,21,0,True,True,15,False,False
APT003459,11.9,38,11,False,False,12,False,False
APT003460,22.1,72,0,True,True,15,False,False
APT003461,6.3,22,0,False,False,20,False,False
APT003462,1.6,5,1,False,False,10,False,False
APT003463,15.2,40,0,True,True,15,False,False
APT003464,11.9,39,3,False,False,10,False,False
APT003465,24.9,65,0,True,True,20,False,False
APT003466,21.1,74,2,False,False,10,False,False
APT003467,6.3,18,0,True,True,15,False,False
APT003468,10.7,25,16,False,False,22,True,True
APT003469,4.2,11,9,False,False,12,False,False
APT003470,25.0,73,0,False,False,20,False,False
APT003471,5.3,14,0,False,False,20,False,False
APT003472,7.9,23,9,False,False,11,False,False
APT003473,3.1,7,0,True,True,20,False,False
APT003474,8.9,26,0,True,True,15,False,False
APT003475,12.9,44,2,False,False,10,False,False
APT003476,19.5,60,19,False,False,22,True,False
APT003477,17.6,60,0,False,False,15,False,False
APT003478,7.5,20,0,True,True,10,False,False
APT003479,4.0,12,0,False,True,10,False,False
APT003480,17.1,46,7,False,False,10,False,False
APT003481,1.1,3,10,False,False,14,False,False
APT003482,20.9,66,0,False,True,20,False,False
APT003483,24.9,64,0,False,False,20,False,False
APT003484,21.6,56,13,False,False,17,False,False
APT003485,2.3,6,4,False,False,10,False,False
APT003486,17.6,51,0,False,True,20,False,False
APT003487,13.0,37,0,True,True,15,False,False
APT003488,15.4,49,20,False,False,27,True,True
APT003489,19.9,52,0,True,True,15,False,False
APT003490,21.3,52,0,True,True,10,False,False
APT003491,15.0,43,4,False,False,10,False,False
APT003492,22.0,75,0,False,False,10,False,False
APT003493,1.4,3,17,False,False,22,True,True
APT003494,23.9,73,0,False,False,20,False,False
APT003495,11.3,26,0,False,False,20,False,False
APT003496,10.0,29,0,False,True,15,False,False
APT003497,19.6,51,0,True,True,20,False,False
APT003498,20.5,53,9,False,False,10,False,False
APT003499,16.9,55,0,True,True,15,False,False
APT003500,8.9,28,0,True,True,10,False,False
APT003501,1.4,4,0,True,True,15,False,False
APT003502,23.7,59,0,False,False,15,False,False
APT003503,21.6,58,0,True,True,20,False,False
APT003504,10.2,30,19,False,False,23,True,True
APT003505,9.7,30,0,True,True,20,False,False
APT003506,10.4,26,0,False,False,15,False,False
APT003507,17.1,53,0,True,True,15,False,False
APT003508,13.3,42,0,True,True,20,False,False
APT003509,3.8,9,3,False,False,10,False,False
APT003510,22.2,55,10,False,False,12,False,False
APT003511,21.6,71,0,True,True,15,False,False
APT003512,5.3,15,18,False,False,20,True,False
APT003513,11.8,36,0,False,False,15,False,False
APT003514,7.3,18,0,True,True,20,False,False
APT003515,1.7,5,4,False,False,10,False,False
APT003516,12.6,34,15,False,False,19,False,False
APT003517,14.0,41,0,False,False,15,False,False
APT003518,9.6,27,4,False,False,10,False,False
APT003519,19.1,65,0,True,True,15,False,False
APT003520,8.3,23,1,False,False,10,False,False
APT003521,21.9,75,0,True,True,15,False,False
APT003522,9.4,25,13,False,False,15,False,False
APT003523,6.1,14,0,False,False,20,False,False
APT003524,12.9,34,0,False,False,15,False,False
APT003525,2.1,6,16,False,False,22,True,True
APT003526,20.4,52,0,True,True,15,False,False
APT003527,1.7,5,8,False,False,11,False,False
APT003528,24.4,69,19,False,False,25,True,False
APT003529,7.2,23,6,False,False,10,False,False
APT003530,13.5,42,2,False,False,10,False,False
APT003531,13.4,36,7,False,False,10,False,False
APT003532,2.8,8,9,False,False,12,False,False
APT003533,4.4,12,0,True,True,15,False,False
APT003534,3.5,11,0,False,False,10,False,False
APT003535,23.6,75,0,False,False,10,False,False
APT003536,17.4,55,17,False,False,24,True,True
APT003537,11.9,37,0,True,True,15,False,False
APT003538,19.0,65,0,True,True,10,False,False
APT003539,2.6,6,0,False,False,20,False,False
APT003540,12.0,37,0,True,True,10,False,False
APT003541,23.5,64,10,False,False,12,False,False
APT003542,23.5,81,0,False,False,15,False,False
APT003543,2.7,6,1,False,False,10,False,False
APT003544,7.1,19,7,False,False,10,False,False
APT003545,16.6,47,8,False,False,11,False,False
APT003546,12.5,30,0,True,True,15,False,False
APT003547,21.8,51,0,True,True,20,False,False
APT003548,19.9,50,0,False,False,15,False,False
APT003549,1.8,6,5,False,False,10,False,False
APT003550,3.1,10,0,False,False,10,False,False
APT003551,5.1,17,7,False,False,10,False,False
APT003552,20.7,61,0,False,False,20,False,False
APT003553,19.9,59,2,False,False,10,False,False
APT003554,14.9,41,0,True,True,10,False,False
APT003555,21.9,69,7,False,False,10,False,False
APT003556,4.3,13,10,False,False,14,False,False
APT003557,17.6,41,0,False,False,10,False,False
APT003558,21.7,74,19,False,False,26,True,True
APT003559,18.0,54,0,False,False,15,False,False
APT003560,3.5,11,10,False,False,13,False,False
APT003561,8.0,27,0,True,True,15,False,False
APT003562,16.9,46,0,True,True,15,False,False
APT003563,17.6,52,0,True,True,15,False,False
APT003564,12.1,38,9,False,False,11,False,False
APT003565,11.8,31,0,False,True,10,False,False
APT003566,17.0,38,0,False,False,15,False,False
APT003567,23.9,57,3,False,False,10,False,False
APT003568,19.0,52,0,False,True,10,False,False
APT003569,11.4,35,0,True,True,20,False,False
APT003570,11.5,26,0,False,False,10,False,False
APT003571,8.5,21,16,False,False,22,True,True
APT003572,5.7,13,21,False,False,25,True,False
APT003573,2.2,6,0,False,False,10,False,False
APT003574,17.8,57,4,False,False,10,False,False
APT003575,15.2,39,0,False,True,10,False,False
APT003576,4.2,14,0,True,True,15,False,False
APT003577,11.5,40,21,False,False,24,True,True
APT003578,21.6,71,20,False,False,28,True,True
APT003579,11.4,33,1,False,False,10,False,False
APT003580,3.5,8,0,False,False,15,False,False
APT003581,6.3,14,0,False,False,20,False,False
APT003582,20.7,46,0,False,False,15,False,False
APT003583,13.1,41,22,False,False,29,True,True
APT003584,3.4,9,11,False,False,13,False,False
APT003585,6.1,16,1,False,False,10,False,False
APT003586,24.3,62,10,False,False,14,False,False
APT003587,7.8,22,2,False,False,10,False,False
APT003588,3.8,13,0,False,False,15,False,False
APT003589,20.4,62,6,False,False,10,False,False
APT003590,3.6,12,7,False,False,10,False,False
APT003591,22.2,53,0,False,False,15,False,False
APT003592,12.0,42,0,True,True,15,False,False
APT003593,19.2,65,0,False,False,10,False,False
APT003594,22.5,54,0,True,True,20,False,False
APT003595,20.5,54,11,False,False,14,False,False
APT003596,18.2,44,0,True,True,20,False,False
APT003597,13.3,30,0,False,False,15,False,False
APT003598,20.8,63,3,False,False,10,False,False
APT003599,8.4,25,0,False,False,20,False,False
APT003600,8.1,21,10,False,False,13,False,False
APT003601,14.8,41,2,False,False,10,False,False
APT003602,24.9,80,14,False,False,19,False,False
APT003603,6.5,20,2,False,False,10,False,False
APT003604,2.5,6,0,False,False,15,False,False
APT003605,10.6,26,12,False,False,16,False,False
APT003606,14.2,36,11,False,False,14,False,False
APT003607,24.9,69,3,False,False,10,False,False
APT003608,4.1,9,0,False,False,15,False,False
APT003609,10.6,34,14,False,False,18,False,False
APT003610,12.2,31,0,False,False,15,False,False
APT003611,23.4,79,17,False,False,19,True,True
APT003612,17.3,40,15,False,False,20,False,False
APT003613,13.1,36,0,False,False,15,False,False
APT003614,7.5,18,2,False,False,10,False,False
APT003615,8.0,27,0,False,False,20,False,False
APT003616,20.5,68,0,False,False,15,False,False
APT003617,18.7,54,18,False,False,21,True,True
APT003618,13.6,45,4,False,False,10,False,False
APT003619,23.8,72,0,True,True,15,False,False
APT003620,15.2,38,5,False,False,10,False,False
APT003621,10.0,32,0,False,False,15,False,False
APT003622,6.8,24,1,False,False,10,False,False
APT003623,19.3,59,0,True,True,15,False,False
APT003624,7.2,23,19,False,False,25,True,True
APT003625,17.9,45,9,False,False,12,False,False
APT003626,11.8,31,13,False,False,16,False,False
APT003627,12.5,40,0,False,True,20,False,False
APT003628,8.7,25,0,False,False,15,False,False
APT003629,10.9,36,5,False,False,10,False,False
APT003630,19.1,59,4,False,False,10,False,False
APT003631,16.3,51,0,False,True,15,False,False
APT003632,2.6,8,0,False,False,20,False,False
APT003633,1.3,3,0,True,True,10,False,False
APT003634,24.0,57,0,False,True,15,False,False
APT003635,9.3,25,9,False,False,11,False,False
APT003636,8.6,30,0,False,False,15,False,False
APT003637,19.7,46,0,False,False,20,False,False
APT003638,16.4,54,0,False,False,20,False,False
APT003639,8.6,29,0,False,False,20,False,False
APT003640,12.2,32,17,False,False,21,True,True
APT003641,24.3,85,0,True,True,10,False,False
APT003642,5.5,13,10,False,False,12,False,False
APT003643,19.4,46,0,False,False,15,False,False
APT003644,8.6,30,1,False,False,10,False,False
APT003645,20.0,52,0,False,False,10,False,False
APT003646,16.9,40,0,True,True,15,False,False
APT003647,23.0,77,5,False,False,10,False,False
APT003648,22.8,76,2,False,False,10,False,False
APT003649,3.2,7,11,False,False,15,False,False
APT003650,2.5,8,0,False,False,15,False,False
APT003651,11.3,28,0,False,True,10,False,False
APT003652,23.9,78,0,False,True,15,False,False
APT003653,16.7,56,7,False,False,10,False,False
APT003654,21.3,63,0,True,True,10,False,False
APT003655,24.6,68,5,False,False,10,False,False
APT003656,17.4,55,0,False,False,10,False,False
APT003657,6.6,16,0,False,False,20,False,False
APT003658,2.9,6,0,True,True,10,False,False
APT003659,5.6,15,0,False,False,15,False,False
APT003660,22.6,58,9,False,False,12,False,False
APT003661,3.9,11,0,False,False,10,False,False
APT003662,19.6,66,3,False,False,10,False,False
APT003663,12.7,34,0,True,True,15,False,False
APT003664,21.4,67,0,True,True,15,False,False
APT003665,21.8,61,0,False,False,15,False,False
APT003666,12.9,35,1,False,False,10,False,False
APT003667,23.8,57,0,True,True,20,False,False
APT003668,18.2,52,0,True,True,15,False,False
APT003669,23.1,61,3,False,False,10,False,False
APT003670,21.1,71,3,False,False,10,False,False
APT003671,24.7,65,3,False,False,10,False,False
APT003672,8.9,27,8,False,False,10,False,False
APT003673,2.4,8,0,True,True,15,False,False
APT003674,14.3,33,4,False,False,10,False,False
APT003675,6.1,20,15,False,False,17,False,False
APT003676,18.9,59,0,False,False,10,False,False
APT003677,21.4,71,0,False,True,10,False,False
APT003678,5.5,18,4,False,False,10,False,False
APT003679,10.1,34,0,True,True,20,False,False
APT003680,1.5,4,0,False,False,10,False,False
APT003681,8.3,19,0,False,False,15,False,False
APT003682,13.3,29,14,False,False,17,False,False
APT003683,16.1,39,0,False,False,10,False,False
APT003684,24.0,73,0,True,True,15,False,False
APT003685,11.2,25,0,False,False,15,False,False
APT003686,23.5,80,0,False,False,10,False,False
APT003687,18.9,60,2,False,False,10,False,False
APT003688,9.0,30,0,True,True,10,False,False
APT003689,16.1,45,8,False,False,11,False,False
APT003690,21.1,70,1,False,False,10,False,False
APT003691,10.5,34,0,True,True,20,False,False
APT003692,3.3,10,0,False,True,15,False,False
APT003693,7.1,22,0,False,False,15,False,False
APT003694,9.4,23,3,False,False,10,False,False
APT003695,5.4,18,0,False,False,10,False,False
APT003696,16.9,44,0,True,True,10,False,False
APT003697,5.6,17,17,False,False,21,True,True
APT003698,3.4,9,0,False,False,20,False,False
APT003699,24.9,69,0,True,True,10,False,False
APT003700,6.0,19,0,False,True,10,False,False
APT003701,14.5,49,2,False,False,10,False,False
APT003702,18.9,49,3,False,False,10,False,False
APT003703,19.5,58,14,False,False,19,False,False
APT003704,17.8,53,2,False,False,10,False,False
APT003705,15.5,51,8,False,False,10,False,False
APT003706,13.6,45,0,True,True,20,False,False
APT003707,1.1,3,0,True,True,15,False,False
APT003708,14.6,50,5,False,False,10,False,False
APT003709,14.4,32,12,False,False,16,False,False
APT003710,11.6,29,0,False,False,15,False,False
APT003711,11.8,30,10,False,False,12,False,False
APT003712,20.7,48,6,False,False,10,False,False
APT003713,22.4,54,6,False,False,10,False,False
APT003714,12.6,43,6,False,False,10,False,False
APT003715,3.5,11,0,True,True,10,False,False
APT003716,21.4,60,0,False,False,15,False,False
APT003717,16.2,38,0,True,True,20,False,False
APT003718,21.3,49,9,False,False,11,False,False
APT003719,9.7,34,0,True,True,20,False,False
APT003720,16.6,46,0,True,True,10,False,False
APT003721,4.8,16,9,False,False,11,False,False
APT003722,15.3,35,0,False,False,20,False,False
APT003723,18.8,43,0,True,True,15,False,False
APT003724,3.5,8,0,False,False,20,False,False
APT003725,3.2,10,0,False,False,15,False,False
APT003726,3.3,8,8,False,False,11,False,False
APT003727,21.8,51,0,True,True,15,False,False
APT003728,20.9,62,3,False,False,10,False,False
APT003729,9.7,28,0,True,True,20,False,False
APT003730,22.4,51,6,False,False,10,False,False
APT003731,24.6,71,0,True,True,15,False,False
APT003732,11.4,36,0,True,True,10,False,False
APT003733,21.6,56,1,False,False,10,False,False
APT003734,3.7,13,3,False,False,10,False,False
APT003735,13.0,37,18,False,False,20,True,True
APT003736,5.5,15,4,False,False,10,False,False
APT003737,11.6,40,0,True,True,20,False,False
APT003738,10.4,29,0,False,True,10,False,False
APT003739,14.2,44,7,False,False,10,False,False
APT003740,8.1,27,11,False,False,13,False,False
APT003741,11.1,35,0,False,False,10,False,False
APT003742,17.6,44,2,False,False,10,False,False
APT003743,15.7,54,6,False,False,10,False,False
APT003744,8.0,25,7,False,False,10,False,False
APT003745,24.0,69,7,False,False,10,False,False
APT003746,4.7,12,14,False,False,16,False,False
APT003747,6.4,15,0,False,False,15,False,False
APT003748,2.0,6,0,False,False,20,False,False
APT003749,4.3,15,19,False,False,24,True,True
APT003750,6.2,15,0,False,False,15,False,False
APT003751,17.1,39,11,False,False,12,False,False
APT003752,18.9,59,3,False,False,10,False,False
APT003753,13.2,32,0,False,False,20,False,False
APT003754,19.9,48,0,False,False,15,False,False
APT003755,16.5,56,7,False,False,10,False,False
APT003756,5.9,18,0,True,True,15,False,False
APT003757,22.8,62,0,True,True,10,False,False
APT003758,15.8,44,0,True,True,15,False,False
APT003759,22.7,57,0,False,False,20,False,False
APT003760,6.6,16,0,False,False,10,False,False
APT003761,24.1,70,0,True,True,15,False,False
APT003762,24.5,85,0,False,False,15,False,False
APT003763,24.1,66,0,True,True,20,False,False
APT003764,14.8,45,7,False,False,10,False,False
APT003765,13.6,40,0,True,True,15,False,False
APT003766,13.0,35,13,False,False,18,False,False
APT003767,22.9,79,0,True,True,15,False,False
APT003768,9.1,32,0,False,True,15,False,False
APT003769,15.9,51,13,False,False,16,False,False
APT003770,1.1,3,0,True,True,20,False,False
APT003771,3.8,13,0,True,True,10,False,False
APT003772,21.0,50,0,False,False,10,False,False
APT003773,18.9,57,0,True,True,20,False,False
APT003774,13.4,39,10,False,False,13,False,False
APT003775,21.5,60,2,False,False,10,False,False
APT003776,15.3,51,0,False,False,10,False,False
APT003777,17.7,54,0,False,True,15,False,False
APT003778,24.2,54,12,False,False,15,False,False
APT003779,1.2,4,0,False,False,10,False,False
APT003780,1.7,5,11,False,False,13,False,False
APT003781,15.4,43,0,True,True,20,False,False
APT003782,14.7,48,0,False,False,10,False,False
APT003783,20.8,70,0,True,True,10,False,False
APT003784,11.1,35,0,False,False,20,False,False
APT003785,14.5,36,0,False,False,20,False,False
APT003786,18.6,52,13,False,False,15,False,False
APT003787,19.9,59,0,True,True,20,False,False
APT003788,22.4,78,0,True,True,15,False,False
APT003789,10.1,26,12,False,False,16,False,False
APT003790,16.9,48,0,False,True,20,False,False
APT003791,7.3,24,0,True,True,20,False,False
APT003792,12.8,29,14,False,False,15,False,False
APT003793,18.9,46,0,True,True,10,False,False
APT003794,6.9,20,0,True,True,20,False,False
APT003795,3.9,9,15,False,False,21,False,False
APT003796,10.3,35,9,False,False,12,False,False
APT003797,9.4,22,4,False,False,10,False,False
APT003798,16.6,53,0,True,True,15,False,False
APT003799,10.8,32,0,False,False,15,False,False
APT003800,4.7,12,5,False,False,10,False,False
APT003801,6.8,19,0,False,False,15,False,False
APT003802,9.0,29,8,False,False,10,False,False
APT003803,15.6,48,0,False,True,15,False,False
APT003804,22.2,61,0,True,True,15,False,False
APT003805,1.9,5,0,True,True,15,False,False
APT003806,5.8,15,16,False,False,20,True,True
APT003807,11.0,26,0,True,True,15,False,False
APT003808,9.7,27,7,False,False,10,False,False
APT003809,17.7,53,17,False,False,20,True,True
APT003810,1.7,5,6,False,False,10,False,False
APT003811,8.5,19,0,False,False,15,False,False
APT003812,19.5,60,0,False,False,15,False,False
APT003813,11.5,27,2,False,False,10,False,False
APT003814,23.0,75,8,False,False,11,False,False
APT003815,19.6,44,0,False,False,10,False,False
APT003816,3.2,7,0,True,True,15,False,False
APT003817,16.2,51,0,True,True,20,False,False
APT003818,7.1,16,17,False,False,20,True,True
APT003819,6.7,23,0,True,True,10,False,False
APT003820,6.4,15,0,False,False,15,False,False
APT003821,19.4,59,6,False,False,10,False,False
APT003822,19.2,46,6,False,False,10,False,False
APT003823,11.5,34,0,True,True,10,False,False
APT003824,1.1,3,2,False,False,10,False,False
APT003825,16.0,39,6,False,False,10,False,False
APT003826,20.6,58,2,False,False,10,False,False
APT003827,23.4,68,0,False,False,20,False,False
APT003828,24.4,83,0,True,True,15,False,False
APT003829,21.5,73,0,True,True,10,False,False
APT003830,13.4,45,13,False,False,16,False,False
APT003831,23.3,53,0,True,True,15,False,False
APT003832,10.9,36,0,False,False,15,False,False
APT003833,23.3,75,0,True,True,10,False,False
APT003834,20.3,68,0,False,False,15,False,False
APT003835,24.4,85,22,False,False,26,True,False
APT003836,9.3,28,0,False,False,20,False,False
APT003837,3.8,10,15,False,False,19,False,False
APT003838,23.9,55,7,False,False,10,False,False
APT003839,23.5,59,0,False,False,20,False,False
APT003840,8.7,23,0,True,True,15,False,False
APT003841,5.6,18,0,False,False,15,False,False
APT003842,2.5,7,18,False,False,20,True,True
APT003843,10.5,35,0,False,False,15,False,False
APT003844,23.5,66,3,False,False,10,False,False
APT003845,7.0,20,0,True,True,15,False,False
APT003846,21.6,74,15,False,False,19,False,False
APT003847,21.2,67,20,False,False,23,True,True
APT003848,24.3,85,7,False,False,10,False,False
APT003849,2.3,8,0,False,False,20,False,False
APT003850,13.2,31,8,False,False,10,False,False
APT003851,21.7,54,0,False,False,15,False,False
APT003852,3.8,12,0,False,False,20,False,False
APT003853,10.4,25,1,False,False,10,False,False
APT003854,5.6,13,16,False,False,18,True,True
APT003855,4.9,14,7,False,False,10,False,False
APT003856,15.9,36,0,True,True,15,False,False
APT003857,19.6,67,3,False,False,10,False,False
APT003858,23.4,82,10,False,False,12,False,False
APT003859,18.6,46,9,False,False,10,False,False
APT003860,21.9,60,0,True,True,10,False,False
APT003861,16.4,51,0,False,False,10,False,False
APT003862,12.0,28,0,False,False,15,False,False
APT003863,10.6,30,0,False,False,20,False,False
APT003864,6.2,15,9,False,False,11,False,False
APT003865,4.4,14,0,True,True,20,False,False
APT003866,3.6,10,0,True,True,15,False,False
APT003867,12.7,35,0,True,True,15,False,False
APT003868,23.2,71,0,True,True,10,False,False
APT003869,24.4,70,1,False,False,10,False,False
APT003870,3.4,11,0,False,False,20,False,False
APT003871,18.4,54,10,False,False,12,False,False
APT003872,4.6,13,1,False,False,10,False,False
APT003873,11.5,32,11,False,False,14,False,False
APT003874,17.8,60,6,False,False,10,False,False
APT003875,17.7,51,0,True,True,15,False,False
APT003876,15.7,52,0,True,True,10,False,False
APT003877,13.5,37,0,True,True,15,False,False
APT003878,16.4,54,0,False,False,15,False,False
APT003879,18.3,40,0,True,True,15,False,False
APT003880,24.6,77,0,False,True,15,False,False
APT003881,18.8,51,14,False,False,19,False,False
APT003882,21.1,55,0,False,False,20,False,False
APT003883,20.1,59,0,True,True,20,False,False
APT003884,18.9,44,17,False,False,22,True,True
APT003885,4.3,12,12,False,False,14,False,False
APT003886,6.5,17,0,False,False,20,False,False
APT003887,16.6,49,0,True,True,15,False,False
APT003888,17.3,50,4,False,False,10,False,False
APT003889,7.0,18,8,False,False,11,False,False
APT003890,7.1,21,13,False,False,18,False,False
APT003891,7.8,22,15,False,False,20,False,False
APT003892,16.7,54,0,True,True,15,False,False
APT003893,14.5,38,12,False,False,16,False,False
APT003894,3.2,7,0,False,False,15,False,False
APT003895,17.6,54,0,True,True,15,False,False
APT003896,1.5,5,0,False,False,20,False,False
APT003897,3.6,11,0,False,False,15,False,False
APT003898,20.6,60,0,True,True,15,False,False
APT003899,7.4,22,1,False,False,10,False,False
APT003900,22.0,70,0,True,True,10,False,False
APT003901,3.2,7,0,False,False,15,False,False
APT003902,20.0,44,0,False,False,20,False,False
APT003903,23.3,79,5,False,False,10,False,False
APT003904,14.8,38,0,False,True,15,False,False
APT003905,20.1,60,3,False,False,10,False,False
APT003906,21.2,70,0,False,False,15,False,False
APT003907,9.7,24,5,False,False,10,False,False
APT003908,16.0,44,5,False,False,10,False,False
APT003909,24.6,74,0,False,False,15,False,False
APT003910,24.7,65,0,True,True,10,False,False
APT003911,16.7,57,5,False,False,10,False,False
APT003912,2.4,6,7,False,False,10,False,False
APT003913,15.0,46,15,False,False,18,False,False
APT003914,7.5,17,0,False,False,20,False,False
APT003915,13.3,36,11,False,False,13,False,False
APT003916,21.7,50,0,False,False,15,False,False
APT003917,21.6,73,0,True,True,15,False,False
APT003918,1.9,5,14,False,False,18,False,False
APT003919,15.3,36,0,False,True,10,False,False
APT003920,12.2,38,0,True,True,20,False,False
APT003921,2.5,8,0,True,True,20,False,False
APT003922,7.1,18,0,True,True,20,False,False
APT003923,1.2,3,0,True,True,15,False,False
APT003924,19.2,61,0,False,False,20,False,False
APT003925,22.8,72,10,False,False,13,False,False
APT003926,2.0,5,0,False,False,10,False,False
APT003927,6.3,17,0,False,False,10,False,False
APT003928,6.0,17,0,False,False,15,False,False
APT003929,8.1,20,2,False,False,10,False,False
APT003930,8.7,22,0,False,False,15,False,False
APT003931,23.3,66,12,False,False,16,False,False
APT003932,13.8,34,8,False,False,10,False,False
APT003933,9.6,22,2,False,False,10,False,False
APT003934,11.5,39,0,True,True,10,False,False
APT003935,13.5,30,6,False,False,10,False,False
APT003936,8.5,21,3,False,False,10,False,False
APT003937,17.3,48,8,False,False,10,False,False
APT003938,5.4,16,2,False,False,10,False,False
APT003939,23.1,52,0,False,True,10,False,False
APT003940,2.1,6,7,False,False,10,False,False
APT003941,12.6,32,8,False,False,11,False,False
APT003942,1.3,3,8,False,False,10,False,False
APT003943,11.6,27,0,False,False,15,False,False
APT003944,5.6,15,8,False,False,10,False,False
APT003945,8.3,23,15,False,False,20,False,False
APT003946,14.7,43,0,True,True,15,False,False
APT003947,1.5,4,0,True,True,15,False,False
APT003948,9.1,28,0,False,False,15,False,False
APT003949,21.8,49,0,False,False,15,False,False
APT003950,24.1,68,14,False,False,18,False,False
APT003951,2.0,6,15,False,False,21,False,False
APT003952,24.0,65,0,False,False,20,False,False
APT003953,18.1,51,0,False,False,20,False,False
APT003954,17.5,40,0,False,False,10,False,False
APT003955,13.9,37,0,False,False,10,False,False
APT003956,8.8,29,0,False,False,15,False,False
APT003957,16.0,41,3,False,False,10,False,False
APT003958,6.0,20,0,False,False,15,False,False
APT003959,24.6,85,0,True,True,15,False,False
APT003960,22.8,69,7,False,False,10,False,False
APT003961,19.1,58,0,True,True,20,False,False
APT003962,22.1,68,0,True,True,10,False,False
APT003963,19.1,51,0,True,True,15,False,False
APT003964,12.0,33,1,False,False,10,False,False
APT003965,7.6,20,0,False,True,20,False,False
APT003966,13.4,46,0,True,True,15,False,False
APT003967,9.1,30,3,False,False,10,False,False
APT003968,1.5,5,0,True,True,10,False,False
APT003969,23.8,58,0,True,True,15,False,False
APT003970,6.9,19,4,False,False,10,False,False
APT003971,19.1,63,0,False,False,15,False,False
APT003972,5.6,17,3,False,False,10,False,False
APT003973,5.9,19,1,False,False,10,False,False
APT003974,22.3,51,0,True,True,10,False,False
APT003975,7.4,20,3,False,False,10,False,False
APT003976,9.7,25,0,True,True,20,False,False
APT003977,9.0,23,5,False,False,10,False,False
APT003978,15.7,35,0,False,True,10,False,False
APT003979,15.4,43,0,True,True,15,False,False
APT003980,13.5,40,8,False,False,11,False,False
APT003981,2.4,6,15,False,False,17,False,False
APT003982,21.8,55,6,False,False,10,False,False
APT003983,10.5,36,15,False,False,21,False,False
APT003984,20.6,58,0,True,True,15,False,False
APT003985,1.9,7,0,False,False,10,False,False
APT003986,11.0,32,11,False,False,13,False,False
APT003987,12.7,35,0,True,True,15,False,False
APT003988,18.4,60,0,True,True,20,False,False
APT003989,23.8,67,9,False,False,10,False,False
APT003990,20.4,54,6,False,False,10,False,False
APT003991,21.1,69,0,True,True,15,False,False
APT003992,22.3,55,3,False,False,10,False,False
APT003993,16.7,41,0,True,True,15,False,False
APT003994,10.5,30,5,False,False,10,False,False
APT003995,6.8,17,1,False,False,10,False,False
APT003996,13.2,42,10,False,False,12,False,False
APT003997,3.2,8,0,True,True,20,False,False
APT003998,21.2,55,0,True,True,15,False,False
APT003999,14.1,35,0,True,True,15,False,False
APT004000,18.9,43,10,False,False,12,False,False
APT004001,2.6,9,14,False,False,18,False,False
APT004002,7.6,20,2,False,False,10,False,False
APT004003,13.6,31,5,False,False,10,False,False
APT004004,4.4,11,0,False,False,15,False,False
APT004005,23.3,75,7,False,False,10,False,False
APT004006,12.2,39,1,False,False,10,False,False
APT004007,20.7,50,6,False,False,10,False,False
APT004008,4.2,10,0,False,False,20,False,False
APT004009,12.3,37,0,True,True,15,False,False
APT004010,10.9,29,4,False,False,10,False,False
APT004011,24.5,56,0,True,True,15,False,False
APT004012,17.5,40,0,True,True,15,False,False
APT004013,21.9,65,0,True,True,15,False,False
APT004014,8.7,22,0,True,True,20,False,False
APT004015,4.3,11,7,False,False,10,False,False
APT004016,14.5,36,8,False,False,10,False,False
APT004017,11.9,36,0,True,True,15,False,False
APT004018,8.1,18,0,False,False,10,False,False
APT004019,11.4,30,0,True,True,20,False,False
APT004020,11.2,36,5,False,False,10,False,False
APT004021,4.8,16,7,False,False,10,False,False
APT004022,8.6,27,4,False,False,10,False,False
APT004023,1.5,4,14,False,False,17,False,False
APT004024,17.8,61,6,False,False,10,False,False
APT004025,12.9,32,0,False,True,15,False,False
APT004026,3.3,9,16,False,False,19,True,True
APT004027,11.3,36,7,False,False,10,False,False
APT004028,6.0,13,16,False,False,22,True,True
APT004029,14.4,38,0,True,True,10,False,False
APT004030,14.4,43,0,True,True,15,False,False
APT004031,21.5,56,0,True,True,15,False,False
APT004032,4.1,10,0,True,True,15,False,False
APT004033,19.9,57,0,False,False,20,False,False
APT004034,12.3,40,11,False,False,13,False,False
APT004035,6.5,20,11,False,False,15,False,False
APT004036,24.9,79,0,True,True,15,False,False
APT004037,12.9,40,9,False,False,11,False,False
APT004038,18.1,60,1,False,False,10,False,False
APT004039,6.4,19,0,False,False,15,False,False
APT004040,3.1,11,19,False,False,23,True,True
APT004041,4.1,11,3,False,False,10,False,False
APT004042,2.6,9,0,True,True,10,False,False
APT004043,17.1,59,5,False,False,10,False,False
APT004044,11.8,32,11,False,False,12,False,False
APT004045,13.4,45,14,False,False,17,False,False
APT004046,4.4,12,5,False,False,10,False,False
APT004047,3.9,11,9,False,False,10,False,False
APT004048,9.9,30,0,False,False,20,False,False
APT004049,8.0,18,0,False,False,15,False,False
APT004050,23.0,58,4,False,False,10,False,False
APT004051,2.7,7,22,False,False,30,True,True
APT004052,13.9,31,0,False,False,15,False,False
APT004053,1.5,5,0,True,True,15,False,False
APT004054,1.3,4,15,False,False,17,False,False
APT004055,6.0,15,0,False,False,15,False,False
APT004056,17.7,48,8,False,False,11,False,False
APT004057,24.6,70,11,False,False,14,False,False
APT004058,19.9,68,0,False,False,20,False,False
APT004059,10.0,26,1,False,False,10,False,False
APT004060,17.3,38,2,False,False,10,False,False
APT004061,14.4,50,9,False,False,12,False,False
APT004062,24.3,60,2,False,False,10,False,False
APT004063,21.2,48,0,False,False,15,False,False
APT004064,9.2,29,17,False,False,20,True,True
APT004065,3.7,12,10,False,False,12,False,False
APT004066,10.1,33,8,False,False,10,False,False
APT004067,5.8,14,11,False,False,13,False,False
APT004068,12.0,36,0,False,False,15,False,False
APT004069,12.0,29,6,False,False,10,False,False
APT004070,12.4,38,9,False,False,12,False,False
APT004071,7.6,26,7,False,False,10,False,False
APT004072,2.1,7,12,False,False,15,False,False
APT004073,15.4,42,10,False,False,13,False,False
APT004074,2.5,7,0,False,False,20,False,False
APT004075,3.7,10,2,False,False,10,False,False
APT004076,9.8,28,7,False,False,10,False,False
APT004077,1.8,6,0,False,False,15,False,False
APT004078,7.5,25,0,False,False,15,False,False
APT004079,20.5,46,0,False,False,15,False,False
APT004080,9.3,25,0,True,True,15,False,False
APT004081,4.5,16,0,False,False,15,False,False
APT004082,10.7,25,0,False,False,15,False,False
APT004083,15.6,49,0,True,True,10,False,False
APT004084,12.4,29,0,True,True,10,False,False
APT004085,16.0,48,0,False,False,15,False,False
APT004086,18.1,53,0,False,False,15,False,False
APT004087,18.5,65,6,False,False,10,False,False
APT004088,10.2,25,1,False,False,10,False,False
APT004089,2.3,7,1,False,False,10,False,False
APT004090,12.0,30,9,False,False,10,False,False
APT004091,17.4,46,0,True,True,15,False,False
APT004092,24.1,77,0,False,True,15,False,False
APT004093,8.4,23,0,False,True,15,False,False
APT004094,9.1,23,8,False,False,10,False,False
APT004095,5.2,15,7,False,False,10,False,False
APT004096,21.4,49,0,True,True,15,False,False
APT004097,10.8,34,0,False,False,15,False,False
APT004098,8.3,19,12,False,False,15,False,False
APT004099,20.8,54,0,False,False,15,False,False
APT004100,5.9,16,15,False,False,17,False,False
APT004101,8.2,25,17,False,False,22,True,True
APT004102,22.6,75,12,False,False,13,False,False
APT004103,20.5,69,1,False,False,10,False,False
APT004104,14.5,44,0,True,True,10,False,False
APT004105,21.9,52,0,True,True,20,False,False
APT004106,4.8,14,0,False,True,20,False,False
APT004107,16.0,47,0,True,True,15,False,False
APT004108,11.2,37,11,False,False,15,False,False
APT004109,12.6,41,10,False,False,13,False,False
APT004110,9.6,28,0,True,True,20,False,False
APT004111,1.3,3,11,False,False,14,False,False
APT004112,16.8,50,0,False,False,10,False,False
APT004113,2.6,6,0,True,True,20,False,False
APT004114,16.0,44,0,True,True,15,False,False
APT004115,22.1,74,24,False,False,29,True,False
APT004116,20.6,64,0,False,False,20,False,False
APT004117,16.6,38,11,False,False,15,False,False
APT004118,3.3,10,0,True,True,15,False,False
APT004119,21.0,47,0,True,True,20,False,False
APT004120,2.2,6,4,False,False,10,False,False
APT004121,14.1,33,7,False,False,10,False,False
APT004122,6.9,17,0,False,False,15,False,False
APT004123,9.8,29,1,False,False,10,False,False
APT004124,15.5,51,0,True,True,10,False,False
APT004125,8.8,23,0,True,True,15,False,False
APT004126,1.3,3,3,False,False,10,False,False
APT004127,9.5,29,0,False,False,15,False,False
APT004128,21.6,66,0,False,False,15,False,False
APT004129,23.6,67,4,False,False,10,False,False
APT004130,1.9,6,0,False,False,15,False,False
APT004131,10.1,33,9,False,False,11,False,False
APT004132,12.7,39,0,True,True,10,False,False
APT004133,24.5,62,4,False,False,10,False,False
APT004134,23.8,77,0,False,False,20,False,False
APT004135,24.1,78,0,True,True,10,False,False
APT004136,10.8,27,16,False,False,21,True,True
APT004137,23.2,76,15,False,False,17,False,False
APT004138,12.8,40,6,False,False,10,False,False
APT004139,6.2,20,0,True,True,20,False,False
APT004140,22.0,72,0,True,True,10,False,False
APT004141,12.3,31,6,False,False,10,False,False
APT004142,18.3,54,0,False,True,15,False,False
APT004143,17.8,40,0,False,False,20,False,False
APT004144,14.0,43,0,False,True,15,False,False
APT004145,5.5,19,2,False,False,10,False,False
APT004146,19.7,49,3,False,False,10,False,False
APT004147,6.6,20,11,False,False,15,False,False
APT004148,13.5,45,9,False,False,10,False,False
APT004149,22.7,65,0,False,True,20,False,False
APT004150,3.1,7,6,False,False,10,False,False
APT004151,5.2,13,0,False,False,20,False,False
APT004152,23.1,71,0,False,False,10,False,False
APT004153,3.2,10,2,False,False,10,False,False
APT004154,8.5,25,0,True,True,10,False,False
APT004155,15.3,49,0,True,True,15,False,False
APT004156,8.4,22,4,False,False,10,False,False
APT004157,11.1,26,12,False,False,14,False,False
APT004158,14.6,35,0,True,True,20,False,False
APT004159,5.6,16,0,True,True,10,False,False
APT004160,23.5,61,0,False,False,15,False,False
APT004161,11.6,27,8,False,False,10,False,False
APT004162,4.7,11,10,False,False,13,False,False
APT004163,13.4,44,15,False,False,18,False,False
APT004164,22.3,68,0,True,True,20,False,False
APT004165,17.6,52,6,False,False,10,False,False
APT004166,13.0,37,7,False,False,10,False,False
APT004167,20.3,56,15,False,False,20,False,False
APT004168,15.3,49,0,False,True,20,False,False
APT004169,5.4,17,15,False,False,20,False,False
APT004170,3.1,10,8,False,False,10,False,False
APT004171,15.1,51,6,False,False,10,False,False
APT004172,11.8,38,0,True,True,10,False,False
APT004173,2.6,7,30,False,False,38,True,True
APT004174,15.8,44,0,True,True,20,False,False
APT004175,2.8,10,3,False,False,10,False,False
APT004176,21.0,54,5,False,False,10,False,False
APT004177,10.5,34,7,False,False,10,False,False
APT004178,12.9,45,0,False,False,15,False,False
APT004179,21.4,60,0,False,False,10,False,False
APT004180,6.9,16,9,False,False,12,False,False
APT004181,20.3,71,0,False,True,20,False,False
APT004182,8.1,25,7,False,False,10,False,False
APT004183,16.9,39,15,False,False,18,False,False
APT004184,1.2,3,0,True,True,10,False,False
APT004185,3.5,12,18,False,False,21,True,True
APT004186,11.2,35,2,False,False,10,False,False
APT004187,24.4,77,0,False,False,15,False,False
APT004188,23.8,53,14,False,False,16,False,False
APT004189,3.2,9,0,True,True,20,False,False
APT004190,2.9,10,0,False,False,20,False,False
APT004191,24.9,76,0,False,False,10,False,False
APT004192,16.5,38,0,True,True,20,False,False
APT004193,24.6,83,1,False,False,10,False,False
APT004194,16.7,42,0,False,False,10,False,False
APT004195,5.9,20,0,True,True,20,False,False
APT004196,19.2,59,4,False,False,10,False,False
APT004197,24.9,56,0,True,True,10,False,False
APT004198,11.8,41,0,True,True,15,False,False
APT004199,6.7,23,0,False,False,15,False,False
APT004200,8.3,18,0,False,False,20,False,False
APT004201,20.0,55,0,False,False,15,False,False
APT004202,14.5,38,1,False,False,10,False,False
APT004203,7.9,27,6,False,False,10,False,False
APT004204,4.7,10,5,False,False,10,False,False
APT004205,12.5,32,0,False,True,15,False,False
APT004206,19.3,66,12,False,False,14,False,False
APT004207,6.6,19,13,False,False,16,False,False
APT004208,6.6,19,0,False,False,10,False,False
APT004209,20.0,62,24,False,False,30,True,True
APT004210,20.8,63,0,True,True,10,False,False
APT004211,21.6,55,10,False,False,13,False,False
APT004212,18.5,58,19,False,False,23,True,True
APT004213,7.4,18,0,False,False,20,False,False
APT004214,5.9,18,0,False,False,15,False,False
APT004215,11.8,39,0,False,False,15,False,False
APT004216,11.9,35,0,True,True,10,False,False
APT004217,11.8,31,0,False,False,10,False,False
APT004218,18.4,52,0,True,True,15,False,False
APT004219,11.3,29,0,True,True,15,False,False
APT004220,16.1,46,0,True,True,20,False,False
APT004221,2.8,6,7,False,False,10,False,False
APT004222,14.4,46,0,True,True,15,False,False
APT004223,20.2,62,8,False,False,10,False,False
APT004224,20.8,64,2,False,False,10,False,False
APT004225,4.1,13,0,False,False,15,False,False
APT004226,13.9,39,1,False,False,10,False,False
APT004227,2.1,7,0,True,True,20,False,False
APT004228,16.1,48,0,False,False,10,False,False
APT004229,23.1,55,8,False,False,10,False,False
APT004230,20.5,59,7,False,False,10,False,False
APT004231,6.2,21,0,False,False,15,False,False
APT004232,2.7,7,2,False,False,10,False,False
APT004233,9.5,32,0,False,False,10,False,False
APT004234,3.6,12,7,False,False,10,False,False
APT004235,2.7,8,26,False,False,36,True,True
APT004236,1.3,3,0,True,True,15,False,False
APT004237,7.9,18,0,False,False,20,False,False
APT004238,3.8,12,6,False,False,10,False,False
APT004239,17.7,41,1,False,False,10,False,False
APT004240,9.1,20,4,False,False,10,False,False
APT004241,19.2,59,4,False,False,10,False,False
APT004242,20.4,47,0,False,False,10,False,False
APT004243,20.0,52,8,False,False,11,False,False
APT004244,15.6,36,0,True,True,20,False,False
APT004245,10.6,24,11,False,False,15,False,False
APT004246,3.1,11,0,False,False,15,False,False
APT004247,14.4,48,2,False,False,10,False,False
APT004248,5.3,13,11,False,False,15,False,False
APT004249,14.5,37,0,False,False,15,False,False
APT004250,1.1,3,0,False,False,10,False,False
APT004251,2.3,7,0,True,True,15,False,False
APT004252,9.4,21,8,False,False,10,False,False
APT004253,24.3,82,0,False,False,15,False,False
APT004254,22.5,65,0,False,True,20,False,False
APT004255,6.1,16,2,False,False,10,False,False
APT004256,13.8,33,5,False,False,10,False,False
APT004257,21.5,62,7,False,False,10,False,False
APT004258,9.5,25,14,False,False,18,False,False
APT004259,19.0,56,5,False,False,10,False,False
APT004260,5.9,16,4,False,False,10,False,False
APT004261,17.5,46,6,False,False,10,False,False
APT004262,24.4,60,0,False,True,15,False,False
APT004263,17.0,43,0,False,False,15,False,False
APT004264,15.0,38,4,False,False,10,False,False
APT004265,18.0,52,0,False,True,15,False,False
APT004266,16.1,39,0,True,True,10,False,False
APT004267,22.5,68,0,True,True,20,False,False
APT004268,1.8,4,2,False,False,10,False,False
APT004269,24.6,60,0,False,False,15,False,False
APT004270,12.7,31,4,False,False,10,False,False
APT004271,19.3,52,15,False,False,19,False,False
APT004272,9.7,29,13,False,False,18,False,False
APT004273,11.4,32,0,False,False,15,False,False
APT004274,14.0,47,0,True,True,10,False,False
APT004275,1.5,5,1,False,False,10,False,False
APT004276,24.4,85,0,True,True,10,False,False
APT004277,8.2,27,8,False,False,11,False,False
APT004278,21.1,65,16,False,False,19,True,True
APT004279,2.7,8,8,False,False,11,False,False
APT004280,13.9,32,6,False,False,10,False,False
APT004281,20.5,57,2,False,False,10,False,False
APT004282,12.8,38,0,False,False,20,False,False
APT004283,14.5,47,0,False,True,15,False,False
APT004284,16.1,44,0,True,True,20,False,False
APT004285,21.3,69,17,False,False,21,True,True
APT004286,23.9,74,2,False,False,10,False,False
APT004287,15.5,45,0,True,True,15,False,False
APT004288,14.5,50,7,False,False,10,False,False
APT004289,14.0,38,0,True,True,20,False,False
APT004290,21.2,71,0,True,True,15,False,False
APT004291,14.1,46,0,True,True,20,False,False
APT004292,6.0,18,2,False,False,10,False,False
APT004293,24.4,60,0,True,True,20,False,False
APT004294,14.5,44,1,False,False,10,False,False
APT004295,12.8,36,1,False,False,10,False,False
APT004296,22.2,71,0,True,True,20,False,False
APT004297,7.3,22,3,False,False,10,False,False
APT004298,15.8,46,0,False,False,10,False,False
APT004299,11.0,32,0,True,True,10,False,False
APT004300,21.6,56,0,True,True,20,False,False
APT004301,12.0,42,9,False,False,11,False,False
APT004302,23.6,73,0,False,False,15,False,False
APT004303,5.6,20,5,False,False,10,False,False
APT004304,1.8,6,3,False,False,10,False,False
APT004305,22.1,51,0,False,False,15,False,False
APT004306,5.7,15,0,True,True,15,False,False
APT004307,3.1,8,9,False,False,11,False,False
APT004308,19.9,62,6,False,False,10,False,False
APT004309,10.5,32,5,False,False,10,False,False
APT004310,15.6,46,8,False,False,10,False,False
APT004311,12.3,28,2,False,False,10,False,False
APT004312,9.1,26,0,False,True,15,False,False
APT004313,11.8,37,4,False,False,10,False,False
APT004314,22.5,79,8,False,False,10,False,False
APT004315,9.8,28,0,False,False,20,False,False
APT004316,2.0,6,6,False,False,10,False,False
APT004317,8.7,28,0,True,True,10,False,False
APT004318,4.7,14,0,False,False,15,False,False
APT004319,5.4,13,0,False,False,20,False,False
APT004320,5.3,13,5,False,False,10,False,False
APT004321,5.8,20,0,True,True,20,False,False
APT004322,6.5,18,8,False,False,11,False,False
APT004323,3.8,12,11,False,False,13,False,False
APT004324,12.7,43,11,False,False,14,False,False
APT004325,7.8,24,0,True,True,10,False,False
APT004326,1.8,4,0,False,False,10,False,False
APT004327,4.3,14,1,False,False,10,False,False
APT004328,14.9,43,0,True,True,15,False,False
APT004329,23.0,64,12,False,False,17,False,False
APT004330,14.2,44,8,False,False,10,False,False
APT004331,7.9,18,4,False,False,10,False,False
APT004332,5.3,18,0,False,False,15,False,False
APT004333,21.1,49,0,True,True,20,False,False
APT004334,23.9,70,9,False,False,11,False,False
APT004335,9.8,34,0,False,False,15,False,False
APT004336,8.3,20,13,False,False,17,False,False
APT004337,10.7,31,0,True,True,20,False,False
APT004338,5.1,16,0,False,False,15,False,False
APT004339,24.4,54,0,True,True,15,False,False
APT004340,17.0,48,20,False,False,27,True,True
APT004341,20.2,50,5,False,False,10,False,False
APT004342,3.4,11,16,False,False,21,True,True
APT004343,5.4,17,8,False,False,10,False,False
APT004344,18.1,44,0,False,False,20,False,False
APT004345,21.9,62,0,False,False,15,False,False
APT004346,6.7,16,0,False,False,20,False,False
APT004347,2.2,5,16,False,False,20,True,True
APT004348,3.0,10,0,True,True,20,False,False
APT004349,13.8,33,8,False,False,10,False,False
APT004350,16.2,44,2,False,False,10,False,False
APT004351,22.6,77,0,False,True,20,False,False
APT004352,15.0,41,0,True,True,15,False,False
APT004353,2.4,8,10,False,False,11,False,False
APT004354,17.9,41,6,False,False,10,False,False
APT004355,21.1,63,0,True,True,20,False,False
APT004356,14.6,38,18,False,False,23,True,True
APT004357,2.7,8,18,False,False,20,True,True
APT004358,17.1,48,0,True,True,20,False,False
APT004359,9.2,25,0,False,False,20,False,False
APT004360,12.6,34,4,False,False,10,False,False
APT004361,3.9,9,15,False,False,19,False,False
APT004362,11.4,26,0,True,True,15,False,False
APT004363,9.4,23,14,False,False,16,False,False
APT004364,10.5,24,4,False,False,10,False,False
APT004365,12.7,31,0,False,False,10,False,False
APT004366,24.3,57,9,False,False,12,False,False
APT004367,7.2,20,9,False,False,12,False,False
APT004368,13.7,43,17,False,False,24,True,True
APT004369,6.6,18,0,False,False,15,False,False
APT004370,22.7,66,0,False,False,15,False,False
APT004371,17.1,60,24,False,False,30,True,True
APT004372,6.5,15,8,False,False,10,False,False
APT004373,13.1,44,0,True,True,15,False,False
APT004374,22.5,62,0,True,True,10,False,False
APT004375,4.1,10,0,False,False,20,False,False
APT004376,6.9,17,0,False,True,15,False,False
APT004377,17.2,55,9,False,False,12,False,False
APT004378,1.2,4,17,False,False,20,True,True
APT004379,3.7,13,0,True,True,15,False,False
APT004380,3.7,8,0,False,True,15,False,False
APT004381,22.7,73,18,False,False,22,True,True
APT004382,9.1,30,12,False,False,14,False,False
APT004383,20.8,50,3,False,False,10,False,False
APT004384,18.9,46,0,False,False,10,False,False
APT004385,24.6,63,15,False,False,21,False,False
APT004386,12.8,36,0,False,True,15,False,False
APT004387,7.2,18,0,False,False,20,False,False
APT004388,4.3,13,0,True,True,20,False,False
APT004389,8.5,19,2,False,False,10,False,False
APT004390,12.1,34,0,False,True,20,False,False
APT004391,19.1,64,22,False,False,31,True,True
APT004392,5.7,16,2,False,False,10,False,False
APT004393,20.9,71,29,False,False,36,True,True
APT004394,14.5,43,5,False,False,10,False,False
APT004395,4.0,13,11,False,False,13,False,False
APT004396,12.0,35,11,False,False,15,False,False
APT004397,13.3,30,0,True,True,15,False,False
APT004398,23.7,76,8,False,False,10,False,False
APT004399,19.9,62,15,False,False,20,False,False
APT004400,13.7,44,0,True,True,10,False,False
APT004401,6.0,18,21,False,False,23,True,True
APT004402,7.5,20,10,False,False,13,False,False
APT004403,2.9,8,12,False,False,16,False,False
APT004404,11.6,27,0,True,True,20,False,False
APT004405,7.9,26,5,False,False,10,False,False
APT004406,17.2,58,8,False,False,10,False,False
APT004407,9.8,28,1,False,False,10,False,False
APT004408,20.1,67,0,True,True,15,False,False
APT004409,16.3,51,4,False,False,10,False,False
APT004410,22.5,76,0,True,True,10,False,False
APT004411,1.1,3,0,True,True,10,False,False
APT004412,9.0,20,0,True,True,20,False,False
APT004413,5.0,13,15,False,False,19,False,False
APT004414,7.3,21,22,False,False,29,True,True
APT004415,12.0,29,2,False,False,10,False,False
APT004416,2.9,9,7,False,False,10,False,False
APT004417,2.5,7,6,False,False,10,False,False
APT004418,16.6,50,2,False,False,10,False,False
APT004419,11.7,33,14,False,False,18,False,False
APT004420,16.6,49,0,False,False,20,False,False
APT004421,7.9,20,9,False,False,11,False,False
APT004422,4.8,13,13,False,False,15,False,False
APT004423,1.5,4,0,True,True,15,False,False
APT004424,18.1,46,0,True,True,15,False,False
APT004425,12.5,38,13,False,False,17,False,False
APT004426,11.0,29,6,False,False,10,False,False
APT004427,7.0,17,0,False,False,10,False,False
APT004428,10.8,26,0,True,True,15,False,False
APT004429,22.3,75,0,False,False,15,False,False
APT004430,7.4,17,0,True,True,20,False,False
APT004431,8.4,28,0,True,True,15,False,False
APT004432,1.5,4,0,False,False,15,False,False
APT004433,22.7,65,0,False,False,15,False,False
APT004434,20.2,45,0,True,True,20,False,False
APT004435,13.9,47,0,True,True,15,False,False
APT004436,7.4,22,0,True,True,15,False,False
APT004437,8.0,21,0,False,True,10,False,False
APT004438,16.9,41,8,False,False,10,False,False
APT004439,23.7,63,0,False,False,10,False,False
APT004440,5.9,13,9,False,False,11,False,False
APT004441,10.8,28,0,False,False,20,False,False
APT004442,16.7,40,16,False,False,21,True,True
APT004443,17.0,40,0,True,True,15,False,False
APT004444,14.9,48,0,False,True,15,False,False
APT004445,8.0,22,0,True,True,20,False,False
APT004446,4.6,12,9,False,False,11,False,False
APT004447,18.8,56,0,True,True,20,False,False
APT004448,21.0,64,4,False,False,10,False,False
APT004449,10.6,34,1,False,False,10,False,False
APT004450,22.2,70,0,False,False,10,False,False
APT004451,6.2,20,16,False,False,21,True,True
APT004452,13.6,46,15,False,False,18,False,False
APT004453,22.1,57,0,True,True,15,False,False
APT004454,12.0,29,3,False,False,10,False,False
APT004455,9.9,22,17,False,False,22,True,True
APT004456,18.5,45,0,False,True,15,False,False
APT004457,14.9,44,17,False,False,24,True,True
APT004458,11.1,31,0,True,True,15,False,False
APT004459,7.8,19,13,False,False,16,False,False
APT004460,20.0,63,0,False,False,20,False,False
APT004461,4.7,12,8,False,False,10,False,False
APT004462,22.0,58,0,True,True,15,False,False
APT004463,17.4,50,0,True,True,15,False,False
APT004464,21.2,61,0,False,True,15,False,False
APT004465,19.7,54,7,False,False,10,False,False
APT004466,19.6,53,0,False,False,20,False,False
APT004467,2.7,9,0,False,False,15,False,False
APT004468,8.0,22,0,False,False,15,False,False
APT004469,11.2,33,2,False,False,10,False,False
APT004470,22.9,56,1,False,False,10,False,False
APT004471,3.0,7,7,False,False,10,False,False
APT004472,23.3,53,4,False,False,10,False,False
APT004473,6.6,23,3,False,False,10,False,False
APT004474,20.6,50,10,False,False,13,False,False
APT004475,16.1,53,6,False,False,10,False,False
APT004476,7.6,19,0,True,True,20,False,False
APT004477,4.9,13,2,False,False,10,False,False
APT004478,20.5,55,8,False,False,11,False,False
APT004479,13.8,46,3,False,False,10,False,False
APT004480,9.1,22,11,False,False,14,False,False
APT004481,21.6,61,0,True,True,15,False,False
APT004482,9.7,22,0,False,False,15,False,False
APT004483,8.9,29,0,True,True,20,False,False
APT004484,14.1,32,8,False,False,11,False,False
APT004485,3.1,9,3,False,False,10,False,False
APT004486,21.9,56,1,False,False,10,False,False
APT004487,1.5,3,0,False,True,20,False,False
APT004488,23.8,55,13,False,False,15,False,False
APT004489,10.8,28,0,False,True,20,False,False
APT004490,5.0,15,6,False,False,10,False,False
APT004491,19.8,58,0,True,True,10,False,False
APT004492,12.0,30,9,False,False,11,False,False
APT004493,22.7,53,0,True,True,15,False,False
APT004494,23.7,68,0,False,False,15,False,False
APT004495,8.5,22,11,False,False,13,False,False
APT004496,3.3,9,10,False,False,12,False,False
APT004497,17.2,53,0,False,False,10,False,False
APT004498,6.8,23,17,False,False,22,True,True
APT004499,13.4,32,0,True,True,20,False,False
APT004500,24.3,56,8,False,False,10,False,False
APT004501,20.9,47,13,False,False,17,False,False
APT004502,17.9,55,12,False,False,13,False,False
APT004503,22.4,74,14,False,False,19,False,False
APT004504,3.0,9,25,False,False,34,True,True
APT004505,6.1,17,0,False,False,15,False,False
APT004506,5.7,16,0,False,False,15,False,False
APT004507,8.1,24,2,False,False,10,False,False
APT004508,3.7,10,22,False,False,24,True,True
APT004509,4.8,15,0,True,True,15,False,False
APT004510,5.0,11,0,True,True,10,False,False
APT004511,24.1,75,0,False,False,15,False,False
APT004512,14.6,50,0,True,True,10,False,False
APT004513,21.8,49,3,False,False,10,False,False
APT004514,4.7,11,1,False,False,10,False,False
APT004515,9.0,21,4,False,False,10,False,False
APT004516,1.7,5,15,False,False,18,False,False
APT004517,22.4,59,18,False,False,21,True,True
APT004518,7.6,20,9,False,False,12,False,False
APT004519,10.7,35,6,False,False,10,False,False
APT004520,10.2,28,10,False,False,12,False,False
APT004521,18.7,45,0,False,False,20,False,False
APT004522,3.2,10,0,False,False,15,False,False
APT004523,23.8,71,0,True,True,10,False,False
APT004524,8.6,22,0,True,True,15,False,False
APT004525,8.0,23,0,False,False,15,False,False
APT004526,4.6,13,0,True,True,10,False,False
APT004527,19.0,46,11,False,False,15,False,False
APT004528,12.5,36,16,False,False,21,True,False
APT004529,2.0,5,0,False,False,15,False,False
APT004530,17.6,42,15,False,False,19,False,False
APT004531,20.0,53,0,False,False,10,False,False
APT004532,3.5,10,23,False,False,27,True,True
APT004533,23.2,74,0,False,False,20,False,False
APT004534,23.7,68,0,False,False,20,False,False
APT004535,9.4,25,6,False,False,10,False,False
APT004536,17.0,45,0,False,False,10,False,False
APT004537,11.3,28,20,False,False,24,True,True
APT004538,7.6,21,0,True,True,15,False,False
APT004539,14.0,36,0,True,True,20,False,False
APT004540,22.9,69,0,True,True,10,False,False
APT004541,22.5,57,0,False,False,20,False,False
APT004542,13.7,33,5,False,False,10,False,False
APT004543,18.6,42,0,True,True,15,False,False
APT004544,16.0,51,0,False,False,10,False,False
APT004545,24.0,72,0,False,False,15,False,False
APT004546,19.8,65,18,False,False,23,True,True
APT004547,18.4,53,8,False,False,10,False,False
APT004548,16.5,51,14,False,False,17,False,False
APT004549,3.1,8,11,False,False,15,False,False
APT004550,5.1,15,16,False,False,21,True,True
APT004551,11.1,26,0,False,True,15,False,False
APT004552,7.0,22,16,False,False,20,True,True
APT004553,9.6,31,1,False,False,10,False,False
APT004554,8.4,27,0,False,False,10,False,False
APT004555,17.7,50,0,False,True,15,False,False
APT004556,23.9,71,29,False,False,38,True,True
APT004557,12.6,35,2,False,False,10,False,False
APT004558,19.6,68,11,False,False,13,False,False
APT004559,11.9,34,0,True,True,20,False,False
APT004560,3.6,10,4,False,False,10,False,False
APT004561,9.6,27,2,False,False,10,False,False
APT004562,6.4,19,1,False,False,10,False,False
APT004563,4.0,10,17,False,False,23,True,True
APT004564,22.6,57,2,False,False,10,False,False
APT004565,4.1,12,0,False,False,15,False,False
APT004566,4.5,13,5,False,False,10,False,False
APT004567,21.1,59,0,True,True,10,False,False
APT004568,15.6,43,5,False,False,10,False,False
APT004569,5.2,18,0,False,False,15,False,False
APT004570,9.7,29,0,False,False,20,False,False
APT004571,25.0,86,4,False,False,10,False,False
APT004572,21.5,60,0,True,True,20,False,False
APT004573,17.5,58,0,True,True,20,False,False
APT004574,1.8,4,5,False,False,10,False,False
APT004575,6.2,19,1,False,False,10,False,False
APT004576,1.1,4,4,False,False,10,False,False
APT004577,6.5,20,5,False,False,10,False,False
APT004578,18.8,59,2,False,False,10,False,False
APT004579,19.7,50,0,True,True,20,False,False
APT004580,18.2,48,0,True,True,15,False,False
APT004581,7.6,18,8,False,False,10,False,False
APT004582,20.0,68,15,False,False,19,False,False
APT004583,8.2,20,0,True,True,15,False,False
APT004584,14.7,45,0,False,False,15,False,False
APT004585,20.8,63,17,False,False,23,True,True
APT004586,24.8,60,0,False,False,15,False,False
APT004587,2.8,9,0,False,False,15,False,False
APT004588,6.6,21,0,True,True,15,False,False
APT004589,11.2,28,17,False,False,20,True,True
APT004590,18.5,59,0,True,True,10,False,False
APT004591,9.8,33,8,False,False,10,False,False
APT004592,9.2,29,3,False,False,10,False,False
APT004593,3.5,9,11,False,False,13,False,False
APT004594,3.5,11,4,False,False,10,False,False
APT004595,1.1,3,10,False,False,12,False,False
APT004596,11.6,39,4,False,False,10,False,False
APT004597,15.7,44,0,False,False,20,False,False
APT004598,24.5,68,0,True,True,15,False,False
APT004599,3.5,10,0,False,True,15,False,False
APT004600,10.6,34,0,False,False,15,False,False
APT004601,9.3,32,0,False,False,15,False,False
APT004602,12.8,37,6,False,False,10,False,False
APT004603,24.8,78,15,False,False,21,False,False
APT004604,25.0,84,2,False,False,10,False,False
APT004605,13.1,31,1,False,False,10,False,False
APT004606,1.6,4,11,False,False,15,False,False
APT004607,10.3,28,0,True,True,15,False,False
APT004608,14.4,49,0,True,True,15,False,False
APT004609,20.8,65,10,False,False,14,False,False
APT004610,15.6,45,13,False,False,16,False,False
APT004611,16.7,58,0,True,True,15,False,False
APT004612,3.0,9,13,False,False,16,False,False
APT004613,20.9,53,1,False,False,10,False,False
APT004614,4.7,16,0,False,False,15,False,False
APT004615,15.2,43,0,False,False,15,False,False
APT004616,20.9,57,0,True,True,20,False,False
APT004617,3.6,10,0,False,False,15,False,False
APT004618,18.6,55,0,True,True,20,False,False
APT004619,16.8,44,0,False,False,20,False,False
APT004620,4.1,12,0,True,True,20,False,False
APT004621,4.5,13,8,False,False,10,False,False
APT004622,9.8,30,0,False,False,20,False,False
APT004623,24.9,72,0,False,False,10,False,False
APT004624,9.6,28,8,False,False,11,False,False
APT004625,24.8,78,0,False,False,15,False,False
APT004626,10.4,29,11,False,False,14,False,False
APT004627,6.2,17,5,False,False,10,False,False
APT004628,1.9,6,0,True,True,20,False,False
APT004629,20.8,62,2,False,False,10,False,False
APT004630,12.9,31,0,False,True,10,False,False
APT004631,2.1,7,0,True,True,15,False,False
APT004632,24.1,61,0,True,True,15,False,False
APT004633,4.1,11,15,False,False,19,False,False
APT004634,19.3,66,0,True,True,15,False,False
APT004635,19.3,49,0,True,True,15,False,False
APT004636,22.5,67,0,True,True,15,False,False
APT004637,3.6,10,0,False,False,10,False,False
APT004638,5.2,12,0,False,False,15,False,False
APT004639,23.4,74,10,False,False,12,False,False
APT004640,24.3,74,0,True,True,20,False,False
APT004641,7.5,21,3,False,False,10,False,False
APT004642,1.4,4,5,False,False,10,False,False
APT004643,24.3,59,7,False,False,10,False,False
APT004644,17.3,49,0,False,False,15,False,False
APT004645,10.2,26,1,False,False,10,False,False
APT004646,15.6,42,10,False,False,12,False,False
APT004647,5.4,14,6,False,False,10,False,False
APT004648,9.5,23,0,False,False,10,False,False
APT004649,7.0,21,3,False,False,10,False,False
APT004650,24.6,60,0,True,True,15,False,False
APT004651,23.9,53,0,True,True,20,False,False
APT004652,13.5,33,0,False,False,20,False,False
APT004653,14.4,35,11,False,False,15,False,False
APT004654,22.4,52,24,False,False,33,True,True
APT004655,9.8,33,0,False,False,20,False,False
APT004656,6.4,15,0,False,False,20,False,False
APT004657,5.4,18,0,False,False,15,False,False
APT004658,24.7,85,8,False,False,10,False,False
APT004659,2.1,7,0,True,True,20,False,False
APT004660,19.6,56,0,True,True,10,False,False
APT004661,14.0,40,2,False,False,10,False,False
APT004662,9.3,31,17,False,False,22,True,True
APT004663,3.4,11,0,False,False,15,False,False
APT004664,8.0,19,0,True,True,20,False,False
APT004665,9.7,25,2,False,False,10,False,False
APT004666,21.7,72,0,True,True,10,False,False
APT004667,23.3,75,3,False,False,10,False,False
APT004668,10.2,34,6,False,False,10,False,False
APT004669,14.3,43,10,False,False,11,False,False
APT004670,25.0,65,0,False,False,20,False,False
APT004671,24.5,60,0,True,True,15,False,False
APT004672,23.1,63,0,True,True,15,False,False
APT004673,11.3,30,0,False,True,15,False,False
APT004674,24.6,77,11,False,False,14,False,False
APT004675,24.2,77,10,False,False,13,False,False
APT004676,3.8,10,0,False,True,20,False,False
APT004677,5.9,14,3,False,False,10,False,False
APT004678,20.7,72,8,False,False,10,False,False
APT004679,22.5,59,14,False,False,19,False,False
APT004680,5.3,18,0,True,True,15,False,False
APT004681,6.3,14,0,True,True,15,False,False
APT004682,19.6,47,8,False,False,10,False,False
APT004683,13.8,44,3,False,False,10,False,False
APT004684,2.6,8,0,True,True,10,False,False
APT004685,3.7,11,0,False,False,15,False,False
APT004686,1.2,4,16,False,False,22,True,True
APT004687,1.8,5,6,False,False,10,False,False
APT004688,6.6,22,7,False,False,10,False,False
APT004689,13.3,43,7,False,False,10,False,False
APT004690,1.7,5,0,True,True,15,False,False
APT004691,22.2,56,0,True,True,20,False,False
APT004692,18.4,41,0,True,True,15,False,False
APT004693,3.7,10,0,True,True,20,False,False
APT004694,4.2,11,0,False,False,15,False,False
APT004695,9.5,25,0,True,True,15,False,False
APT004696,11.8,40,16,False,False,19,True,False
APT004697,2.8,7,1,False,False,10,False,False
APT004698,20.8,50,0,False,False,10,False,False
APT004699,9.5,23,0,False,False,15,False,False
APT004700,22.9,75,4,False,False,10,False,False
APT004701,18.7,61,16,False,False,20,True,True
APT004702,5.1,14,13,False,False,16,False,False
APT004703,17.5,41,15,False,False,17,False,False
APT004704,2.1,5,0,False,True,10,False,False
APT004705,23.6,76,0,False,False,15,False,False
APT004706,23.4,53,0,False,False,10,False,False
APT004707,6.8,20,1,False,False,10,False,False
APT004708,14.8,33,0,True,True,10,False,False
APT004709,12.7,31,0,False,False,15,False,False
APT004710,9.8,32,10,False,False,13,False,False
APT004711,8.1,23,16,False,False,20,True,True
APT004712,15.9,36,9,False,False,12,False,False
APT004713,3.6,12,0,False,False,10,False,False
APT004714,13.6,34,0,True,True,10,False,False
APT004715,16.2,36,0,False,False,10,False,False
APT004716,14.4,43,4,False,False,10,False,False
APT004717,3.2,9,10,False,False,13,False,False
APT004718,1.6,5,0,False,False,10,False,False
APT004719,3.5,10,0,True,True,20,False,False
APT004720,7.6,26,0,True,True,15,False,False
APT004721,14.7,44,0,False,False,10,False,False
APT004722,13.2,36,18,False,False,24,True,True
APT004723,8.2,28,0,True,True,15,False,False
APT004724,6.8,19,8,False,False,10,False,False
APT004725,12.2,29,12,False,False,16,False,False
APT004726,8.3,27,0,False,False,15,False,False
APT004727,9.6,27,0,True,True,15,False,False
APT004728,2.3,8,5,False,False,10,False,False
APT004729,6.7,22,10,False,False,13,False,False
APT004730,24.2,67,0,True,True,15,False,False
APT004731,21.5,53,9,False,False,11,False,False
APT004732,12.3,34,0,True,True,20,False,False
APT004733,15.6,47,13,False,False,18,False,False
APT004734,14.4,39,3,False,False,10,False,False
APT004735,8.2,23,0,False,False,15,False,False
APT004736,1.7,5,7,False,False,10,False,False
APT004737,8.5,19,11,False,False,15,False,False
APT004738,10.8,36,0,True,True,10,False,False
APT004739,18.6,44,1,False,False,10,False,False
APT004740,14.5,46,0,False,True,15,False,False
APT004741,6.2,16,0,False,False,20,False,False
APT004742,20.8,69,0,True,True,15,False,False
APT004743,13.4,44,6,False,False,10,False,False
APT004744,2.4,7,7,False,False,10,False,False
APT004745,13.0,29,7,False,False,10,False,False
APT004746,3.0,9,11,False,False,13,False,False
APT004747,22.7,67,8,False,False,10,False,False
APT004748,10.1,35,9,False,False,12,False,False
APT004749,16.9,58,6,False,False,10,False,False
APT004750,10.4,34,0,False,False,15,False,False
APT004751,20.1,52,0,True,True,15,False,False
APT004752,3.0,10,0,False,False,15,False,False
APT004753,2.8,9,9,False,False,12,False,False
APT004754,13.6,44,0,False,True,15,False,False
APT004755,6.2,19,0,False,False,15,False,False
APT004756,21.7,49,0,True,True,15,False,False
APT004757,12.7,39,0,False,False,10,False,False
APT004758,9.3,21,8,False,False,10,False,False
APT004759,9.7,24,3,False,False,10,False,False
APT004760,20.7,72,0,True,True,10,False,False
APT004761,5.7,16,0,False,True,15,False,False
APT004762,6.0,17,3,False,False,10,False,False
APT004763,2.9,8,2,False,False,10,False,False
APT004764,16.3,57,18,False,False,22,True,True
APT004765,20.1,51,0,True,True,15,False,False
APT004766,18.6,44,0,True,True,15,False,False
APT004767,7.1,22,16,False,False,19,True,True
APT004768,22.4,73,1,False,False,10,False,False
APT004769,16.3,56,0,True,True,15,False,False
APT004770,17.2,45,15,False,False,21,False,False
APT004771,4.6,13,0,True,True,15,False,False
APT004772,17.7,60,0,True,True,15,False,False
APT004773,11.3,26,12,False,False,13,False,False
APT004774,23.1,72,0,False,False,20,False,False
APT004775,23.7,66,4,False,False,10,False,False
APT004776,9.6,29,2,False,False,10,False,False
APT004777,8.8,25,4,False,False,10,False,False
APT004778,20.9,61,7,False,False,10,False,False
APT004779,8.8,25,0,False,True,15,False,False
APT004780,13.9,36,0,False,False,20,False,False
APT004781,25.0,86,5,False,False,10,False,False
APT004782,15.6,53,0,False,False,20,False,False
APT004783,3.2,11,0,True,True,20,False,False
APT004784,24.5,78,20,False,False,23,True,True
APT004785,19.9,65,0,True,True,10,False,False
APT004786,19.3,55,0,False,False,10,False,False
APT004787,3.4,9,10,False,False,14,False,False
APT004788,17.5,49,0,False,True,10,False,False
APT004789,17.9,46,0,False,True,15,False,False
APT004790,10.0,23,3,False,False,10,False,False
APT004791,10.4,32,22,False,False,25,True,True
APT004792,23.5,82,2,False,False,10,False,False
APT004793,7.5,19,6,False,False,10,False,False
APT004794,15.2,40,0,False,False,15,False,False
APT004795,23.9,60,0,False,False,20,False,False
APT004796,14.3,36,8,False,False,10,False,False
APT004797,2.8,9,0,True,True,10,False,False
APT004798,6.2,15,11,False,False,15,False,False
APT004799,14.2,46,12,False,False,14,False,False
APT004800,15.4,49,1,False,False,10,False,False
APT004801,4.3,13,18,False,False,20,True,True
APT004802,13.5,30,5,False,False,10,False,False
APT004803,2.5,6,11,False,False,15,False,False
APT004804,9.5,28,0,True,True,20,False,False
APT004805,7.0,16,10,False,False,14,False,False
APT004806,6.6,16,0,True,True,10,False,False
APT004807,1.8,4,0,True,True,15,False,False
APT004808,2.6,9,10,False,False,12,False,False
APT004809,8.3,25,0,False,False,15,False,False
APT004810,9.7,34,5,False,False,10,False,False
APT004811,12.0,37,0,True,True,20,False,False
APT004812,5.4,16,1,False,False,10,False,False
APT004813,14.7,43,0,True,True,15,False,False
APT004814,22.6,76,14,False,False,16,False,False
APT004815,6.9,21,0,True,True,10,False,False
APT004816,6.9,19,8,False,False,10,False,False
APT004817,24.5,77,0,True,True,20,False,False
APT004818,3.1,8,19,False,False,26,True,True
APT004819,23.0,74,0,False,False,15,False,False
APT004820,22.1,52,0,False,False,15,False,False
APT004821,22.0,68,11,False,False,12,False,False
APT004822,23.0,52,0,True,True,15,False,False
APT004823,19.7,56,0,False,False,15,False,False
APT004824,22.2,75,0,False,True,10,False,False
APT004825,4.2,10,10,False,False,11,False,False
APT004826,5.5,18,0,True,True,15,False,False
APT004827,24.1,81,0,False,False,15,False,False
APT004828,17.9,46,4,False,False,10,False,False
APT004829,14.7,38,12,False,False,16,False,False
APT004830,23.9,83,17,False,False,19,True,True
APT004831,10.5,26,0,True,True,15,False,False
APT004832,14.9,49,0,False,False,15,False,False
APT004833,2.9,10,12,False,False,15,False,False
APT004834,24.8,64,3,False,False,10,False,False
APT004835,3.0,9,0,True,True,20,False,False
APT004836,15.3,52,0,False,False,15,False,False
APT004837,20.5,57,17,False,False,20,True,True
APT004838,21.8,52,9,False,False,10,False,False
APT004839,24.5,63,0,True,True,15,False,False
APT004840,4.4,13,16,False,False,19,True,False
APT004841,10.7,28,0,False,False,15,False,False
APT004842,18.7,58,0,True,True,10,False,False
APT004843,23.7,66,25,False,False,31,True,True
APT004844,18.1,57,7,False,False,10,False,False
APT004845,3.6,9,11,False,False,15,False,False
APT004846,24.8,66,0,True,True,15,False,False
APT004847,20.7,70,4,False,False,10,False,False
APT004848,10.2,32,7,False,False,10,False,False
APT004849,2.6,9,0,False,False,10,False,False
APT004850,20.9,73,0,True,True,15,False,False
APT004851,22.4,57,0,True,True,10,False,False
APT004852,2.1,5,12,False,False,16,False,False
APT004853,23.6,56,0,False,True,10,False,False
APT004854,2.2,7,11,False,False,15,False,False
APT004855,18.7,50,6,False,False,10,False,False
APT004856,23.8,61,0,True,True,20,False,False
APT004857,17.0,50,0,True,True,10,False,False
APT004858,17.1,42,0,False,False,20,False,False
APT004859,13.1,40,0,False,False,15,False,False
APT004860,8.8,27,0,False,False,15,False,False
APT004861,3.7,12,0,False,False,10,False,False
APT004862,23.3,79,0,False,False,10,False,False
APT004863,7.3,17,0,False,False,15,False,False
APT004864,15.6,41,9,False,False,12,False,False
APT004865,22.9,72,0,False,False,10,False,False
APT004866,3.1,11,4,False,False,10,False,False
APT004867,24.4,84,5,False,False,10,False,False
APT004868,15.9,51,0,True,True,20,False,False
APT004869,23.4,69,0,True,True,20,False,False
APT004870,20.9,48,0,True,True,20,False,False
APT004871,12.2,30,2,False,False,10,False,False
APT004872,10.1,30,0,False,True,20,False,False
APT004873,23.8,70,0,False,False,15,False,False
APT004874,11.3,25,0,True,True,10,False,False
APT004875,23.5,69,0,True,True,15,False,False
APT004876,4.7,15,8,False,False,10,False,False
APT004877,23.5,71,0,False,False,15,False,False
APT004878,23.8,76,7,False,False,10,False,False
APT004879,7.8,27,0,False,False,15,False,False
APT004880,6.2,16,0,True,True,10,False,False
APT004881,17.5,60,0,True,True,20,False,False
APT004882,14.9,44,8,False,False,10,False,False
APT004883,2.2,6,15,False,False,20,False,False
APT004884,24.0,80,12,False,False,15,False,False
APT004885,12.3,31,7,False,False,10,False,False
APT004886,20.9,66,0,False,False,15,False,False
APT004887,15.9,50,0,True,True,15,False,False
APT004888,14.6,42,0,True,True,15,False,False
APT004889,3.5,8,12,False,False,16,False,False
APT004890,6.9,19,0,True,True,10,False,False
APT004891,3.0,10,6,False,False,10,False,False
APT004892,23.5,59,0,True,True,15,False,False
APT004893,21.3,59,14,False,False,19,False,False
APT004894,19.7,45,0,True,True,10,False,False
APT004895,14.7,45,0,True,True,15,False,False
APT004896,1.9,5,0,False,False,15,False,False
APT004897,10.4,25,0,False,True,15,False,False
APT004898,5.4,18,19,False,False,22,True,True
APT004899,23.1,74,13,False,False,16,False,False
APT004900,19.3,62,0,False,False,20,False,False
APT004901,8.9,28,0,True,True,15,False,False
APT004902,13.8,34,1,False,False,10,False,False
APT004903,11.0,34,6,False,False,10,False,False
APT004904,21.7,52,1,False,False,10,False,False
APT004905,17.0,44,0,True,True,15,False,False
APT004906,12.1,38,10,False,False,13,False,False
APT004907,19.1,56,0,True,True,10,False,False
APT004908,6.5,17,0,True,True,20,False,False
APT004909,14.6,43,0,False,False,10,False,False
APT004910,6.9,18,0,True,True,15,False,False
APT004911,1.6,4,0,True,True,15,False,False
APT004912,7.0,24,3,False,False,10,False,False
APT004913,23.7,53,5,False,False,10,False,False
APT004914,4.3,15,0,False,True,15,False,False
APT004915,10.4,36,0,False,False,15,False,False
APT004916,11.6,26,0,True,True,20,False,False
APT004917,3.7,12,0,True,True,15,False,False
APT004918,6.5,17,0,False,False,10,False,False
APT004919,1.7,5,12,False,False,15,False,False
APT004920,12.4,28,0,True,True,20,False,False
APT004921,16.8,46,0,True,True,15,False,False
APT004922,4.1,14,0,True,True,15,False,False
APT004923,21.8,57,10,False,False,13,False,False
APT004924,16.7,44,2,False,False,10,False,False
APT004925,7.1,24,0,True,True,20,False,False
APT004926,1.4,5,9,False,False,11,False,False
APT004927,13.2,40,0,True,True,15,False,False
APT004928,17.9,57,0,True,True,20,False,False
APT004929,2.4,8,4,False,False,10,False,False
APT004930,2.1,5,8,False,False,10,False,False
APT004931,5.4,16,14,False,False,16,False,False
APT004932,8.0,28,7,False,False,10,False,False
APT004933,24.6,72,17,False,False,23,True,False
APT004934,15.1,51,6,False,False,10,False,False
APT004935,17.0,52,0,True,True,15,False,False
APT004936,11.0,35,6,False,False,10,False,False
APT004937,23.3,77,0,True,True,20,False,False
APT004938,23.6,68,0,False,False,20,False,False
APT004939,15.5,47,14,False,False,18,False,False
APT004940,13.9,44,0,False,False,15,False,False
APT004941,8.1,25,0,False,False,15,False,False
APT004942,20.0,59,8,False,False,10,False,False
APT004943,2.2,5,0,True,True,15,False,False
APT004944,21.2,62,7,False,False,10,False,False
APT004945,2.7,6,3,False,False,10,False,False
APT004946,15.6,54,0,False,False,15,False,False
APT004947,17.1,40,0,True,True,10,False,False
APT004948,19.5,57,0,True,True,15,False,False
APT004949,23.1,53,0,False,False,20,False,False
APT004950,16.4,40,4,False,False,10,False,False
APT004951,4.3,10,17,False,False,19,True,True
APT004952,17.7,47,17,False,False,19,True,True
APT004953,21.4,75,0,True,True,20,False,False
APT004954,11.1,29,0,False,True,20,False,False
APT004955,21.0,53,0,False,False,10,False,False
APT004956,13.0,42,0,False,False,15,False,False
APT004957,4.3,14,0,False,True,20,False,False
APT004958,11.7,27,0,False,False,15,False,False
APT004959,17.7,44,0,True,True,15,False,False
APT004960,7.3,19,19,False,False,26,True,True
APT004961,3.9,10,0,True,True,10,False,False
APT004962,6.5,17,0,False,False,15,False,False
APT004963,3.8,12,0,False,False,15,False,False
APT004964,16.1,54,13,False,False,16,False,False
APT004965,18.7,57,0,False,False,15,False,False
APT004966,14.9,35,0,True,True,10,False,False
APT004967,6.1,21,11,False,False,15,False,False
APT004968,10.4,25,0,True,True,15,False,False
APT004969,17.2,49,0,True,True,15,False,False
APT004970,1.7,5,0,False,False,15,False,False
APT004971,9.8,26,7,False,False,10,False,False
APT004972,23.0,53,0,False,False,10,False,False
APT004973,6.9,18,15,False,False,20,False,False
APT004974,15.8,43,2,False,False,10,False,False
APT004975,12.5,41,0,False,True,15,False,False
APT004976,7.4,17,0,True,True,15,False,False
APT004977,13.4,30,0,True,True,20,False,False
APT004978,23.6,59,0,True,True,15,False,False
APT004979,23.8,59,0,False,False,15,False,False
APT004980,14.0,38,0,True,True,10,False,False
APT004981,7.8,20,19,False,False,26,True,False
APT004982,16.2,45,0,False,True,15,False,False
APT004983,20.5,66,0,True,True,20,False,False
APT004984,10.1,35,0,False,False,20,False,False
APT004985,12.7,36,0,True,True,20,False,False
APT004986,18.2,60,0,False,True,20,False,False
APT004987,22.7,67,0,False,False,15,False,False
APT004988,7.1,16,0,False,False,15,False,False
APT004989,5.4,18,13,False,False,17,False,False
APT004990,2.9,10,5,False,False,10,False,False
APT004991,8.3,22,0,False,False,10,False,False
APT004992,2.4,6,5,False,False,10,False,False
APT004993,11.4,29,0,True,True,15,False,False
APT004994,9.3,22,14,False,False,16,False,False
APT004995,13.5,45,24,False,False,32,True,True
APT004996,16.0,44,2,False,False,10,False,False
APT004997,7.9,19,0,True,True,20,False,False
APT004998,5.6,16,4,False,False,10,False,False
APT004999,2.9,9,0,False,True,20,False,False
APT005000,14.5,35,0,False,False,15,False,False
APT005001,3.6,11,0,True,True,15,False,False
APT005002,7.1,18,3,False,False,10,False,False
APT005003,10.3,25,8,False,False,10,False,False
APT005004,8.5,23,0,False,False,20,False,False
APT005005,12.5,43,0,True,True,20,False,False
APT005006,22.3,62,0,True,True,15,False,False
APT005007,14.3,50,0,True,True,15,False,False
APT005008,18.0,43,0,False,True,15,False,False
APT005009,8.6,28,9,False,False,10,False,False
APT005010,3.4,8,0,False,False,15,False,False
APT005011,4.6,11,0,True,True,15,False,False
APT005012,9.1,28,10,False,False,14,False,False
APT005013,11.8,30,4,False,False,10,False,False
APT005014,7.1,21,0,True,True,15,False,False
APT005015,24.3,77,8,False,False,10,False,False
APT005016,2.2,6,16,False,False,18,True,True
APT005017,3.1,7,14,False,False,17,False,False
APT005018,22.4,55,3,False,False,10,False,False
APT005019,9.9,27,22,False,False,28,True,True
APT005020,14.3,41,14,False,False,19,False,False
APT005021,10.0,32,0,False,False,20,False,False
APT005022,19.0,64,0,False,False,15,False,False
APT005023,21.8,60,12,False,False,16,False,False
APT005024,5.6,14,0,True,True,15,False,False
APT005025,18.5,61,12,False,False,16,False,False
APT005026,20.9,60,19,False,False,24,True,True
APT005027,4.9,17,12,False,False,14,False,False
APT005028,9.9,34,0,True,True,15,False,False
APT005029,16.7,54,9,False,False,12,False,False
APT005030,14.0,48,1,False,False,10,False,False
APT005031,15.8,50,0,True,True,10,False,False
APT005032,7.8,22,0,False,False,20,False,False
APT005033,6.3,20,19,False,False,26,True,True
APT005034,6.2,22,16,False,False,21,True,True
APT005035,21.7,54,11,False,False,13,False,False
APT005036,4.7,15,15,False,False,20,False,False
APT005037,24.0,70,2,False,False,10,False,False
APT005038,14.7,37,0,False,False,20,False,False
APT005039,20.2,49,0,True,True,15,False,False
APT005040,20.1,58,13,False,False,15,False,False
APT005041,9.8,32,0,False,False,10,False,False
APT005042,2.2,7,0,False,True,10,False,False
APT005043,4.9,13,0,True,True,15,False,False
APT005044,15.2,34,0,False,False,15,False,False
APT005045,12.5,31,0,False,False,20,False,False
APT005046,16.5,39,0,True,True,20,False,False
APT005047,14.8,47,0,True,True,20,False,False
APT005048,23.5,69,9,False,False,10,False,False
APT005049,4.5,14,4,False,False,10,False,False
APT005050,24.5,84,0,True,True,15,False,False
APT005051,10.5,35,10,False,False,14,False,False
APT005052,16.9,54,0,False,False,15,False,False
APT005053,19.8,45,8,False,False,11,False,False
APT005054,6.8,19,0,False,False,15,False,False
APT005055,3.7,12,0,False,False,20,False,False
APT005056,13.7,32,0,True,True,15,False,False
APT005057,4.3,13,15,False,False,21,False,False
APT005058,19.6,51,0,True,True,10,False,False
APT005059,19.7,56,28,False,False,31,True,True
APT005060,18.8,52,3,False,False,10,False,False
APT005061,7.0,17,0,False,False,20,False,False
APT005062,14.8,37,7,False,False,10,False,False
APT005063,2.2,8,0,False,False,20,False,False
APT005064,12.2,41,0,False,False,15,False,False
APT005065,20.4,70,0,True,True,10,False,False
APT005066,22.7,77,18,False,False,25,True,False
APT005067,23.4,65,4,False,False,10,False,False
APT005068,16.4,44,5,False,False,10,False,False
APT005069,5.5,15,14,False,False,18,False,False
APT005070,9.2,24,0,True,True,20,False,False
APT005071,22.2,60,0,True,True,10,False,False
APT005072,22.7,54,0,True,True,10,False,False
APT005073,20.5,60,0,False,False,10,False,False
APT005074,7.0,19,4,False,False,10,False,False
APT005075,19.5,59,0,False,True,10,False,False
APT005076,1.6,5,6,False,False,10,False,False
APT005077,18.1,60,11,False,False,13,False,False
APT005078,10.5,28,0,True,True,20,False,False
APT005079,17.4,48,0,True,True,20,False,False
APT005080,8.2,20,0,False,False,10,False,False
APT005081,6.1,19,3,False,False,10,False,False
APT005082,24.1,80,0,False,False,20,False,False
APT005083,19.8,62,8,False,False,11,False,False
APT005084,16.3,55,0,True,True,10,False,False
APT005085,8.9,23,0,True,True,20,False,False
APT005086,19.2,42,2,False,False,10,False,False
APT005087,18.8,45,12,False,False,15,False,False
APT005088,16.6,52,7,False,False,10,False,False
APT005089,21.3,68,7,False,False,10,False,False
APT005090,15.3,46,7,False,False,10,False,False
APT005091,23.1,75,0,True,True,15,False,False
APT005092,15.0,33,0,True,True,10,False,False
APT005093,21.3,73,21,False,False,27,True,True
APT005094,16.6,48,0,False,True,15,False,False
APT005095,7.0,17,28,False,False,39,True,True
APT005096,10.6,34,0,False,False,20,False,False
APT005097,14.3,34,0,True,True,15,False,False
APT005098,7.0,21,0,True,True,15,False,False
APT005099,23.5,65,0,True,True,15,False,False
APT005100,15.9,47,0,False,False,15,False,False
APT005101,1.7,5,0,False,False,15,False,False
APT005102,24.8,81,11,False,False,13,False,False
APT005103,22.5,72,10,False,False,13,False,False
APT005104,11.4,30,16,False,False,19,True,True
APT005105,15.5,43,0,True,True,15,False,False
APT005106,16.6,47,0,True,True,15,False,False
APT005107,7.8,19,13,False,False,15,False,False
APT005108,15.2,48,0,False,False,15,False,False
APT005109,1.8,5,0,True,True,20,False,False
APT005110,18.4,61,5,False,False,10,False,False
APT005111,3.1,9,29,False,False,39,True,True
APT005112,2.4,7,0,False,False,20,False,False
APT005113,8.7,22,5,False,False,10,False,False
APT005114,3.3,8,0,True,True,15,False,False
APT005115,21.4,54,0,True,True,15,False,False
APT005116,15.3,37,11,False,False,14,False,False
APT005117,14.3,49,0,False,False,15,False,False
APT005118,15.2,35,14,False,False,17,False,False
APT005119,16.1,47,0,True,True,15,False,False
APT005120,7.2,16,7,False,False,10,False,False
APT005121,22.6,59,9,False,False,12,False,False
APT005122,23.9,55,0,False,False,20,False,False
APT005123,10.1,33,11,False,False,13,False,False
APT005124,7.5,23,18,False,False,22,True,True
APT005125,17.2,59,0,False,False,20,False,False
APT005126,17.0,48,8,False,False,10,False,False
APT005127,16.8,50,7,False,False,10,False,False
APT005128,24.7,70,0,True,True,20,False,False
APT005129,4.8,12,0,False,False,15,False,False
APT005130,25.0,69,3,False,False,10,False,False
APT005131,16.8,38,0,True,True,20,False,False
APT005132,23.8,76,15,False,False,21,False,False
APT005133,1.6,5,22,False,False,29,True,False
APT005134,20.4,56,0,False,True,15,False,False
APT005135,12.8,34,1,False,False,10,False,False
APT005136,13.0,43,0,False,True,15,False,False
APT005137,9.2,26,0,False,False,15,False,False
APT005138,6.0,19,0,True,True,15,False,False
APT005139,22.1,75,0,True,True,15,False,False
APT005140,22.0,61,0,False,False,20,False,False
APT005141,23.2,78,7,False,False,10,False,False
APT005142,24.4,56,0,True,True,10,False,False
APT005143,22.5,78,14,False,False,16,False,False
APT005144,22.6,67,0,False,False,10,False,False
APT005145,23.5,53,0,False,False,20,False,False
APT005146,18.6,42,0,False,True,15,False,False
APT005147,15.7,46,0,False,False,15,False,False
APT005148,17.4,54,0,True,True,15,False,False
APT005149,14.8,40,0,True,True,15,False,False
APT005150,21.6,66,0,True,True,20,False,False
APT005151,8.1,21,0,True,True,15,False,False
APT005152,12.7,37,0,False,False,20,False,False
APT005153,4.9,15,0,False,False,10,False,False
APT005154,21.1,74,18,False,False,24,True,True
APT005155,10.3,31,0,False,False,15,False,False
APT005156,19.3,55,15,False,False,19,False,False
APT005157,3.9,13,0,True,True,10,False,False
APT005158,12.7,30,0,False,False,15,False,False
APT005159,13.7,39,0,False,False,15,False,False
APT005160,16.3,51,0,True,True,20,False,False
APT005161,23.4,57,2,False,False,10,False,False
APT005162,2.1,7,6,False,False,10,False,False
APT005163,23.1,66,0,False,False,15,False,False
APT005164,18.1,44,0,False,False,15,False,False
APT005165,19.7,66,0,True,True,10,False,False
APT005166,16.5,41,0,True,True,20,False,False
APT005167,7.1,17,16,False,False,19,True,True
APT005168,13.3,42,0,True,True,15,False,False
APT005169,5.9,17,2,False,False,10,False,False
APT005170,16.9,53,5,False,False,10,False,False
APT005171,1.7,5,15,False,False,19,False,False
APT005172,8.5,29,4,False,False,10,False,False
APT005173,4.5,15,9,False,False,10,False,False
APT005174,2.4,8,16,False,False,19,True,True
APT005175,6.6,16,0,True,True,20,False,False
APT005176,6.8,22,6,False,False,10,False,False
APT005177,16.9,41,8,False,False,10,False,False
APT005178,9.1,30,0,True,True,15,False,False
APT005179,5.0,11,0,True,True,20,False,False
APT005180,23.0,78,0,True,True,15,False,False
APT005181,16.1,39,0,False,True,20,False,False
APT005182,19.8,52,0,True,True,20,False,False
APT005183,18.1,57,0,True,True,15,False,False
APT005184,1.0,2,0,True,True,15,False,False
APT005185,17.7,56,19,False,False,25,True,True
APT005186,11.1,25,0,True,True,15,False,False
APT005187,11.8,40,0,True,True,15,False,False
APT005188,19.5,59,4,False,False,10,False,False
APT005189,15.0,49,0,True,True,15,False,False
APT005190,19.6,65,11,False,False,13,False,False
APT005191,19.3,45,15,False,False,18,False,False
APT005192,13.5,32,0,False,False,15,False,False
APT005193,8.1,21,10,False,False,12,False,False
APT005194,5.1,16,0,True,True,15,False,False
APT005195,5.2,13,5,False,False,10,False,False
APT005196,19.3,55,0,True,True,15,False,False
APT005197,20.5,71,0,False,False,10,False,False
APT005198,22.5,60,0,False,False,20,False,False
APT005199,4.1,9,9,False,False,11,False,False
APT005200,6.9,17,12,False,False,14,False,False
APT005201,7.0,18,7,False,False,10,False,False
APT005202,21.8,55,0,False,True,15,False,False
APT005203,2.1,6,19,False,False,25,True,True
APT005204,9.9,34,1,False,False,10,False,False
APT005205,15.5,53,0,True,True,15,False,False
APT005206,23.9,55,8,False,False,10,False,False
APT005207,24.5,69,17,False,False,22,True,True
APT005208,16.6,45,0,False,False,20,False,False
APT005209,7.6,25,5,False,False,10,False,False
APT005210,19.2,44,0,True,True,20,False,False
APT005211,22.3,73,0,True,True,10,False,False
APT005212,12.9,42,12,False,False,17,False,False
APT005213,17.3,54,3,False,False,10,False,False
APT005214,19.0,63,0,True,True,20,False,False
APT005215,2.2,7,0,False,False,10,False,False
APT005216,15.2,40,3,False,False,10,False,False
APT005217,9.2,24,0,False,True,20,False,False
APT005218,5.6,15,15,False,False,20,False,False
APT005219,9.2,24,6,False,False,10,False,False
APT005220,15.7,36,0,True,True,15,False,False
APT005221,7.8,24,8,False,False,10,False,False
APT005222,10.8,31,0,True,True,15,False,False
APT005223,14.6,34,0,False,False,15,False,False
APT005224,20.3,60,22,False,False,30,True,True
APT005225,7.3,21,0,True,True,20,False,False
APT005226,6.4,18,6,False,False,10,False,False
APT005227,15.7,39,0,False,False,15,False,False
APT005228,21.6,64,11,False,False,15,False,False
APT005229,5.4,17,5,False,False,10,False,False
APT005230,19.7,59,0,False,False,20,False,False
APT005231,14.8,34,4,False,False,10,False,False
APT005232,5.4,13,0,True,True,15,False,False
APT005233,12.8,29,18,False,False,22,True,True
APT005234,12.9,42,4,False,False,10,False,False
APT005235,12.1,41,5,False,False,10,False,False
APT005236,12.0,38,8,False,False,10,False,False
APT005237,13.6,45,0,False,False,15,False,False
APT005238,8.6,28,0,False,False,10,False,False
APT005239,19.8,50,3,False,False,10,False,False
APT005240,6.8,22,0,False,False,10,False,False
APT005241,15.5,48,2,False,False,10,False,False
APT005242,2.0,7,12,False,False,14,False,False
APT005243,16.2,52,0,False,False,10,False,False
APT005244,14.4,39,2,False,False,10,False,False
APT005245,22.8,71,0,True,True,10,False,False
APT005246,12.5,29,0,False,False,10,False,False
APT005247,13.7,33,2,False,False,10,False,False
APT005248,21.7,59,0,False,False,15,False,False
APT005249,1.3,4,9,False,False,12,False,False
APT005250,7.3,25,17,False,False,20,True,True
APT005251,23.0,74,0,False,False,15,False,False
APT005252,5.0,14,16,False,False,22,True,True
APT005253,3.1,10,0,True,True,20,False,False
APT005254,20.3,64,0,False,False,10,False,False
APT005255,6.8,21,0,False,False,15,False,False
APT005256,16.1,45,0,False,True,10,False,False
APT005257,5.8,13,14,False,False,16,False,False
APT005258,21.8,62,0,True,True,20,False,False
APT005259,11.7,39,0,False,True,20,False,False
APT005260,25.0,56,5,False,False,10,False,False
APT005261,21.9,70,0,True,True,20,False,False
APT005262,13.2,33,0,True,True,20,False,False
APT005263,17.6,58,5,False,False,10,False,False
APT005264,7.2,24,0,False,False,15,False,False
APT005265,5.6,15,0,True,True,15,False,False
APT005266,15.4,36,11,False,False,12,False,False
APT005267,8.8,28,3,False,False,10,False,False
APT005268,16.8,46,0,True,True,20,False,False
APT005269,14.4,32,0,True,True,15,False,False
APT005270,8.9,25,6,False,False,10,False,False
APT005271,21.0,72,5,False,False,10,False,False
APT005272,22.5,71,0,True,True,20,False,False
APT005273,13.3,33,13,False,False,15,False,False
APT005274,16.9,49,11,False,False,13,False,False
APT005275,1.6,4,0,True,True,10,False,False
APT005276,11.0,36,0,True,True,15,False,False
APT005277,22.1,70,0,True,True,20,False,False
APT005278,1.8,4,25,False,False,33,True,True
APT005279,9.5,27,2,False,False,10,False,False
APT005280,17.6,45,10,False,False,13,False,False
APT005281,10.5,30,13,False,False,18,False,False
APT005282,10.1,30,9,False,False,10,False,False
APT005283,18.8,55,5,False,False,10,False,False
APT005284,19.8,66,0,True,True,15,False,False
APT005285,15.2,52,0,False,False,10,False,False
APT005286,18.8,42,4,False,False,10,False,False
APT005287,21.6,48,10,False,False,13,False,False
APT005288,2.8,6,7,False,False,10,False,False
APT005289,11.5,39,5,False,False,10,False,False
APT005290,20.6,60,0,False,False,10,False,False
APT005291,1.6,5,0,True,True,15,False,False
APT005292,24.9,77,17,False,False,23,True,False
APT005293,21.8,52,3,False,False,10,False,False
APT005294,20.0,57,18,False,False,23,True,True
APT005295,14.2,42,0,False,False,15,False,False
APT005296,16.3,44,0,False,False,15,False,False
APT005297,9.2,26,7,False,False,10,False,False
APT005298,23.2,66,9,False,False,12,False,False
APT005299,6.5,21,4,False,False,10,False,False
APT005300,16.5,49,0,True,True,15,False,False
APT005301,3.2,9,9,False,False,11,False,False
APT005302,24.2,65,0,True,True,20,False,False
APT005303,20.9,59,2,False,False,10,False,False
APT005304,23.2,66,2,False,False,10,False,False
APT005305,16.8,43,0,True,True,15,False,False
APT005306,8.2,19,0,False,False,15,False,False
APT005307,17.9,43,6,False,False,10,False,False
APT005308,8.9,24,0,True,True,20,False,False
APT005309,11.7,33,12,False,False,13,False,False
APT005310,7.2,24,11,False,False,12,False,False
APT005311,20.2,49,23,False,False,29,True,False
APT005312,4.6,16,1,False,False,10,False,False
APT005313,2.5,7,7,False,False,10,False,False
APT005314,24.6,64,0,False,False,15,False,False
APT005315,3.1,8,0,False,False,15,False,False
APT005316,19.4,53,4,False,False,10,False,False
APT005317,19.9,45,0,False,False,15,False,False
APT005318,21.4,47,0,False,True,15,False,False
APT005319,24.6,79,0,True,True,10,False,False
APT005320,16.9,39,1,False,False,10,False,False
APT005321,3.0,10,2,False,False,10,False,False
APT005322,17.7,55,0,True,True,15,False,False
APT005323,21.2,54,0,False,False,20,False,False
APT005324,18.8,55,0,True,True,20,False,False
APT005325,7.0,24,0,True,True,20,False,False
APT005326,10.6,35,3,False,False,10,False,False
APT005327,10.3,33,0,False,False,10,False,False
APT005328,22.1,70,1,False,False,10,False,False
APT005329,16.1,42,0,False,True,15,False,False
APT005330,1.4,3,0,False,False,15,False,False
APT005331,22.9,53,3,False,False,10,False,False
APT005332,12.4,39,0,True,True,20,False,False
APT005333,10.3,29,0,False,False,15,False,False
APT005334,21.4,60,16,False,False,21,True,True
APT005335,10.0,35,1,False,False,10,False,False
APT005336,24.0,81,0,False,True,20,False,False
APT005337,2.4,7,0,True,True,10,False,False
APT005338,11.5,39,0,False,True,10,False,False
APT005339,23.3,73,8,False,False,10,False,False
APT005340,5.0,11,13,False,False,16,False,False
APT005341,1.2,3,4,False,False,10,False,False
APT005342,13.3,44,9,False,False,11,False,False
APT005343,4.3,10,3,False,False,10,False,False
APT005344,5.8,16,1,False,False,10,False,False
APT005345,18.9,50,9,False,False,11,False,False
APT005346,9.0,23,0,False,True,15,False,False
APT005347,17.6,44,0,False,True,15,False,False
APT005348,5.3,18,10,False,False,12,False,False
APT005349,6.9,17,17,False,False,21,True,True
APT005350,11.3,27,0,False,False,20,False,False
APT005351,14.0,40,0,True,True,20,False,False
APT005352,7.4,17,0,False,True,20,False,False
APT005353,16.1,54,6,False,False,10,False,False
APT005354,21.4,50,8,False,False,10,False,False
APT005355,23.9,67,0,True,True,20,False,False
APT005356,9.8,25,18,False,False,20,True,True
APT005357,6.8,23,0,False,False,20,False,False
APT005358,22.2,62,0,False,True,15,False,False
APT005359,6.3,22,0,True,True,20,False,False
APT005360,2.5,7,10,False,False,14,False,False
APT005361,22.8,58,0,True,True,15,False,False
APT005362,4.4,14,12,False,False,16,False,False
APT005363,11.6,30,0,True,True,10,False,False
APT005364,23.4,78,0,False,False,10,False,False
APT005365,6.8,15,0,True,True,15,False,False
APT005366,10.1,33,12,False,False,17,False,False
APT005367,1.5,5,4,False,False,10,False,False
APT005368,21.5,68,24,False,False,31,True,False
APT005369,17.0,49,0,False,False,15,False,False
APT005370,14.2,46,0,False,False,15,False,False
APT005371,6.5,15,1,False,False,10,False,False
APT005372,20.5,68,0,True,True,10,False,False
APT005373,17.2,55,0,False,True,10,False,False
APT005374,17.2,46,0,True,True,15,False,False
APT005375,2.5,6,0,False,False,20,False,False
APT005376,20.1,53,8,False,False,10,False,False
APT005377,1.2,4,21,False,False,29,True,True
APT005378,9.4,33,18,False,False,24,True,False
APT005379,24.3,83,14,False,False,19,False,False
APT005380,14.0,45,0,True,True,15,False,False
APT005381,24.1,56,3,False,False,10,False,False
APT005382,13.7,38,0,True,True,10,False,False
APT005383,3.0,9,11,False,False,15,False,False
APT005384,1.5,5,0,True,True,10,False,False
APT005385,9.5,32,15,False,False,19,False,False
APT005386,1.2,4,0,True,True,15,False,False
APT005387,24.0,57,0,True,True,15,False,False
APT005388,18.9,66,0,False,False,15,False,False
APT005389,5.0,16,0,True,True,10,False,False
APT005390,22.2,74,10,False,False,13,False,False
APT005391,9.1,30,0,False,False,20,False,False
APT005392,2.8,9,0,False,False,15,False,False
APT005393,14.3,44,0,False,False,10,False,False
APT005394,2.3,8,0,True,True,10,False,False
APT005395,12.6,34,9,False,False,12,False,False
APT005396,8.2,29,0,False,False,15,False,False
APT005397,13.3,45,0,True,True,10,False,False
APT005398,19.3,68,11,False,False,15,False,False
APT005399,7.9,28,2,False,False,10,False,False
APT005400,22.0,57,0,False,True,15,False,False
APT005401,1.4,4,0,False,False,15,False,False
APT005402,24.3,80,0,True,True,15,False,False
APT005403,3.6,10,0,False,False,20,False,False
APT005404,2.8,9,9,False,False,12,False,False
APT005405,4.7,15,0,True,True,15,False,False
APT005406,7.3,22,0,True,True,20,False,False
APT005407,4.8,17,0,False,True,10,False,False
APT005408,13.6,35,13,False,False,15,False,False
APT005409,24.8,62,2,False,False,10,False,False
APT005410,24.7,79,0,False,False,15,False,False
APT005411,2.9,7,0,False,False,20,False,False
APT005412,9.3,27,5,False,False,10,False,False
APT005413,20.2,66,0,False,False,15,False,False
APT005414,9.3,26,5,False,False,10,False,False
APT005415,2.8,10,1,False,False,10,False,False
APT005416,9.9,25,7,False,False,10,False,False
APT005417,17.2,52,2,False,False,10,False,False
APT005418,7.4,24,0,False,False,10,False,False
APT005419,12.1,40,0,True,True,20,False,False
APT005420,22.4,65,11,False,False,15,False,False
APT005421,6.6,21,3,False,False,10,False,False
APT005422,11.7,34,12,False,False,16,False,False
APT005423,16.3,42,5,False,False,10,False,False
APT005424,7.2,17,12,False,False,16,False,False
APT005425,19.8,52,12,False,False,14,False,False
APT005426,12.0,31,5,False,False,10,False,False
APT005427,5.3,16,0,True,True,20,False,False
APT005428,1.4,5,0,False,False,10,False,False
APT005429,18.8,45,0,True,True,20,False,False
APT005430,19.6,60,1,False,False,10,False,False
APT005431,9.5,29,0,True,True,15,False,False
APT005432,4.7,13,0,True,True,10,False,False
APT005433,18.5,58,0,False,False,10,False,False
APT005434,12.4,43,0,False,False,10,False,False
APT005435,6.0,19,10,False,False,11,False,False
APT005436,13.1,41,0,True,True,20,False,False
APT005437,20.0,67,0,True,True,10,False,False
APT005438,6.1,14,1,False,False,10,False,False
APT005439,11.8,34,0,False,False,15,False,False
APT005440,7.9,22,10,False,False,12,False,False
APT005441,3.0,7,3,False,False,10,False,False
APT005442,17.6,60,0,False,False,20,False,False
APT005443,9.9,26,0,True,True,15,False,False
APT005444,23.8,71,9,False,False,11,False,False
APT005445,1.1,3,0,True,True,15,False,False
APT005446,23.0,57,10,False,False,14,False,False
APT005447,3.3,9,1,False,False,10,False,False
APT005448,22.0,62,0,True,True,10,False,False
APT005449,5.3,16,2,False,False,10,False,False
APT005450,15.8,52,0,False,False,15,False,False
APT005451,17.1,42,13,False,False,18,False,False
APT005452,6.3,19,9,False,False,11,False,False
APT005453,23.6,65,8,False,False,10,False,False
APT005454,15.5,44,0,False,False,15,False,False
APT005455,17.7,48,0,True,True,10,False,False
APT005456,2.5,9,1,False,False,10,False,False
APT005457,17.1,40,0,False,False,10,False,False
APT005458,4.9,14,0,False,False,10,False,False
APT005459,18.0,41,0,True,True,15,False,False
APT005460,13.2,40,2,False,False,10,False,False
APT005461,14.2,49,4,False,False,10,False,False
APT005462,20.8,64,0,False,False,10,False,False
APT005463,9.2,23,0,False,False,10,False,False
APT005464,11.1,35,8,False,False,10,False,False
APT005465,1.1,4,0,True,True,15,False,False
APT005466,12.6,28,9,False,False,11,False,False
APT005467,7.9,18,0,False,False,15,False,False
APT005468,21.7,64,0,True,True,20,False,False
APT005469,21.9,49,0,True,True,10,False,False
APT005470,9.5,22,6,False,False,10,False,False
APT005471,8.9,22,7,False,False,10,False,False
APT005472,21.4,75,1,False,False,10,False,False
APT005473,4.4,12,0,False,False,15,False,False
APT005474,20.2,52,13,False,False,17,False,False
APT005475,23.1,76,0,False,False,10,False,False
APT005476,15.1,49,5,False,False,10,False,False
APT005477,14.9,42,4,False,False,10,False,False
APT005478,9.8,31,0,True,True,15,False,False
APT005479,8.1,25,0,False,False,15,False,False
APT005480,19.9,53,11,False,False,15,False,False
APT005481,13.9,46,7,False,False,10,False,False
APT005482,21.5,61,0,True,True,15,False,False
APT005483,19.3,47,2,False,False,10,False,False
APT005484,12.5,43,0,True,True,10,False,False
APT005485,9.4,29,4,False,False,10,False,False
APT005486,9.0,22,0,False,False,15,False,False
APT005487,6.8,20,11,False,False,15,False,False
APT005488,12.9,35,18,False,False,23,True,True
APT005489,22.6,52,0,True,True,15,False,False
APT005490,12.4,34,0,False,False,15,False,False
APT005491,15.6,55,0,True,True,20,False,False
APT005492,4.0,13,5,False,False,10,False,False
APT005493,16.7,54,1,False,False,10,False,False
APT005494,17.5,40,14,False,False,19,False,False
APT005495,17.5,43,0,False,False,15,False,False
APT005496,20.4,66,0,True,True,15,False,False
APT005497,21.4,49,0,True,True,15,False,False
APT005498,17.8,40,8,False,False,10,False,False
APT005499,20.5,57,0,False,False,15,False,False
APT005500,14.7,40,4,False,False,10,False,False
APT005501,6.0,21,13,False,False,17,False,False
APT005502,22.4,68,0,False,False,20,False,False
APT005503,4.7,16,0,False,True,10,False,False
APT005504,4.9,13,0,True,True,15,False,False
APT005505,19.4,66,0,False,False,15,False,False
APT005506,18.7,45,0,True,True,15,False,False
APT005507,11.9,29,0,False,False,10,False,False
APT005508,7.7,23,6,False,False,10,False,False
APT005509,23.9,83,0,False,False,10,False,False
APT005510,5.6,15,15,False,False,20,False,False
APT005511,3.3,10,6,False,False,10,False,False
APT005512,17.6,45,0,True,True,10,False,False
APT005513,19.4,67,0,False,False,10,False,False
APT005514,4.8,14,7,False,False,10,False,False
APT005515,11.6,40,19,False,False,25,True,True
APT005516,8.1,23,8,False,False,10,False,False
APT005517,7.1,22,0,False,False,10,False,False
APT005518,3.8,11,2,False,False,10,False,False
APT005519,16.0,45,8,False,False,10,False,False
APT005520,2.3,5,0,False,False,20,False,False
APT005521,10.5,25,1,False,False,10,False,False
APT005522,11.1,27,10,False,False,13,False,False
APT005523,6.6,20,0,False,True,15,False,False
APT005524,5.2,18,6,False,False,10,False,False
APT005525,7.8,19,0,True,True,20,False,False
APT005526,9.3,24,8,False,False,10,False,False
APT005527,24.0,77,4,False,False,10,False,False
APT005528,3.0,9,0,True,True,20,False,False
APT005529,14.6,40,0,False,False,15,False,False
APT005530,1.9,6,0,False,False,15,False,False
APT005531,7.9,22,13,False,False,18,False,False
APT005532,9.3,27,1,False,False,10,False,False
APT005533,2.0,5,0,False,False,20,False,False
APT005534,4.5,11,10,False,False,14,False,False
APT005535,18.5,57,0,False,True,15,False,False
APT005536,16.5,48,0,False,False,20,False,False
APT005537,16.1,44,0,True,True,15,False,False
APT005538,3.6,12,0,False,False,15,False,False
APT005539,22.2,58,0,False,False,15,False,False
APT005540,8.7,26,0,False,False,15,False,False
APT005541,20.0,47,0,True,True,15,False,False
APT005542,20.7,57,0,True,True,20,False,False
APT005543,15.6,40,0,True,True,15,False,False
APT005544,18.5,53,0,True,True,15,False,False
APT005545,21.7,49,0,True,True,15,False,False
APT005546,4.5,14,13,False,False,17,False,False
APT005547,17.2,49,2,False,False,10,False,False
APT005548,13.1,32,4,False,False,10,False,False
APT005549,24.2,81,0,False,True,10,False,False
APT005550,21.9,74,8,False,False,10,False,False
APT005551,18.6,55,4,False,False,10,False,False
APT005552,10.5,34,18,False,False,23,True,True
APT005553,1.7,4,0,False,True,20,False,False
APT005554,12.9,31,0,True,True,15,False,False
APT005555,15.1,42,6,False,False,10,False,False
APT005556,6.8,18,1,False,False,10,False,False
APT005557,9.2,28,6,False,False,10,False,False
APT005558,17.4,55,17,False,False,21,True,True
APT005559,20.7,70,0,True,True,20,False,False
APT005560,24.8,62,8,False,False,10,False,False
APT005561,5.4,15,15,False,False,18,False,False
APT005562,4.8,13,7,False,False,10,False,False
APT005563,16.6,56,0,False,True,15,False,False
APT005564,10.8,25,0,False,False,20,False,False
APT005565,12.2,38,0,True,True,15,False,False
APT005566,19.1,57,12,False,False,16,False,False
APT005567,21.4,62,0,True,True,15,False,False
APT005568,14.3,32,1,False,False,10,False,False
APT005569,1.9,5,0,True,True,15,False,False
APT005570,17.8,41,0,False,True,15,False,False
APT005571,18.0,42,0,True,True,15,False,False
APT005572,5.7,19,10,False,False,14,False,False
APT005573,7.8,20,6,False,False,10,False,False
APT005574,18.6,59,0,True,True,20,False,False
APT005575,20.7,71,0,True,True,15,False,False
APT005576,4.4,12,10,False,False,13,False,False
APT005577,3.9,13,24,False,False,28,True,True
APT005578,11.7,37,11,False,False,12,False,False
APT005579,5.3,17,0,True,True,20,False,False
APT005580,24.7,59,9,False,False,11,False,False
APT005581,3.5,10,9,False,False,12,False,False
APT005582,12.0,36,0,True,True,20,False,False
APT005583,11.2,34,19,False,False,21,True,True
APT005584,16.9,54,0,True,True,15,False,False
APT005585,22.6,60,6,False,False,10,False,False
APT005586,24.7,74,0,False,True,20,False,False
APT005587,22.0,70,0,True,True,15,False,False
APT005588,9.1,24,9,False,False,12,False,False
APT005589,14.4,45,15,False,False,17,False,False
APT005590,9.9,28,0,True,True,15,False,False
APT005591,16.9,55,13,False,False,16,False,False
APT005592,5.0,15,6,False,False,10,False,False
APT005593,12.2,28,0,False,False,15,False,False
APT005594,10.4,27,0,False,False,15,False,False
APT005595,7.1,17,9,False,False,12,False,False
APT005596,14.6,46,0,True,True,15,False,False
APT005597,11.8,26,11,False,False,13,False,False
APT005598,16.6,49,0,False,False,15,False,False
APT005599,12.8,29,0,False,False,20,False,False
APT005600,18.4,61,0,True,True,15,False,False
APT005601,5.4,14,13,False,False,18,False,False
APT005602,12.8,43,0,False,False,15,False,False
APT005603,8.1,20,2,False,False,10,False,False
APT005604,21.8,58,0,False,False,20,False,False
APT005605,7.4,21,0,True,True,15,False,False
APT005606,9.0,21,16,False,False,21,True,True
APT005607,9.4,27,15,False,False,19,False,False
APT005608,16.4,45,0,False,False,10,False,False
APT005609,13.0,33,0,False,False,10,False,False
APT005610,1.3,4,9,False,False,12,False,False
APT005611,6.5,19,15,False,False,17,False,False
APT005612,4.5,13,15,False,False,17,False,False
APT005613,2.1,5,0,False,False,10,False,False
APT005614,11.5,32,12,False,False,14,False,False
APT005615,8.9,24,0,True,True,10,False,False
APT005616,20.2,59,0,False,False,15,False,False
APT005617,13.5,46,3,False,False,10,False,False
APT005618,16.2,50,1,False,False,10,False,False
APT005619,20.8,68,0,False,False,15,False,False
APT005620,22.7,55,0,False,False,15,False,False
APT005621,15.6,50,3,False,False,10,False,False
APT005622,6.4,15,13,False,False,15,False,False
APT005623,8.5,24,14,False,False,18,False,False
APT005624,18.1,43,0,False,False,15,False,False
APT005625,16.8,42,0,True,True,20,False,False
APT005626,22.8,74,0,True,True,20,False,False
APT005627,3.4,11,0,True,True,15,False,False
APT005628,20.9,72,0,False,False,15,False,False
APT005629,6.7,16,0,True,True,15,False,False
APT005630,21.9,75,1,False,False,10,False,False
APT005631,10.0,23,0,False,False,15,False,False
APT005632,6.2,20,0,True,True,15,False,False
APT005633,8.3,27,9,False,False,10,False,False
APT005634,5.5,18,15,False,False,17,False,False
APT005635,8.0,19,8,False,False,11,False,False
APT005636,10.6,26,0,True,True,20,False,False
APT005637,15.1,43,9,False,False,10,False,False
APT005638,12.3,31,0,True,True,20,False,False
APT005639,1.6,5,11,False,False,14,False,False
APT005640,22.6,58,7,False,False,10,False,False
APT005641,9.9,33,5,False,False,10,False,False
APT005642,19.5,47,0,False,True,15,False,False
APT005643,14.4,50,9,False,False,13,False,False
APT005644,23.3,67,0,True,True,15,False,False
APT005645,22.0,60,0,True,True,20,False,False
APT005646,19.5,59,1,False,False,10,False,False
APT005647,19.7,62,20,False,False,22,True,False
APT005648,6.3,18,2,False,False,10,False,False
APT005649,14.1,33,0,False,False,20,False,False
APT005650,3.4,10,15,False,False,17,False,False
APT005651,9.6,23,5,False,False,10,False,False
APT005652,8.4,22,6,False,False,10,False,False
APT005653,12.5,38,0,False,True,15,False,False
APT005654,11.8,40,0,False,False,20,False,False
APT005655,15.7,53,9,False,False,11,False,False
APT005656,7.1,21,18,False,False,21,True,False
APT005657,20.9,66,0,False,False,20,False,False
APT005658,22.0,59,8,False,False,11,False,False
APT005659,5.4,14,0,True,True,15,False,False
APT005660,17.0,59,18,False,False,25,True,False
APT005661,4.1,14,0,True,True,15,False,False
APT005662,22.2,57,0,True,True,10,False,False
APT005663,10.1,32,13,False,False,15,False,False
APT005664,23.7,59,0,False,False,15,False,False
APT005665,12.6,39,11,False,False,14,False,False
APT005666,4.8,15,10,False,False,14,False,False
APT005667,4.5,12,9,False,False,10,False,False
APT005668,11.7,29,0,True,True,15,False,False
APT005669,24.7,65,5,False,False,10,False,False
APT005670,4.9,12,21,False,False,25,True,True
APT005671,18.5,47,0,False,True,10,False,False
APT005672,9.5,23,0,True,True,15,False,False
APT005673,9.9,29,9,False,False,12,False,False
APT005674,13.3,46,0,True,True,20,False,False
APT005675,2.5,6,0,True,True,10,False,False
APT005676,5.1,13,0,False,False,20,False,False
APT005677,14.1,47,7,False,False,10,False,False
APT005678,11.0,32,0,False,True,15,False,False
APT005679,24.2,58,0,True,True,15,False,False
APT005680,19.9,53,10,False,False,12,False,False
APT005681,17.5,55,13,False,False,15,False,False
APT005682,4.5,13,6,False,False,10,False,False
APT005683,1.6,4,2,False,False,10,False,False
APT005684,11.1,32,0,False,False,20,False,False
APT005685,18.2,59,15,False,False,18,False,False
APT005686,6.0,18,0,False,False,15,False,False
APT005687,6.6,19,2,False,False,10,False,False
APT005688,2.1,6,0,False,True,15,False,False
APT005689,17.7,40,0,True,True,15,False,False
APT005690,1.9,5,9,False,False,11,False,False
APT005691,21.4,65,0,True,True,20,False,False
APT005692,17.3,56,0,False,False,15,False,False
APT005693,5.2,17,0,True,True,10,False,False
APT005694,14.5,48,0,True,True,15,False,False
APT005695,2.9,10,0,True,True,20,False,False
APT005696,22.2,61,0,False,False,10,False,False
APT005697,11.8,31,0,False,False,15,False,False
APT005698,15.6,41,10,False,False,13,False,False
APT005699,11.8,39,0,True,True,15,False,False
APT005700,18.3,49,10,False,False,14,False,False
APT005701,1.1,3,20,False,False,28,True,True
APT005702,24.8,55,0,False,True,10,False,False
APT005703,9.6,22,10,False,False,12,False,False
APT005704,13.9,37,0,False,True,15,False,False
APT005705,1.4,4,18,False,False,25,True,True
APT005706,16.4,41,7,False,False,10,False,False
APT005707,13.4,43,2,False,False,10,False,False
APT005708,18.9,44,0,True,True,20,False,False
APT005709,20.6,62,0,False,True,15,False,False
APT005710,13.4,34,0,True,True,15,False,False
APT005711,23.9,64,0,True,True,20,False,False
APT005712,9.8,33,0,False,False,20,False,False
APT005713,5.9,18,0,False,False,15,False,False
APT005714,11.2,29,0,True,True,15,False,False
APT005715,13.2,37,0,False,False,15,False,False
APT005716,19.0,49,2,False,False,10,False,False
APT005717,6.2,19,0,False,True,15,False,False
APT005718,21.4,73,0,True,True,20,False,False
APT005719,14.1,36,0,True,True,15,False,False
APT005720,6.0,14,0,True,True,15,False,False
APT005721,22.1,52,3,False,False,10,False,False
APT005722,14.0,47,13,False,False,16,False,False
APT005723,7.1,16,9,False,False,12,False,False
APT005724,24.5,65,6,False,False,10,False,False
APT005725,8.3,22,0,False,False,15,False,False
APT005726,4.7,14,0,True,True,10,False,False
APT005727,24.2,78,0,True,True,10,False,False
APT005728,1.2,4,3,False,False,10,False,False
APT005729,12.2,38,0,False,False,10,False,False
APT005730,15.9,36,0,False,False,15,False,False
APT005731,11.4,30,4,False,False,10,False,False
APT005732,2.4,7,8,False,False,10,False,False
APT005733,10.2,25,0,False,False,15,False,False
APT005734,11.9,37,14,False,False,18,False,False
APT005735,13.4,46,0,True,True,15,False,False
APT005736,17.3,44,9,False,False,12,False,False
APT005737,8.3,19,0,True,True,10,False,False
APT005738,1.2,3,22,False,False,24,True,True
APT005739,15.9,37,0,False,False,15,False,False
APT005740,7.0,23,0,True,True,10,False,False
APT005741,13.1,32,2,False,False,10,False,False
APT005742,22.7,79,10,False,False,13,False,False
APT005743,19.6,62,14,False,False,19,False,False
APT005744,14.6,37,13,False,False,16,False,False
APT005745,12.2,39,0,True,True,15,False,False
APT005746,1.4,3,0,False,False,10,False,False
APT005747,8.4,21,0,False,False,10,False,False
APT005748,4.5,14,0,True,True,10,False,False
APT005749,7.8,18,0,True,True,15,False,False
APT005750,20.7,48,0,False,False,15,False,False
APT005751,1.5,4,0,True,True,10,False,False
APT005752,16.4,51,10,False,False,12,False,False
APT005753,10.2,34,0,False,False,10,False,False
APT005754,11.8,38,7,False,False,10,False,False
APT005755,16.9,58,0,True,True,15,False,False
APT005756,11.7,40,0,False,False,15,False,False
APT005757,1.9,5,4,False,False,10,False,False
APT005758,5.8,16,0,True,True,10,False,False
APT005759,1.0,2,7,False,False,10,False,False
APT005760,6.4,17,5,False,False,10,False,False
APT005761,11.8,30,0,True,True,15,False,False
APT005762,6.2,21,0,False,False,20,False,False
APT005763,3.7,9,0,False,False,15,False,False
APT005764,2.7,8,0,True,True,20,False,False
APT005765,5.1,16,0,False,False,15,False,False
APT005766,17.1,41,8,False,False,10,False,False
APT005767,8.8,24,6,False,False,10,False,False
APT005768,9.6,29,6,False,False,10,False,False
APT005769,16.5,55,0,True,True,10,False,False
APT005770,20.6,70,0,False,False,20,False,False
APT005771,2.6,8,1,False,False,10,False,False
APT005772,3.8,13,5,False,False,10,False,False
APT005773,7.7,18,8,False,False,10,False,False
APT005774,19.1,47,11,False,False,13,False,False
APT005775,17.2,46,6,False,False,10,False,False
APT005776,18.7,53,9,False,False,11,False,False
APT005777,23.9,81,0,False,False,15,False,False
APT005778,11.0,28,0,True,True,10,False,False
APT005779,15.2,46,0,True,True,10,False,False
APT005780,23.9,69,0,False,False,15,False,False
APT005781,14.0,36,16,False,False,18,True,True
APT005782,22.2,69,0,True,True,15,False,False
APT005783,1.8,5,0,False,False,15,False,False
APT005784,3.1,10,0,False,True,20,False,False
APT005785,16.5,49,9,False,False,12,False,False
APT005786,11.6,28,3,False,False,10,False,False
APT005787,9.2,28,18,False,False,23,True,True
APT005788,6.3,21,4,False,False,10,False,False
APT005789,12.5,33,8,False,False,10,False,False
APT005790,9.7,26,18,False,False,24,True,True
APT005791,14.1,46,0,False,False,10,False,False
APT005792,13.3,40,7,False,False,10,False,False
APT005793,16.7,48,0,False,True,15,False,False
APT005794,3.5,11,15,False,False,18,False,False
APT005795,13.7,42,17,False,False,20,True,True
APT005796,8.8,21,0,True,True,20,False,False
APT005797,4.6,15,16,False,False,19,True,True
APT005798,23.4,59,14,False,False,18,False,False
APT005799,24.7,65,8,False,False,11,False,False
APT005800,13.7,39,0,True,True,10,False,False
APT005801,8.1,22,0,True,True,20,False,False
APT005802,21.7,63,0,True,True,10,False,False
APT005803,15.5,44,0,False,True,10,False,False
APT005804,18.0,53,0,False,True,15,False,False
APT005805,12.3,38,2,False,False,10,False,False
APT005806,3.2,10,12,False,False,16,False,False
APT005807,1.1,2,0,True,True,15,False,False
APT005808,3.7,12,0,False,False,10,False,False
APT005809,16.0,41,4,False,False,10,False,False
APT005810,1.0,3,6,False,False,10,False,False
APT005811,4.7,14,3,False,False,10,False,False
APT005812,9.0,23,0,False,False,15,False,False
APT005813,23.8,53,0,True,True,20,False,False
APT005814,9.2,27,0,True,True,15,False,False
APT005815,12.7,40,0,True,True,20,False,False
APT005816,3.6,9,0,False,False,15,False,False
APT005817,7.8,19,11,False,False,15,False,False
APT005818,10.8,28,0,True,True,15,False,False
APT005819,5.7,16,0,False,False,15,False,False
APT005820,16.6,42,31,False,False,36,True,True
APT005821,19.0,57,2,False,False,10,False,False
APT005822,9.4,32,4,False,False,10,False,False
APT005823,21.0,47,14,False,False,19,False,False
APT005824,17.6,42,0,False,False,15,False,False
APT005825,10.0,26,0,False,False,20,False,False
APT005826,2.5,7,18,False,False,22,True,False
APT005827,7.3,24,6,False,False,10,False,False
APT005828,10.6,25,0,False,False,15,False,False
APT005829,7.4,25,0,True,True,20,False,False
APT005830,19.1,56,0,False,True,20,False,False
APT005831,5.6,17,8,False,False,11,False,False
APT005832,5.5,19,0,True,True,15,False,False
APT005833,9.6,32,0,False,False,15,False,False
APT005834,20.6,57,17,False,False,21,True,False
APT005835,23.7,73,0,True,True,15,False,False
APT005836,14.4,35,1,False,False,10,False,False
APT005837,3.2,11,0,True,True,10,False,False
APT005838,18.9,56,0,True,True,20,False,False
APT005839,7.6,24,0,True,True,15,False,False
APT005840,21.2,61,0,True,True,15,False,False
APT005841,22.9,57,11,False,False,14,False,False
APT005842,3.8,11,0,False,False,15,False,False
APT005843,19.5,52,3,False,False,10,False,False
APT005844,16.5,41,0,False,False,10,False,False
APT005845,2.8,9,0,True,True,20,False,False
APT005846,23.1,58,0,True,True,20,False,False
APT005847,4.5,15,6,False,False,10,False,False
APT005848,4.7,12,4,False,False,10,False,False
APT005849,16.3,50,0,True,True,10,False,False
APT005850,9.3,26,0,True,True,20,False,False
APT005851,20.1,59,10,False,False,12,False,False
APT005852,1.2,4,8,False,False,10,False,False
APT005853,9.1,29,4,False,False,10,False,False
APT005854,21.1,73,2,False,False,10,False,False
APT005855,18.8,54,0,False,True,15,False,False
APT005856,10.5,23,0,False,False,15,False,False
APT005857,4.9,17,7,False,False,10,False,False
APT005858,23.6,72,13,False,False,17,False,False
APT005859,24.1,54,0,True,True,20,False,False
APT005860,22.3,50,0,False,False,20,False,False
APT005861,19.3,43,0,True,True,15,False,False
APT005862,8.2,21,16,False,False,20,True,True
APT005863,11.5,31,0,True,True,15,False,False
APT005864,7.1,17,0,False,False,10,False,False
APT005865,9.6,26,0,False,False,10,False,False
APT005866,23.7,77,0,False,False,15,False,False
APT005867,7.5,17,9,False,False,12,False,False
APT005868,9.9,26,8,False,False,10,False,False
APT005869,22.9,70,4,False,False,10,False,False
APT005870,10.5,28,8,False,False,10,False,False
APT005871,18.2,59,9,False,False,11,False,False
APT005872,22.3,71,10,False,False,12,False,False
APT005873,6.2,17,0,True,True,20,False,False
APT005874,20.9,67,7,False,False,10,False,False
APT005875,17.2,40,7,False,False,10,False,False
APT005876,6.8,16,6,False,False,10,False,False
APT005877,10.6,28,0,True,True,15,False,False
APT005878,10.7,34,4,False,False,10,False,False
APT005879,14.1,48,10,False,False,12,False,False
APT005880,21.3,74,2,False,False,10,False,False
APT005881,5.3,16,0,False,False,15,False,False
APT005882,7.9,26,6,False,False,10,False,False
APT005883,14.9,50,27,False,False,32,True,True
APT005884,5.0,17,0,True,True,15,False,False
APT005885,21.2,55,0,True,True,15,False,False
APT005886,6.6,20,15,False,False,19,False,False
APT005887,12.0,33,1,False,False,10,False,False
APT005888,23.9,63,0,True,True,10,False,False
APT005889,7.1,23,0,False,False,20,False,False
APT005890,12.5,36,0,True,True,15,False,False
APT005891,16.2,48,0,False,True,20,False,False
APT005892,19.4,65,22,False,False,26,True,False
APT005893,5.3,18,15,False,False,20,False,False
APT005894,15.7,52,0,False,True,15,False,False
APT005895,24.2,64,3,False,False,10,False,False
APT005896,18.2,50,12,False,False,16,False,False
APT005897,9.0,25,10,False,False,12,False,False
APT005898,11.1,33,0,False,False,15,False,False
APT005899,23.4,52,5,False,False,10,False,False
APT005900,10.1,28,1,False,False,10,False,False
APT005901,7.0,21,7,False,False,10,False,False
APT005902,7.4,21,0,True,True,15,False,False
APT005903,19.8,54,0,True,True,15,False,False
APT005904,20.6,48,0,False,False,15,False,False
APT005905,22.1,52,3,False,False,10,False,False
APT005906,7.6,18,0,False,False,15,False,False
APT005907,16.8,50,3,False,False,10,False,False
APT005908,12.6,42,0,True,True,15,False,False
APT005909,3.2,9,0,True,True,15,False,False
APT005910,20.0,61,0,False,False,20,False,False
APT005911,14.4,42,16,False,False,20,True,False
APT005912,1.1,3,0,False,False,15,False,False
APT005913,5.4,15,7,False,False,10,False,False
APT005914,19.6,50,14,False,False,16,False,False
APT005915,17.3,49,12,False,False,16,False,False
APT005916,22.4,70,0,True,True,15,False,False
APT005917,7.7,22,0,True,True,10,False,False
APT005918,25.0,75,0,True,True,20,False,False
APT005919,13.3,33,0,True,True,20,False,False
APT005920,20.6,58,7,False,False,10,False,False
APT005921,6.8,17,6,False,False,10,False,False
APT005922,2.6,9,1,False,False,10,False,False
APT005923,1.9,5,10,False,False,12,False,False
APT005924,22.1,64,0,True,True,20,False,False
APT005925,24.3,54,8,False,False,10,False,False
APT005926,10.7,27,0,True,True,15,False,False
APT005927,23.4,80,0,False,False,15,False,False
APT005928,20.0,63,7,False,False,10,False,False
APT005929,2.7,8,9,False,False,11,False,False
APT005930,16.9,46,0,True,True,10,False,False
APT005931,16.0,49,8,False,False,10,False,False
APT005932,24.7,84,0,True,True,15,False,False
APT005933,24.6,84,4,False,False,10,False,False
APT005934,1.6,5,12,False,False,14,False,False
APT005935,11.8,40,8,False,False,11,False,False
APT005936,19.7,68,4,False,False,10,False,False
APT005937,9.1,21,5,False,False,10,False,False
APT005938,17.1,44,0,True,True,15,False,False
APT005939,24.3,82,14,False,False,19,False,False
APT005940,2.4,6,0,True,True,20,False,False
APT005941,22.4,72,1,False,False,10,False,False
APT005942,13.0,41,0,False,True,15,False,False
APT005943,19.4,43,4,False,False,10,False,False
APT005944,16.1,39,0,True,True,15,False,False
APT005945,11.6,38,2,False,False,10,False,False
APT005946,15.7,54,7,False,False,10,False,False
APT005947,5.3,18,7,False,False,10,False,False
APT005948,5.6,19,15,False,False,20,False,False
APT005949,8.4,20,0,True,True,15,False,False
APT005950,11.1,35,0,False,False,15,False,False
APT005951,22.0,70,0,True,True,15,False,False
APT005952,4.4,10,0,False,False,20,False,False
APT005953,13.5,36,4,False,False,10,False,False
APT005954,22.9,67,0,True,True,10,False,False
APT005955,19.4,43,0,True,True,15,False,False
APT005956,14.2,37,26,False,False,31,True,True
APT005957,19.0,47,0,False,False,10,False,False
APT005958,14.4,43,3,False,False,10,False,False
APT005959,12.5,32,0,True,True,20,False,False
APT005960,10.3,34,0,False,False,10,False,False
APT005961,19.1,57,0,True,True,15,False,False
APT005962,20.1,50,0,True,True,20,False,False
APT005963,16.9,54,16,False,False,21,True,False
APT005964,1.3,4,3,False,False,10,False,False
APT005965,5.3,16,0,False,False,20,False,False
APT005966,24.4,64,13,False,False,16,False,False
APT005967,2.9,8,0,False,False,20,False,False
APT005968,21.9,74,0,False,False,15,False,False
APT005969,17.0,52,3,False,False,10,False,False
APT005970,21.0,53,0,False,False,15,False,False
APT005971,21.0,66,9,False,False,11,False,False
APT005972,20.8,73,0,True,True,15,False,False
APT005973,6.8,19,0,True,True,20,False,False
APT005974,18.0,55,0,False,False,15,False,False
APT005975,13.2,38,0,False,False,15,False,False
APT005976,16.6,51,1,False,False,10,False,False
APT005977,24.2,66,0,False,False,15,False,False
APT005978,7.0,23,13,False,False,18,False,False
APT005979,12.6,36,0,True,True,10,False,False
APT005980,22.1,49,7,False,False,10,False,False
APT005981,10.4,36,3,False,False,10,False,False
APT005982,5.6,18,0,True,True,20,False,False
APT005983,1.3,4,5,False,False,10,False,False
APT005984,22.1,67,0,True,True,15,False,False
APT005985,16.9,56,11,False,False,15,False,False
APT005986,16.1,54,9,False,False,11,False,False
APT005987,10.3,35,0,False,False,10,False,False
APT005988,10.0,26,1,False,False,10,False,False
APT005989,22.5,52,5,False,False,10,False,False
APT005990,14.9,35,0,False,False,20,False,False
APT005991,18.8,47,0,True,True,15,False,False
APT005992,19.7,65,0,True,True,15,False,False
APT005993,23.0,63,4,False,False,10,False,False
APT005994,9.1,21,5,False,False,10,False,False
APT005995,11.9,27,14,False,False,18,False,False
APT005996,15.9,37,0,True,True,15,False,False
APT005997,23.8,70,0,True,True,10,False,False
APT005998,9.7,28,0,True,True,10,False,False
APT005999,9.8,23,0,False,False,15,False,False
APT006000,6.6,19,7,False,False,10,False,False
APT006001,5.7,14,0,True,True,10,False,False
APT006002,16.1,39,0,False,False,15,False,False
APT006003,9.3,26,0,True,True,15,False,False
APT006004,21.2,73,0,True,True,10,False,False
APT006005,13.1,44,0,False,False,15,False,False
APT006006,15.2,41,19,False,False,26,True,True
APT006007,12.3,31,0,True,True,15,False,False
APT006008,2.8,8,0,True,True,15,False,False
APT006009,6.2,14,3,False,False,10,False,False
APT006010,4.9,15,0,False,False,20,False,False
APT006011,14.0,39,0,True,True,15,False,False
APT006012,3.3,11,10,False,False,13,False,False
APT006013,6.1,15,16,False,False,20,True,True
APT006014,20.4,64,0,False,False,20,False,False
APT006015,20.8,66,0,True,True,20,False,False
APT006016,23.6,54,0,True,True,15,False,False
APT006017,24.9,71,9,False,False,11,False,False
APT006018,16.5,38,0,False,False,10,False,False
APT006019,9.8,25,0,True,True,15,False,False
APT006020,21.1,70,0,False,False,20,False,False
APT006021,6.0,18,15,False,False,17,False,False
APT006022,10.4,35,0,True,True,15,False,False
APT006023,22.2,74,9,False,False,11,False,False
APT006024,23.0,63,0,False,False,10,False,False
APT006025,18.8,53,0,False,False,10,False,False
APT006026,6.0,19,16,False,False,18,True,False
APT006027,2.2,6,0,True,True,15,False,False
APT006028,3.7,9,12,False,False,15,False,False
APT006029,20.1,46,0,False,False,10,False,False
APT006030,14.6,36,0,False,False,15,False,False
APT006031,8.4,26,0,False,False,15,False,False
APT006032,16.3,38,0,True,True,15,False,False
APT006033,10.8,28,0,False,False,15,False,False
APT006034,11.8,38,6,False,False,10,False,False
APT006035,10.7,28,0,False,True,15,False,False
APT006036,13.5,35,13,False,False,16,False,False
APT006037,10.4,25,10,False,False,13,False,False
APT006038,17.6,43,0,True,True,20,False,False
APT006039,1.0,3,8,False,False,10,False,False
APT006040,16.2,51,0,False,False,15,False,False
APT006041,14.2,33,2,False,False,10,False,False
APT006042,14.5,38,0,False,False,20,False,False
APT006043,15.5,42,4,False,False,10,False,False
APT006044,5.5,16,0,True,True,10,False,False
APT006045,14.2,35,29,False,False,34,True,True
APT006046,20.4,50,17,False,False,20,True,True
APT006047,20.1,68,5,False,False,10,False,False
APT006048,16.1,39,6,False,False,10,False,False
APT006049,10.4,27,8,False,False,11,False,False
APT006050,1.2,3,0,True,True,15,False,False
APT006051,10.5,33,1,False,False,10,False,False
APT006052,7.6,21,3,False,False,10,False,False
APT006053,24.0,74,4,False,False,10,False,False
APT006054,19.6,57,9,False,False,12,False,False
APT006055,12.3,38,15,False,False,19,False,False
APT006056,8.3,21,2,False,False,10,False,False
APT006057,9.7,34,16,False,False,19,True,True
APT006058,16.3,48,0,True,True,15,False,False
APT006059,9.0,25,0,True,True,15,False,False
APT006060,11.5,26,0,True,True,15,False,False
APT006061,13.7,32,0,True,True,15,False,False
APT006062,21.8,68,0,True,True,15,False,False
APT006063,4.3,11,0,False,True,15,False,False
APT006064,9.0,29,3,False,False,10,False,False
APT006065,16.2,40,0,True,True,15,False,False
APT006066,5.7,17,0,True,True,20,False,False
APT006067,10.8,24,0,False,False,10,False,False
APT006068,13.9,34,6,False,False,10,False,False
APT006069,9.6,28,6,False,False,10,False,False
APT006070,24.8,84,3,False,False,10,False,False
APT006071,4.0,10,10,False,False,13,False,False
APT006072,14.2,38,3,False,False,10,False,False
APT006073,9.3,27,16,False,False,18,True,True
APT006074,22.9,72,5,False,False,10,False,False
APT006075,10.2,35,6,False,False,10,False,False
APT006076,18.6,43,14,False,False,16,False,False
APT006077,14.8,50,14,False,False,19,False,False
APT006078,15.3,37,21,False,False,28,True,True
APT006079,20.5,49,1,False,False,10,False,False
APT006080,14.4,41,0,False,False,15,False,False
APT006081,1.0,2,12,False,False,16,False,False
APT006082,23.6,64,9,False,False,12,False,False
APT006083,1.7,5,0,False,False,15,False,False
APT006084,22.7,52,3,False,False,10,False,False
APT006085,20.2,47,0,True,True,15,False,False
APT006086,17.8,42,0,True,True,15,False,False
APT006087,16.0,39,0,True,True,15,False,False
APT006088,19.2,54,0,False,False,10,False,False
APT006089,6.9,17,5,False,False,10,False,False
APT006090,11.7,35,0,False,False,15,False,False
APT006091,5.2,15,7,False,False,10,False,False
APT006092,23.9,66,2,False,False,10,False,False
APT006093,15.5,46,0,False,False,15,False,False
APT006094,2.2,7,18,False,False,22,True,True
APT006095,2.7,9,0,False,False,15,False,False
APT006096,23.8,72,0,True,True,20,False,False
APT006097,9.5,21,19,False,False,27,True,True
APT006098,2.2,6,12,False,False,14,False,False
APT006099,10.0,28,4,False,False,10,False,False
APT006100,6.9,22,10,False,False,13,False,False
APT006101,10.4,30,4,False,False,10,False,False
APT006102,17.1,45,0,False,False,15,False,False
APT006103,9.8,31,0,True,True,10,False,False
APT006104,3.8,12,0,False,True,10,False,False
APT006105,2.9,9,0,True,True,10,False,False
APT006106,15.8,51,18,False,False,24,True,True
APT006107,21.7,51,0,False,False,10,False,False
APT006108,1.7,4,12,False,False,17,False,False
APT006109,7.9,25,0,False,False,10,False,False
APT006110,2.4,8,0,True,True,15,False,False
APT006111,16.3,38,11,False,False,14,False,False
APT006112,24.8,78,2,False,False,10,False,False
APT006113,12.3,29,0,True,True,15,False,False
APT006114,2.7,8,0,False,True,10,False,False
APT006115,5.8,20,10,False,False,11,False,False
APT006116,14.1,44,0,False,False,15,False,False
APT006117,16.5,53,0,True,True,15,False,False
APT006118,20.9,51,9,False,False,13,False,False
APT006119,6.3,15,8,False,False,11,False,False
APT006120,19.1,65,0,True,True,15,False,False
APT006121,2.8,9,12,False,False,13,False,False
APT006122,10.3,26,0,False,False,20,False,False
APT006123,22.5,69,6,False,False,10,False,False
APT006124,7.0,20,7,False,False,10,False,False
APT006125,20.9,51,0,True,True,10,False,False
APT006126,5.6,12,0,False,False,10,False,False
APT006127,1.3,4,0,False,False,15,False,False
APT006128,3.5,8,19,False,False,22,True,True
APT006129,1.8,6,0,True,True,15,False,False
APT006130,3.1,8,14,False,False,16,False,False
APT006131,23.1,77,8,False,False,10,False,False
APT006132,18.9,50,0,False,False,10,False,False
APT006133,24.8,56,0,True,True,20,False,False
APT006134,12.3,27,4,False,False,10,False,False
APT006135,7.2,22,0,True,True,10,False,False
APT006136,1.6,5,0,False,False,10,False,False
APT006137,4.1,12,0,False,False,15,False,False
APT006138,9.5,22,4,False,False,10,False,False
APT006139,15.4,49,0,False,False,15,False,False
APT006140,24.2,57,20,False,False,24,True,True
APT006141,5.1,14,1,False,False,10,False,False
APT006142,12.9,39,4,False,False,10,False,False
APT006143,7.0,23,0,False,False,15,False,False
APT006144,12.7,31,6,False,False,10,False,False
APT006145,16.8,45,5,False,False,10,False,False
APT006146,1.3,4,6,False,False,10,False,False
APT006147,8.6,29,14,False,False,16,False,False
APT006148,14.2,45,0,False,True,20,False,False
APT006149,23.2,76,0,True,True,20,False,False
APT006150,15.7,54,5,False,False,10,False,False
APT006151,1.9,6,0,False,False,10,False,False
APT006152,14.8,37,10,False,False,13,False,False
APT006153,14.5,39,1,False,False,10,False,False
APT006154,15.4,44,8,False,False,10,False,False
APT006155,12.0,27,4,False,False,10,False,False
APT006156,24.4,76,0,False,False,15,False,False
APT006157,7.7,20,0,False,True,15,False,False
APT006158,12.9,45,0,True,True,20,False,False
APT006159,23.5,56,4,False,False,10,False,False
APT006160,2.0,6,1,False,False,10,False,False
APT006161,16.3,36,0,True,True,15,False,False
APT006162,24.1,75,12,False,False,17,False,False
APT006163,24.7,63,6,False,False,10,False,False
APT006164,22.8,69,0,False,False,20,False,False
APT006165,2.3,7,0,True,True,10,False,False
APT006166,24.4,69,0,False,True,10,False,False
APT006167,24.7,63,9,False,False,12,False,False
APT006168,16.4,41,9,False,False,12,False,False
APT006169,17.0,52,3,False,False,10,False,False
APT006170,3.9,11,2,False,False,10,False,False
APT006171,10.4,28,4,False,False,10,False,False
APT006172,24.5,58,0,True,True,15,False,False
APT006173,21.9,71,0,True,True,10,False,False
APT006174,18.5,56,0,True,True,15,False,False
APT006175,1.4,4,1,False,False,10,False,False
APT006176,8.4,21,0,False,True,15,False,False
APT006177,10.3,36,0,False,True,20,False,False
APT006178,5.0,15,0,False,False,20,False,False
APT006179,2.9,8,5,False,False,10,False,False
APT006180,18.7,55,0,True,True,15,False,False
APT006181,17.3,47,10,False,False,13,False,False
APT006182,23.8,79,0,True,True,15,False,False
APT006183,7.5,19,0,False,False,15,False,False
APT006184,3.9,13,0,False,False,15,False,False
APT006185,21.6,73,0,True,True,15,False,False
APT006186,2.2,6,19,False,False,23,True,True
APT006187,18.9,53,0,False,False,15,False,False
APT006188,20.6,72,0,True,True,20,False,False
APT006189,12.0,28,0,True,True,15,False,False
APT006190,9.6,32,0,False,False,15,False,False
APT006191,1.5,3,7,False,False,10,False,False
APT006192,4.8,12,0,False,False,20,False,False
APT006193,21.4,68,2,False,False,10,False,False
APT006194,17.8,59,9,False,False,11,False,False
APT006195,15.6,37,0,True,True,20,False,False
APT006196,5.6,16,9,False,False,10,False,False
APT006197,1.4,5,5,False,False,10,False,False
APT006198,4.0,10,0,False,False,15,False,False
APT006199,12.9,38,11,False,False,13,False,False
APT006200,1.5,5,0,True,True,15,False,False
APT006201,2.9,10,10,False,False,13,False,False
APT006202,12.4,28,0,False,False,20,False,False
APT006203,3.2,8,2,False,False,10,False,False
APT006204,7.1,22,4,False,False,10,False,False
APT006205,10.3,25,0,False,False,15,False,False
APT006206,5.5,14,0,False,False,10,False,False
APT006207,13.2,38,0,True,True,15,False,False
APT006208,15.4,35,0,True,True,15,False,False
APT006209,24.1,65,0,False,False,15,False,False
APT006210,12.5,37,9,False,False,11,False,False
APT006211,11.4,35,0,True,True,15,False,False
APT006212,19.2,62,11,False,False,15,False,False
APT006213,24.3,67,4,False,False,10,False,False
APT006214,8.0,20,0,True,True,15,False,False
APT006215,19.6,44,0,False,True,20,False,False
APT006216,19.9,50,15,False,False,17,False,False
APT006217,13.9,36,11,False,False,13,False,False
APT006218,15.4,52,5,False,False,10,False,False
APT006219,24.8,60,0,False,False,10,False,False
APT006220,8.9,29,0,True,True,10,False,False
APT006221,20.0,60,0,False,False,10,False,False
APT006222,18.7,55,0,False,False,15,False,False
APT006223,3.6,10,4,False,False,10,False,False
APT006224,15.1,44,7,False,False,10,False,False
APT006225,22.1,69,12,False,False,14,False,False
APT006226,14.6,36,0,False,True,15,False,False
APT006227,23.3,60,0,True,True,15,False,False
APT006228,6.0,19,0,False,True,20,False,False
APT006229,9.7,21,0,True,True,10,False,False
APT006230,6.6,19,15,False,False,18,False,False
APT006231,13.9,45,0,True,True,15,False,False
APT006232,14.2,40,0,False,False,20,False,False
APT006233,6.8,21,8,False,False,10,False,False
APT006234,16.4,52,13,False,False,17,False,False
APT006235,13.1,33,4,False,False,10,False,False
APT006236,24.4,58,0,False,False,15,False,False
APT006237,9.0,25,0,False,False,20,False,False
APT006238,8.1,25,2,False,False,10,False,False
APT006239,23.7,65,1,False,False,10,False,False
APT006240,12.1,28,1,False,False,10,False,False
APT006241,7.8,26,0,True,True,20,False,False
APT006242,23.7,75,0,False,False,15,False,False
APT006243,9.7,24,1,False,False,10,False,False
APT006244,8.1,22,0,False,False,15,False,False
APT006245,20.3,68,9,False,False,12,False,False
APT006246,14.7,35,0,False,False,10,False,False
APT006247,5.6,13,10,False,False,12,False,False
APT006248,24.3,69,0,False,True,10,False,False
APT006249,22.7,75,0,False,False,15,False,False
APT006250,8.6,22,28,False,False,33,True,True
APT006251,1.8,5,5,False,False,10,False,False
APT006252,10.0,25,0,True,True,10,False,False
APT006253,19.1,45,0,False,False,15,False,False
APT006254,4.1,14,4,False,False,10,False,False
APT006255,11.9,40,14,False,False,16,False,False
APT006256,23.5,80,3,False,False,10,False,False
APT006257,23.2,78,0,True,True,15,False,False
APT006258,15.8,54,0,True,True,10,False,False
APT006259,10.9,35,0,False,False,10,False,False
APT006260,6.7,15,8,False,False,10,False,False
APT006261,19.3,61,0,True,True,10,False,False
APT006262,2.8,8,11,False,False,13,False,False
APT006263,13.9,42,10,False,False,12,False,False
APT006264,10.5,25,5,False,False,10,False,False
APT006265,11.3,36,0,False,False,15,False,False
APT006266,13.0,32,0,False,False,15,False,False
APT006267,22.3,69,0,False,False,20,False,False
APT006268,20.4,48,0,False,False,15,False,False
APT006269,21.8,58,0,False,False,15,False,False
APT006270,15.0,36,15,False,False,18,False,False
APT006271,10.9,36,4,False,False,10,False,False
APT006272,16.0,46,9,False,False,12,False,False
APT006273,23.9,56,7,False,False,10,False,False
APT006274,22.8,70,0,False,False,10,False,False
APT006275,19.0,64,0,False,False,20,False,False
APT006276,15.6,40,9,False,False,13,False,False
APT006277,12.1,31,10,False,False,12,False,False
APT006278,12.5,40,0,False,False,15,False,False
APT006279,12.1,42,0,False,False,10,False,False
APT006280,20.3,66,0,True,True,15,False,False
APT006281,13.1,44,0,True,True,20,False,False
APT006282,2.1,7,17,False,False,23,True,True
APT006283,10.6,30,0,True,True,10,False,False
APT006284,13.9,32,0,True,True,20,False,False
APT006285,3.0,10,16,False,False,21,True,True
APT006286,18.9,49,6,False,False,10,False,False
APT006287,13.1,36,7,False,False,10,False,False
APT006288,14.6,46,0,True,True,20,False,False
APT006289,24.9,78,0,True,True,10,False,False
APT006290,1.1,3,5,False,False,10,False,False
APT006291,12.2,33,0,True,True,20,False,False
APT006292,5.7,16,0,True,True,10,False,False
APT006293,22.6,58,0,False,False,20,False,False
APT006294,16.8,55,0,False,True,15,False,False
APT006295,2.9,10,14,False,False,18,False,False
APT006296,19.9,53,6,False,False,10,False,False
APT006297,23.9,71,1,False,False,10,False,False
APT006298,10.1,25,13,False,False,17,False,False
APT006299,11.7,28,0,True,True,10,False,False
APT006300,13.1,40,0,True,True,20,False,False
APT006301,10.0,28,8,False,False,10,False,False
APT006302,4.6,12,4,False,False,10,False,False
APT006303,20.5,67,0,True,True,20,False,False
APT006304,20.2,60,0,True,True,10,False,False
APT006305,22.2,65,0,False,False,15,False,False
APT006306,9.8,32,0,False,False,15,False,False
APT006307,4.8,13,0,True,True,20,False,False
APT006308,24.4,57,3,False,False,10,False,False
APT006309,22.5,72,11,False,False,13,False,False
APT006310,24.9,69,19,False,False,21,True,True
APT006311,6.8,20,8,False,False,11,False,False
APT006312,16.4,53,0,False,False,10,False,False
APT006313,20.0,58,0,False,False,20,False,False
APT006314,3.9,11,0,False,False,10,False,False
APT006315,9.4,29,5,False,False,10,False,False
APT006316,16.8,51,0,True,True,20,False,False
APT006317,10.1,27,7,False,False,10,False,False
APT006318,7.1,17,0,False,False,20,False,False
APT006319,2.4,6,11,False,False,15,False,False
APT006320,21.8,51,4,False,False,10,False,False
APT006321,10.7,26,7,False,False,10,False,False
APT006322,6.9,24,6,False,False,10,False,False
APT006323,1.6,5,0,False,True,10,False,False
APT006324,22.0,68,0,True,True,20,False,False
APT006325,10.0,33,3,False,False,10,False,False
APT006326,23.6,68,0,True,True,20,False,False
APT006327,3.9,13,0,False,False,15,False,False
APT006328,15.7,52,3,False,False,10,False,False
APT006329,9.9,29,12,False,False,13,False,False
APT006330,13.1,37,0,True,True,15,False,False
APT006331,12.1,33,0,False,True,20,False,False
APT006332,2.3,7,0,False,True,10,False,False
APT006333,18.0,47,0,True,True,15,False,False
APT006334,21.7,72,3,False,False,10,False,False
APT006335,13.4,46,6,False,False,10,False,False
APT006336,8.0,23,1,False,False,10,False,False
APT006337,20.7,46,8,False,False,10,False,False
APT006338,17.2,39,7,False,False,10,False,False
APT006339,3.3,8,0,False,False,15,False,False
APT006340,21.7,68,0,False,False,20,False,False
APT006341,2.9,10,4,False,False,10,False,False
APT006342,8.3,24,0,False,True,15,False,False
APT006343,23.2,53,0,False,True,15,False,False
APT006344,6.9,19,16,False,False,19,True,True
APT006345,21.7,68,1,False,False,10,False,False
APT006346,16.8,40,0,True,True,15,False,False
APT006347,18.0,43,0,True,True,20,False,False
APT006348,9.5,25,7,False,False,10,False,False
APT006349,2.5,7,0,True,True,10,False,False
APT006350,10.5,30,5,False,False,10,False,False
APT006351,8.4,28,0,False,False,15,False,False
APT006352,24.4,71,3,False,False,10,False,False
APT006353,18.8,50,5,False,False,10,False,False
APT006354,12.9,39,18,False,False,23,True,True
APT006355,24.4,60,0,True,True,20,False,False
APT006356,15.9,52,0,True,True,15,False,False
APT006357,2.6,7,15,False,False,20,False,False
APT006358,12.3,34,0,True,True,20,False,False
APT006359,21.6,57,0,False,False,10,False,False
APT006360,4.8,12,14,False,False,18,False,False
APT006361,18.2,51,5,False,False,10,False,False
APT006362,10.1,23,0,True,True,15,False,False
APT006363,5.0,16,4,False,False,10,False,False
APT006364,2.1,5,0,True,True,10,False,False
APT006365,22.7,68,10,False,False,12,False,False
APT006366,2.1,6,16,False,False,18,True,True
APT006367,8.7,20,1,False,False,10,False,False
APT006368,19.3,57,0,False,True,10,False,False
APT006369,2.2,5,0,False,False,10,False,False
APT006370,23.2,72,0,True,True,10,False,False
APT006371,22.6,76,0,False,True,15,False,False
APT006372,7.8,25,0,False,False,15,False,False
APT006373,7.3,24,0,False,False,20,False,False
APT006374,17.5,42,8,False,False,10,False,False
APT006375,3.2,8,0,True,True,15,False,False
APT006376,5.6,13,0,True,True,15,False,False
APT006377,5.7,17,17,False,False,19,True,True
APT006378,12.0,27,0,False,False,15,False,False
APT006379,10.3,24,9,False,False,12,False,False
APT006380,5.9,20,0,False,False,20,False,False
APT006381,24.1,80,0,False,False,15,False,False
APT006382,2.2,6,9,False,False,11,False,False
APT006383,8.3,29,5,False,False,10,False,False
APT006384,2.4,6,8,False,False,11,False,False
APT006385,4.6,10,4,False,False,10,False,False
APT006386,6.1,16,6,False,False,10,False,False
APT006387,21.6,61,0,False,True,10,False,False
APT006388,10.7,36,9,False,False,11,False,False
APT006389,13.5,43,0,True,True,15,False,False
APT006390,10.7,27,8,False,False,10,False,False
APT006391,13.8,47,13,False,False,15,False,False
APT006392,20.5,62,0,False,False,20,False,False
APT006393,9.9,27,7,False,False,10,False,False
APT006394,9.0,30,0,True,True,10,False,False
APT006395,12.8,29,0,True,True,10,False,False
APT006396,6.3,19,3,False,False,10,False,False
APT006397,20.8,61,10,False,False,13,False,False
APT006398,7.6,24,0,False,False,10,False,False
APT006399,12.8,35,11,False,False,13,False,False
APT006400,4.3,10,0,False,False,15,False,False
APT006401,15.8,36,9,False,False,11,False,False
APT006402,15.1,36,10,False,False,12,False,False
APT006403,8.4,22,6,False,False,10,False,False
APT006404,3.3,8,0,False,False,15,False,False
APT006405,3.2,11,0,True,True,15,False,False
APT006406,8.9,29,4,False,False,10,False,False
APT006407,2.6,6,0,True,True,20,False,False
APT006408,12.8,34,2,False,False,10,False,False
APT006409,1.7,5,13,False,False,15,False,False
APT006410,6.5,20,0,True,True,20,False,False
APT006411,4.9,16,0,False,False,10,False,False
APT006412,21.3,72,0,True,True,15,False,False
APT006413,9.7,25,19,False,False,25,True,False
APT006414,6.2,15,0,False,False,15,False,False
APT006415,1.9,5,8,False,False,11,False,False
APT006416,21.8,68,0,False,False,10,False,False
APT006417,15.6,37,8,False,False,10,False,False
APT006418,17.3,58,0,True,True,10,False,False
APT006419,2.7,7,3,False,False,10,False,False
APT006420,6.8,23,0,True,True,15,False,False
APT006421,11.4,27,11,False,False,14,False,False
APT006422,6.2,16,12,False,False,15,False,False
APT006423,22.9,70,7,False,False,10,False,False
APT006424,20.4,64,0,False,True,15,False,False
APT006425,8.4,27,14,False,False,19,False,False
APT006426,1.5,3,13,False,False,16,False,False
APT006427,12.3,37,0,True,True,20,False,False
APT006428,13.9,39,0,False,False,10,False,False
APT006429,19.6,64,0,False,False,15,False,False
APT006430,19.0,58,0,False,True,20,False,False
APT006431,7.8,19,2,False,False,10,False,False
APT006432,17.6,59,11,False,False,14,False,False
APT006433,22.3,60,0,True,True,15,False,False
APT006434,14.5,43,1,False,False,10,False,False
APT006435,22.7,67,0,True,True,15,False,False
APT006436,12.7,30,0,True,True,15,False,False
APT006437,16.6,52,0,True,True,20,False,False
APT006438,15.1,35,11,False,False,14,False,False
APT006439,9.4,30,5,False,False,10,False,False
APT006440,15.8,50,0,False,False,20,False,False
APT006441,13.3,35,5,False,False,10,False,False
APT006442,8.2,27,8,False,False,11,False,False
APT006443,2.7,9,5,False,False,10,False,False
APT006444,13.4,40,0,True,True,15,False,False
APT006445,19.6,63,0,True,True,20,False,False
APT006446,21.0,51,9,False,False,12,False,False
APT006447,17.2,38,1,False,False,10,False,False
APT006448,24.7,67,0,False,False,10,False,False
APT006449,12.6,44,11,False,False,13,False,False
APT006450,3.0,7,0,False,False,10,False,False
APT006451,5.8,15,0,True,True,15,False,False
APT006452,2.6,7,7,False,False,10,False,False
APT006453,10.9,32,1,False,False,10,False,False
APT006454,20.6,59,0,True,True,15,False,False
APT006455,5.6,13,6,False,False,10,False,False
APT006456,14.9,40,0,True,True,20,False,False
APT006457,6.7,16,0,True,True,15,False,False
APT006458,18.5,47,11,False,False,13,False,False
APT006459,11.9,36,9,False,False,11,False,False
APT006460,19.3,57,21,False,False,25,True,True
APT006461,11.4,32,0,False,False,20,False,False
APT006462,12.8,33,29,False,False,36,True,True
APT006463,4.0,10,5,False,False,10,False,False
APT006464,22.8,56,0,False,False,15,False,False
APT006465,16.9,56,0,True,True,20,False,False
APT006466,15.6,49,0,True,True,15,False,False
APT006467,20.4,67,1,False,False,10,False,False
APT006468,21.7,74,5,False,False,10,False,False
APT006469,20.1,52,0,True,True,15,False,False
APT006470,23.6,81,19,False,False,24,True,True
APT006471,3.0,9,3,False,False,10,False,False
APT006472,18.8,46,0,True,True,15,False,False
APT006473,21.1,67,0,True,True,15,False,False
APT006474,2.4,8,0,False,False,15,False,False
APT006475,11.4,31,0,True,True,15,False,False
APT006476,10.6,32,0,False,False,15,False,False
APT006477,15.0,52,0,True,True,15,False,False
APT006478,2.9,7,0,False,False,15,False,False
APT006479,23.5,65,3,False,False,10,False,False
APT006480,2.3,7,0,False,False,15,False,False
APT006481,19.1,65,0,False,False,15,False,False
APT006482,21.9,64,2,False,False,10,False,False
APT006483,7.9,19,0,True,True,15,False,False
APT006484,21.0,68,0,True,True,20,False,False
APT006485,5.6,19,0,False,False,15,False,False
APT006486,17.7,41,0,False,True,15,False,False
APT006487,2.3,8,0,False,True,20,False,False
APT006488,17.3,43,18,False,False,23,True,True
APT006489,16.2,48,0,True,True,15,False,False
APT006490,12.5,42,4,False,False,10,False,False
APT006491,16.3,52,0,False,False,15,False,False
APT006492,22.9,69,13,False,False,15,False,False
APT006493,21.2,51,0,True,True,15,False,False
APT006494,20.4,59,0,True,True,15,False,False
APT006495,6.3,21,0,False,False,15,False,False
APT006496,15.8,54,0,True,True,20,False,False
APT006497,15.3,34,0,False,False,15,False,False
APT006498,7.4,20,9,False,False,10,False,False
APT006499,17.5,43,0,True,True,15,False,False
APT006500,2.4,8,0,False,False,15,False,False
APT006501,10.2,35,0,True,True,15,False,False
APT006502,2.9,7,10,False,False,13,False,False
APT006503,13.4,37,22,False,False,28,True,True
APT006504,20.3,53,0,True,True,20,False,False
APT006505,17.5,48,0,False,False,15,False,False
APT006506,2.8,10,0,False,True,15,False,False
APT006507,13.5,39,2,False,False,10,False,False
APT006508,16.1,52,1,False,False,10,False,False
APT006509,21.6,69,15,False,False,21,False,False
APT006510,11.1,27,0,True,True,20,False,False
APT006511,16.8,43,0,True,True,15,False,False
APT006512,1.1,4,0,False,False,15,False,False
APT006513,22.4,57,0,True,True,15,False,False
APT006514,12.6,41,0,False,False,10,False,False
APT006515,5.0,12,3,False,False,10,False,False
APT006516,14.6,41,2,False,False,10,False,False
APT006517,13.4,43,21,False,False,28,True,False
APT006518,20.9,60,17,False,False,19,True,True
APT006519,10.6,26,0,False,False,15,False,False
APT006520,15.4,46,0,True,True,20,False,False
APT006521,2.1,7,6,False,False,10,False,False
APT006522,8.6,21,0,False,False,15,False,False
APT006523,23.4,52,19,False,False,24,True,True
APT006524,1.8,6,8,False,False,10,False,False
APT006525,16.3,53,13,False,False,18,False,False
APT006526,14.0,35,0,True,True,20,False,False
APT006527,14.4,44,0,True,True,10,False,False
APT006528,11.5,36,0,False,False,20,False,False
APT006529,12.9,40,0,True,True,20,False,False
APT006530,9.2,28,0,True,True,20,False,False
APT006531,3.8,12,20,False,False,24,True,True
APT006532,6.4,15,16,False,False,18,True,True
APT006533,5.1,15,19,False,False,27,True,True
APT006534,24.6,75,0,True,True,10,False,False
APT006535,12.5,30,1,False,False,10,False,False
APT006536,6.4,20,12,False,False,15,False,False
APT006537,3.9,12,9,False,False,11,False,False
APT006538,8.0,20,0,True,True,10,False,False
APT006539,17.5,48,8,False,False,11,False,False
APT006540,24.6,71,14,False,False,18,False,False
APT006541,5.1,13,9,False,False,10,False,False
APT006542,13.7,34,0,False,False,10,False,False
APT006543,13.6,40,18,False,False,20,True,True
APT006544,9.9,27,1,False,False,10,False,False
APT006545,8.6,26,0,False,False,15,False,False
APT006546,3.8,11,0,False,False,15,False,False
APT006547,15.5,36,0,True,True,20,False,False
APT006548,19.5,60,13,False,False,15,False,False
APT006549,8.9,28,15,False,False,17,False,False
APT006550,17.9,48,14,False,False,18,False,False
APT006551,5.1,17,0,True,True,15,False,False
APT006552,2.1,7,8,False,False,11,False,False
APT006553,22.0,50,3,False,False,10,False,False
APT006554,17.9,44,0,True,True,15,False,False
APT006555,23.1,58,0,True,True,15,False,False
APT006556,24.8,67,0,False,False,10,False,False
APT006557,18.6,54,0,True,True,15,False,False
APT006558,22.2,72,0,True,True,15,False,False
APT006559,15.6,45,5,False,False,10,False,False
APT006560,14.3,48,1,False,False,10,False,False
APT006561,10.4,26,9,False,False,11,False,False
APT006562,21.3,61,0,True,True,10,False,False
APT006563,23.9,60,15,False,False,21,False,False
APT006564,8.0,25,13,False,False,15,False,False
APT006565,3.0,8,18,False,False,24,True,False
APT006566,8.6,26,0,True,True,15,False,False
APT006567,6.8,16,0,False,False,20,False,False
APT006568,2.0,6,2,False,False,10,False,False
APT006569,8.6,22,0,True,True,15,False,False
APT006570,2.1,5,0,False,False,20,False,False
APT006571,2.8,9,14,False,False,16,False,False
APT006572,16.6,39,0,False,False,20,False,False
APT006573,14.9,46,5,False,False,10,False,False
APT006574,6.8,15,0,True,True,15,False,False
APT006575,13.2,35,0,False,False,15,False,False
APT006576,13.9,46,0,False,False,15,False,False
APT006577,3.2,11,12,False,False,14,False,False
APT006578,20.1,49,6,False,False,10,False,False
APT006579,5.0,12,1,False,False,10,False,False
APT006580,21.0,69,22,False,False,28,True,True
APT006581,3.0,10,0,True,True,20,False,False
APT006582,2.2,5,0,False,False,20,False,False
APT006583,7.2,17,0,False,False,15,False,False
APT006584,24.4,79,0,False,False,15,False,False
APT006585,18.8,44,6,False,False,10,False,False
APT006586,5.3,15,0,True,True,10,False,False
APT006587,17.3,50,1,False,False,10,False,False
APT006588,6.5,22,5,False,False,10,False,False
APT006589,12.9,30,4,False,False,10,False,False
APT006590,22.9,66,0,False,True,20,False,False
APT006591,1.3,4,0,True,True,20,False,False
APT006592,6.7,21,5,False,False,10,False,False
APT006593,8.3,23,11,False,False,15,False,False
APT006594,20.9,66,9,False,False,10,False,False
APT006595,4.0,9,0,True,True,20,False,False
APT006596,24.7,56,0,True,True,20,False,False
APT006597,2.6,9,10,False,False,13,False,False
APT006598,2.2,6,11,False,False,14,False,False
APT006599,9.7,32,0,False,False,15,False,False
APT006600,1.8,5,0,False,False,10,False,False
APT006601,24.8,77,0,True,True,20,False,False
APT006602,19.6,52,0,False,False,20,False,False
APT006603,12.7,38,0,False,False,20,False,False
APT006604,3.5,8,2,False,False,10,False,False
APT006605,12.7,30,4,False,False,10,False,False
APT006606,9.9,24,8,False,False,10,False,False
APT006607,8.5,27,8,False,False,10,False,False
APT006608,11.6,29,0,False,False,20,False,False
APT006609,7.2,23,6,False,False,10,False,False
APT006610,2.0,6,10,False,False,12,False,False
APT006611,14.4,40,0,False,True,15,False,False
APT006612,21.7,70,0,False,True,15,False,False
APT006613,6.1,20,4,False,False,10,False,False
APT006614,2.5,8,7,False,False,10,False,False
APT006615,1.6,5,0,False,False,15,False,False
APT006616,3.3,8,0,False,False,15,False,False
APT006617,17.4,48,7,False,False,10,False,False
APT006618,19.4,57,11,False,False,15,False,False
APT006619,10.1,25,8,False,False,11,False,False
APT006620,3.4,11,12,False,False,16,False,False
APT006621,8.6,21,0,True,True,15,False,False
APT006622,10.1,32,15,False,False,19,False,False
APT006623,5.3,17,0,True,True,10,False,False
APT006624,20.0,69,0,False,False,20,False,False
APT006625,2.2,7,0,True,True,10,False,False
APT006626,13.8,48,0,False,False,20,False,False
APT006627,4.0,12,14,False,False,18,False,False
APT006628,11.6,26,11,False,False,13,False,False
APT006629,1.3,3,4,False,False,10,False,False
APT006630,17.7,57,12,False,False,15,False,False
APT006631,3.7,8,10,False,False,12,False,False
APT006632,6.2,15,0,False,False,20,False,False
APT006633,21.7,65,0,False,True,10,False,False
APT006634,4.1,10,4,False,False,10,False,False
APT006635,23.5,54,0,True,True,15,False,False
APT006636,14.9,33,0,True,True,15,False,False
APT006637,24.6,86,1,False,False,10,False,False
APT006638,16.9,44,0,True,True,15,False,False
APT006639,24.3,77,0,False,False,20,False,False
APT006640,19.5,54,0,True,True,15,False,False
APT006641,15.2,51,20,False,False,23,True,False
APT006642,14.0,48,9,False,False,12,False,False
APT006643,5.5,13,0,False,False,15,False,False
APT006644,6.8,15,0,True,True,10,False,False
APT006645,6.9,18,0,True,True,20,False,False
APT006646,1.8,6,8,False,False,10,False,False
APT006647,18.2,45,8,False,False,11,False,False
APT006648,3.6,11,2,False,False,10,False,False
APT006649,7.6,24,0,False,False,15,False,False
APT006650,4.0,13,0,True,True,10,False,False
APT006651,18.7,43,0,True,True,10,False,False
APT006652,21.6,59,0,True,True,15,False,False
APT006653,4.2,12,0,True,True,10,False,False
APT006654,24.0,64,0,False,False,15,False,False
APT006655,13.2,35,2,False,False,10,False,False
APT006656,11.3,36,4,False,False,10,False,False
APT006657,16.7,40,0,False,True,20,False,False
APT006658,10.7,30,11,False,False,13,False,False
APT006659,20.7,61,15,False,False,21,False,False
APT006660,10.5,36,0,True,True,15,False,False
APT006661,24.9,70,8,False,False,10,False,False
APT006662,14.3,40,0,False,False,15,False,False
APT006663,15.3,40,3,False,False,10,False,False
APT006664,7.3,23,0,True,True,15,False,False
APT006665,9.5,32,21,False,False,29,True,True
APT006666,21.7,60,5,False,False,10,False,False
APT006667,20.5,56,0,True,True,15,False,False
APT006668,2.9,9,0,False,False,15,False,False
APT006669,12.3,32,0,True,True,20,False,False
APT006670,9.5,26,0,True,True,20,False,False
APT006671,23.4,60,0,False,True,15,False,False
APT006672,17.1,52,11,False,False,13,False,False
APT006673,21.6,50,8,False,False,11,False,False
APT006674,7.8,24,0,False,False,15,False,False
APT006675,22.7,77,0,True,True,10,False,False
APT006676,2.0,6,11,False,False,12,False,False
APT006677,5.5,14,0,False,False,10,False,False
APT006678,19.0,53,0,True,True,15,False,False
APT006679,23.9,53,0,True,True,15,False,False
APT006680,18.7,46,0,False,False,10,False,False
APT006681,2.0,5,0,True,True,20,False,False
APT006682,16.7,58,12,False,False,15,False,False
APT006683,13.2,38,3,False,False,10,False,False
APT006684,6.3,16,0,True,True,15,False,False
APT006685,14.1,35,0,True,True,15,False,False
APT006686,15.9,38,6,False,False,10,False,False
APT006687,7.2,17,7,False,False,10,False,False
APT006688,13.6,43,0,True,True,10,False,False
APT006689,3.8,10,0,False,True,15,False,False
APT006690,21.4,61,0,False,False,15,False,False
APT006691,2.2,6,2,False,False,10,False,False
APT006692,19.2,47,0,True,True,10,False,False
APT006693,2.1,6,8,False,False,10,False,False
APT006694,12.8,30,0,False,False,10,False,False
APT006695,22.7,53,0,True,True,20,False,False
APT006696,11.4,32,0,False,False,15,False,False
APT006697,19.8,47,2,False,False,10,False,False
APT006698,22.6,73,6,False,False,10,False,False
APT006699,5.4,15,3,False,False,10,False,False
APT006700,3.4,8,4,False,False,10,False,False
APT006701,6.1,16,3,False,False,10,False,False
APT006702,22.1,67,0,True,True,15,False,False
APT006703,2.0,7,0,False,False,15,False,False
APT006704,17.8,53,0,True,True,20,False,False
APT006705,5.7,14,0,True,True,15,False,False
APT006706,15.4,50,0,False,False,20,False,False
APT006707,6.1,15,14,False,False,16,False,False
APT006708,11.2,25,0,False,False,10,False,False
APT006709,13.7,37,0,False,False,15,False,False
APT006710,17.3,54,11,False,False,13,False,False
APT006711,11.5,35,0,True,True,10,False,False
APT006712,17.4,53,6,False,False,10,False,False
APT006713,16.6,41,9,False,False,11,False,False
APT006714,4.9,17,0,False,False,10,False,False
APT006715,6.1,21,7,False,False,10,False,False
APT006716,3.8,13,0,True,True,20,False,False
APT006717,18.1,44,0,False,True,20,False,False
APT006718,17.9,42,0,True,True,20,False,False
APT006719,7.5,23,1,False,False,10,False,False
APT006720,11.6,38,4,False,False,10,False,False
APT006721,5.9,13,0,True,True,15,False,False
APT006722,20.1,66,0,False,False,20,False,False
APT006723,6.7,18,0,True,True,15,False,False
APT006724,17.1,49,9,False,False,11,False,False
APT006725,6.5,22,5,False,False,10,False,False
APT006726,12.2,39,8,False,False,10,False,False
APT006727,3.2,11,0,True,True,20,False,False
APT006728,2.9,8,3,False,False,10,False,False
APT006729,3.4,12,0,False,False,10,False,False
APT006730,4.3,13,0,False,True,15,False,False
APT006731,6.0,19,0,True,True,10,False,False
APT006732,14.9,36,11,False,False,14,False,False
APT006733,20.8,62,12,False,False,15,False,False
APT006734,14.7,45,7,False,False,10,False,False
APT006735,13.0,41,0,True,True,20,False,False
APT006736,1.5,4,7,False,False,10,False,False
APT006737,22.4,60,10,False,False,12,False,False
APT006738,12.1,38,3,False,False,10,False,False
APT006739,12.5,42,0,True,True,20,False,False
APT006740,9.5,25,14,False,False,16,False,False
APT006741,17.6,52,11,False,False,12,False,False
APT006742,13.2,46,5,False,False,10,False,False
APT006743,1.9,5,18,False,False,23,True,True
APT006744,15.6,54,0,True,True,15,False,False
APT006745,23.7,83,0,False,False,15,False,False
APT006746,12.5,34,16,False,False,20,True,True
APT006747,12.1,40,0,False,False,15,False,False
APT006748,7.9,26,10,False,False,14,False,False
APT006749,9.8,23,3,False,False,10,False,False
APT006750,5.6,18,10,False,False,12,False,False
APT006751,3.2,8,8,False,False,11,False,False
APT006752,23.9,60,9,False,False,11,False,False
APT006753,7.8,24,11,False,False,13,False,False
APT006754,21.3,68,0,False,True,15,False,False
APT006755,11.5,32,0,False,False,20,False,False
APT006756,19.0,51,0,True,True,10,False,False
APT006757,8.2,23,0,False,False,15,False,False
APT006758,6.5,18,0,True,True,15,False,False
APT006759,10.2,24,8,False,False,11,False,False
APT006760,11.7,29,0,False,False,10,False,False
APT006761,20.3,62,0,False,False,15,False,False
APT006762,14.0,43,1,False,False,10,False,False
APT006763,14.3,34,4,False,False,10,False,False
APT006764,22.1,66,0,False,True,20,False,False
APT006765,17.3,56,2,False,False,10,False,False
APT006766,22.8,65,9,False,False,12,False,False
APT006767,4.4,13,4,False,False,10,False,False
APT006768,14.2,34,0,True,True,15,False,False
APT006769,4.9,15,3,False,False,10,False,False
APT006770,24.6,83,1,False,False,10,False,False
APT006771,4.6,14,13,False,False,16,False,False
APT006772,15.7,44,0,True,True,20,False,False
APT006773,18.0,55,6,False,False,10,False,False
APT006774,11.0,34,4,False,False,10,False,False
APT006775,20.2,52,0,False,False,15,False,False
APT006776,21.0,47,0,False,False,15,False,False
APT006777,14.4,45,0,True,True,10,False,False
APT006778,15.5,35,0,False,True,10,False,False
APT006779,2.4,6,0,False,False,15,False,False
APT006780,2.1,5,19,False,False,25,True,True
APT006781,22.8,58,0,True,True,10,False,False
APT006782,18.8,58,1,False,False,10,False,False
APT006783,17.0,54,0,False,False,15,False,False
APT006784,21.7,63,0,True,True,15,False,False
APT006785,14.8,50,13,False,False,14,False,False
APT006786,21.3,56,3,False,False,10,False,False
APT006787,24.9,60,1,False,False,10,False,False
APT006788,4.9,16,0,True,True,20,False,False
APT006789,13.9,34,4,False,False,10,False,False
APT006790,11.5,38,5,False,False,10,False,False
APT006791,3.7,9,4,False,False,10,False,False
APT006792,24.1,72,21,False,False,28,True,True
APT006793,9.6,23,0,True,True,20,False,False
APT006794,16.1,51,7,False,False,10,False,False
APT006795,17.4,46,10,False,False,12,False,False
APT006796,21.1,70,4,False,False,10,False,False
APT006797,2.8,8,12,False,False,16,False,False
APT006798,9.7,25,0,False,True,10,False,False
APT006799,2.1,5,0,False,False,15,False,False
APT006800,14.0,48,0,False,False,20,False,False
APT006801,23.9,60,2,False,False,10,False,False
APT006802,14.0,42,0,True,True,20,False,False
APT006803,4.3,14,0,False,False,15,False,False
APT006804,23.2,76,0,False,False,15,False,False
APT006805,5.6,12,4,False,False,10,False,False
APT006806,7.7,26,0,False,False,15,False,False
APT006807,4.8,17,0,False,False,10,False,False
APT006808,11.1,29,6,False,False,10,False,False
APT006809,7.6,25,2,False,False,10,False,False
APT006810,9.0,30,1,False,False,10,False,False
APT006811,11.3,29,2,False,False,10,False,False
APT006812,14.3,43,0,False,False,10,False,False
APT006813,2.0,5,0,True,True,15,False,False
APT006814,20.4,56,2,False,False,10,False,False
APT006815,12.4,42,6,False,False,10,False,False
APT006816,15.6,44,0,False,True,20,False,False
APT006817,13.1,43,0,False,False,15,False,False
APT006818,16.0,46,0,False,False,20,False,False
APT006819,7.2,23,0,False,False,15,False,False
APT006820,21.4,52,5,False,False,10,False,False
APT006821,18.6,62,4,False,False,10,False,False
APT006822,3.6,12,5,False,False,10,False,False
APT006823,9.0,28,8,False,False,10,False,False
APT006824,1.9,6,13,False,False,14,False,False
APT006825,17.0,41,0,False,False,20,False,False
APT006826,20.6,56,6,False,False,10,False,False
APT006827,19.9,48,0,True,True,15,False,False
APT006828,4.9,13,0,False,False,20,False,False
APT006829,18.6,49,7,False,False,10,False,False
APT006830,13.7,35,7,False,False,10,False,False
APT006831,3.5,10,10,False,False,13,False,False
APT006832,20.0,55,11,False,False,12,False,False
APT006833,23.7,73,0,True,True,20,False,False
APT006834,9.8,22,2,False,False,10,False,False
APT006835,18.8,62,6,False,False,10,False,False
APT006836,2.0,6,0,True,True,15,False,False
APT006837,16.5,40,0,True,True,20,False,False
APT006838,3.2,7,12,False,False,17,False,False
APT006839,23.6,74,0,False,False,15,False,False
APT006840,10.9,24,12,False,False,15,False,False
APT006841,12.5,29,0,True,True,15,False,False
APT006842,2.8,9,0,True,True,15,False,False
APT006843,7.7,17,12,False,False,15,False,False
APT006844,13.7,33,0,False,False,15,False,False
APT006845,21.7,72,0,False,False,15,False,False
APT006846,14.8,35,0,True,True,15,False,False
APT006847,8.1,27,2,False,False,10,False,False
APT006848,1.0,3,0,True,True,20,False,False
APT006849,3.7,10,0,False,False,20,False,False
APT006850,11.3,28,4,False,False,10,False,False
APT006851,2.4,8,12,False,False,17,False,False
APT006852,24.5,58,10,False,False,12,False,False
APT006853,12.3,39,13,False,False,18,False,False
APT006854,1.1,3,1,False,False,10,False,False
APT006855,3.8,13,0,False,False,10,False,False
APT006856,24.2,82,0,True,True,15,False,False
APT006857,14.7,35,8,False,False,11,False,False
APT006858,2.6,7,0,True,True,15,False,False
APT006859,15.0,35,15,False,False,17,False,False
APT006860,16.0,50,1,False,False,10,False,False
APT006861,20.1,59,6,False,False,10,False,False
APT006862,18.9,52,0,True,True,15,False,False
APT006863,12.2,27,6,False,False,10,False,False
APT006864,23.4,70,11,False,False,13,False,False
APT006865,11.9,42,14,False,False,19,False,False
APT006866,6.5,16,0,False,False,10,False,False
APT006867,8.0,24,15,False,False,20,False,False
APT006868,23.9,82,3,False,False,10,False,False
APT006869,11.2,36,10,False,False,12,False,False
APT006870,13.5,38,4,False,False,10,False,False
APT006871,14.5,40,0,True,True,15,False,False
APT006872,9.3,27,0,False,False,15,False,False
APT006873,14.4,45,0,False,False,10,False,False
APT006874,15.5,34,0,True,True,15,False,False
APT006875,17.9,59,3,False,False,10,False,False
APT006876,10.8,30,6,False,False,10,False,False
APT006877,11.0,36,8,False,False,11,False,False
APT006878,21.7,68,0,True,True,10,False,False
APT006879,6.7,17,0,False,False,15,False,False
APT006880,8.2,20,0,True,True,10,False,False
APT006881,1.4,5,0,False,False,20,False,False
APT006882,21.1,51,0,False,False,20,False,False
APT006883,23.5,57,12,False,False,16,False,False
APT006884,23.3,57,0,False,False,15,False,False
APT006885,14.5,40,9,False,False,11,False,False
APT006886,14.9,45,0,False,True,10,False,False
APT006887,16.3,47,0,True,True,15,False,False
APT006888,3.0,8,7,False,False,10,False,False
APT006889,15.9,38,13,False,False,15,False,False
APT006890,15.5,40,0,True,True,15,False,False
APT006891,13.5,35,0,True,True,20,False,False
APT006892,8.4,19,0,True,True,20,False,False
APT006893,11.2,30,0,False,False,20,False,False
APT006894,11.9,40,8,False,False,10,False,False
APT006895,21.1,59,0,False,False,20,False,False
APT006896,18.9,51,0,True,True,20,False,False
APT006897,14.3,48,11,False,False,15,False,False
APT006898,8.3,27,1,False,False,10,False,False
APT006899,6.3,22,0,True,True,15,False,False
APT006900,22.9,58,20,False,False,24,True,True
APT006901,9.8,24,11,False,False,14,False,False
APT006902,19.5,53,0,True,True,10,False,False
APT006903,17.4,40,0,False,False,10,False,False
APT006904,7.4,18,2,False,False,10,False,False
APT006905,22.1,76,0,True,True,10,False,False
APT006906,23.0,62,11,False,False,13,False,False
APT006907,13.4,35,8,False,False,10,False,False
APT006908,1.8,5,0,True,True,10,False,False
APT006909,24.9,81,5,False,False,10,False,False
APT006910,14.3,49,0,True,True,15,False,False
APT006911,9.2,24,0,False,False,10,False,False
APT006912,15.4,49,0,True,True,10,False,False
APT006913,7.9,22,0,False,False,20,False,False
APT006914,17.3,51,2,False,False,10,False,False
APT006915,13.8,45,0,False,False,15,False,False
APT006916,15.4,40,0,False,False,15,False,False
APT006917,25.0,62,0,True,True,15,False,False
APT006918,24.5,75,0,True,True,15,False,False
APT006919,10.2,32,3,False,False,10,False,False
APT006920,21.6,61,0,True,True,10,False,False
APT006921,14.1,33,14,False,False,16,False,False
APT006922,22.4,77,0,False,True,15,False,False
APT006923,19.0,56,18,False,False,22,True,True
APT006924,11.7,36,13,False,False,17,False,False
APT006925,21.0,57,0,False,False,10,False,False
APT006926,22.5,63,0,True,True,10,False,False
APT006927,22.4,68,10,False,False,13,False,False
APT006928,18.6,52,0,True,True,15,False,False
APT006929,23.9,57,0,True,True,15,False,False
APT006930,22.2,51,2,False,False,10,False,False
APT006931,16.1,48,8,False,False,11,False,False
APT006932,9.8,30,7,False,False,10,False,False
APT006933,24.2,81,7,False,False,10,False,False
APT006934,7.4,18,0,True,True,15,False,False
APT006935,13.7,35,0,False,False,10,False,False
APT006936,1.1,3,0,False,False,15,False,False
APT006937,24.9,74,9,False,False,10,False,False
APT006938,17.1,39,0,False,False,20,False,False
APT006939,23.4,76,1,False,False,10,False,False
APT006940,23.2,79,9,False,False,11,False,False
APT006941,4.9,11,1,False,False,10,False,False
APT006942,7.3,20,6,False,False,10,False,False
APT006943,19.4,67,0,False,False,10,False,False
APT006944,3.9,13,0,False,False,20,False,False
APT006945,2.1,6,7,False,False,10,False,False
APT006946,19.4,44,0,True,True,15,False,False
APT006947,18.5,60,0,True,True,10,False,False
APT006948,18.3,62,8,False,False,10,False,False
APT006949,24.4,56,16,False,False,19,True,True
APT006950,10.2,25,9,False,False,11,False,False
APT006951,20.4,61,0,True,True,20,False,False
APT006952,4.4,10,0,False,False,15,False,False
APT006953,16.6,45,0,True,True,15,False,False
APT006954,5.2,16,0,True,True,15,False,False
APT006955,21.9,59,1,False,False,10,False,False
APT006956,4.7,12,7,False,False,10,False,False
APT006957,18.4,45,14,False,False,17,False,False
APT006958,6.0,14,0,True,True,15,False,False
APT006959,11.3,28,4,False,False,10,False,False
APT006960,3.4,11,10,False,False,14,False,False
APT006961,17.7,62,0,True,True,15,False,False
APT006962,1.1,4,9,False,False,10,False,False
APT006963,1.5,4,4,False,False,10,False,False
APT006964,7.7,24,0,True,True,15,False,False
APT006965,7.8,21,17,False,False,19,True,True
APT006966,19.8,58,5,False,False,10,False,False
APT006967,21.5,64,0,True,True,15,False,False
APT006968,20.7,60,0,False,False,10,False,False
APT006969,17.4,49,19,False,False,27,True,True
APT006970,24.0,65,0,True,True,10,False,False
APT006971,22.2,54,6,False,False,10,False,False
APT006972,9.1,28,0,False,False,15,False,False
APT006973,6.0,13,0,True,True,15,False,False
APT006974,23.9,76,2,False,False,10,False,False
APT006975,20.9,63,0,False,False,20,False,False
APT006976,6.9,22,0,False,False,20,False,False
APT006977,2.8,8,0,True,True,20,False,False
APT006978,5.2,12,3,False,False,10,False,False
APT006979,24.0,73,7,False,False,10,False,False
APT006980,4.6,12,0,True,True,15,False,False
APT006981,18.3,43,17,False,False,23,True,True
APT006982,20.7,56,4,False,False,10,False,False
APT006983,23.2,68,6,False,False,10,False,False
APT006984,11.8,40,22,False,False,25,True,True
APT006985,4.9,15,2,False,False,10,False,False
APT006986,5.7,17,11,False,False,12,False,False
APT006987,11.8,40,0,False,False,15,False,False
APT006988,20.4,65,0,True,True,20,False,False
APT006989,4.0,11,16,False,False,18,True,True
APT006990,24.5,66,0,True,True,20,False,False
APT006991,23.8,77,0,False,False,15,False,False
APT006992,11.2,36,9,False,False,11,False,False
APT006993,18.0,61,0,True,True,15,False,False
APT006994,2.0,6,0,False,True,20,False,False
APT006995,5.1,14,0,True,True,15,False,False
APT006996,12.9,37,0,True,True,15,False,False
APT006997,10.6,35,11,False,False,12,False,False
APT006998,18.1,49,1,False,False,10,False,False
APT006999,6.3,20,0,False,False,15,False,False
APT007000,11.4,31,0,True,True,20,False,False
APT007001,22.5,51,0,False,False,10,False,False
APT007002,10.9,38,3,False,False,10,False,False
APT007003,21.8,51,0,True,True,15,False,False
APT007004,8.9,26,0,False,False,15,False,False
APT007005,15.3,44,3,False,False,10,False,False
APT007006,18.5,44,14,False,False,16,False,False
APT007007,11.6,36,0,False,False,20,False,False
APT007008,17.9,43,0,True,True,15,False,False
APT007009,18.3,48,4,False,False,10,False,False
APT007010,8.2,20,25,False,False,33,True,True
APT007011,23.5,82,0,False,False,10,False,False
APT007012,21.5,74,13,False,False,17,False,False
APT007013,15.5,54,4,False,False,10,False,False
APT007014,18.2,44,0,True,True,15,False,False
APT007015,17.7,49,0,True,True,15,False,False
APT007016,19.0,51,3,False,False,10,False,False
APT007017,14.5,51,0,False,True,20,False,False
APT007018,16.2,40,0,True,True,15,False,False
APT007019,5.1,14,0,False,False,15,False,False
APT007020,3.2,10,10,False,False,11,False,False
APT007021,13.0,40,0,False,False,15,False,False
APT007022,23.6,54,0,False,False,20,False,False
APT007023,23.7,74,0,True,True,15,False,False
APT007024,3.8,10,6,False,False,10,False,False
APT007025,18.8,47,8,False,False,11,False,False
APT007026,13.3,42,0,True,True,10,False,False
APT007027,15.4,40,0,True,True,20,False,False
APT007028,20.1,50,9,False,False,13,False,False
APT007029,7.8,18,4,False,False,10,False,False
APT007030,4.9,12,0,False,False,15,False,False
APT007031,10.7,28,13,False,False,16,False,False
APT007032,5.6,18,0,False,False,20,False,False
APT007033,4.0,10,0,False,False,10,False,False
APT007034,16.8,57,0,True,True,15,False,False
APT007035,2.9,10,0,False,False,15,False,False
APT007036,12.8,30,0,False,False,10,False,False
APT007037,16.4,38,0,False,True,20,False,False
APT007038,7.6,26,10,False,False,13,False,False
APT007039,13.2,44,13,False,False,18,False,False
APT007040,15.0,41,0,True,True,10,False,False
APT007041,19.6,57,1,False,False,10,False,False
APT007042,24.9,65,0,True,True,20,False,False
APT007043,3.8,9,0,True,True,20,False,False
APT007044,8.7,28,0,False,False,15,False,False
APT007045,11.6,32,19,False,False,26,True,False
APT007046,11.6,34,0,False,False,15,False,False
APT007047,15.2,48,11,False,False,14,False,False
APT007048,11.0,37,0,False,False,15,False,False
APT007049,16.1,39,2,False,False,10,False,False
APT007050,11.4,36,16,False,False,22,True,True
APT007051,11.6,35,0,True,True,15,False,False
APT007052,21.4,52,0,True,True,20,False,False
APT007053,12.9,41,9,False,False,11,False,False
APT007054,5.9,15,3,False,False,10,False,False
APT007055,5.2,14,10,False,False,11,False,False
APT007056,8.3,27,0,False,False,20,False,False
APT007057,7.9,25,1,False,False,10,False,False
APT007058,14.1,35,18,False,False,20,True,True
APT007059,13.1,37,0,True,True,10,False,False
APT007060,12.0,27,0,False,True,15,False,False
APT007061,13.0,44,16,False,False,20,True,False
APT007062,17.0,58,0,True,True,20,False,False
APT007063,1.7,5,0,True,True,10,False,False
APT007064,20.4,56,0,False,False,15,False,False
APT007065,2.1,5,15,False,False,20,False,False
APT007066,3.4,11,13,False,False,17,False,False
APT007067,19.9,59,0,True,True,20,False,False
APT007068,23.2,67,0,True,True,15,False,False
APT007069,3.8,13,19,False,False,24,True,True
APT007070,18.2,45,0,True,True,10,False,False
APT007071,16.8,57,0,False,False,15,False,False
APT007072,9.0,22,15,False,False,21,False,False
APT007073,23.2,70,9,False,False,11,False,False
APT007074,11.5,29,0,False,False,15,False,False
APT007075,17.0,54,4,False,False,10,False,False
APT007076,7.0,24,12,False,False,16,False,False
APT007077,12.4,39,10,False,False,11,False,False
APT007078,21.1,70,0,False,False,20,False,False
APT007079,21.4,60,0,True,True,10,False,False
APT007080,3.8,9,0,True,True,15,False,False
APT007081,10.7,36,11,False,False,14,False,False
APT007082,3.4,8,12,False,False,17,False,False
APT007083,5.7,15,0,True,True,10,False,False
APT007084,19.7,65,3,False,False,10,False,False
APT007085,21.5,53,0,False,False,15,False,False
APT007086,8.2,28,0,True,True,15,False,False
APT007087,21.7,57,2,False,False,10,False,False
APT007088,15.3,36,8,False,False,10,False,False
APT007089,22.3,66,0,False,False,20,False,False
APT007090,1.3,3,3,False,False,10,False,False
APT007091,15.3,40,2,False,False,10,False,False
APT007092,16.1,51,0,True,True,15,False,False
APT007093,18.8,45,6,False,False,10,False,False
APT007094,6.1,19,0,True,True,15,False,False
APT007095,7.6,17,0,False,False,15,False,False
APT007096,19.2,54,0,False,False,10,False,False
APT007097,10.1,33,0,True,True,10,False,False
APT007098,16.5,38,3,False,False,10,False,False
APT007099,9.9,24,2,False,False,10,False,False
APT007100,24.8,59,0,True,True,10,False,False
APT007101,10.3,28,7,False,False,10,False,False
APT007102,14.0,32,7,False,False,10,False,False
APT007103,20.8,61,9,False,False,12,False,False
APT007104,9.0,24,9,False,False,12,False,False
APT007105,8.7,21,3,False,False,10,False,False
APT007106,24.8,55,0,True,True,15,False,False
APT007107,15.4,34,0,False,False,10,False,False
APT007108,10.3,31,0,True,True,20,False,False
APT007109,19.9,57,3,False,False,10,False,False
APT007110,15.6,35,22,False,False,28,True,False
APT007111,20.5,70,0,False,False,20,False,False
APT007112,1.2,4,0,True,True,10,False,False
APT007113,4.3,12,0,False,False,20,False,False
APT007114,10.0,32,11,False,False,14,False,False
APT007115,6.0,20,0,False,False,15,False,False
APT007116,21.0,62,5,False,False,10,False,False
APT007117,24.8,68,1,False,False,10,False,False
APT007118,11.7,29,19,False,False,21,True,True
APT007119,21.9,68,17,False,False,23,True,True
APT007120,4.4,11,0,False,False,15,False,False
APT007121,20.4,69,0,False,True,10,False,False
APT007122,8.1,20,1,False,False,10,False,False
APT007123,10.9,31,3,False,False,10,False,False
APT007124,12.3,32,5,False,False,10,False,False
APT007125,11.3,31,0,False,True,10,False,False
APT007126,2.2,5,0,False,False,10,False,False
APT007127,12.0,33,1,False,False,10,False,False
APT007128,9.3,23,0,True,True,15,False,False
APT007129,15.0,50,19,False,False,22,True,True
APT007130,2.2,5,5,False,False,10,False,False
APT007131,20.7,67,0,True,True,20,False,False
APT007132,1.3,4,0,False,True,15,False,False
APT007133,8.5,26,0,False,False,10,False,False
APT007134,16.2,48,11,False,False,13,False,False
APT007135,7.9,25,0,False,False,20,False,False
APT007136,6.4,19,0,False,False,20,False,False
APT007137,6.0,20,1,False,False,10,False,False
APT007138,21.2,73,0,False,False,20,False,False
APT007139,7.1,21,1,False,False,10,False,False
APT007140,21.4,71,0,True,True,15,False,False
APT007141,1.1,3,1,False,False,10,False,False
APT007142,7.1,20,7,False,False,10,False,False
APT007143,13.6,45,0,False,False,10,False,False
APT007144,2.1,7,10,False,False,14,False,False
APT007145,1.4,4,4,False,False,10,False,False
APT007146,1.6,4,0,True,True,20,False,False
APT007147,6.1,21,0,True,True,20,False,False
APT007148,16.6,37,0,True,True,20,False,False
APT007149,12.0,41,10,False,False,12,False,False
APT007150,22.0,53,0,True,True,15,False,False
APT007151,3.3,8,11,False,False,13,False,False
APT007152,9.1,32,5,False,False,10,False,False
APT007153,23.0,73,7,False,False,10,False,False
APT007154,2.3,6,0,False,True,10,False,False
APT007155,20.2,55,22,False,False,28,True,True
APT007156,4.1,13,0,False,False,15,False,False
APT007157,21.4,70,0,True,True,15,False,False
APT007158,18.1,56,0,True,True,20,False,False
APT007159,24.2,68,0,False,True,10,False,False
APT007160,2.9,7,0,False,True,15,False,False
APT007161,23.6,67,0,False,False,20,False,False
APT007162,21.7,74,3,False,False,10,False,False
APT007163,21.4,52,5,False,False,10,False,False
APT007164,7.3,25,7,False,False,10,False,False
APT007165,14.4,39,0,True,True,10,False,False
APT007166,10.1,23,5,False,False,10,False,False
APT007167,3.9,11,0,False,False,20,False,False
APT007168,3.3,9,0,False,False,20,False,False
APT007169,15.7,48,5,False,False,10,False,False
APT007170,14.0,44,0,False,False,15,False,False
APT007171,22.5,62,0,True,True,10,False,False
APT007172,15.6,40,2,False,False,10,False,False
APT007173,19.7,69,8,False,False,10,False,False
APT007174,5.3,12,0,False,False,15,False,False
APT007175,22.4,76,0,False,True,15,False,False
APT007176,6.2,14,11,False,False,13,False,False
APT007177,10.9,29,14,False,False,19,False,False
APT007178,20.5,48,0,True,True,15,False,False
APT007179,21.2,60,0,True,True,10,False,False
APT007180,8.0,28,0,False,False,10,False,False
APT007181,12.6,29,0,True,True,10,False,False
APT007182,1.5,5,5,False,False,10,False,False
APT007183,24.6,85,15,False,False,19,False,False
APT007184,20.6,62,0,False,False,15,False,False
APT007185,22.5,78,0,True,True,15,False,False
APT007186,23.0,65,14,False,False,19,False,False
APT007187,9.5,31,0,True,True,15,False,False
APT007188,12.2,38,0,False,False,15,False,False
APT007189,5.1,15,7,False,False,10,False,False
APT007190,21.5,73,0,False,False,20,False,False
APT007191,16.2,47,0,False,False,10,False,False
APT007192,19.6,66,14,False,False,19,False,False
APT007193,24.3,65,0,True,True,15,False,False
APT007194,24.3,60,0,False,True,10,False,False
APT007195,22.6,53,0,True,True,20,False,False
APT007196,4.2,14,0,True,True,15,False,False
APT007197,20.5,55,0,True,True,15,False,False
APT007198,8.1,23,15,False,False,18,False,False
APT007199,10.5,33,14,False,False,16,False,False
APT007200,1.1,3,0,False,True,15,False,False
APT007201,5.6,12,12,False,False,14,False,False
APT007202,23.6,75,0,False,False,10,False,False
APT007203,23.4,60,0,True,True,15,False,False
APT007204,20.6,57,0,False,False,10,False,False
APT007205,3.5,11,0,True,True,15,False,False
APT007206,6.9,22,4,False,False,10,False,False
APT007207,2.3,8,4,False,False,10,False,False
APT007208,7.3,23,5,False,False,10,False,False
APT007209,19.7,60,12,False,False,14,False,False
APT007210,8.8,30,20,False,False,23,True,True
APT007211,19.6,50,7,False,False,10,False,False
APT007212,17.3,47,0,False,False,10,False,False
APT007213,1.3,3,6,False,False,10,False,False
APT007214,2.9,10,20,False,False,24,True,False
APT007215,4.0,11,0,False,False,10,False,False
APT007216,9.7,31,7,False,False,10,False,False
APT007217,21.0,62,6,False,False,10,False,False
APT007218,10.7,36,18,False,False,23,True,True
APT007219,11.7,27,0,True,True,15,False,False
APT007220,7.9,18,8,False,False,11,False,False
APT007221,4.5,12,0,True,True,15,False,False
APT007222,9.5,28,6,False,False,10,False,False
APT007223,9.8,32,0,False,False,20,False,False
APT007224,10.7,29,2,False,False,10,False,False
APT007225,2.4,7,0,False,True,10,False,False
APT007226,2.5,6,19,False,False,23,True,False
APT007227,20.4,50,21,False,False,24,True,True
APT007228,13.4,43,0,False,False,10,False,False
APT007229,2.9,8,10,False,False,11,False,False
APT007230,14.6,33,0,True,True,10,False,False
APT007231,3.6,11,0,False,False,10,False,False
APT007232,21.7,68,0,True,True,10,False,False
APT007233,2.4,8,12,False,False,16,False,False
APT007234,7.5,22,0,False,False,10,False,False
APT007235,23.3,57,10,False,False,12,False,False
APT007236,21.6,71,8,False,False,10,False,False
APT007237,2.3,5,14,False,False,18,False,False
APT007238,13.9,46,0,True,True,15,False,False
APT007239,15.8,46,14,False,False,16,False,False
APT007240,20.5,56,0,True,True,15,False,False
APT007241,21.8,59,17,False,False,19,True,True
APT007242,19.0,43,0,True,True,10,False,False
APT007243,1.3,4,0,True,True,10,False,False
APT007244,6.9,15,12,False,False,15,False,False
APT007245,19.8,49,0,False,False,15,False,False
APT007246,14.9,47,0,False,False,15,False,False
APT007247,8.2,21,9,False,False,12,False,False
APT007248,5.7,13,0,True,True,15,False,False
APT007249,4.5,15,0,True,True,20,False,False
APT007250,6.9,15,0,False,True,10,False,False
APT007251,22.9,70,9,False,False,12,False,False
APT007252,1.4,3,2,False,False,10,False,False
APT007253,9.0,29,5,False,False,10,False,False
APT007254,1.1,3,0,True,True,15,False,False
APT007255,6.6,22,0,True,True,20,False,False
APT007256,1.6,5,0,False,False,15,False,False
APT007257,9.3,21,0,False,False,10,False,False
APT007258,19.9,58,0,True,True,20,False,False
APT007259,13.5,31,0,True,True,15,False,False
APT007260,16.5,56,0,True,True,20,False,False
APT007261,17.3,51,2,False,False,10,False,False
APT007262,9.4,22,1,False,False,10,False,False
APT007263,7.0,23,0,False,False,15,False,False
APT007264,15.6,40,8,False,False,10,False,False
APT007265,1.3,4,0,False,False,20,False,False
APT007266,1.2,3,0,False,False,15,False,False
APT007267,3.5,8,18,False,False,21,True,True
APT007268,23.7,77,7,False,False,10,False,False
APT007269,13.5,31,0,False,False,20,False,False
APT007270,17.1,41,0,True,True,15,False,False
APT007271,8.3,25,2,False,False,10,False,False
APT007272,17.9,62,2,False,False,10,False,False
APT007273,24.2,62,7,False,False,10,False,False
APT007274,7.1,21,0,False,False,20,False,False
APT007275,1.9,6,7,False,False,10,False,False
APT007276,23.0,65,6,False,False,10,False,False
APT007277,23.6,78,4,False,False,10,False,False
APT007278,2.7,9,0,False,False,15,False,False
APT007279,20.4,69,2,False,False,10,False,False
APT007280,21.3,72,9,False,False,11,False,False
APT007281,14.0,32,0,True,True,15,False,False
APT007282,8.5,20,2,False,False,10,False,False
APT007283,6.8,23,12,False,False,13,False,False
APT007284,4.9,12,11,False,False,15,False,False
APT007285,18.2,60,0,True,True,10,False,False
APT007286,23.3,79,11,False,False,15,False,False
APT007287,24.7,75,12,False,False,16,False,False
APT007288,3.2,9,0,True,True,15,False,False
APT007289,13.4,33,0,True,True,15,False,False
APT007290,11.0,24,1,False,False,10,False,False
APT007291,18.1,44,0,True,True,10,False,False
APT007292,20.0,55,0,True,True,10,False,False
APT007293,24.2,64,0,True,True,15,False,False
APT007294,14.4,45,0,True,True,10,False,False
APT007295,18.0,55,0,True,True,10,False,False
APT007296,21.5,63,0,False,False,20,False,False
APT007297,20.3,66,0,False,False,10,False,False
APT007298,1.5,5,6,False,False,10,False,False
APT007299,17.9,40,0,False,False,20,False,False
APT007300,6.8,23,0,True,True,15,False,False
APT007301,7.6,17,1,False,False,10,False,False
APT007302,11.7,39,4,False,False,10,False,False
APT007303,11.5,35,4,False,False,10,False,False
APT007304,10.1,29,0,True,True,15,False,False
APT007305,13.4,46,18,False,False,22,True,True
APT007306,5.4,15,0,True,True,15,False,False
APT007307,13.7,33,0,True,True,20,False,False
APT007308,4.1,12,5,False,False,10,False,False
APT007309,20.4,68,0,False,False,15,False,False
APT007310,10.7,24,0,False,False,15,False,False
APT007311,5.9,19,0,False,False,20,False,False
APT007312,8.6,23,6,False,False,10,False,False
APT007313,10.5,30,0,True,True,15,False,False
APT007314,8.2,24,11,False,False,14,False,False
APT007315,9.3,28,20,False,False,28,True,True
APT007316,12.1,34,0,True,True,15,False,False
APT007317,17.0,47,0,True,True,10,False,False
APT007318,7.5,25,0,False,False,20,False,False
APT007319,7.1,21,0,False,True,20,False,False
APT007320,22.2,72,0,True,True,15,False,False
APT007321,9.5,31,7,False,False,10,False,False
APT007322,12.9,37,0,False,False,10,False,False
APT007323,11.9,33,12,False,False,16,False,False
APT007324,24.7,69,0,False,False,15,False,False
APT007325,4.2,12,0,True,True,15,False,False
APT007326,3.3,8,17,False,False,21,True,False
APT007327,1.6,5,8,False,False,10,False,False
APT007328,13.9,41,0,True,True,15,False,False
APT007329,7.3,23,0,False,False,15,False,False
APT007330,17.8,42,0,True,True,20,False,False
APT007331,24.2,67,1,False,False,10,False,False
APT007332,18.0,47,8,False,False,10,False,False
APT007333,6.1,16,0,True,True,10,False,False
APT007334,10.2,27,7,False,False,10,False,False
APT007335,9.9,24,0,False,False,15,False,False
APT007336,16.2,44,0,False,False,15,False,False
APT007337,19.2,51,14,False,False,18,False,False
APT007338,23.2,74,14,False,False,17,False,False
APT007339,7.3,25,0,True,True,15,False,False
APT007340,2.2,6,6,False,False,10,False,False
APT007341,12.7,31,0,False,True,20,False,False
APT007342,15.0,40,0,True,True,15,False,False
APT007343,11.4,31,1,False,False,10,False,False
APT007344,3.5,10,0,True,True,15,False,False
APT007345,4.3,10,0,False,False,20,False,False
APT007346,10.7,35,0,True,True,15,False,False
APT007347,2.6,8,9,False,False,10,False,False
APT007348,1.5,3,0,False,False,15,False,False
APT007349,3.5,12,0,False,False,20,False,False
APT007350,21.7,68,16,False,False,19,True,False
APT007351,23.4,53,10,False,False,13,False,False
APT007352,17.1,45,0,True,True,15,False,False
APT007353,4.4,10,17,False,False,19,True,True
APT007354,4.8,11,15,False,False,19,False,False
APT007355,21.7,66,7,False,False,10,False,False
APT007356,14.2,40,0,True,True,15,False,False
APT007357,10.9,32,5,False,False,10,False,False
APT007358,14.4,48,0,True,True,15,False,False
APT007359,2.2,7,2,False,False,10,False,False
APT007360,6.0,14,0,False,False,10,False,False
APT007361,24.9,64,0,True,True,10,False,False
APT007362,21.8,64,0,True,True,10,False,False
APT007363,6.8,21,0,True,True,15,False,False
APT007364,20.6,54,9,False,False,12,False,False
APT007365,4.7,12,5,False,False,10,False,False
APT007366,2.0,5,0,False,False,15,False,False
APT007367,4.1,10,0,False,False,15,False,False
APT007368,8.9,31,11,False,False,14,False,False
APT007369,19.8,60,0,True,True,10,False,False
APT007370,20.8,56,0,False,False,15,False,False
APT007371,15.2,48,12,False,False,17,False,False
APT007372,9.3,30,0,True,True,15,False,False
APT007373,17.0,54,0,True,True,20,False,False
APT007374,18.6,62,0,True,True,15,False,False
APT007375,4.6,14,9,False,False,10,False,False
APT007376,19.2,55,0,True,True,15,False,False
APT007377,17.9,62,21,False,False,24,True,True
APT007378,20.7,48,2,False,False,10,False,False
APT007379,1.8,4,9,False,False,11,False,False
APT007380,22.1,64,0,False,True,15,False,False
APT007381,7.6,20,2,False,False,10,False,False
APT007382,17.8,60,0,True,True,20,False,False
APT007383,18.4,59,13,False,False,17,False,False
APT007384,1.8,4,1,False,False,10,False,False
APT007385,16.1,45,0,True,True,15,False,False
APT007386,19.0,66,1,False,False,10,False,False
APT007387,10.8,35,0,True,True,20,False,False
APT007388,21.7,58,1,False,False,10,False,False
APT007389,10.0,30,4,False,False,10,False,False
APT007390,20.5,51,0,True,True,15,False,False
APT007391,2.7,9,8,False,False,10,False,False
APT007392,19.7,68,0,True,True,15,False,False
APT007393,23.2,58,4,False,False,10,False,False
APT007394,6.3,17,9,False,False,12,False,False
APT007395,15.3,39,0,True,True,15,False,False
APT007396,3.5,8,0,False,True,20,False,False
APT007397,4.1,13,0,True,True,15,False,False
APT007398,24.8,86,3,False,False,10,False,False
APT007399,16.4,41,0,True,True,10,False,False
APT007400,2.6,8,12,False,False,16,False,False
APT007401,17.1,43,0,True,True,10,False,False
APT007402,1.8,5,4,False,False,10,False,False
APT007403,18.1,45,0,True,True,15,False,False
APT007404,19.3,60,6,False,False,10,False,False
APT007405,12.1,32,0,False,False,10,False,False
APT007406,12.2,35,0,False,False,15,False,False
APT007407,8.8,21,4,False,False,10,False,False
APT007408,16.1,51,0,True,True,10,False,False
APT007409,24.7,82,9,False,False,10,False,False
APT007410,5.5,18,0,True,True,20,False,False
APT007411,8.6,29,0,False,False,15,False,False
APT007412,14.7,35,0,False,True,15,False,False
APT007413,15.5,53,0,True,True,15,False,False
APT007414,15.5,37,0,True,True,15,False,False
APT007415,18.2,60,0,False,False,15,False,False
APT007416,7.2,24,0,False,False,10,False,False
APT007417,21.4,61,0,True,True,10,False,False
APT007418,11.0,29,14,False,False,16,False,False
APT007419,7.7,18,0,True,True,20,False,False
APT007420,6.3,18,4,False,False,10,False,False
APT007421,8.5,28,11,False,False,13,False,False
APT007422,7.2,21,8,False,False,10,False,False
APT007423,16.8,52,15,False,False,19,False,False
APT007424,23.8,81,0,False,False,15,False,False
APT007425,13.3,37,9,False,False,10,False,False
APT007426,18.4,50,0,True,True,15,False,False
APT007427,1.7,5,1,False,False,10,False,False
APT007428,6.5,23,0,False,False,10,False,False
APT007429,2.5,6,1,False,False,10,False,False
APT007430,1.3,4,0,False,False,15,False,False
APT007431,3.6,11,0,True,True,10,False,False
APT007432,3.7,11,9,False,False,11,False,False
APT007433,16.9,56,22,False,False,26,True,True
APT007434,23.8,55,0,True,True,10,False,False
APT007435,16.3,48,0,True,True,20,False,False
APT007436,1.6,5,1,False,False,10,False,False
APT007437,8.5,26,0,False,False,15,False,False
APT007438,10.0,35,0,True,True,20,False,False
APT007439,19.6,45,0,False,False,15,False,False
APT007440,3.0,7,18,False,False,20,True,True
APT007441,6.4,20,9,False,False,11,False,False
APT007442,5.8,18,17,False,False,22,True,True
APT007443,3.2,10,16,False,False,21,True,False
APT007444,12.1,31,0,True,True,20,False,False
APT007445,3.1,7,0,False,False,15,False,False
APT007446,20.4,52,0,True,True,10,False,False
APT007447,18.6,63,0,True,True,10,False,False
APT007448,5.2,14,0,True,True,10,False,False
APT007449,21.0,71,14,False,False,18,False,False
APT007450,20.9,49,5,False,False,10,False,False
APT007451,22.2,77,5,False,False,10,False,False
APT007452,23.1,73,12,False,False,14,False,False
APT007453,24.6,67,0,True,True,10,False,False
APT007454,10.2,31,0,False,False,15,False,False
APT007455,11.4,39,3,False,False,10,False,False
APT007456,4.3,12,0,True,True,15,False,False
APT007457,1.6,4,11,False,False,13,False,False
APT007458,2.1,6,0,False,True,15,False,False
APT007459,11.6,33,0,False,False,20,False,False
APT007460,10.3,34,0,True,True,10,False,False
APT007461,13.9,48,0,True,True,20,False,False
APT007462,21.7,64,0,False,False,15,False,False
APT007463,8.3,20,0,True,True,15,False,False
APT007464,19.4,45,0,True,True,10,False,False
APT007465,21.5,68,4,False,False,10,False,False
APT007466,23.4,80,0,True,True,15,False,False
APT007467,3.2,10,6,False,False,10,False,False
APT007468,23.9,82,0,False,False,15,False,False
APT007469,11.1,26,0,False,False,20,False,False
APT007470,12.3,43,0,True,True,15,False,False
APT007471,3.1,10,2,False,False,10,False,False
APT007472,4.7,11,5,False,False,10,False,False
APT007473,6.3,19,13,False,False,15,False,False
APT007474,1.6,5,20,False,False,24,True,True
APT007475,17.8,45,0,False,True,10,False,False
APT007476,23.4,75,0,True,True,15,False,False
APT007477,5.9,19,0,False,False,20,False,False
APT007478,5.3,18,2,False,False,10,False,False
APT007479,16.7,38,18,False,False,24,True,True
APT007480,2.2,8,0,False,False,15,False,False
APT007481,19.7,67,18,False,False,22,True,True
APT007482,19.8,52,7,False,False,10,False,False
APT007483,21.1,70,0,False,False,15,False,False
APT007484,7.7,20,15,False,False,18,False,False
APT007485,16.6,45,12,False,False,15,False,False
APT007486,22.6,56,0,True,True,15,False,False
APT007487,8.9,25,0,False,False,20,False,False
APT007488,16.2,43,0,True,True,15,False,False
APT007489,6.6,19,0,True,True,15,False,False
APT007490,19.0,59,0,False,False,20,False,False
APT007491,11.1,30,0,True,True,20,False,False
APT007492,15.4,53,0,True,True,15,False,False
APT007493,21.9,67,25,False,False,32,True,True
APT007494,17.0,40,0,False,True,15,False,False
APT007495,7.5,18,7,False,False,10,False,False
APT007496,1.9,5,0,False,False,15,False,False
APT007497,2.3,7,0,True,True,10,False,False
APT007498,20.2,65,0,False,False,15,False,False
APT007499,10.3,26,0,False,False,20,False,False
APT007500,5.9,14,5,False,False,10,False,False
APT007501,6.4,18,0,True,True,20,False,False
APT007502,16.0,45,11,False,False,15,False,False
APT007503,7.1,22,0,False,False,10,False,False
APT007504,11.1,26,0,False,False,15,False,False
APT007505,8.6,22,5,False,False,10,False,False
APT007506,19.9,61,0,False,False,15,False,False
APT007507,24.4,61,0,False,False,10,False,False
APT007508,3.3,9,0,False,False,20,False,False
APT007509,9.8,33,3,False,False,10,False,False
APT007510,19.4,50,0,False,False,15,False,False
APT007511,10.0,24,6,False,False,10,False,False
APT007512,21.1,60,0,True,True,15,False,False
APT007513,16.1,49,3,False,False,10,False,False
APT007514,20.9,58,13,False,False,15,False,False
APT007515,2.0,5,6,False,False,10,False,False
APT007516,2.3,7,0,True,True,10,False,False
APT007517,1.7,6,15,False,False,19,False,False
APT007518,22.6,77,17,False,False,22,True,False
APT007519,1.3,3,0,False,True,15,False,False
APT007520,13.2,34,0,False,False,10,False,False
APT007521,7.3,21,20,False,False,24,True,True
APT007522,16.5,55,0,False,False,15,False,False
APT007523,19.5,49,12,False,False,14,False,False
APT007524,5.9,17,0,False,False,15,False,False
APT007525,11.8,29,0,True,True,15,False,False
APT007526,4.5,15,0,False,False,10,False,False
APT007527,13.3,38,3,False,False,10,False,False
APT007528,24.9,63,8,False,False,11,False,False
APT007529,18.1,53,2,False,False,10,False,False
APT007530,2.3,7,0,True,True,15,False,False
APT007531,10.0,27,0,False,False,10,False,False
APT007532,3.5,10,12,False,False,15,False,False
APT007533,19.9,44,0,True,True,20,False,False
APT007534,15.3,47,0,False,False,10,False,False
APT007535,17.4,55,0,True,True,20,False,False
APT007536,6.5,18,0,False,False,10,False,False
APT007537,20.3,64,9,False,False,12,False,False
APT007538,2.1,7,4,False,False,10,False,False
APT007539,23.4,56,7,False,False,10,False,False
APT007540,18.1,59,0,True,True,15,False,False
APT007541,19.4,52,0,False,False,15,False,False
APT007542,24.2,68,21,False,False,23,True,True
APT007543,13.5,42,0,True,True,10,False,False
APT007544,1.2,3,15,False,False,20,False,False
APT007545,3.6,10,2,False,False,10,False,False
APT007546,24.8,70,0,False,False,10,False,False
APT007547,6.4,15,0,True,True,10,False,False
APT007548,1.4,3,17,False,False,20,True,True
APT007549,11.8,33,0,False,False,10,False,False
APT007550,12.3,40,9,False,False,10,False,False
APT007551,7.3,17,0,False,False,15,False,False
APT007552,15.1,43,0,True,True,20,False,False
APT007553,17.3,44,4,False,False,10,False,False
APT007554,21.3,74,0,True,True,10,False,False
APT007555,9.5,21,0,True,True,20,False,False
APT007556,1.2,3,3,False,False,10,False,False
APT007557,12.6,33,10,False,False,13,False,False
APT007558,21.5,67,1,False,False,10,False,False
APT007559,7.1,19,9,False,False,12,False,False
APT007560,6.1,16,0,False,False,10,False,False
APT007561,8.3,19,15,False,False,20,False,False
APT007562,4.3,11,0,False,False,15,False,False
APT007563,18.4,51,0,True,True,15,False,False
APT007564,24.6,70,12,False,False,15,False,False
APT007565,16.0,38,13,False,False,15,False,False
APT007566,4.7,11,0,False,False,15,False,False
APT007567,22.2,61,3,False,False,10,False,False
APT007568,12.5,34,0,True,True,15,False,False
APT007569,6.5,21,1,False,False,10,False,False
APT007570,23.0,54,0,False,False,15,False,False
APT007571,22.3,55,9,False,False,12,False,False
APT007572,2.0,7,7,False,False,10,False,False
APT007573,20.4,47,0,True,True,20,False,False
APT007574,21.3,72,0,False,False,15,False,False
APT007575,9.3,32,0,True,True,20,False,False
APT007576,13.3,43,0,True,True,10,False,False
APT007577,4.4,11,1,False,False,10,False,False
APT007578,3.8,11,4,False,False,10,False,False
APT007579,16.0,47,0,True,True,15,False,False
APT007580,14.5,46,0,False,False,10,False,False
APT007581,7.0,18,0,False,True,15,False,False
APT007582,10.4,24,11,False,False,13,False,False
APT007583,9.6,24,9,False,False,10,False,False
APT007584,4.7,16,7,False,False,10,False,False
APT007585,20.5,50,0,True,True,10,False,False
APT007586,3.4,11,11,False,False,12,False,False
APT007587,14.8,35,12,False,False,13,False,False
APT007588,1.9,6,0,True,True,15,False,False
APT007589,21.3,72,0,False,False,15,False,False
APT007590,2.6,7,2,False,False,10,False,False
APT007591,7.0,16,0,False,False,15,False,False
APT007592,7.4,26,0,False,False,10,False,False
APT007593,20.2,68,0,False,False,15,False,False
APT007594,23.4,56,11,False,False,14,False,False
APT007595,13.7,44,1,False,False,10,False,False
APT007596,1.4,4,0,False,True,15,False,False
APT007597,13.8,33,8,False,False,10,False,False
APT007598,22.1,71,11,False,False,14,False,False
APT007599,23.6,82,0,False,False,15,False,False
APT007600,6.4,16,10,False,False,12,False,False
APT007601,2.2,6,7,False,False,10,False,False
APT007602,7.7,26,0,True,True,15,False,False
APT007603,21.7,55,0,False,False,15,False,False
APT007604,21.1,50,5,False,False,10,False,False
APT007605,17.4,47,0,True,True,10,False,False
APT007606,15.4,54,0,False,False,15,False,False
APT007607,9.4,25,0,True,True,15,False,False
APT007608,23.4,64,4,False,False,10,False,False
APT007609,7.0,19,14,False,False,19,False,False
APT007610,21.3,70,0,False,False,20,False,False
APT007611,16.0,47,0,False,False,10,False,False
APT007612,23.1,72,0,True,True,10,False,False
APT007613,21.7,71,18,False,False,23,True,True
APT007614,15.0,33,0,False,False,15,False,False
APT007615,7.5,17,0,False,False,15,False,False
APT007616,11.4,28,0,True,True,20,False,False
APT007617,16.1,46,0,True,True,20,False,False
APT007618,19.5,53,7,False,False,10,False,False
APT007619,8.3,29,13,False,False,17,False,False
APT007620,20.6,57,2,False,False,10,False,False
APT007621,10.3,29,9,False,False,12,False,False
APT007622,25.0,60,0,True,True,15,False,False
APT007623,3.4,9,10,False,False,11,False,False
APT007624,14.4,37,0,True,True,10,False,False
APT007625,23.9,80,0,True,True,15,False,False
APT007626,22.8,55,0,True,True,10,False,False
APT007627,23.1,73,0,False,True,10,False,False
APT007628,21.5,51,0,True,True,20,False,False
APT007629,23.5,56,0,False,False,15,False,False
APT007630,17.3,51,0,True,True,10,False,False
APT007631,2.1,5,0,False,False,10,False,False
APT007632,5.3,17,2,False,False,10,False,False
APT007633,3.1,9,19,False,False,25,True,False
APT007634,4.9,16,16,False,False,21,True,True
APT007635,12.8,44,14,False,False,17,False,False
APT007636,4.6,13,2,False,False,10,False,False
APT007637,6.4,22,0,True,True,15,False,False
APT007638,6.2,17,0,False,False,15,False,False
APT007639,4.4,12,0,False,False,20,False,False
APT007640,6.2,14,0,False,True,15,False,False
APT007641,12.0,36,15,False,False,19,False,False
APT007642,4.3,12,10,False,False,11,False,False
APT007643,17.5,40,5,False,False,10,False,False
APT007644,13.5,47,0,False,False,15,False,False
APT007645,17.4,38,5,False,False,10,False,False
APT007646,21.8,53,0,False,False,15,False,False
APT007647,13.2,31,0,False,False,20,False,False
APT007648,4.5,12,0,False,False,15,False,False
APT007649,3.8,13,8,False,False,11,False,False
APT007650,22.7,53,0,True,True,15,False,False
APT007651,20.5,66,2,False,False,10,False,False
APT007652,3.6,9,1,False,False,10,False,False
APT007653,16.3,46,6,False,False,10,False,False
APT007654,18.9,61,0,True,True,20,False,False
APT007655,20.8,71,0,True,True,15,False,False
APT007656,11.7,34,4,False,False,10,False,False
APT007657,3.0,10,0,False,False,20,False,False
APT007658,8.5,21,1,False,False,10,False,False
APT007659,12.3,32,10,False,False,12,False,False
APT007660,11.4,37,14,False,False,19,False,False
APT007661,17.8,47,0,False,False,10,False,False
APT007662,18.4,55,0,True,True,20,False,False
APT007663,22.4,71,9,False,False,12,False,False
APT007664,16.0,37,0,True,True,20,False,False
APT007665,2.6,8,3,False,False,10,False,False
APT007666,7.0,23,0,True,True,20,False,False
APT007667,16.8,51,0,False,False,15,False,False
APT007668,21.2,49,0,False,False,15,False,False
APT007669,8.4,29,14,False,False,19,False,False
APT007670,13.1,31,0,False,False,15,False,False
APT007671,17.1,50,9,False,False,12,False,False
APT007672,15.5,41,0,False,False,10,False,False
APT007673,24.8,73,0,True,True,15,False,False
APT007674,4.3,14,12,False,False,15,False,False
APT007675,23.9,68,4,False,False,10,False,False
APT007676,21.8,65,0,True,True,15,False,False
APT007677,12.4,33,6,False,False,10,False,False
APT007678,19.8,49,0,False,False,15,False,False
APT007679,16.2,41,0,False,False,15,False,False
APT007680,15.4,36,6,False,False,10,False,False
APT007681,21.0,59,0,True,True,10,False,False
APT007682,5.2,15,17,False,False,22,True,True
APT007683,12.5,42,0,False,True,15,False,False
APT007684,4.3,11,0,False,False,20,False,False
APT007685,24.7,62,0,True,True,15,False,False
APT007686,13.9,44,5,False,False,10,False,False
APT007687,13.9,43,1,False,False,10,False,False
APT007688,16.4,53,0,True,True,10,False,False
APT007689,18.9,44,3,False,False,10,False,False
APT007690,17.3,51,7,False,False,10,False,False
APT007691,5.0,16,2,False,False,10,False,False
APT007692,19.0,53,1,False,False,10,False,False
APT007693,8.4,26,13,False,False,16,False,False
APT007694,3.4,10,0,True,True,15,False,False
APT007695,12.6,37,0,False,False,15,False,False
APT007696,9.5,31,2,False,False,10,False,False
APT007697,9.6,23,0,True,True,15,False,False
APT007698,13.5,36,0,True,True,20,False,False
APT007699,19.1,63,9,False,False,12,False,False
APT007700,24.3,81,0,False,True,10,False,False
APT007701,3.4,11,0,True,True,15,False,False
APT007702,6.2,14,5,False,False,10,False,False
APT007703,5.3,15,6,False,False,10,False,False
APT007704,18.9,66,0,True,True,10,False,False
APT007705,7.2,23,4,False,False,10,False,False
APT007706,9.8,29,0,False,False,15,False,False
APT007707,2.6,9,7,False,False,10,False,False
APT007708,24.6,69,0,True,True,15,False,False
APT007709,9.3,21,0,False,False,15,False,False
APT007710,7.1,18,0,False,False,15,False,False
APT007711,1.0,3,13,False,False,15,False,False
APT007712,16.6,49,0,True,True,15,False,False
APT007713,3.7,8,0,False,False,15,False,False
APT007714,22.2,68,0,True,True,10,False,False
APT007715,12.8,30,6,False,False,10,False,False
APT007716,14.6,43,5,False,False,10,False,False
APT007717,12.3,37,4,False,False,10,False,False
APT007718,13.5,44,0,False,False,10,False,False
APT007719,8.0,24,2,False,False,10,False,False
APT007720,12.8,33,3,False,False,10,False,False
APT007721,6.7,23,6,False,False,10,False,False
APT007722,17.6,62,0,False,True,20,False,False
APT007723,18.2,56,10,False,False,13,False,False
APT007724,16.2,50,2,False,False,10,False,False
APT007725,15.7,38,0,True,True,10,False,False
APT007726,15.4,35,9,False,False,12,False,False
APT007727,1.9,5,4,False,False,10,False,False
APT007728,16.2,44,6,False,False,10,False,False
APT007729,12.0,32,5,False,False,10,False,False
APT007730,9.0,30,0,False,False,15,False,False
APT007731,2.7,9,0,False,False,20,False,False
APT007732,8.9,21,16,False,False,19,True,True
APT007733,13.0,37,9,False,False,11,False,False
APT007734,5.4,15,11,False,False,13,False,False
APT007735,5.5,16,9,False,False,12,False,False
APT007736,15.7,44,8,False,False,11,False,False
APT007737,13.1,41,0,False,False,10,False,False
APT007738,8.7,24,8,False,False,11,False,False
APT007739,12.0,32,0,False,False,20,False,False
APT007740,5.8,17,0,False,False,15,False,False
APT007741,1.4,4,6,False,False,10,False,False
APT007742,19.5,46,7,False,False,10,False,False
APT007743,13.2,45,0,False,False,20,False,False
APT007744,20.2,51,0,False,True,10,False,False
APT007745,8.0,26,11,False,False,12,False,False
APT007746,23.3,71,4,False,False,10,False,False
APT007747,7.2,24,11,False,False,15,False,False
APT007748,23.1,73,0,True,True,10,False,False
APT007749,10.8,31,9,False,False,11,False,False
APT007750,15.1,44,0,False,False,15,False,False
APT007751,21.2,62,8,False,False,11,False,False
APT007752,19.5,48,0,True,True,10,False,False
APT007753,3.1,8,12,False,False,15,False,False
APT007754,22.0,68,0,False,False,10,False,False
APT007755,19.9,53,0,True,True,15,False,False
APT007756,8.9,23,23,False,False,30,True,True
APT007757,14.9,47,0,True,True,20,False,False
APT007758,12.0,38,0,True,True,15,False,False
APT007759,5.7,15,0,False,False,15,False,False
APT007760,17.5,59,6,False,False,10,False,False
APT007761,23.6,66,0,False,False,10,False,False
APT007762,15.1,38,0,False,True,20,False,False
APT007763,20.1,57,17,False,False,23,True,False
APT007764,13.4,39,0,True,True,15,False,False
APT007765,6.0,20,10,False,False,12,False,False
APT007766,19.6,44,16,False,False,21,True,True
APT007767,20.5,56,13,False,False,18,False,False
APT007768,12.5,33,0,True,True,10,False,False
APT007769,15.5,45,11,False,False,13,False,False
APT007770,3.8,11,3,False,False,10,False,False
APT007771,23.1,68,5,False,False,10,False,False
APT007772,19.8,65,0,False,False,15,False,False
APT007773,13.7,47,0,True,True,10,False,False
APT007774,23.6,64,0,True,True,15,False,False
APT007775,3.3,11,0,False,False,15,False,False
APT007776,11.6,32,0,False,False,15,False,False
APT007777,6.8,16,8,False,False,10,False,False
APT007778,21.2,63,19,False,False,24,True,False
APT007779,11.5,29,0,False,True,15,False,False
APT007780,6.5,16,16,False,False,21,True,True
APT007781,10.6,31,10,False,False,12,False,False
APT007782,21.6,73,0,False,True,15,False,False
APT007783,15.9,50,1,False,False,10,False,False
APT007784,24.9,62,0,False,True,15,False,False
APT007785,8.8,20,0,True,True,10,False,False
APT007786,5.5,14,0,False,False,15,False,False
APT007787,23.1,67,12,False,False,15,False,False
APT007788,18.8,56,0,True,True,15,False,False
APT007789,12.1,36,5,False,False,10,False,False
APT007790,5.4,13,0,False,False,10,False,False
APT007791,11.2,25,12,False,False,14,False,False
APT007792,10.8,31,9,False,False,12,False,False
APT007793,21.0,53,8,False,False,10,False,False
APT007794,13.9,48,4,False,False,10,False,False
APT007795,19.7,48,4,False,False,10,False,False
APT007796,15.9,49,3,False,False,10,False,False
APT007797,24.0,68,12,False,False,15,False,False
APT007798,22.1,59,12,False,False,16,False,False
APT007799,13.0,33,0,False,False,15,False,False
APT007800,1.6,5,0,False,False,10,False,False
APT007801,10.2,33,0,False,False,15,False,False
APT007802,8.6,29,4,False,False,10,False,False
APT007803,21.8,59,11,False,False,15,False,False
APT007804,24.6,76,10,False,False,12,False,False
APT007805,23.4,55,12,False,False,17,False,False
APT007806,13.5,36,0,True,True,10,False,False
APT007807,19.5,50,19,False,False,24,True,True
APT007808,21.0,52,0,False,False,15,False,False
APT007809,13.8,34,0,False,False,20,False,False
APT007810,11.4,29,0,True,True,10,False,False
APT007811,9.5,33,2,False,False,10,False,False
APT007812,15.7,44,0,True,True,15,False,False
APT007813,17.8,54,9,False,False,12,False,False
APT007814,4.4,11,10,False,False,11,False,False
APT007815,4.8,14,0,False,False,15,False,False
APT007816,17.0,42,5,False,False,10,False,False
APT007817,23.2,80,0,True,True,20,False,False
APT007818,4.8,15,0,True,True,10,False,False
APT007819,12.2,38,0,False,False,10,False,False
APT007820,3.0,10,11,False,False,13,False,False
APT007821,4.9,17,1,False,False,10,False,False
APT007822,21.1,50,0,False,False,10,False,False
APT007823,9.4,24,11,False,False,13,False,False
APT007824,6.3,19,0,True,True,15,False,False
APT007825,15.2,34,8,False,False,10,False,False
APT007826,17.0,54,0,True,True,15,False,False
APT007827,20.2,70,0,True,True,15,False,False
APT007828,23.0,80,0,False,False,15,False,False
APT007829,16.2,39,0,True,True,15,False,False
APT007830,17.4,54,2,False,False,10,False,False
APT007831,3.9,11,8,False,False,11,False,False
APT007832,12.3,39,11,False,False,14,False,False
APT007833,13.0,39,0,True,True,15,False,False
APT007834,12.5,38,0,True,True,20,False,False
APT007835,22.2,55,7,False,False,10,False,False
APT007836,6.2,21,6,False,False,10,False,False
APT007837,1.0,3,0,True,True,20,False,False
APT007838,24.1,54,0,True,True,20,False,False
APT007839,1.4,4,16,False,False,21,True,True
APT007840,20.5,48,8,False,False,10,False,False
APT007841,7.7,21,0,False,False,15,False,False
APT007842,12.9,42,0,False,False,15,False,False
APT007843,5.2,18,0,False,False,15,False,False
APT007844,3.2,9,23,False,False,30,True,True
APT007845,9.6,33,0,False,True,15,False,False
APT007846,14.6,35,0,True,True,15,False,False
APT007847,14.0,41,0,False,False,10,False,False
APT007848,8.9,20,13,False,False,17,False,False
APT007849,9.1,29,0,False,False,20,False,False
APT007850,24.8,73,0,True,True,15,False,False
APT007851,16.0,36,0,False,False,15,False,False
APT007852,20.4,57,1,False,False,10,False,False
APT007853,5.1,12,3,False,False,10,False,False
APT007854,15.2,45,15,False,False,20,False,False
APT007855,11.2,29,3,False,False,10,False,False
APT007856,23.1,75,9,False,False,12,False,False
APT007857,17.4,49,0,False,False,15,False,False
APT007858,7.0,19,6,False,False,10,False,False
APT007859,19.8,45,0,True,True,15,False,False
APT007860,22.8,71,7,False,False,10,False,False
APT007861,11.6,40,14,False,False,17,False,False
APT007862,24.5,66,4,False,False,10,False,False
APT007863,2.5,9,0,True,True,10,False,False
APT007864,8.9,23,0,False,False,10,False,False
APT007865,7.0,21,0,False,False,15,False,False
APT007866,24.9,67,0,False,False,20,False,False
APT007867,2.1,6,8,False,False,10,False,False
APT007868,20.0,65,0,True,True,10,False,False
APT007869,4.0,11,8,False,False,10,False,False
APT007870,3.8,12,11,False,False,12,False,False
APT007871,3.6,12,9,False,False,11,False,False
APT007872,14.6,50,11,False,False,14,False,False
APT007873,12.3,37,13,False,False,17,False,False
APT007874,7.9,20,8,False,False,11,False,False
APT007875,7.1,18,8,False,False,10,False,False
APT007876,7.1,23,9,False,False,10,False,False
APT007877,3.8,9,0,False,False,10,False,False
APT007878,12.6,43,7,False,False,10,False,False
APT007879,14.9,42,0,True,True,20,False,False
APT007880,15.5,43,0,False,True,15,False,False
APT007881,16.7,53,1,False,False,10,False,False
APT007882,11.5,26,9,False,False,10,False,False
APT007883,4.1,11,0,False,True,20,False,False
APT007884,7.9,18,0,True,True,20,False,False
APT007885,16.1,42,0,True,True,15,False,False
APT007886,18.8,57,2,False,False,10,False,False
APT007887,9.1,31,9,False,False,12,False,False
APT007888,23.3,76,2,False,False,10,False,False
APT007889,10.5,32,0,False,False,20,False,False
APT007890,3.3,8,1,False,False,10,False,False
APT007891,5.6,18,0,True,True,15,False,False
APT007892,12.7,42,0,False,False,15,False,False
APT007893,12.3,30,0,False,False,15,False,False
APT007894,1.4,5,20,False,False,25,True,True
APT007895,12.9,38,0,True,True,15,False,False
APT007896,6.9,21,0,False,True,15,False,False
APT007897,12.3,39,0,False,False,15,False,False
APT007898,9.4,22,17,False,False,22,True,True
APT007899,11.9,35,0,True,True,15,False,False
APT007900,7.3,20,0,True,True,15,False,False
APT007901,4.5,14,3,False,False,10,False,False
APT007902,22.9,56,0,True,True,15,False,False
APT007903,15.4,35,4,False,False,10,False,False
APT007904,8.9,27,20,False,False,27,True,True
APT007905,10.0,31,0,True,True,15,False,False
APT007906,2.0,5,2,False,False,10,False,False
APT007907,17.6,60,6,False,False,10,False,False
APT007908,23.0,78,0,True,True,20,False,False
APT007909,8.1,28,6,False,False,10,False,False
APT007910,1.5,5,0,False,False,10,False,False
APT007911,2.4,5,0,False,False,20,False,False
APT007912,10.2,26,1,False,False,10,False,False
APT007913,10.5,36,15,False,False,17,False,False
APT007914,7.0,20,1,False,False,10,False,False
APT007915,3.3,8,0,False,False,15,False,False
APT007916,6.1,14,0,True,True,20,False,False
APT007917,2.5,6,0,False,True,10,False,False
APT007918,16.0,40,24,False,False,30,True,True
APT007919,4.9,15,4,False,False,10,False,False
APT007920,7.2,17,7,False,False,10,False,False
APT007921,12.2,34,0,False,True,15,False,False
APT007922,15.1,34,0,True,True,15,False,False
APT007923,18.8,64,0,False,False,15,False,False
APT007924,4.2,15,0,True,True,15,False,False
APT007925,5.8,16,7,False,False,10,False,False
APT007926,18.8,62,0,False,False,15,False,False
APT007927,17.6,49,0,True,True,15,False,False
APT007928,12.5,42,18,False,False,23,True,True
APT007929,17.0,47,0,True,True,15,False,False
APT007930,9.1,26,0,False,False,15,False,False
APT007931,18.0,54,14,False,False,19,False,False
APT007932,3.2,7,0,False,False,15,False,False
APT007933,17.1,43,15,False,False,19,False,False
APT007934,10.4,25,5,False,False,10,False,False
APT007935,20.7,68,0,True,True,10,False,False
APT007936,17.4,59,11,False,False,15,False,False
APT007937,1.9,6,4,False,False,10,False,False
APT007938,21.5,47,11,False,False,15,False,False
APT007939,22.7,62,0,True,True,15,False,False
APT007940,3.2,10,0,False,False,20,False,False
APT007941,22.3,54,20,False,False,27,True,True
APT007942,21.9,64,0,False,False,15,False,False
APT007943,7.2,24,0,False,False,20,False,False
APT007944,11.6,27,0,False,False,15,False,False
APT007945,11.3,25,0,True,True,10,False,False
APT007946,17.5,44,0,True,True,15,False,False
APT007947,22.8,51,6,False,False,10,False,False
APT007948,7.4,26,7,False,False,10,False,False
APT007949,1.4,4,9,False,False,11,False,False
APT007950,16.6,49,0,True,True,15,False,False
APT007951,6.5,17,0,False,False,20,False,False
APT007952,1.9,5,6,False,False,10,False,False
APT007953,15.6,52,9,False,False,10,False,False
APT007954,21.5,51,0,False,False,20,False,False
APT007955,1.6,5,0,False,True,20,False,False
APT007956,23.0,68,0,True,True,15,False,False
APT007957,16.3,39,12,False,False,15,False,False
APT007958,17.6,54,0,True,True,10,False,False
APT007959,12.4,35,0,False,False,15,False,False
APT007960,11.4,33,12,False,False,13,False,False
APT007961,2.8,9,23,False,False,29,True,True
APT007962,3.2,10,0,True,True,15,False,False
APT007963,14.4,49,24,False,False,32,True,True
APT007964,7.9,19,2,False,False,10,False,False
APT007965,6.7,20,5,False,False,10,False,False
APT007966,16.7,57,0,True,True,10,False,False
APT007967,10.1,28,0,False,True,15,False,False
APT007968,6.5,17,0,True,True,15,False,False
APT007969,2.3,6,10,False,False,13,False,False
APT007970,21.0,70,0,False,False,20,False,False
APT007971,17.3,49,10,False,False,13,False,False
APT007972,13.3,33,0,False,False,15,False,False
APT007973,20.7,57,9,False,False,11,False,False
APT007974,22.8,66,13,False,False,17,False,False
APT007975,22.8,69,0,True,True,15,False,False
APT007976,2.1,5,0,False,False,10,False,False
APT007977,1.1,3,5,False,False,10,False,False
APT007978,6.5,14,0,False,False,15,False,False
APT007979,16.9,50,0,True,True,20,False,False
APT007980,10.4,36,4,False,False,10,False,False
APT007981,4.5,15,10,False,False,11,False,False
APT007982,17.3,47,0,True,True,20,False,False
APT007983,21.3,74,4,False,False,10,False,False
APT007984,1.4,3,0,False,False,20,False,False
APT007985,5.7,16,0,True,True,10,False,False
APT007986,16.7,46,0,True,True,10,False,False
APT007987,1.8,6,0,True,True,10,False,False
APT007988,16.6,40,0,False,True,20,False,False
APT007989,2.9,7,1,False,False,10,False,False
APT007990,11.5,36,4,False,False,10,False,False
APT007991,3.4,10,0,False,False,15,False,False
APT007992,7.2,19,0,False,False,15,False,False
APT007993,9.2,30,0,True,True,10,False,False
APT007994,12.2,28,0,False,False,10,False,False
APT007995,16.3,51,2,False,False,10,False,False
APT007996,11.9,35,2,False,False,10,False,False
APT007997,9.7,27,10,False,False,11,False,False
APT007998,14.0,41,16,False,False,21,True,True
APT007999,21.7,58,0,True,True,10,False,False
APT008000,24.8,77,0,True,True,15,False,False
APT008001,7.0,15,4,False,False,10,False,False
APT008002,20.0,59,4,False,False,10,False,False
APT008003,13.4,46,7,False,False,10,False,False
APT008004,17.2,49,0,True,True,15,False,False
APT008005,4.0,12,0,False,False,20,False,False
APT008006,2.5,6,0,True,True,20,False,False
APT008007,23.8,80,0,True,True,15,False,False
APT008008,17.9,46,0,False,False,10,False,False
APT008009,6.3,16,6,False,False,10,False,False
APT008010,10.6,33,0,True,True,15,False,False
APT008011,19.2,60,0,True,True,15,False,False
APT008012,7.6,25,0,True,True,15,False,False
APT008013,5.4,14,11,False,False,12,False,False
APT008014,3.0,8,19,False,False,24,True,True
APT008015,23.0,69,0,False,False,15,False,False
APT008016,18.1,55,0,False,False,20,False,False
APT008017,8.0,25,16,False,False,18,True,True
APT008018,11.5,39,0,False,False,20,False,False
APT008019,13.8,38,6,False,False,10,False,False
APT008020,13.6,30,0,False,False,20,False,False
APT008021,16.4,57,11,False,False,15,False,False
APT008022,13.4,43,15,False,False,18,False,False
APT008023,8.5,23,14,False,False,16,False,False
APT008024,12.9,29,8,False,False,10,False,False
APT008025,16.0,44,0,False,False,10,False,False
APT008026,5.9,19,0,True,True,10,False,False
APT008027,5.9,14,14,False,False,19,False,False
APT008028,24.2,70,0,True,True,20,False,False
APT008029,12.8,41,0,False,False,20,False,False
APT008030,2.2,6,0,False,False,20,False,False
APT008031,23.9,75,0,False,False,10,False,False
APT008032,22.2,70,0,True,True,15,False,False
APT008033,22.2,53,0,False,False,10,False,False
APT008034,2.8,9,14,False,False,19,False,False
APT008035,23.5,76,3,False,False,10,False,False
APT008036,9.9,32,10,False,False,12,False,False
APT008037,12.5,42,0,True,True,15,False,False
APT008038,21.7,71,0,False,False,10,False,False
APT008039,16.6,47,0,True,True,15,False,False
APT008040,6.0,14,12,False,False,14,False,False
APT008041,8.1,28,11,False,False,14,False,False
APT008042,20.2,50,13,False,False,15,False,False
APT008043,5.2,17,16,False,False,18,True,False
APT008044,4.5,13,0,True,True,15,False,False
APT008045,15.0,34,0,True,True,15,False,False
APT008046,9.6,30,4,False,False,10,False,False
APT008047,19.4,65,0,False,False,20,False,False
APT008048,18.3,51,0,False,False,10,False,False
APT008049,5.0,16,4,False,False,10,False,False
APT008050,24.8,72,0,True,True,10,False,False
APT008051,19.0,50,12,False,False,15,False,False
APT008052,21.9,70,7,False,False,10,False,False
APT008053,11.8,30,0,False,False,15,False,False
APT008054,21.9,67,0,True,True,10,False,False
APT008055,14.1,35,21,False,False,24,True,True
APT008056,12.4,28,0,True,True,20,False,False
APT008057,16.8,46,10,False,False,11,False,False
APT008058,16.1,43,0,True,True,20,False,False
APT008059,10.9,30,11,False,False,13,False,False
APT008060,5.4,17,0,True,True,15,False,False
APT008061,11.2,33,0,True,True,15,False,False
APT008062,10.1,27,0,False,False,20,False,False
APT008063,5.4,15,0,True,True,20,False,False
APT008064,11.4,31,22,False,False,28,True,False
APT008065,5.7,14,1,False,False,10,False,False
APT008066,23.0,69,5,False,False,10,False,False
APT008067,6.8,21,19,False,False,23,True,False
APT008068,16.2,42,0,False,False,15,False,False
APT008069,10.0,27,0,True,True,15,False,False
APT008070,16.1,38,0,True,True,15,False,False
APT008071,18.1,44,5,False,False,10,False,False
APT008072,8.2,20,12,False,False,16,False,False
APT008073,16.2,51,0,True,True,15,False,False
APT008074,5.4,14,0,False,False,15,False,False
APT008075,1.5,4,6,False,False,10,False,False
APT008076,11.5,40,15,False,False,20,False,False
APT008077,14.4,32,5,False,False,10,False,False
APT008078,14.3,37,0,False,False,10,False,False
APT008079,23.0,63,19,False,False,26,True,True
APT008080,21.0,59,0,False,False,15,False,False
APT008081,9.6,24,0,True,True,15,False,False
APT008082,15.8,50,6,False,False,10,False,False
APT008083,15.4,41,8,False,False,10,False,False
APT008084,2.5,7,0,False,False,15,False,False
APT008085,10.3,23,0,True,True,15,False,False
APT008086,19.7,47,13,False,False,18,False,False
APT008087,20.5,65,7,False,False,10,False,False
APT008088,23.1,80,16,False,False,20,True,False
APT008089,12.8,35,9,False,False,12,False,False
APT008090,20.1,67,0,False,False,20,False,False
APT008091,1.9,5,0,False,False,15,False,False
APT008092,1.2,4,10,False,False,14,False,False
APT008093,13.7,44,0,True,True,10,False,False
APT008094,20.6,47,15,False,False,17,False,False
APT008095,15.8,40,0,False,False,15,False,False
APT008096,23.0,69,0,False,True,10,False,False
APT008097,6.9,22,0,False,False,20,False,False
APT008098,20.2,66,0,True,True,15,False,False
APT008099,11.9,32,5,False,False,10,False,False
APT008100,5.4,19,14,False,False,16,False,False
APT008101,4.4,10,17,False,False,21,True,False
APT008102,16.2,46,16,False,False,18,True,True
APT008103,4.3,10,1,False,False,10,False,False
APT008104,16.7,43,8,False,False,10,False,False
APT008105,14.4,43,7,False,False,10,False,False
APT008106,8.1,23,13,False,False,17,False,False
APT008107,24.6,61,12,False,False,14,False,False
APT008108,16.1,53,0,False,False,20,False,False
APT008109,3.7,9,2,False,False,10,False,False
APT008110,6.4,17,16,False,False,19,True,False
APT008111,9.7,28,8,False,False,10,False,False
APT008112,19.9,49,2,False,False,10,False,False
APT008113,1.8,5,6,False,False,10,False,False
APT008114,14.8,50,11,False,False,14,False,False
APT008115,18.2,60,0,False,False,15,False,False
APT008116,19.8,62,0,False,False,20,False,False
APT008117,23.0,75,0,True,True,10,False,False
APT008118,13.2,31,0,True,True,15,False,False
APT008119,14.6,39,0,False,False,15,False,False
APT008120,24.3,81,5,False,False,10,False,False
APT008121,1.2,3,0,False,False,20,False,False
APT008122,4.0,11,7,False,False,10,False,False
APT008123,2.5,6,13,False,False,14,False,False
APT008124,23.1,63,5,False,False,10,False,False
APT008125,4.3,15,13,False,False,17,False,False
APT008126,3.7,11,6,False,False,10,False,False
APT008127,6.3,21,6,False,False,10,False,False
APT008128,5.3,14,0,False,False,10,False,False
APT008129,10.1,29,3,False,False,10,False,False
APT008130,15.6,52,0,False,False,10,False,False
APT008131,23.1,71,0,False,False,20,False,False
APT008132,4.4,11,0,False,False,20,False,False
APT008133,15.2,41,0,False,False,15,False,False
APT008134,8.0,22,0,False,False,20,False,False
APT008135,17.9,48,6,False,False,10,False,False
APT008136,14.3,36,0,False,False,15,False,False
APT008137,21.7,76,0,False,False,10,False,False
APT008138,9.5,29,0,False,True,15,False,False
APT008139,3.9,12,0,False,False,10,False,False
APT008140,24.8,67,6,False,False,10,False,False
APT008141,10.9,34,6,False,False,10,False,False
APT008142,6.7,17,9,False,False,12,False,False
APT008143,9.0,28,18,False,False,21,True,True
APT008144,7.5,26,0,False,False,15,False,False
APT008145,18.8,50,0,True,True,15,False,False
APT008146,9.7,21,0,False,False,15,False,False
APT008147,3.6,9,16,False,False,18,True,True
APT008148,21.6,50,2,False,False,10,False,False
APT008149,12.3,30,12,False,False,15,False,False
APT008150,2.8,9,14,False,False,19,False,False
APT008151,2.6,8,13,False,False,16,False,False
APT008152,24.9,84,13,False,False,16,False,False
APT008153,6.4,21,15,False,False,17,False,False
APT008154,19.0,64,0,False,False,15,False,False
APT008155,24.6,56,0,False,True,20,False,False
APT008156,15.1,35,0,False,True,15,False,False
APT008157,9.6,26,9,False,False,12,False,False
APT008158,20.4,69,8,False,False,10,False,False
APT008159,23.6,71,7,False,False,10,False,False
APT008160,20.1,50,9,False,False,10,False,False
APT008161,20.9,47,0,True,True,15,False,False
APT008162,18.6,53,11,False,False,13,False,False
APT008163,4.4,14,0,True,True,20,False,False
APT008164,6.7,18,7,False,False,10,False,False
APT008165,13.8,33,0,True,True,10,False,False
APT008166,13.7,48,0,False,False,15,False,False
APT008167,9.9,31,0,False,False,15,False,False
APT008168,8.5,22,8,False,False,10,False,False
APT008169,6.1,17,0,False,False,15,False,False
APT008170,5.3,17,17,False,False,23,True,False
APT008171,16.8,44,2,False,False,10,False,False
APT008172,12.7,40,18,False,False,20,True,False
APT008173,8.1,19,0,False,False,15,False,False
APT008174,19.1,60,0,True,True,10,False,False
APT008175,14.2,49,0,True,True,15,False,False
APT008176,15.1,47,5,False,False,10,False,False
APT008177,9.4,29,14,False,False,18,False,False
APT008178,14.5,40,0,True,True,15,False,False
APT008179,5.4,15,0,True,True,15,False,False
APT008180,2.0,6,7,False,False,10,False,False
APT008181,12.8,37,0,False,False,15,False,False
APT008182,21.3,52,0,False,False,15,False,False
APT008183,18.6,41,5,False,False,10,False,False
APT008184,7.1,19,0,False,False,10,False,False
APT008185,12.0,31,0,True,True,10,False,False
APT008186,24.2,58,18,False,False,21,True,True
APT008187,9.1,26,7,False,False,10,False,False
APT008188,8.7,21,5,False,False,10,False,False
APT008189,21.3,53,0,False,False,10,False,False
APT008190,24.4,84,0,True,True,20,False,False
APT008191,13.9,38,0,True,True,10,False,False
APT008192,12.3,43,2,False,False,10,False,False
APT008193,22.0,51,0,False,False,15,False,False
APT008194,8.4,26,0,False,True,15,False,False
APT008195,18.8,53,3,False,False,10,False,False
APT008196,4.1,11,10,False,False,12,False,False
APT008197,21.3,49,7,False,False,10,False,False
APT008198,17.2,54,0,True,True,15,False,False
APT008199,7.1,23,3,False,False,10,False,False
APT008200,4.4,14,0,True,True,15,False,False
APT008201,9.3,31,0,False,True,10,False,False
APT008202,22.7,67,12,False,False,17,False,False
APT008203,18.1,60,0,False,True,20,False,False
APT008204,19.4,46,9,False,False,11,False,False
APT008205,23.2,67,5,False,False,10,False,False
APT008206,17.5,54,6,False,False,10,False,False
APT008207,8.1,27,0,True,True,10,False,False
APT008208,13.8,45,10,False,False,13,False,False
APT008209,7.3,22,7,False,False,10,False,False
APT008210,16.9,39,6,False,False,10,False,False
APT008211,7.6,20,5,False,False,10,False,False
APT008212,4.9,12,21,False,False,26,True,True
APT008213,1.6,5,0,True,True,20,False,False
APT008214,18.2,49,0,False,False,20,False,False
APT008215,4.9,17,0,False,False,15,False,False
APT008216,17.4,56,0,True,True,15,False,False
APT008217,14.1,32,0,True,True,15,False,False
APT008218,24.4,54,6,False,False,10,False,False
APT008219,18.5,49,12,False,False,14,False,False
APT008220,10.3,32,3,False,False,10,False,False
APT008221,3.5,9,0,False,False,10,False,False
APT008222,22.5,57,0,False,True,15,False,False
APT008223,13.9,31,0,True,True,10,False,False
APT008224,13.5,34,0,True,True,20,False,False
APT008225,23.3,55,0,True,True,15,False,False
APT008226,20.9,66,0,True,True,15,False,False
APT008227,21.9,65,0,True,True,15,False,False
APT008228,8.8,21,0,False,False,10,False,False
APT008229,5.1,15,0,True,True,15,False,False
APT008230,10.2,33,19,False,False,26,True,True
APT008231,13.1,45,0,True,True,15,False,False
APT008232,13.4,37,0,True,True,20,False,False
APT008233,6.6,18,13,False,False,16,False,False
APT008234,2.6,6,14,False,False,18,False,False
APT008235,12.5,40,0,True,True,20,False,False
APT008236,18.5,58,0,False,False,10,False,False
APT008237,19.4,62,12,False,False,13,False,False
APT008238,7.5,21,0,False,True,10,False,False
APT008239,22.8,59,0,True,True,15,False,False
APT008240,14.2,37,0,True,True,15,False,False
APT008241,17.5,48,0,False,False,15,False,False
APT008242,4.2,10,3,False,False,10,False,False
APT008243,11.2,27,0,False,False,15,False,False
APT008244,10.4,33,5,False,False,10,False,False
APT008245,11.5,34,0,True,True,15,False,False
APT008246,21.9,59,0,True,True,15,False,False
APT008247,9.3,32,4,False,False,10,False,False
APT008248,11.2,33,4,False,False,10,False,False
APT008249,16.7,58,0,False,False,20,False,False
APT008250,6.6,17,10,False,False,13,False,False
APT008251,2.1,5,2,False,False,10,False,False
APT008252,22.2,65,0,True,True,15,False,False
APT008253,4.7,16,9,False,False,12,False,False
APT008254,14.3,43,0,True,True,15,False,False
APT008255,13.5,33,2,False,False,10,False,False
APT008256,7.4,21,10,False,False,12,False,False
APT008257,20.8,65,0,True,True,15,False,False
APT008258,1.2,4,0,True,True,15,False,False
APT008259,6.0,14,0,True,True,20,False,False
APT008260,13.7,33,0,True,True,15,False,False
APT008261,4.0,9,3,False,False,10,False,False
APT008262,9.6,27,0,False,True,15,False,False
APT008263,9.6,23,0,False,False,10,False,False
APT008264,13.3,39,0,True,True,15,False,False
APT008265,2.8,8,0,False,False,20,False,False
APT008266,11.4,29,0,True,True,15,False,False
APT008267,5.8,19,20,False,False,24,True,True
APT008268,6.1,16,8,False,False,11,False,False
APT008269,1.8,5,0,False,False,15,False,False
APT008270,16.2,49,5,False,False,10,False,False
APT008271,18.3,61,8,False,False,10,False,False
APT008272,7.8,17,3,False,False,10,False,False
APT008273,14.0,35,0,True,True,20,False,False
APT008274,16.5,57,3,False,False,10,False,False
APT008275,3.4,11,0,True,True,15,False,False
APT008276,13.6,41,11,False,False,13,False,False
APT008277,8.4,20,0,True,True,15,False,False
APT008278,18.9,43,24,False,False,29,True,True
APT008279,15.9,43,23,False,False,31,True,True
APT008280,13.1,33,18,False,False,23,True,True
APT008281,8.1,24,13,False,False,16,False,False
APT008282,3.5,9,12,False,False,14,False,False
APT008283,11.9,34,0,True,True,10,False,False
APT008284,11.2,34,0,True,True,20,False,False
APT008285,15.2,44,2,False,False,10,False,False
APT008286,12.5,40,0,True,True,10,False,False
APT008287,16.4,47,0,False,False,20,False,False
APT008288,1.4,4,1,False,False,10,False,False
APT008289,10.1,32,7,False,False,10,False,False
APT008290,11.1,33,11,False,False,15,False,False
APT008291,17.8,58,0,True,True,15,False,False
APT008292,15.2,41,9,False,False,10,False,False
APT008293,5.1,17,0,True,True,15,False,False
APT008294,5.4,15,10,False,False,13,False,False
APT008295,2.5,7,5,False,False,10,False,False
APT008296,24.3,77,9,False,False,11,False,False
APT008297,12.6,37,6,False,False,10,False,False
APT008298,23.8,53,0,False,False,10,False,False
APT008299,17.3,43,7,False,False,10,False,False
APT008300,18.8,45,12,False,False,15,False,False
APT008301,15.6,38,1,False,False,10,False,False
APT008302,24.9,58,0,False,False,10,False,False
APT008303,24.0,80,0,False,False,10,False,False
APT008304,8.3,23,12,False,False,16,False,False
APT008305,7.8,24,13,False,False,17,False,False
APT008306,23.1,78,11,False,False,13,False,False
APT008307,1.8,4,14,False,False,16,False,False
APT008308,9.3,29,0,False,True,15,False,False
APT008309,18.3,43,9,False,False,11,False,False
APT008310,20.1,64,9,False,False,11,False,False
APT008311,4.6,15,1,False,False,10,False,False
APT008312,17.4,43,15,False,False,20,False,False
APT008313,18.8,51,0,True,True,15,False,False
APT008314,12.4,32,0,True,True,20,False,False
APT008315,22.4,56,0,False,False,15,False,False
APT008316,20.8,51,0,True,True,10,False,False
APT008317,4.5,11,0,False,False,15,False,False
APT008318,24.9,55,12,False,False,14,False,False
APT008319,6.6,22,0,True,True,10,False,False
APT008320,18.7,48,0,True,True,15,False,False
APT008321,18.6,49,0,True,True,15,False,False
APT008322,13.2,39,0,False,False,15,False,False
APT008323,8.3,20,0,False,False,10,False,False
APT008324,6.6,18,0,False,False,15,False,False
APT008325,6.2,19,11,False,False,15,False,False
APT008326,6.8,19,0,False,False,15,False,False
APT008327,6.3,17,6,False,False,10,False,False
APT008328,14.6,32,0,False,False,15,False,False
APT008329,3.5,12,0,False,False,20,False,False
APT008330,20.6,53,0,True,True,20,False,False
APT008331,14.0,44,2,False,False,10,False,False
APT008332,12.5,43,0,True,True,10,False,False
APT008333,20.7,61,11,False,False,13,False,False
APT008334,5.5,16,12,False,False,15,False,False
APT008335,20.3,61,15,False,False,20,False,False
APT008336,24.1,56,6,False,False,10,False,False
APT008337,18.0,44,0,True,True,15,False,False
APT008338,20.6,50,0,True,True,15,False,False
APT008339,11.3,30,0,False,False,10,False,False
APT008340,21.4,70,0,True,True,15,False,False
APT008341,7.2,17,11,False,False,15,False,False
APT008342,4.6,15,0,False,False,10,False,False
APT008343,20.6,56,0,True,True,10,False,False
APT008344,7.4,19,10,False,False,13,False,False
APT008345,2.4,7,2,False,False,10,False,False
APT008346,7.8,21,12,False,False,15,False,False
APT008347,7.6,21,0,False,False,10,False,False
APT008348,24.5,63,9,False,False,12,False,False
APT008349,14.5,39,8,False,False,10,False,False
APT008350,4.7,13,0,False,True,10,False,False
APT008351,10.2,25,9,False,False,12,False,False
APT008352,5.3,12,0,False,False,15,False,False
APT008353,11.2,36,3,False,False,10,False,False
APT008354,7.7,19,9,False,False,10,False,False
APT008355,21.3,74,0,False,True,15,False,False
APT008356,16.9,58,5,False,False,10,False,False
APT008357,17.1,45,5,False,False,10,False,False
APT008358,22.8,72,0,False,False,15,False,False
APT008359,1.8,5,0,False,False,20,False,False
APT008360,1.8,4,11,False,False,13,False,False
APT008361,8.1,25,0,True,True,15,False,False
APT008362,22.6,53,0,False,False,15,False,False
APT008363,16.2,43,14,False,False,18,False,False
APT008364,5.4,15,0,False,True,20,False,False
APT008365,21.6,53,0,False,False,20,False,False
APT008366,16.1,51,0,True,True,10,False,False
APT008367,21.9,63,17,False,False,24,True,False
APT008368,19.7,66,0,True,True,20,False,False
APT008369,11.6,39,0,False,False,20,False,False
APT008370,18.7,64,0,True,True,20,False,False
APT008371,21.3,48,11,False,False,13,False,False
APT008372,5.8,13,15,False,False,20,False,False
APT008373,13.5,32,0,True,True,15,False,False
APT008374,5.7,14,2,False,False,10,False,False
APT008375,24.8,86,0,False,False,15,False,False
APT008376,15.9,50,3,False,False,10,False,False
APT008377,11.6,32,0,False,False,15,False,False
APT008378,7.2,19,0,True,True,15,False,False
APT008379,23.8,73,0,True,True,20,False,False
APT008380,9.3,30,0,True,True,15,False,False
APT008381,22.4,67,11,False,False,15,False,False
APT008382,10.6,25,27,False,False,32,True,True
APT008383,1.1,4,5,False,False,10,False,False
APT008384,18.9,56,0,False,True,15,False,False
APT008385,22.1,55,0,False,False,15,False,False
APT008386,1.2,3,2,False,False,10,False,False
APT008387,11.9,39,0,False,False,10,False,False
APT008388,3.2,9,0,True,True,10,False,False
APT008389,4.2,11,0,False,False,20,False,False
APT008390,2.6,6,0,True,True,15,False,False
APT008391,18.4,59,0,False,False,10,False,False
APT008392,21.4,65,13,False,False,15,False,False
APT008393,7.7,23,0,False,False,10,False,False
APT008394,24.5,59,21,False,False,29,True,True
APT008395,16.6,40,0,False,False,15,False,False
APT008396,1.4,4,0,False,False,15,False,False
APT008397,3.0,10,14,False,False,18,False,False
APT008398,15.4,38,0,True,True,15,False,False
APT008399,7.7,22,12,False,False,13,False,False
APT008400,19.3,61,0,False,False,15,False,False
APT008401,7.2,21,0,True,True,15,False,False
APT008402,6.7,15,1,False,False,10,False,False
APT008403,15.8,53,0,False,False,10,False,False
APT008404,16.0,35,0,True,True,15,False,False
APT008405,16.8,40,0,False,True,15,False,False
APT008406,11.6,35,8,False,False,10,False,False
APT008407,18.5,47,0,True,True,10,False,False
APT008408,19.6,44,3,False,False,10,False,False
APT008409,3.9,13,12,False,False,15,False,False
APT008410,5.6,13,4,False,False,10,False,False
APT008411,15.9,43,0,False,True,20,False,False
APT008412,10.9,31,0,False,True,15,False,False
APT008413,10.3,31,0,False,False,10,False,False
APT008414,18.1,52,30,False,False,36,True,True
APT008415,16.5,42,0,False,False,20,False,False
APT008416,24.5,82,0,False,False,20,False,False
APT008417,3.5,11,4,False,False,10,False,False
APT008418,9.6,25,7,False,False,10,False,False
APT008419,21.7,70,0,True,True,20,False,False
APT008420,24.4,81,0,True,True,15,False,False
APT008421,3.1,7,5,False,False,10,False,False
APT008422,6.2,17,0,True,True,15,False,False
APT008423,7.2,18,19,False,False,23,True,False
APT008424,3.6,11,0,True,True,20,False,False
APT008425,9.7,32,0,False,False,15,False,False
APT008426,21.0,60,0,False,False,20,False,False
APT008427,8.2,28,13,False,False,15,False,False
APT008428,2.4,7,0,True,True,10,False,False
APT008429,16.1,49,0,True,True,15,False,False
APT008430,4.5,13,0,True,True,15,False,False
APT008431,3.0,9,0,True,True,15,False,False
APT008432,21.4,54,0,True,True,15,False,False
APT008433,14.4,48,0,False,False,15,False,False
APT008434,18.5,56,0,True,True,15,False,False
APT008435,11.2,28,12,False,False,17,False,False
APT008436,22.8,50,15,False,False,17,False,False
APT008437,15.3,44,0,False,False,15,False,False
APT008438,23.2,60,0,False,True,15,False,False
APT008439,5.2,15,0,True,True,10,False,False
APT008440,16.0,52,0,True,True,15,False,False
APT008441,10.2,33,12,False,False,14,False,False
APT008442,17.1,50,1,False,False,10,False,False
APT008443,22.4,75,13,False,False,15,False,False
APT008444,9.0,22,0,True,True,15,False,False
APT008445,22.1,57,0,False,True,10,False,False
APT008446,12.1,42,7,False,False,10,False,False
APT008447,17.5,53,0,True,True,10,False,False
APT008448,16.5,45,6,False,False,10,False,False
APT008449,16.9,46,0,False,False,10,False,False
APT008450,24.0,65,13,False,False,18,False,False
APT008451,1.2,4,0,True,True,15,False,False
APT008452,8.6,28,4,False,False,10,False,False
APT008453,1.2,4,11,False,False,14,False,False
APT008454,24.2,64,12,False,False,14,False,False
APT008455,15.0,43,0,False,False,20,False,False
APT008456,24.5,57,0,False,True,15,False,False
APT008457,22.9,74,5,False,False,10,False,False
APT008458,10.5,35,1,False,False,10,False,False
APT008459,11.6,39,0,True,True,20,False,False
APT008460,12.0,39,6,False,False,10,False,False
APT008461,18.2,56,22,False,False,29,True,True
APT008462,1.3,4,5,False,False,10,False,False
APT008463,17.8,48,4,False,False,10,False,False
APT008464,22.5,51,1,False,False,10,False,False
APT008465,12.1,35,0,False,True,20,False,False
APT008466,24.1,83,0,False,False,15,False,False
APT008467,20.0,58,5,False,False,10,False,False
APT008468,24.1,66,6,False,False,10,False,False
APT008469,8.6,30,0,False,True,15,False,False
APT008470,18.2,57,17,False,False,21,True,True
APT008471,2.3,7,8,False,False,11,False,False
APT008472,23.2,65,7,False,False,10,False,False
APT008473,5.5,13,22,False,False,26,True,True
APT008474,11.0,28,3,False,False,10,False,False
APT008475,22.3,55,0,True,True,20,False,False
APT008476,6.7,20,0,False,False,20,False,False
APT008477,5.0,14,0,True,True,15,False,False
APT008478,10.2,24,20,False,False,26,True,True
APT008479,19.9,65,11,False,False,14,False,False
APT008480,22.4,73,0,True,True,15,False,False
APT008481,2.0,6,0,True,True,20,False,False
APT008482,4.0,14,0,False,False,10,False,False
APT008483,12.8,34,0,True,True,20,False,False
APT008484,21.1,59,14,False,False,16,False,False
APT008485,19.3,68,8,False,False,10,False,False
APT008486,16.0,52,17,False,False,20,True,True
APT008487,1.2,4,0,False,True,15,False,False
APT008488,22.3,63,6,False,False,10,False,False
APT008489,18.7,62,0,True,True,15,False,False
APT008490,7.7,25,0,False,False,10,False,False
APT008491,17.0,57,4,False,False,10,False,False
APT008492,19.6,52,0,False,False,15,False,False
APT008493,1.9,5,12,False,False,14,False,False
APT008494,22.1,65,1,False,False,10,False,False
APT008495,22.8,68,2,False,False,10,False,False
APT008496,1.1,2,0,True,True,15,False,False
APT008497,5.6,14,0,False,False,20,False,False
APT008498,22.7,75,9,False,False,12,False,False
APT008499,5.2,17,0,True,True,10,False,False
APT008500,19.4,58,0,True,True,20,False,False
APT008501,14.6,48,0,True,True,15,False,False
APT008502,11.6,27,19,False,False,25,True,True
APT008503,4.2,14,0,True,True,15,False,False
APT008504,2.1,6,28,False,False,33,True,True
APT008505,17.6,52,6,False,False,10,False,False
APT008506,21.7,58,0,True,True,15,False,False
APT008507,13.2,43,0,True,True,15,False,False
APT008508,15.7,46,11,False,False,14,False,False
APT008509,22.9,59,7,False,False,10,False,False
APT008510,16.4,54,0,True,True,15,False,False
APT008511,21.6,70,3,False,False,10,False,False
APT008512,1.4,5,16,False,False,22,True,True
APT008513,4.3,12,0,False,False,15,False,False
APT008514,15.3,46,0,False,False,15,False,False
APT008515,12.6,28,0,False,True,15,False,False
APT008516,24.4,60,0,True,True,20,False,False
APT008517,9.0,24,5,False,False,10,False,False
APT008518,23.6,79,0,True,True,20,False,False
APT008519,21.0,48,16,False,False,21,True,False
APT008520,13.8,40,0,False,False,15,False,False
APT008521,10.3,25,0,True,True,15,False,False
APT008522,12.2,32,6,False,False,10,False,False
APT008523,4.0,10,9,False,False,11,False,False
APT008524,5.5,17,20,False,False,28,True,True
APT008525,10.6,28,0,True,True,15,False,False
APT008526,14.5,34,0,True,True,15,False,False
APT008527,18.5,53,8,False,False,10,False,False
APT008528,20.6,49,17,False,False,24,True,True
APT008529,1.9,6,15,False,False,20,False,False
APT008530,18.1,47,13,False,False,15,False,False
APT008531,11.7,28,0,True,True,20,False,False
APT008532,24.4,82,20,False,False,26,True,False
APT008533,9.3,23,0,False,False,20,False,False
APT008534,14.4,46,10,False,False,11,False,False
APT008535,9.6,28,5,False,False,10,False,False
APT008536,1.7,5,0,True,True,20,False,False
APT008537,13.6,38,0,True,True,10,False,False
APT008538,21.5,62,0,False,False,15,False,False
APT008539,5.9,14,0,False,True,10,False,False
APT008540,18.7,51,0,True,True,15,False,False
APT008541,2.2,6,12,False,False,14,False,False
APT008542,17.9,58,10,False,False,14,False,False
APT008543,12.4,38,2,False,False,10,False,False
APT008544,3.1,10,2,False,False,10,False,False
APT008545,16.9,40,8,False,False,10,False,False
APT008546,24.7,56,0,True,True,10,False,False
APT008547,12.8,31,11,False,False,13,False,False
APT008548,13.5,32,12,False,False,16,False,False
APT008549,17.1,52,0,True,True,15,False,False
APT008550,8.9,26,0,True,True,15,False,False
APT008551,21.3,62,20,False,False,25,True,True
APT008552,3.4,8,21,False,False,29,True,True
APT008553,8.8,22,7,False,False,10,False,False
APT008554,12.3,29,10,False,False,13,False,False
APT008555,11.5,37,0,False,False,10,False,False
APT008556,23.3,55,0,True,True,15,False,False
APT008557,15.2,36,0,True,True,15,False,False
APT008558,4.1,13,1,False,False,10,False,False
APT008559,17.5,46,0,False,False,10,False,False
APT008560,16.6,53,17,False,False,21,True,True
APT008561,8.0,25,9,False,False,12,False,False
APT008562,5.5,13,4,False,False,10,False,False
APT008563,20.5,63,0,False,False,20,False,False
APT008564,7.2,21,0,False,False,20,False,False
APT008565,5.6,14,6,False,False,10,False,False
APT008566,20.2,67,11,False,False,14,False,False
APT008567,5.7,13,6,False,False,10,False,False
APT008568,19.7,51,0,True,True,15,False,False
APT008569,6.5,22,0,True,True,15,False,False
APT008570,13.3,41,0,True,True,15,False,False
APT008571,23.9,55,17,False,False,22,True,True
APT008572,2.9,8,17,False,False,20,True,True
APT008573,16.3,48,0,False,False,10,False,False
APT008574,13.2,42,8,False,False,11,False,False
APT008575,4.9,12,0,False,False,10,False,False
APT008576,6.4,22,0,True,True,15,False,False
APT008577,3.4,11,14,False,False,15,False,False
APT008578,4.1,12,6,False,False,10,False,False
APT008579,4.0,12,0,True,True,15,False,False
APT008580,9.3,26,0,True,True,20,False,False
APT008581,12.3,42,0,True,True,10,False,False
APT008582,5.9,17,16,False,False,22,True,False
APT008583,16.5,52,0,True,True,15,False,False
APT008584,4.9,11,0,True,True,10,False,False
APT008585,22.8,61,0,False,True,20,False,False
APT008586,12.5,32,4,False,False,10,False,False
APT008587,12.9,41,8,False,False,11,False,False
APT008588,15.6,44,0,False,True,15,False,False
APT008589,11.7,31,7,False,False,10,False,False
APT008590,2.7,9,0,False,True,10,False,False
APT008591,24.4,65,7,False,False,10,False,False
APT008592,2.1,7,5,False,False,10,False,False
APT008593,8.6,29,2,False,False,10,False,False
APT008594,21.1,51,20,False,False,27,True,True
APT008595,13.5,32,11,False,False,14,False,False
APT008596,17.6,44,5,False,False,10,False,False
APT008597,7.4,22,0,False,False,10,False,False
APT008598,12.0,29,0,False,False,10,False,False
APT008599,11.4,34,11,False,False,13,False,False
APT008600,23.3,78,0,False,False,20,False,False
APT008601,18.4,60,4,False,False,10,False,False
APT008602,12.0,28,0,False,False,15,False,False
APT008603,14.5,44,0,False,False,10,False,False
APT008604,2.5,8,13,False,False,17,False,False
APT008605,7.1,17,10,False,False,12,False,False
APT008606,3.6,9,12,False,False,13,False,False
APT008607,1.1,2,0,True,True,20,False,False
APT008608,7.1,19,0,False,False,20,False,False
APT008609,14.0,48,0,False,False,10,False,False
APT008610,9.3,32,0,False,False,15,False,False
APT008611,17.3,41,0,False,False,20,False,False
APT008612,12.3,29,15,False,False,17,False,False
APT008613,21.8,66,11,False,False,15,False,False
APT008614,22.3,61,1,False,False,10,False,False
APT008615,5.2,12,0,True,True,10,False,False
APT008616,5.5,15,0,True,True,15,False,False
APT008617,10.3,26,4,False,False,10,False,False
APT008618,16.6,46,2,False,False,10,False,False
APT008619,23.0,78,0,True,True,15,False,False
APT008620,13.2,42,0,False,False,10,False,False
APT008621,8.5,30,0,False,False,20,False,False
APT008622,22.3,71,12,False,False,15,False,False
APT008623,19.2,43,11,False,False,15,False,False
APT008624,17.0,52,11,False,False,13,False,False
APT008625,4.9,16,0,True,True,10,False,False
APT008626,1.5,3,2,False,False,10,False,False
APT008627,23.1,61,0,True,True,10,False,False
APT008628,22.8,55,0,True,True,10,False,False
APT008629,11.5,33,5,False,False,10,False,False
APT008630,17.0,51,0,False,False,20,False,False
APT008631,4.4,11,1,False,False,10,False,False
APT008632,14.6,43,0,True,True,15,False,False
APT008633,4.4,11,11,False,False,12,False,False
APT008634,19.3,65,3,False,False,10,False,False
APT008635,11.1,25,0,False,False,10,False,False
APT008636,14.6,42,0,True,True,20,False,False
APT008637,21.6,49,0,True,True,15,False,False
APT008638,1.7,5,16,False,False,21,True,True
APT008639,24.4,69,0,False,False,20,False,False
APT008640,9.6,27,0,True,True,15,False,False
APT008641,4.9,16,0,True,True,15,False,False
APT008642,6.9,20,11,False,False,15,False,False
APT008643,17.1,46,0,False,False,15,False,False
APT008644,1.4,4,0,False,False,10,False,False
APT008645,11.6,37,5,False,False,10,False,False
APT008646,3.6,8,10,False,False,12,False,False
APT008647,23.6,64,0,False,False,20,False,False
APT008648,14.1,38,0,False,False,15,False,False
APT008649,4.5,14,0,True,True,15,False,False
APT008650,2.4,8,0,False,False,10,False,False
APT008651,24.6,77,8,False,False,10,False,False
APT008652,22.0,63,0,True,True,20,False,False
APT008653,16.6,41,0,True,True,15,False,False
APT008654,1.7,4,14,False,False,19,False,False
APT008655,19.8,66,1,False,False,10,False,False
APT008656,20.5,71,7,False,False,10,False,False
APT008657,11.5,28,0,False,False,15,False,False
APT008658,11.7,29,5,False,False,10,False,False
APT008659,13.0,42,0,False,False,10,False,False
APT008660,17.2,56,5,False,False,10,False,False
APT008661,19.8,63,3,False,False,10,False,False
APT008662,5.3,14,4,False,False,10,False,False
APT008663,16.6,58,12,False,False,15,False,False
APT008664,16.0,43,2,False,False,10,False,False
APT008665,14.8,34,0,False,False,15,False,False
APT008666,19.9,44,10,False,False,14,False,False
APT008667,2.1,5,4,False,False,10,False,False
APT008668,12.5,34,0,False,False,15,False,False
APT008669,6.5,18,2,False,False,10,False,False
APT008670,12.2,32,9,False,False,10,False,False
APT008671,6.6,15,9,False,False,11,False,False
APT008672,19.5,46,0,False,False,15,False,False
APT008673,4.4,12,0,False,False,10,False,False
APT008674,20.8,46,0,True,True,15,False,False
APT008675,20.1,67,0,True,True,15,False,False
APT008676,9.9,33,20,False,False,28,True,True
APT008677,4.8,12,0,False,False,20,False,False
APT008678,21.6,53,9,False,False,12,False,False
APT008679,15.6,54,0,False,True,10,False,False
APT008680,10.7,36,0,True,True,10,False,False
APT008681,6.1,19,0,True,True,15,False,False
APT008682,12.5,33,4,False,False,10,False,False
APT008683,24.0,66,0,False,False,15,False,False
APT008684,18.1,63,0,False,False,15,False,False
APT008685,10.5,31,2,False,False,10,False,False
APT008686,20.6,63,4,False,False,10,False,False
APT008687,13.9,37,15,False,False,20,False,False
APT008688,12.8,35,15,False,False,20,False,False
APT008689,22.9,66,8,False,False,10,False,False
APT008690,16.3,37,0,False,False,20,False,False
APT008691,15.3,40,0,False,False,10,False,False
APT008692,12.4,41,8,False,False,10,False,False
APT008693,17.1,47,0,False,False,15,False,False
APT008694,18.4,42,0,True,True,20,False,False
APT008695,18.3,44,11,False,False,15,False,False
APT008696,9.1,25,0,False,False,15,False,False
APT008697,11.3,28,4,False,False,10,False,False
APT008698,18.5,61,6,False,False,10,False,False
APT008699,21.2,67,9,False,False,12,False,False
APT008700,13.2,30,0,True,True,15,False,False
APT008701,5.7,16,6,False,False,10,False,False
APT008702,21.2,50,15,False,False,17,False,False
APT008703,20.4,53,0,True,True,10,False,False
APT008704,7.0,19,0,True,True,15,False,False
APT008705,11.2,25,0,False,False,10,False,False
APT008706,16.1,51,9,False,False,10,False,False
APT008707,7.2,22,0,True,True,20,False,False
APT008708,4.4,10,0,True,True,10,False,False
APT008709,6.0,17,0,False,False,20,False,False
APT008710,17.0,52,0,False,False,10,False,False
APT008711,13.6,43,1,False,False,10,False,False
APT008712,9.9,22,0,True,True,15,False,False
APT008713,12.1,39,14,False,False,17,False,False
APT008714,6.6,21,0,True,True,20,False,False
APT008715,10.4,28,0,False,False,15,False,False
APT008716,13.5,46,13,False,False,15,False,False
APT008717,12.8,43,0,True,True,10,False,False
APT008718,7.6,22,16,False,False,20,True,True
APT008719,19.6,65,0,True,True,10,False,False
APT008720,15.9,54,1,False,False,10,False,False
APT008721,18.8,56,7,False,False,10,False,False
APT008722,13.0,38,0,False,False,10,False,False
APT008723,23.5,80,0,False,False,20,False,False
APT008724,7.8,20,9,False,False,11,False,False
APT008725,22.4,71,3,False,False,10,False,False
APT008726,24.0,73,9,False,False,11,False,False
APT008727,10.0,23,0,True,True,10,False,False
APT008728,7.1,22,0,False,False,15,False,False
APT008729,12.1,39,0,False,False,15,False,False
APT008730,4.3,13,0,False,False,15,False,False
APT008731,1.7,4,0,True,True,15,False,False
APT008732,2.4,6,0,False,False,10,False,False
APT008733,13.4,33,0,False,False,15,False,False
APT008734,6.8,23,4,False,False,10,False,False
APT008735,2.2,7,0,False,False,15,False,False
APT008736,9.2,32,6,False,False,10,False,False
APT008737,23.7,63,3,False,False,10,False,False
APT008738,12.9,31,0,False,False,10,False,False
APT008739,16.1,41,10,False,False,13,False,False
APT008740,11.2,35,21,False,False,29,True,True
APT008741,11.6,28,0,True,True,20,False,False
APT008742,20.8,48,0,True,True,20,False,False
APT008743,14.1,37,0,False,True,15,False,False
APT008744,4.5,13,4,False,False,10,False,False
APT008745,17.6,45,1,False,False,10,False,False
APT008746,3.2,8,8,False,False,10,False,False
APT008747,6.5,21,0,False,False,15,False,False
APT008748,12.8,41,0,True,True,20,False,False
APT008749,5.9,14,0,True,True,15,False,False
APT008750,7.9,20,0,False,True,15,False,False
APT008751,24.6,58,0,True,True,15,False,False
APT008752,5.5,13,5,False,False,10,False,False
APT008753,19.9,64,5,False,False,10,False,False
APT008754,16.1,42,8,False,False,10,False,False
APT008755,19.4,66,0,False,True,20,False,False
APT008756,19.2,62,0,True,True,10,False,False
APT008757,18.2,51,0,False,False,15,False,False
APT008758,8.9,22,0,False,True,15,False,False
APT008759,7.7,17,0,True,True,20,False,False
APT008760,8.4,20,1,False,False,10,False,False
APT008761,2.2,6,0,True,True,10,False,False
APT008762,20.1,61,0,True,True,10,False,False
APT008763,13.2,29,11,False,False,14,False,False
APT008764,22.7,54,0,False,False,10,False,False
APT008765,16.6,40,0,True,True,10,False,False
APT008766,2.5,7,11,False,False,12,False,False
APT008767,19.2,49,9,False,False,10,False,False
APT008768,2.9,9,1,False,False,10,False,False
APT008769,3.0,8,0,False,False,20,False,False
APT008770,21.2,65,0,False,False,15,False,False
APT008771,11.9,35,0,False,False,10,False,False
APT008772,18.5,64,0,True,True,20,False,False
APT008773,3.9,11,0,False,False,20,False,False
APT008774,12.0,36,0,False,False,15,False,False
APT008775,12.5,29,3,False,False,10,False,False
APT008776,23.3,81,0,True,True,10,False,False
APT008777,17.2,55,3,False,False,10,False,False
APT008778,22.0,64,2,False,False,10,False,False
APT008779,7.7,18,0,False,True,10,False,False
APT008780,15.7,44,0,True,True,10,False,False
APT008781,11.5,36,2,False,False,10,False,False
APT008782,21.2,71,14,False,False,19,False,False
APT008783,1.8,5,10,False,False,13,False,False
APT008784,13.2,30,0,False,True,20,False,False
APT008785,1.9,5,0,False,False,10,False,False
APT008786,13.1,43,11,False,False,13,False,False
APT008787,9.0,30,2,False,False,10,False,False
APT008788,2.2,7,3,False,False,10,False,False
APT008789,3.3,11,7,False,False,10,False,False
APT008790,24.2,76,0,False,False,10,False,False
APT008791,1.2,3,0,False,False,20,False,False
APT008792,24.1,67,0,True,True,10,False,False
APT008793,18.6,43,0,True,True,15,False,False
APT008794,10.2,23,0,True,True,10,False,False
APT008795,21.4,48,0,False,True,20,False,False
APT008796,11.1,38,0,True,True,20,False,False
APT008797,12.0,27,0,True,True,10,False,False
APT008798,1.5,4,9,False,False,11,False,False
APT008799,16.5,51,0,True,True,20,False,False
APT008800,13.7,33,0,False,False,15,False,False
APT008801,1.2,4,9,False,False,11,False,False
APT008802,16.7,39,0,True,True,10,False,False
APT008803,12.7,29,5,False,False,10,False,False
APT008804,14.0,32,0,True,True,15,False,False
APT008805,9.3,26,6,False,False,10,False,False
APT008806,2.0,6,0,True,True,15,False,False
APT008807,12.9,29,0,True,True,20,False,False
APT008808,7.2,17,0,False,True,15,False,False
APT008809,18.9,60,0,True,True,15,False,False
APT008810,1.1,3,8,False,False,11,False,False
APT008811,21.8,75,3,False,False,10,False,False
APT008812,11.3,37,10,False,False,13,False,False
APT008813,8.8,28,12,False,False,13,False,False
APT008814,4.1,12,13,False,False,17,False,False
APT008815,21.9,56,7,False,False,10,False,False
APT008816,20.6,61,0,True,True,15,False,False
APT008817,11.7,32,20,False,False,25,True,True
APT008818,19.5,54,2,False,False,10,False,False
APT008819,23.7,66,13,False,False,16,False,False
APT008820,3.9,10,9,False,False,10,False,False
APT008821,7.3,20,0,True,True,10,False,False
APT008822,8.2,27,4,False,False,10,False,False
APT008823,4.2,13,7,False,False,10,False,False
APT008824,10.2,30,6,False,False,10,False,False
APT008825,1.5,4,1,False,False,10,False,False
APT008826,8.7,29,0,False,False,20,False,False
APT008827,2.7,6,0,True,True,15,False,False
APT008828,9.0,29,0,True,True,20,False,False
APT008829,11.9,29,0,False,False,15,False,False
APT008830,14.6,41,0,True,True,20,False,False
APT008831,5.6,15,8,False,False,11,False,False
APT008832,8.5,29,20,False,False,25,True,True
APT008833,3.3,7,17,False,False,21,True,True
APT008834,22.0,53,7,False,False,10,False,False
APT008835,14.8,51,0,False,False,15,False,False
APT008836,13.9,42,0,False,False,20,False,False
APT008837,19.2,63,0,True,True,10,False,False
APT008838,15.2,39,0,False,True,10,False,False
APT008839,13.1,34,0,True,True,10,False,False
APT008840,22.3,62,17,False,False,24,True,True
APT008841,21.3,61,0,False,False,20,False,False
APT008842,15.5,49,0,True,True,10,False,False
APT008843,22.4,58,0,True,True,15,False,False
APT008844,2.6,7,0,True,True,15,False,False
APT008845,15.6,50,0,True,True,10,False,False
APT008846,8.6,23,0,True,True,10,False,False
APT008847,19.7,58,0,False,False,10,False,False
APT008848,9.2,26,4,False,False,10,False,False
APT008849,24.5,62,0,False,False,20,False,False
APT008850,2.2,6,11,False,False,14,False,False
APT008851,8.7,23,0,False,False,10,False,False
APT008852,12.9,31,0,False,False,15,False,False
APT008853,3.2,10,0,False,False,10,False,False
APT008854,4.0,11,0,False,False,10,False,False
APT008855,16.3,46,2,False,False,10,False,False
APT008856,9.4,23,0,True,True,15,False,False
APT008857,8.6,26,2,False,False,10,False,False
APT008858,22.0,60,0,False,False,10,False,False
APT008859,3.2,9,0,True,True,15,False,False
APT008860,15.5,43,8,False,False,10,False,False
APT008861,20.6,69,11,False,False,13,False,False
APT008862,11.3,30,7,False,False,10,False,False
APT008863,3.5,9,0,True,True,10,False,False
APT008864,19.7,51,0,False,False,15,False,False
APT008865,18.5,42,8,False,False,11,False,False
APT008866,13.9,34,0,False,True,10,False,False
APT008867,6.1,20,0,False,False,15,False,False
APT008868,8.4,20,0,True,True,10,False,False
APT008869,12.3,37,0,True,True,15,False,False
APT008870,13.6,31,6,False,False,10,False,False
APT008871,19.5,45,0,True,True,20,False,False
APT008872,18.5,58,0,True,True,20,False,False
APT008873,17.6,50,11,False,False,15,False,False
APT008874,11.5,39,2,False,False,10,False,False
APT008875,12.4,30,0,False,False,20,False,False
APT008876,6.1,21,8,False,False,10,False,False
APT008877,5.2,15,0,False,False,10,False,False
APT008878,9.5,22,14,False,False,16,False,False
APT008879,23.8,54,13,False,False,17,False,False
APT008880,15.6,42,6,False,False,10,False,False
APT008881,5.6,15,9,False,False,12,False,False
APT008882,16.5,41,0,True,True,20,False,False
APT008883,9.6,32,0,True,True,15,False,False
APT008884,15.6,36,0,False,False,10,False,False
APT008885,6.5,16,0,False,False,20,False,False
APT008886,2.1,7,14,False,False,19,False,False
APT008887,24.2,80,14,False,False,19,False,False
APT008888,18.3,45,0,False,True,15,False,False
APT008889,14.4,45,0,True,True,15,False,False
APT008890,24.9,70,6,False,False,10,False,False
APT008891,18.3,55,0,False,False,10,False,False
APT008892,21.4,59,12,False,False,15,False,False
APT008893,2.6,9,0,True,True,15,False,False
APT008894,13.7,36,9,False,False,11,False,False
APT008895,19.2,47,0,False,False,15,False,False
APT008896,23.9,60,0,True,True,15,False,False
APT008897,1.7,5,13,False,False,16,False,False
APT008898,18.8,60,0,True,True,15,False,False
APT008899,9.4,24,1,False,False,10,False,False
APT008900,22.6,78,4,False,False,10,False,False
APT008901,16.0,43,0,True,True,15,False,False
APT008902,11.3,34,3,False,False,10,False,False
APT008903,23.7,82,0,True,True,10,False,False
APT008904,9.5,23,0,True,True,20,False,False
APT008905,10.9,36,0,False,False,10,False,False
APT008906,21.4,59,10,False,False,11,False,False
APT008907,16.7,47,6,False,False,10,False,False
APT008908,23.1,52,0,True,True,15,False,False
APT008909,4.0,14,0,True,True,15,False,False
APT008910,9.2,21,0,False,False,20,False,False
APT008911,13.3,44,0,False,False,15,False,False
APT008912,14.8,52,17,False,False,19,True,True
APT008913,9.5,26,0,True,True,20,False,False
APT008914,23.0,63,6,False,False,10,False,False
APT008915,16.6,42,0,True,True,15,False,False
APT008916,5.6,15,0,True,True,10,False,False
APT008917,2.8,9,0,False,False,10,False,False
APT008918,14.1,48,0,True,True,20,False,False
APT008919,9.7,32,7,False,False,10,False,False
APT008920,19.1,45,4,False,False,10,False,False
APT008921,6.6,21,0,False,False,10,False,False
APT008922,19.8,49,10,False,False,13,False,False
APT008923,24.8,64,0,True,True,15,False,False
APT008924,23.8,78,8,False,False,10,False,False
APT008925,18.0,43,0,True,True,10,False,False
APT008926,9.2,27,10,False,False,12,False,False
APT008927,18.1,61,2,False,False,10,False,False
APT008928,24.6,79,21,False,False,28,True,True
APT008929,18.5,64,0,True,True,20,False,False
APT008930,1.9,5,0,False,True,15,False,False
APT008931,12.3,42,0,False,False,10,False,False
APT008932,17.8,53,5,False,False,10,False,False
APT008933,23.2,60,0,False,False,20,False,False
APT008934,10.3,28,0,False,False,10,False,False
APT008935,18.7,42,0,True,True,15,False,False
APT008936,24.2,56,0,True,True,10,False,False
APT008937,19.4,46,2,False,False,10,False,False
APT008938,24.0,67,0,True,True,10,False,False
APT008939,22.9,76,0,False,False,20,False,False
APT008940,21.3,70,0,False,True,15,False,False
APT008941,16.2,48,0,False,False,15,False,False
APT008942,22.5,77,0,True,True,15,False,False
APT008943,20.6,67,13,False,False,15,False,False
APT008944,5.8,18,17,False,False,19,True,False
APT008945,7.1,17,17,False,False,23,True,True
APT008946,6.9,16,11,False,False,15,False,False
APT008947,6.8,19,0,True,True,15,False,False
APT008948,7.1,19,3,False,False,10,False,False
APT008949,2.4,6,0,True,True,20,False,False
APT008950,16.1,48,0,False,True,15,False,False
APT008951,18.0,62,0,False,False,20,False,False
APT008952,5.8,19,2,False,False,10,False,False
APT008953,23.2,76,10,False,False,13,False,False
APT008954,2.3,7,2,False,False,10,False,False
APT008955,20.1,54,16,False,False,18,True,True
APT008956,14.7,46,9,False,False,11,False,False
APT008957,9.8,26,0,False,False,15,False,False
APT008958,16.1,53,20,False,False,25,True,True
APT008959,22.5,66,16,False,False,22,True,False
APT008960,3.6,10,10,False,False,12,False,False
APT008961,13.9,32,0,True,True,10,False,False
APT008962,19.8,44,4,False,False,10,False,False
APT008963,19.3,44,0,True,True,20,False,False
APT008964,14.7,38,11,False,False,12,False,False
APT008965,20.8,50,3,False,False,10,False,False
APT008966,8.1,21,3,False,False,10,False,False
APT008967,24.2,64,7,False,False,10,False,False
APT008968,9.0,28,0,False,True,20,False,False
APT008969,22.5,62,20,False,False,26,True,True
APT008970,21.2,64,18,False,False,24,True,True
APT008971,9.6,29,0,False,False,20,False,False
APT008972,18.5,42,0,True,True,15,False,False
APT008973,16.2,36,0,False,False,20,False,False
APT008974,4.7,15,2,False,False,10,False,False
APT008975,18.1,44,0,False,False,20,False,False
APT008976,9.5,22,0,True,True,20,False,False
APT008977,12.6,31,0,False,True,10,False,False
APT008978,23.3,57,1,False,False,10,False,False
APT008979,9.3,31,5,False,False,10,False,False
APT008980,1.8,5,3,False,False,10,False,False
APT008981,9.0,23,0,False,False,10,False,False
APT008982,23.1,52,5,False,False,10,False,False
APT008983,24.2,64,2,False,False,10,False,False
APT008984,17.1,54,0,True,True,20,False,False
APT008985,24.4,74,5,False,False,10,False,False
APT008986,8.2,22,1,False,False,10,False,False
APT008987,7.7,25,0,False,False,20,False,False
APT008988,3.3,9,2,False,False,10,False,False
APT008989,11.8,36,0,False,False,15,False,False
APT008990,8.3,19,0,True,True,15,False,False
APT008991,1.4,4,0,False,False,20,False,False
APT008992,20.1,66,0,True,True,15,False,False
APT008993,20.3,53,0,False,False,15,False,False
APT008994,3.5,11,0,False,False,15,False,False
APT008995,11.1,27,9,False,False,12,False,False
APT008996,8.5,27,0,False,False,15,False,False
APT008997,9.3,22,0,False,False,10,False,False
APT008998,20.5,63,0,True,True,20,False,False
APT008999,23.5,82,4,False,False,10,False,False
APT009000,24.0,80,4,False,False,10,False,False
APT009001,19.3,58,0,False,False,20,False,False
APT009002,9.1,27,8,False,False,10,False,False
APT009003,8.6,24,0,True,True,10,False,False
APT009004,19.3,64,2,False,False,10,False,False
APT009005,11.6,27,0,False,False,20,False,False
APT009006,7.3,25,0,False,False,15,False,False
APT009007,18.9,59,0,True,True,20,False,False
APT009008,18.9,53,0,True,True,20,False,False
APT009009,2.2,6,1,False,False,10,False,False
APT009010,7.1,18,6,False,False,10,False,False
APT009011,9.7,26,16,False,False,22,True,True
APT009012,6.8,15,3,False,False,10,False,False
APT009013,20.6,57,0,True,True,15,False,False
APT009014,6.9,22,4,False,False,10,False,False
APT009015,8.7,27,8,False,False,10,False,False
APT009016,18.0,52,0,False,False,15,False,False
APT009017,23.5,76,0,True,True,15,False,False
APT009018,21.3,66,0,True,True,10,False,False
APT009019,13.0,45,0,False,False,20,False,False
APT009020,3.8,12,4,False,False,10,False,False
APT009021,18.1,43,10,False,False,14,False,False
APT009022,14.1,35,0,True,True,15,False,False
APT009023,12.3,37,0,False,False,15,False,False
APT009024,5.7,17,0,False,False,20,False,False
APT009025,20.8,69,0,True,True,15,False,False
APT009026,23.9,78,6,False,False,10,False,False
APT009027,11.9,35,14,False,False,16,False,False
APT009028,16.8,49,0,False,False,15,False,False
APT009029,2.0,5,0,False,False,15,False,False
APT009030,4.9,15,0,True,True,20,False,False
APT009031,1.9,6,9,False,False,11,False,False
APT009032,7.8,22,9,False,False,11,False,False
APT009033,12.3,32,10,False,False,13,False,False
APT009034,22.6,69,0,True,True,20,False,False
APT009035,13.9,42,6,False,False,10,False,False
APT009036,2.8,8,10,False,False,12,False,False
APT009037,11.7,36,0,False,False,20,False,False
APT009038,6.1,21,14,False,False,16,False,False
APT009039,19.0,55,0,True,True,20,False,False
APT009040,19.1,57,0,True,True,10,False,False
APT009041,13.4,32,0,False,False,20,False,False
APT009042,21.7,68,0,True,True,10,False,False
APT009043,12.9,39,8,False,False,10,False,False
APT009044,9.7,25,1,False,False,10,False,False
APT009045,19.3,64,0,False,True,15,False,False
APT009046,3.3,9,2,False,False,10,False,False
APT009047,21.3,55,10,False,False,14,False,False
APT009048,3.7,8,11,False,False,12,False,False
APT009049,16.2,44,0,True,True,15,False,False
APT009050,17.4,52,18,False,False,22,True,True
APT009051,3.1,10,9,False,False,12,False,False
APT009052,3.6,9,0,False,True,15,False,False
APT009053,24.0,71,10,False,False,14,False,False
APT009054,19.2,63,13,False,False,18,False,False
APT009055,3.4,10,18,False,False,24,True,True
APT009056,6.9,24,17,False,False,20,True,True
APT009057,2.9,8,0,False,False,10,False,False
APT009058,3.6,10,1,False,False,10,False,False
APT009059,17.4,55,10,False,False,14,False,False
APT009060,10.4,25,0,True,True,10,False,False
APT009061,9.8,33,12,False,False,17,False,False
APT009062,18.9,64,0,False,False,15,False,False
APT009063,3.7,10,0,True,True,10,False,False
APT009064,5.9,18,2,False,False,10,False,False
APT009065,20.3,52,0,True,True,10,False,False
APT009066,17.1,58,9,False,False,12,False,False
APT009067,20.8,67,2,False,False,10,False,False
APT009068,5.5,15,0,False,False,15,False,False
APT009069,18.7,42,0,False,False,15,False,False
APT009070,12.5,28,6,False,False,10,False,False
APT009071,22.5,63,21,False,False,25,True,True
APT009072,4.9,14,0,True,True,20,False,False
APT009073,5.4,15,0,True,True,15,False,False
APT009074,3.8,13,0,True,True,10,False,False
APT009075,3.5,9,0,False,False,15,False,False
APT009076,23.7,55,0,False,False,15,False,False
APT009077,20.9,49,0,True,True,15,False,False
APT009078,4.7,11,0,False,False,10,False,False
APT009079,6.6,21,10,False,False,13,False,False
APT009080,21.1,56,0,True,True,20,False,False
APT009081,1.9,6,2,False,False,10,False,False
APT009082,17.1,49,0,False,False,10,False,False
APT009083,22.8,58,0,True,True,20,False,False
APT009084,5.0,15,0,False,False,20,False,False
APT009085,23.6,55,0,False,False,10,False,False
APT009086,18.4,63,0,False,False,15,False,False
APT009087,5.2,18,0,False,True,15,False,False
APT009088,19.6,66,2,False,False,10,False,False
APT009089,13.2,39,1,False,False,10,False,False
APT009090,8.2,20,0,False,False,10,False,False
APT009091,2.4,8,10,False,False,13,False,False
APT009092,16.8,50,3,False,False,10,False,False
APT009093,18.3,50,0,True,True,10,False,False
APT009094,9.6,22,8,False,False,11,False,False
APT009095,7.6,24,10,False,False,12,False,False
APT009096,3.8,11,0,False,True,15,False,False
APT009097,10.4,28,10,False,False,11,False,False
APT009098,22.4,54,0,False,False,10,False,False
APT009099,3.7,10,6,False,False,10,False,False
APT009100,11.8,33,0,False,False,20,False,False
APT009101,14.0,34,0,True,True,10,False,False
APT009102,7.4,16,1,False,False,10,False,False
APT009103,24.9,84,9,False,False,12,False,False
APT009104,24.7,77,0,True,True,15,False,False
APT009105,15.5,53,12,False,False,17,False,False
APT009106,19.6,45,0,False,False,20,False,False
APT009107,1.4,4,0,True,True,15,False,False
APT009108,14.4,42,10,False,False,13,False,False
APT009109,2.2,5,0,False,False,15,False,False
APT009110,6.2,14,8,False,False,10,False,False
APT009111,10.9,35,1,False,False,10,False,False
APT009112,3.4,9,0,False,False,20,False,False
APT009113,10.1,30,0,False,False,15,False,False
APT009114,20.5,52,0,False,False,20,False,False
APT009115,22.1,76,0,False,False,15,False,False
APT009116,9.3,26,0,False,False,10,False,False
APT009117,9.4,29,0,True,True,15,False,False
APT009118,21.2,52,0,True,True,15,False,False
APT009119,11.5,39,0,False,False,15,False,False
APT009120,14.1,40,6,False,False,10,False,False
APT009121,12.5,34,0,False,True,10,False,False
APT009122,13.9,34,0,True,True,10,False,False
APT009123,21.7,56,12,False,False,14,False,False
APT009124,25.0,77,0,True,True,15,False,False
APT009125,12.1,28,0,True,True,15,False,False
APT009126,16.3,55,0,False,False,10,False,False
APT009127,4.1,13,9,False,False,12,False,False
APT009128,7.0,18,10,False,False,13,False,False
APT009129,3.5,12,0,False,False,15,False,False
APT009130,6.9,22,18,False,False,21,True,False
APT009131,24.6,67,0,True,True,10,False,False
APT009132,5.5,14,0,False,False,15,False,False
APT009133,4.6,15,0,True,True,10,False,False
APT009134,19.8,61,11,False,False,12,False,False
APT009135,7.1,24,4,False,False,10,False,False
APT009136,16.7,48,15,False,False,20,False,False
APT009137,12.1,38,0,False,False,10,False,False
APT009138,14.6,43,0,True,True,15,False,False
APT009139,17.1,54,0,True,True,20,False,False
APT009140,18.5,46,0,True,True,15,False,False
APT009141,5.8,15,20,False,False,25,True,True
APT009142,9.6,22,0,True,True,15,False,False
APT009143,24.3,84,0,True,True,10,False,False
APT009144,3.7,11,14,False,False,18,False,False
APT009145,22.1,50,0,False,False,15,False,False
APT009146,17.9,60,0,True,True,15,False,False
APT009147,1.0,3,9,False,False,11,False,False
APT009148,2.9,7,0,False,False,10,False,False
APT009149,15.9,40,0,False,False,20,False,False
APT009150,19.7,58,0,True,True,20,False,False
APT009151,6.0,15,0,True,True,10,False,False
APT009152,12.1,41,4,False,False,10,False,False
APT009153,9.9,34,0,False,True,15,False,False
APT009154,3.9,9,19,False,False,25,True,True
APT009155,1.9,6,4,False,False,10,False,False
APT009156,7.3,17,3,False,False,10,False,False
APT009157,3.4,8,19,False,False,21,True,False
APT009158,13.2,31,12,False,False,17,False,False
APT009159,7.7,21,0,True,True,15,False,False
APT009160,20.4,57,11,False,False,15,False,False
APT009161,24.1,72,6,False,False,10,False,False
APT009162,2.9,9,26,False,False,33,True,True
APT009163,20.4,47,0,True,True,20,False,False
APT009164,1.4,5,15,False,False,18,False,False
APT009165,22.4,57,0,False,False,15,False,False
APT009166,22.1,49,0,False,False,20,False,False
APT009167,11.6,26,0,False,False,15,False,False
APT009168,9.6,32,0,True,True,15,False,False
APT009169,5.1,13,0,True,True,10,False,False
APT009170,23.2,53,0,False,True,15,False,False
APT009171,17.2,53,0,True,True,15,False,False
APT009172,21.9,56,0,False,False,20,False,False
APT009173,19.5,58,7,False,False,10,False,False
APT009174,3.8,12,17,False,False,21,True,True
APT009175,12.0,27,0,False,False,10,False,False
APT009176,17.3,46,3,False,False,10,False,False
APT009177,18.2,63,0,True,True,15,False,False
APT009178,6.8,17,0,False,False,15,False,False
APT009179,12.5,38,0,True,True,15,False,False
APT009180,14.6,40,15,False,False,17,False,False
APT009181,22.6,50,14,False,False,18,False,False
APT009182,10.8,36,5,False,False,10,False,False
APT009183,23.5,57,0,False,False,20,False,False
APT009184,22.6,68,12,False,False,14,False,False
APT009185,3.8,12,5,False,False,10,False,False
APT009186,4.2,13,6,False,False,10,False,False
APT009187,17.3,52,0,False,False,20,False,False
APT009188,11.8,28,15,False,False,20,False,False
APT009189,9.9,32,0,True,True,15,False,False
APT009190,10.0,28,3,False,False,10,False,False
APT009191,18.1,59,0,False,False,15,False,False
APT009192,16.5,57,0,True,True,20,False,False
APT009193,3.5,11,2,False,False,10,False,False
APT009194,7.2,17,2,False,False,10,False,False
APT009195,14.4,50,6,False,False,10,False,False
APT009196,19.5,59,3,False,False,10,False,False
APT009197,13.3,44,0,False,False,15,False,False
APT009198,5.2,12,11,False,False,13,False,False
APT009199,22.8,71,0,False,False,10,False,False
APT009200,10.0,23,0,False,False,10,False,False
APT009201,2.7,6,0,False,False,20,False,False
APT009202,17.7,48,7,False,False,10,False,False
APT009203,3.5,12,0,False,False,15,False,False
APT009204,17.7,45,0,False,True,10,False,False
APT009205,24.9,57,12,False,False,14,False,False
APT009206,9.8,26,0,False,False,15,False,False
APT009207,11.7,38,0,False,False,15,False,False
APT009208,21.7,51,0,True,True,20,False,False
APT009209,17.9,50,0,True,True,20,False,False
APT009210,5.0,11,0,True,True,20,False,False
APT009211,24.8,84,0,False,False,20,False,False
APT009212,16.5,42,0,False,False,15,False,False
APT009213,5.2,13,0,False,False,20,False,False
APT009214,7.7,23,4,False,False,10,False,False
APT009215,17.1,53,0,True,True,15,False,False
APT009216,18.1,52,0,True,True,10,False,False
APT009217,3.2,8,0,True,True,20,False,False
APT009218,8.5,26,2,False,False,10,False,False
APT009219,14.0,32,13,False,False,15,False,False
APT009220,9.7,26,0,False,False,15,False,False
APT009221,1.8,6,19,False,False,25,True,True
APT009222,24.2,55,1,False,False,10,False,False
APT009223,23.6,69,2,False,False,10,False,False
APT009224,24.5,59,19,False,False,24,True,False
APT009225,11.4,28,0,True,True,20,False,False
APT009226,5.3,15,6,False,False,10,False,False
APT009227,7.4,24,13,False,False,14,False,False
APT009228,3.3,8,0,True,True,10,False,False
APT009229,21.1,68,0,True,True,10,False,False
APT009230,17.7,48,9,False,False,11,False,False
APT009231,4.6,14,5,False,False,10,False,False
APT009232,5.7,13,0,False,False,20,False,False
APT009233,19.7,62,20,False,False,25,True,True
APT009234,7.1,24,9,False,False,11,False,False
APT009235,18.5,51,13,False,False,15,False,False
APT009236,12.9,34,0,False,False,10,False,False
APT009237,15.1,45,4,False,False,10,False,False
APT009238,2.7,7,6,False,False,10,False,False
APT009239,23.2,60,0,False,False,15,False,False
APT009240,22.5,50,7,False,False,10,False,False
APT009241,5.1,12,14,False,False,19,False,False
APT009242,8.2,25,0,False,False,10,False,False
APT009243,24.2,56,0,False,False,15,False,False
APT009244,7.9,17,0,False,False,20,False,False
APT009245,23.8,54,16,False,False,18,True,True
APT009246,15.1,36,0,True,True,15,False,False
APT009247,20.3,67,14,False,False,19,False,False
APT009248,12.9,38,0,False,False,20,False,False
APT009249,10.9,34,0,False,False,10,False,False
APT009250,8.7,23,0,True,True,15,False,False
APT009251,11.7,41,13,False,False,17,False,False
APT009252,24.9,71,0,True,True,15,False,False
APT009253,23.8,66,0,True,True,10,False,False
APT009254,12.7,29,5,False,False,10,False,False
APT009255,2.6,9,7,False,False,10,False,False
APT009256,18.2,45,5,False,False,10,False,False
APT009257,5.8,16,0,False,False,20,False,False
APT009258,8.7,24,0,False,False,15,False,False
APT009259,20.9,48,0,True,True,15,False,False
APT009260,5.5,14,8,False,False,10,False,False
APT009261,11.0,34,0,True,True,20,False,False
APT009262,13.0,39,4,False,False,10,False,False
APT009263,2.2,5,0,False,False,10,False,False
APT009264,20.1,60,4,False,False,10,False,False
APT009265,5.5,17,0,True,True,15,False,False
APT009266,15.4,52,0,True,True,15,False,False
APT009267,17.7,62,18,False,False,22,True,True
APT009268,9.6,30,0,False,False,15,False,False
APT009269,24.5,74,0,True,True,15,False,False
APT009270,22.7,72,0,False,False,15,False,False
APT009271,20.8,71,2,False,False,10,False,False
APT009272,9.1,31,0,False,False,15,False,False
APT009273,19.9,50,0,False,False,15,False,False
APT009274,14.9,39,7,False,False,10,False,False
APT009275,10.8,34,0,False,False,15,False,False
APT009276,11.3,36,0,True,True,15,False,False
APT009277,2.7,6,0,False,False,10,False,False
APT009278,21.1,67,0,True,True,10,False,False
APT009279,17.7,40,0,True,True,20,False,False
APT009280,19.6,50,0,True,True,15,False,False
APT009281,12.6,43,11,False,False,13,False,False
APT009282,10.0,27,3,False,False,10,False,False
APT009283,16.9,37,0,False,False,20,False,False
APT009284,7.6,24,20,False,False,24,True,True
APT009285,17.0,58,0,False,False,15,False,False
APT009286,6.2,15,0,True,True,10,False,False
APT009287,11.9,40,0,False,False,10,False,False
APT009288,2.7,8,0,True,True,15,False,False
APT009289,10.3,27,10,False,False,14,False,False
APT009290,17.0,57,6,False,False,10,False,False
APT009291,9.4,26,0,False,False,20,False,False
APT009292,3.6,8,4,False,False,10,False,False
APT009293,17.2,44,5,False,False,10,False,False
APT009294,15.5,43,0,False,False,20,False,False
APT009295,24.6,71,2,False,False,10,False,False
APT009296,18.0,52,3,False,False,10,False,False
APT009297,6.7,16,5,False,False,10,False,False
APT009298,6.4,18,13,False,False,15,False,False
APT009299,18.6,58,3,False,False,10,False,False
APT009300,12.0,35,14,False,False,19,False,False
APT009301,4.4,13,0,True,True,15,False,False
APT009302,14.7,50,6,False,False,10,False,False
APT009303,8.1,23,0,False,False,15,False,False
APT009304,3.1,10,3,False,False,10,False,False
APT009305,23.0,55,11,False,False,14,False,False
APT009306,25.0,61,12,False,False,14,False,False
APT009307,1.2,3,0,True,True,15,False,False
APT009308,2.0,7,0,True,True,10,False,False
APT009309,20.1,50,0,True,True,15,False,False
APT009310,1.2,4,0,True,True,20,False,False
APT009311,24.2,80,0,False,False,15,False,False
APT009312,18.2,62,0,False,False,10,False,False
APT009313,2.2,5,8,False,False,11,False,False
APT009314,8.1,24,11,False,False,13,False,False
APT009315,19.8,65,0,True,True,10,False,False
APT009316,2.3,5,0,False,True,10,False,False
APT009317,15.7,36,0,True,True,10,False,False
APT009318,17.0,54,0,False,True,20,False,False
APT009319,24.9,87,3,False,False,10,False,False
APT009320,13.5,32,0,True,True,10,False,False
APT009321,8.6,24,2,False,False,10,False,False
APT009322,24.5,78,0,True,True,15,False,False
APT009323,24.4,78,0,True,True,10,False,False
APT009324,14.0,34,0,True,True,20,False,False
APT009325,6.8,22,0,True,True,15,False,False
APT009326,9.7,32,8,False,False,10,False,False
APT009327,5.2,16,1,False,False,10,False,False
APT009328,18.2,56,2,False,False,10,False,False
APT009329,3.2,11,0,True,True,15,False,False
APT009330,12.3,43,0,True,True,15,False,False
APT009331,22.0,49,0,False,False,15,False,False
APT009332,1.1,3,1,False,False,10,False,False
APT009333,17.3,41,0,True,True,15,False,False
APT009334,14.4,32,9,False,False,10,False,False
APT009335,3.0,8,9,False,False,12,False,False
APT009336,5.2,17,2,False,False,10,False,False
APT009337,14.1,47,0,False,True,10,False,False
APT009338,13.1,44,0,False,False,10,False,False
APT009339,13.9,32,18,False,False,24,True,True
APT009340,7.3,17,5,False,False,10,False,False
APT009341,6.7,16,0,False,False,15,False,False
APT009342,4.1,12,29,False,False,36,True,True
APT009343,4.1,12,0,False,False,20,False,False
APT009344,20.6,58,0,False,False,15,False,False
APT009345,19.2,55,18,False,False,25,True,True
APT009346,9.4,29,9,False,False,11,False,False
APT009347,24.8,79,0,True,True,15,False,False
APT009348,9.5,25,11,False,False,13,False,False
APT009349,6.2,18,0,False,False,20,False,False
APT009350,18.7,54,5,False,False,10,False,False
APT009351,4.3,13,0,False,False,15,False,False
APT009352,20.0,53,0,False,False,15,False,False
APT009353,10.0,31,9,False,False,12,False,False
APT009354,12.1,37,2,False,False,10,False,False
APT009355,2.9,7,0,False,False,15,False,False
APT009356,19.7,48,0,True,True,20,False,False
APT009357,12.6,36,0,True,True,10,False,False
APT009358,12.8,33,0,True,True,10,False,False
APT009359,9.8,33,0,False,False,15,False,False
APT009360,24.4,60,3,False,False,10,False,False
APT009361,17.8,42,0,True,True,10,False,False
APT009362,14.3,43,0,False,False,15,False,False
APT009363,23.1,54,0,False,False,20,False,False
APT009364,7.4,21,5,False,False,10,False,False
APT009365,10.8,29,6,False,False,10,False,False
APT009366,22.0,63,0,True,True,15,False,False
APT009367,24.7,68,0,True,True,20,False,False
APT009368,4.9,12,0,False,False,20,False,False
APT009369,21.7,74,13,False,False,18,False,False
APT009370,16.5,38,0,True,True,15,False,False
APT009371,13.5,37,4,False,False,10,False,False
APT009372,3.8,10,9,False,False,12,False,False
APT009373,14.8,33,0,False,False,10,False,False
APT009374,20.4,57,2,False,False,10,False,False
APT009375,11.7,41,11,False,False,15,False,False
APT009376,17.7,52,16,False,False,20,True,True
APT009377,6.0,16,13,False,False,18,False,False
APT009378,16.7,45,0,True,True,10,False,False
APT009379,9.1,23,14,False,False,17,False,False
APT009380,12.0,34,0,True,True,20,False,False
APT009381,8.8,23,9,False,False,12,False,False
APT009382,24.2,59,0,False,True,15,False,False
APT009383,18.2,54,3,False,False,10,False,False
APT009384,12.7,39,9,False,False,10,False,False
APT009385,1.9,6,5,False,False,10,False,False
APT009386,23.3,79,0,False,True,20,False,False
APT009387,13.7,36,0,False,True,15,False,False
APT009388,18.4,41,1,False,False,10,False,False
APT009389,23.4,72,0,False,False,15,False,False
APT009390,20.2,46,0,False,False,15,False,False
APT009391,13.1,35,0,True,True,15,False,False
APT009392,24.4,59,9,False,False,11,False,False
APT009393,18.5,45,13,False,False,15,False,False
APT009394,3.2,8,5,False,False,10,False,False
APT009395,14.4,36,0,True,True,10,False,False
APT009396,17.5,58,0,False,True,15,False,False
APT009397,10.9,31,0,True,True,10,False,False
APT009398,15.9,52,2,False,False,10,False,False
APT009399,1.4,4,0,False,False,20,False,False
APT009400,7.8,18,0,True,True,10,False,False
APT009401,14.4,45,0,True,True,20,False,False
APT009402,14.2,48,10,False,False,14,False,False
APT009403,11.3,36,9,False,False,10,False,False
APT009404,21.0,48,0,False,False,15,False,False
APT009405,19.0,43,4,False,False,10,False,False
APT009406,6.2,19,0,False,False,10,False,False
APT009407,5.4,18,0,False,False,15,False,False
APT009408,7.3,19,0,True,True,15,False,False
APT009409,24.8,62,24,False,False,27,True,True
APT009410,5.6,20,0,True,True,10,False,False
APT009411,20.6,47,6,False,False,10,False,False
APT009412,22.0,49,0,False,False,15,False,False
APT009413,12.6,35,0,False,True,15,False,False
APT009414,15.4,51,7,False,False,10,False,False
APT009415,2.7,7,0,False,False,10,False,False
APT009416,20.1,70,0,False,True,10,False,False
APT009417,9.1,25,7,False,False,10,False,False
APT009418,16.1,44,7,False,False,10,False,False
APT009419,23.3,57,0,True,True,20,False,False
APT009420,11.2,35,0,False,False,20,False,False
APT009421,19.8,46,0,True,True,10,False,False
APT009422,9.5,33,16,False,False,18,True,True
APT009423,24.8,63,0,True,True,20,False,False
APT009424,24.0,74,1,False,False,10,False,False
APT009425,7.1,22,0,False,False,10,False,False
APT009426,2.3,8,1,False,False,10,False,False
APT009427,18.9,47,13,False,False,15,False,False
APT009428,5.3,14,4,False,False,10,False,False
APT009429,23.2,75,0,False,False,15,False,False
APT009430,19.7,63,18,False,False,22,True,True
APT009431,14.2,43,5,False,False,10,False,False
APT009432,19.0,62,0,False,False,15,False,False
APT009433,20.4,68,0,True,True,15,False,False
APT009434,17.9,58,10,False,False,14,False,False
APT009435,21.2,71,0,True,True,15,False,False
APT009436,17.9,51,0,False,False,10,False,False
APT009437,7.9,26,0,True,True,10,False,False
APT009438,23.7,61,14,False,False,19,False,False
APT009439,21.2,65,6,False,False,10,False,False
APT009440,10.1,22,7,False,False,10,False,False
APT009441,22.3,68,26,False,False,35,True,True
APT009442,19.9,63,6,False,False,10,False,False
APT009443,4.1,13,6,False,False,10,False,False
APT009444,1.2,4,4,False,False,10,False,False
APT009445,2.7,9,4,False,False,10,False,False
APT009446,11.0,37,10,False,False,12,False,False
APT009447,4.2,9,17,False,False,22,True,True
APT009448,6.0,16,14,False,False,15,False,False
APT009449,22.1,63,0,True,True,10,False,False
APT009450,12.9,31,0,True,True,20,False,False
APT009451,11.6,28,0,False,False,20,False,False
APT009452,25.0,75,4,False,False,10,False,False
APT009453,2.0,4,0,True,True,10,False,False
APT009454,23.5,71,0,False,False,15,False,False
APT009455,22.2,64,0,False,False,15,False,False
APT009456,1.3,3,27,False,False,37,True,False
APT009457,11.5,28,13,False,False,17,False,False
APT009458,6.5,18,7,False,False,10,False,False
APT009459,10.8,33,14,False,False,16,False,False
APT009460,7.1,24,9,False,False,10,False,False
APT009461,12.5,32,0,True,True,10,False,False
APT009462,22.6,69,3,False,False,10,False,False
APT009463,13.7,37,0,True,True,20,False,False
APT009464,23.8,66,8,False,False,10,False,False
APT009465,9.6,28,13,False,False,15,False,False
APT009466,11.0,27,28,False,False,31,True,True
APT009467,5.4,15,17,False,False,23,True,True
APT009468,22.2,59,7,False,False,10,False,False
APT009469,22.0,54,6,False,False,10,False,False
APT009470,12.3,40,13,False,False,18,False,False
APT009471,14.5,38,4,False,False,10,False,False
APT009472,15.0,46,0,True,True,15,False,False
APT009473,21.2,53,5,False,False,10,False,False
APT009474,5.9,14,0,True,True,10,False,False
APT009475,1.5,3,0,True,True,20,False,False
APT009476,23.9,63,0,False,False,15,False,False
APT009477,13.1,34,17,False,False,19,True,True
APT009478,4.3,10,4,False,False,10,False,False
APT009479,9.8,27,0,True,True,15,False,False
APT009480,12.3,40,0,True,True,20,False,False
APT009481,3.0,10,0,False,False,10,False,False
APT009482,11.9,30,0,False,False,10,False,False
APT009483,9.9,22,0,False,False,15,False,False
APT009484,14.0,33,2,False,False,10,False,False
APT009485,7.4,26,6,False,False,10,False,False
APT009486,13.9,46,0,True,True,20,False,False
APT009487,17.5,54,0,False,False,20,False,False
APT009488,14.5,46,13,False,False,16,False,False
APT009489,13.9,32,9,False,False,11,False,False
APT009490,2.2,8,4,False,False,10,False,False
APT009491,12.7,42,0,False,False,20,False,False
APT009492,5.8,19,3,False,False,10,False,False
APT009493,13.3,40,12,False,False,15,False,False
APT009494,14.8,47,0,False,False,10,False,False
APT009495,2.6,9,15,False,False,19,False,False
APT009496,13.7,36,3,False,False,10,False,False
APT009497,17.8,58,10,False,False,13,False,False
APT009498,22.0,75,0,True,True,10,False,False
APT009499,1.6,5,0,False,False,20,False,False
APT009500,2.1,6,0,True,True,20,False,False
APT009501,13.0,37,0,True,True,10,False,False
APT009502,10.7,35,0,False,False,15,False,False
APT009503,18.5,46,3,False,False,10,False,False
APT009504,16.4,56,0,True,True,20,False,False
APT009505,18.0,47,0,False,False,15,False,False
APT009506,14.6,39,13,False,False,16,False,False
APT009507,12.8,28,0,False,False,10,False,False
APT009508,4.7,11,0,True,True,20,False,False
APT009509,8.9,28,0,True,True,20,False,False
APT009510,7.9,19,3,False,False,10,False,False
APT009511,19.4,63,0,True,True,15,False,False
APT009512,10.6,36,0,False,True,15,False,False
APT009513,17.5,45,20,False,False,22,True,True
APT009514,7.5,22,0,False,False,20,False,False
APT009515,8.8,21,0,False,False,15,False,False
APT009516,18.3,50,3,False,False,10,False,False
APT009517,17.9,52,0,False,False,15,False,False
APT009518,22.4,71,22,False,False,27,True,True
APT009519,5.9,19,7,False,False,10,False,False
APT009520,16.8,57,13,False,False,18,False,False
APT009521,9.9,32,3,False,False,10,False,False
APT009522,16.7,57,0,True,True,15,False,False
APT009523,4.1,14,7,False,False,10,False,False
APT009524,20.3,62,10,False,False,14,False,False
APT009525,2.4,7,7,False,False,10,False,False
APT009526,2.7,7,0,True,True,15,False,False
APT009527,22.1,73,6,False,False,10,False,False
APT009528,17.2,42,0,False,False,15,False,False
APT009529,22.2,49,16,False,False,22,True,True
APT009530,1.2,3,0,False,False,20,False,False
APT009531,12.8,28,0,False,False,20,False,False
APT009532,16.2,42,0,False,False,15,False,False
APT009533,10.4,34,3,False,False,10,False,False
APT009534,5.2,13,0,True,True,15,False,False
APT009535,16.6,49,0,True,True,20,False,False
APT009536,23.3,70,8,False,False,10,False,False
APT009537,20.5,45,0,True,True,15,False,False
APT009538,17.8,47,0,False,True,10,False,False
APT009539,7.0,20,0,True,True,10,False,False
APT009540,6.0,18,5,False,False,10,False,False
APT009541,19.9,65,0,True,True,15,False,False
APT009542,3.8,11,0,True,True,15,False,False
APT009543,12.9,34,2,False,False,10,False,False
APT009544,11.0,29,19,False,False,25,True,True
APT009545,1.6,5,0,True,True,15,False,False
APT009546,15.3,51,0,True,True,20,False,False
APT009547,22.6,65,0,True,True,15,False,False
APT009548,23.2,70,8,False,False,10,False,False
APT009549,15.8,48,4,False,False,10,False,False
APT009550,8.2,28,9,False,False,12,False,False
APT009551,8.3,28,0,False,False,15,False,False
APT009552,19.9,62,6,False,False,10,False,False
APT009553,19.2,63,6,False,False,10,False,False
APT009554,1.0,3,0,True,True,10,False,False
APT009555,2.1,6,0,False,False,15,False,False
APT009556,19.8,63,0,False,False,15,False,False
APT009557,15.8,55,5,False,False,10,False,False
APT009558,17.2,39,0,True,True,15,False,False
APT009559,1.7,5,1,False,False,10,False,False
APT009560,20.7,68,7,False,False,10,False,False
APT009561,6.9,24,0,True,True,15,False,False
APT009562,7.5,20,0,False,False,15,False,False
APT009563,6.7,17,0,False,False,20,False,False
APT009564,14.0,46,12,False,False,16,False,False
APT009565,8.8,24,0,False,False,10,False,False
APT009566,17.5,61,0,False,True,15,False,False
APT009567,3.1,7,0,True,True,20,False,False
APT009568,17.4,39,0,True,True,15,False,False
APT009569,9.6,27,15,False,False,17,False,False
APT009570,14.2,44,0,False,False,15,False,False
APT009571,20.2,66,0,True,True,15,False,False
APT009572,14.4,43,5,False,False,10,False,False
APT009573,23.2,80,0,True,True,15,False,False
APT009574,24.4,84,8,False,False,10,False,False
APT009575,24.5,70,0,True,True,10,False,False
APT009576,5.9,13,0,False,True,10,False,False
APT009577,18.4,62,2,False,False,10,False,False
APT009578,20.4,60,3,False,False,10,False,False
APT009579,15.2,37,0,False,True,20,False,False
APT009580,21.0,61,0,False,False,15,False,False
APT009581,18.0,47,0,False,False,15,False,False
APT009582,21.9,69,0,False,False,20,False,False
APT009583,19.5,45,0,False,False,15,False,False
APT009584,11.9,32,0,True,True,10,False,False
APT009585,2.5,7,8,False,False,10,False,False
APT009586,13.1,40,1,False,False,10,False,False
APT009587,2.7,6,5,False,False,10,False,False
APT009588,5.1,17,0,True,True,20,False,False
APT009589,20.6,46,11,False,False,15,False,False
APT009590,10.0,23,19,False,False,24,True,False
APT009591,7.5,18,6,False,False,10,False,False
APT009592,24.0,63,0,False,False,15,False,False
APT009593,15.6,37,10,False,False,11,False,False
APT009594,18.7,47,0,True,True,10,False,False
APT009595,9.7,33,0,False,False,20,False,False
APT009596,18.1,58,12,False,False,15,False,False
APT009597,1.7,4,0,False,False,15,False,False
APT009598,4.1,10,0,False,False,15,False,False
APT009599,9.0,31,0,True,True,15,False,False
APT009600,7.6,24,19,False,False,25,True,True
APT009601,18.6,61,5,False,False,10,False,False
APT009602,18.3,58,12,False,False,15,False,False
APT009603,9.9,33,6,False,False,10,False,False
APT009604,10.0,23,0,True,True,15,False,False
APT009605,1.9,5,8,False,False,10,False,False
APT009606,4.0,11,0,False,False,10,False,False
APT009607,24.9,58,11,False,False,12,False,False
APT009608,21.6,66,0,True,True,15,False,False
APT009609,3.3,7,11,False,False,15,False,False
APT009610,16.9,39,0,False,True,10,False,False
APT009611,6.4,20,0,True,True,10,False,False
APT009612,7.1,22,0,False,False,10,False,False
APT009613,23.0,77,0,True,True,15,False,False
APT009614,21.4,72,0,False,True,10,False,False
APT009615,18.2,44,8,False,False,10,False,False
APT009616,16.7,51,0,False,True,20,False,False
APT009617,8.7,26,1,False,False,10,False,False
APT009618,5.5,17,9,False,False,10,False,False
APT009619,1.4,4,0,False,False,10,False,False
APT009620,1.8,5,6,False,False,10,False,False
APT009621,2.0,6,11,False,False,14,False,False
APT009622,10.5,36,0,True,True,10,False,False
APT009623,21.5,64,2,False,False,10,False,False
APT009624,9.4,29,0,False,False,15,False,False
APT009625,7.5,17,0,False,True,20,False,False
APT009626,7.4,22,8,False,False,10,False,False
APT009627,16.1,37,0,False,True,15,False,False
APT009628,24.7,78,15,False,False,17,False,False
APT009629,21.5,56,7,False,False,10,False,False
APT009630,20.0,52,15,False,False,17,False,False
APT009631,24.6,72,0,True,True,20,False,False
APT009632,19.3,64,20,False,False,26,True,True
APT009633,22.1,66,0,True,True,10,False,False
APT009634,19.1,56,12,False,False,17,False,False
APT009635,11.1,33,6,False,False,10,False,False
APT009636,24.2,71,13,False,False,17,False,False
APT009637,10.8,34,0,False,False,10,False,False
APT009638,11.5,29,0,False,False,15,False,False
APT009639,8.9,21,2,False,False,10,False,False
APT009640,21.9,54,14,False,False,17,False,False
APT009641,8.3,27,0,True,True,15,False,False
APT009642,12.1,35,5,False,False,10,False,False
APT009643,1.9,5,0,True,True,15,False,False
APT009644,6.6,17,0,False,False,20,False,False
APT009645,7.4,17,0,False,True,20,False,False
APT009646,17.5,46,14,False,False,18,False,False
APT009647,21.8,71,1,False,False,10,False,False
APT009648,2.7,7,4,False,False,10,False,False
APT009649,24.8,71,0,False,False,20,False,False
APT009650,24.9,78,0,False,False,15,False,False
APT009651,19.8,57,6,False,False,10,False,False
APT009652,13.8,45,4,False,False,10,False,False
APT009653,3.7,12,0,True,True,20,False,False
APT009654,2.9,9,0,True,True,10,False,False
APT009655,1.7,6,0,False,False,20,False,False
APT009656,21.1,65,11,False,False,15,False,False
APT009657,7.8,21,11,False,False,12,False,False
APT009658,19.7,62,17,False,False,22,True,True
APT009659,22.0,68,0,False,False,15,False,False
APT009660,6.7,16,12,False,False,17,False,False
APT009661,10.0,31,6,False,False,10,False,False
APT009662,19.6,63,0,False,False,15,False,False
APT009663,9.3,32,20,False,False,27,True,True
APT009664,1.7,5,17,False,False,23,True,True
APT009665,21.0,71,0,False,False,10,False,False
APT009666,2.4,5,0,True,True,10,False,False
APT009667,15.0,44,13,False,False,15,False,False
APT009668,22.4,69,4,False,False,10,False,False
APT009669,19.4,67,16,False,False,19,True,True
APT009670,23.8,60,0,True,True,20,False,False
APT009671,3.4,11,0,True,True,15,False,False
APT009672,2.9,9,0,True,True,15,False,False
APT009673,21.2,48,6,False,False,10,False,False
APT009674,10.7,32,0,False,False,15,False,False
APT009675,14.7,39,0,True,True,15,False,False
APT009676,5.9,18,0,False,False,15,False,False
APT009677,9.4,24,6,False,False,10,False,False
APT009678,16.6,42,4,False,False,10,False,False
APT009679,15.7,43,13,False,False,18,False,False
APT009680,13.7,41,4,False,False,10,False,False
APT009681,20.4,57,0,True,True,15,False,False
APT009682,17.1,59,0,True,True,20,False,False
APT009683,12.4,43,7,False,False,10,False,False
APT009684,23.1,58,15,False,False,18,False,False
APT009685,4.5,15,9,False,False,11,False,False
APT009686,3.6,8,0,False,False,20,False,False
APT009687,11.1,31,0,False,False,10,False,False
APT009688,20.7,65,8,False,False,11,False,False
APT009689,20.5,71,0,True,True,20,False,False
APT009690,24.0,71,0,True,True,15,False,False
APT009691,16.8,44,3,False,False,10,False,False
APT009692,4.8,13,0,False,True,15,False,False
APT009693,3.6,11,10,False,False,14,False,False
APT009694,23.8,58,0,True,True,15,False,False
APT009695,20.0,53,16,False,False,22,True,False
APT009696,12.6,35,0,True,True,15,False,False
APT009697,2.1,5,0,False,True,15,False,False
APT009698,9.2,23,13,False,False,18,False,False
APT009699,8.9,30,0,False,True,15,False,False
APT009700,8.9,28,2,False,False,10,False,False
APT009701,15.9,52,0,False,False,20,False,False
APT009702,18.0,52,0,True,True,15,False,False
APT009703,19.4,66,14,False,False,17,False,False
APT009704,15.7,47,0,True,True,15,False,False
APT009705,15.0,46,4,False,False,10,False,False
APT009706,11.8,30,5,False,False,10,False,False
APT009707,12.3,30,13,False,False,15,False,False
APT009708,17.1,58,0,True,True,20,False,False
APT009709,6.8,21,0,True,True,15,False,False
APT009710,8.4,28,14,False,False,18,False,False
APT009711,3.8,11,0,False,True,20,False,False
APT009712,3.5,9,15,False,False,18,False,False
APT009713,15.5,54,4,False,False,10,False,False
APT009714,7.8,26,5,False,False,10,False,False
APT009715,12.1,41,0,True,True,15,False,False
APT009716,9.4,29,2,False,False,10,False,False
APT009717,4.1,11,0,False,True,15,False,False
APT009718,3.7,11,0,False,False,15,False,False
APT009719,10.0,30,0,False,False,15,False,False
APT009720,18.9,47,0,True,True,10,False,False
APT009721,8.5,19,0,False,False,10,False,False
APT009722,22.1,63,16,False,False,20,True,True
APT009723,8.8,27,7,False,False,10,False,False
APT009724,21.7,57,0,True,True,10,False,False
APT009725,15.7,42,5,False,False,10,False,False
APT009726,18.5,44,2,False,False,10,False,False
APT009727,12.6,37,0,False,False,15,False,False
APT009728,17.7,59,0,True,True,10,False,False
APT009729,11.1,26,2,False,False,10,False,False
APT009730,23.8,60,0,True,True,10,False,False
APT009731,20.0,51,0,False,False,15,False,False
APT009732,15.2,41,7,False,False,10,False,False
APT009733,23.7,68,0,True,True,10,False,False
APT009734,21.8,64,0,True,True,10,False,False
APT009735,9.0,24,3,False,False,10,False,False
APT009736,12.4,34,0,True,True,20,False,False
APT009737,24.4,75,0,True,True,10,False,False
APT009738,9.6,23,0,False,False,10,False,False
APT009739,8.6,19,6,False,False,10,False,False
APT009740,4.2,14,7,False,False,10,False,False
APT009741,14.7,39,0,False,False,20,False,False
APT009742,14.6,45,0,False,True,20,False,False
APT009743,21.8,73,0,False,False,10,False,False
APT009744,5.1,17,0,False,False,15,False,False
APT009745,15.9,41,5,False,False,10,False,False
APT009746,9.4,32,8,False,False,10,False,False
APT009747,24.3,54,20,False,False,26,True,True
APT009748,13.0,31,0,False,False,15,False,False
APT009749,7.1,20,0,True,True,15,False,False
APT009750,15.3,52,0,False,True,15,False,False
APT009751,9.4,29,0,False,False,10,False,False
APT009752,22.2,72,1,False,False,10,False,False
APT009753,1.2,3,0,False,False,10,False,False
APT009754,12.7,41,0,False,False,10,False,False
APT009755,16.9,53,7,False,False,10,False,False
APT009756,7.0,17,0,False,False,15,False,False
APT009757,24.7,76,0,True,True,20,False,False
APT009758,14.3,34,4,False,False,10,False,False
APT009759,9.2,24,0,True,True,15,False,False
APT009760,15.1,40,0,True,True,10,False,False
APT009761,25.0,84,0,False,False,10,False,False
APT009762,3.9,11,0,True,True,15,False,False
APT009763,21.3,51,9,False,False,12,False,False
APT009764,24.9,86,0,False,False,10,False,False
APT009765,7.6,24,1,False,False,10,False,False
APT009766,20.4,61,0,True,True,10,False,False
APT009767,17.8,40,0,True,True,15,False,False
APT009768,24.6,55,0,True,True,15,False,False
APT009769,22.9,52,9,False,False,12,False,False
APT009770,17.0,53,2,False,False,10,False,False
APT009771,20.3,59,0,True,True,15,False,False
APT009772,24.4,85,8,False,False,11,False,False
APT009773,3.4,10,9,False,False,12,False,False
APT009774,24.3,74,0,False,False,15,False,False
APT009775,25.0,66,2,False,False,10,False,False
APT009776,17.3,44,0,True,True,15,False,False
APT009777,9.0,26,0,False,True,10,False,False
APT009778,12.0,29,0,False,False,20,False,False
APT009779,4.6,15,14,False,False,17,False,False
APT009780,6.6,21,0,False,False,20,False,False
APT009781,21.5,52,3,False,False,10,False,False
APT009782,2.4,7,7,False,False,10,False,False
APT009783,17.5,44,11,False,False,13,False,False
APT009784,7.5,17,6,False,False,10,False,False
APT009785,13.7,33,15,False,False,19,False,False
APT009786,9.3,25,0,False,True,10,False,False
APT009787,9.0,21,7,False,False,10,False,False
APT009788,10.3,33,5,False,False,10,False,False
APT009789,5.1,17,0,True,True,15,False,False
APT009790,20.3,67,0,False,False,10,False,False
APT009791,24.3,78,15,False,False,21,False,False
APT009792,1.5,5,0,False,False,10,False,False
APT009793,12.2,30,9,False,False,10,False,False
APT009794,22.1,56,8,False,False,11,False,False
APT009795,19.8,46,0,False,False,15,False,False
APT009796,16.4,46,0,False,False,15,False,False
APT009797,2.6,9,0,True,True,15,False,False
APT009798,21.5,50,2,False,False,10,False,False
APT009799,15.4,53,9,False,False,10,False,False
APT009800,24.6,86,15,False,False,20,False,False
APT009801,21.1,69,8,False,False,10,False,False
APT009802,23.6,74,0,False,False,10,False,False
APT009803,17.3,50,0,True,True,15,False,False
APT009804,9.6,32,15,False,False,18,False,False
APT009805,16.8,45,0,True,True,10,False,False
APT009806,12.9,29,0,True,True,15,False,False
APT009807,11.2,32,10,False,False,12,False,False
APT009808,1.8,5,0,False,False,15,False,False
APT009809,22.0,56,6,False,False,10,False,False
APT009810,20.0,55,0,False,False,15,False,False
APT009811,10.5,25,0,True,True,10,False,False
APT009812,11.7,28,7,False,False,10,False,False
APT009813,16.9,44,0,False,False,15,False,False
APT009814,14.9,50,9,False,False,12,False,False
APT009815,23.2,70,0,True,True,15,False,False
APT009816,18.1,54,16,False,False,22,True,True
APT009817,2.7,8,0,True,True,15,False,False
APT009818,22.8,55,2,False,False,10,False,False
APT009819,12.4,34,0,False,False,15,False,False
APT009820,15.6,52,0,False,False,15,False,False
APT009821,3.2,9,17,False,False,19,True,True
APT009822,9.6,28,0,False,False,10,False,False
APT009823,11.6,39,9,False,False,10,False,False
APT009824,10.2,30,12,False,False,17,False,False
APT009825,24.0,76,0,True,True,10,False,False
APT009826,9.8,33,10,False,False,13,False,False
APT009827,13.0,29,0,True,True,20,False,False
APT009828,17.3,49,0,True,True,20,False,False
APT009829,20.7,69,0,True,True,10,False,False
APT009830,21.8,64,0,True,True,10,False,False
APT009831,8.2,21,0,False,False,20,False,False
APT009832,9.6,31,3,False,False,10,False,False
APT009833,14.7,36,0,True,True,20,False,False
APT009834,5.4,13,0,True,True,15,False,False
APT009835,12.7,31,12,False,False,13,False,False
APT009836,12.1,41,0,False,True,15,False,False
APT009837,22.6,56,1,False,False,10,False,False
APT009838,1.9,6,3,False,False,10,False,False
APT009839,4.9,13,0,False,False,15,False,False
APT009840,7.2,16,0,True,True,15,False,False
APT009841,13.4,36,0,True,True,15,False,False
APT009842,5.5,15,4,False,False,10,False,False
APT009843,7.7,25,0,True,True,15,False,False
APT009844,8.3,25,1,False,False,10,False,False
APT009845,12.9,43,0,True,True,15,False,False
APT009846,15.8,44,0,True,True,15,False,False
APT009847,8.6,28,0,True,True,10,False,False
APT009848,2.0,7,0,False,False,10,False,False
APT009849,22.8,52,7,False,False,10,False,False
APT009850,22.4,53,0,True,True,20,False,False
APT009851,17.0,39,20,False,False,24,True,False
APT009852,3.5,8,0,True,True,15,False,False
APT009853,4.6,15,3,False,False,10,False,False
APT009854,13.9,46,0,True,True,10,False,False
APT009855,16.1,41,2,False,False,10,False,False
APT009856,5.5,13,4,False,False,10,False,False
APT009857,7.6,22,0,False,False,10,False,False
APT009858,17.5,49,8,False,False,10,False,False
APT009859,12.9,37,0,False,False,15,False,False
APT009860,14.9,48,0,True,True,20,False,False
APT009861,3.9,9,0,True,True,15,False,False
APT009862,2.2,7,0,False,False,15,False,False
APT009863,16.8,53,10,False,False,11,False,False
APT009864,9.0,20,11,False,False,13,False,False
APT009865,2.3,7,6,False,False,10,False,False
APT009866,13.6,48,0,True,True,20,False,False
APT009867,17.0,58,1,False,False,10,False,False
APT009868,9.6,25,2,False,False,10,False,False
APT009869,1.2,4,0,False,False,10,False,False
APT009870,9.1,20,0,True,True,15,False,False
APT009871,16.0,43,0,False,False,15,False,False
APT009872,2.2,7,0,False,False,15,False,False
APT009873,7.4,20,8,False,False,11,False,False
APT009874,2.1,6,7,False,False,10,False,False
APT009875,18.1,44,0,True,True,10,False,False
APT009876,6.4,17,5,False,False,10,False,False
APT009877,21.9,59,0,True,True,10,False,False
APT009878,18.8,54,8,False,False,10,False,False
APT009879,24.1,77,6,False,False,10,False,False
APT009880,17.8,58,0,True,True,20,False,False
APT009881,24.1,54,19,False,False,26,True,True
APT009882,10.4,35,12,False,False,14,False,False
APT009883,14.5,37,0,True,True,20,False,False
APT009884,5.6,19,0,True,True,15,False,False
APT009885,25.0,64,6,False,False,10,False,False
APT009886,20.3,53,3,False,False,10,False,False
APT009887,22.3,54,0,True,True,10,False,False
APT009888,8.2,28,6,False,False,10,False,False
APT009889,20.5,71,0,False,False,20,False,False
APT009890,19.1,56,0,True,True,20,False,False
APT009891,10.3,24,8,False,False,10,False,False
APT009892,24.6,79,12,False,False,14,False,False
APT009893,18.6,47,14,False,False,19,False,False
APT009894,8.8,25,0,False,False,15,False,False
APT009895,18.6,43,8,False,False,11,False,False
APT009896,12.0,39,0,True,True,15,False,False
APT009897,21.4,69,8,False,False,11,False,False
APT009898,15.7,48,0,False,False,20,False,False
APT009899,2.5,7,12,False,False,14,False,False
APT009900,21.2,49,22,False,False,30,True,True
APT009901,16.3,53,0,False,False,20,False,False
APT009902,4.8,14,10,False,False,12,False,False
APT009903,12.8,34,8,False,False,10,False,False
APT009904,6.0,15,0,False,False,15,False,False
APT009905,1.3,4,7,False,False,10,False,False
APT009906,1.8,5,0,True,True,20,False,False
APT009907,13.9,45,12,False,False,14,False,False
APT009908,3.5,11,4,False,False,10,False,False
APT009909,11.5,40,17,False,False,20,True,False
APT009910,1.2,3,0,True,True,20,False,False
APT009911,16.3,52,0,False,True,15,False,False
APT009912,20.9,48,0,False,True,10,False,False
APT009913,18.6,49,0,True,True,15,False,False
APT009914,21.6,51,7,False,False,10,False,False
APT009915,17.7,49,0,False,False,15,False,False
APT009916,13.2,46,3,False,False,10,False,False
APT009917,12.6,36,0,True,True,10,False,False
APT009918,9.5,21,0,True,True,15,False,False
APT009919,24.3,54,0,True,True,20,False,False
APT009920,15.1,47,0,False,False,20,False,False
APT009921,23.7,70,0,False,False,10,False,False
APT009922,6.6,17,11,False,False,14,False,False
APT009923,4.2,11,0,True,True,15,False,False
APT009924,16.4,44,0,False,False,10,False,False
APT009925,14.5,50,6,False,False,10,False,False
APT009926,24.8,69,0,False,False,10,False,False
APT009927,10.4,29,0,True,True,10,False,False
APT009928,14.5,35,4,False,False,10,False,False
APT009929,9.9,23,0,False,False,15,False,False
APT009930,23.7,53,0,True,True,15,False,False
APT009931,12.6,35,0,True,True,10,False,False
APT009932,2.2,5,0,False,False,15,False,False
APT009933,16.1,51,12,False,False,14,False,False
APT009934,8.3,26,9,False,False,12,False,False
APT009935,15.6,48,0,True,True,15,False,False
APT009936,24.0,56,4,False,False,10,False,False
APT009937,6.0,17,0,False,False,15,False,False
APT009938,14.5,35,13,False,False,15,False,False
APT009939,17.2,43,0,False,True,10,False,False
APT009940,23.2,76,6,False,False,10,False,False
APT009941,11.5,29,0,True,True,20,False,False
APT009942,3.9,10,0,False,False,10,False,False
APT009943,7.0,21,5,False,False,10,False,False
APT009944,1.6,5,1,False,False,10,False,False
APT009945,21.3,50,0,True,True,20,False,False
APT009946,6.5,16,4,False,False,10,False,False
APT009947,19.4,56,4,False,False,10,False,False
APT009948,13.2,42,0,True,True,20,False,False
APT009949,11.8,30,7,False,False,10,False,False
APT009950,17.9,47,0,False,False,15,False,False
APT009951,19.6,55,0,False,False,15,False,False
APT009952,20.4,70,11,False,False,14,False,False
APT009953,1.2,4,2,False,False,10,False,False
APT009954,14.3,40,0,True,True,15,False,False
APT009955,22.5,70,8,False,False,10,False,False
APT009956,17.4,56,12,False,False,15,False,False
APT009957,8.8,24,11,False,False,15,False,False
APT009958,9.5,33,11,False,False,13,False,False
APT009959,17.0,55,1,False,False,10,False,False
APT009960,21.5,56,1,False,False,10,False,False
APT009961,21.6,70,0,True,True,10,False,False
APT009962,1.2,3,2,False,False,10,False,False
APT009963,21.9,56,0,False,False,15,False,False
APT009964,15.8,42,4,False,False,10,False,False
APT009965,16.0,45,0,False,False,20,False,False
APT009966,19.7,62,0,False,True,15,False,False
APT009967,6.6,19,0,True,True,10,False,False
APT009968,4.9,15,10,False,False,13,False,False
APT009969,7.7,27,8,False,False,10,False,False
APT009970,18.3,41,0,True,True,15,False,False
APT009971,15.7,44,7,False,False,10,False,False
APT009972,16.7,45,5,False,False,10,False,False
APT009973,12.1,27,5,False,False,10,False,False
APT009974,17.7,52,0,False,True,15,False,False
APT009975,23.7,54,0,True,True,15,False,False
APT009976,3.3,10,16,False,False,22,True,True
APT009977,1.4,5,7,False,False,10,False,False
APT009978,8.1,28,11,False,False,12,False,False
APT009979,12.6,41,13,False,False,16,False,False
APT009980,8.3,23,0,True,True,15,False,False
APT009981,17.9,52,0,False,False,20,False,False
APT009982,11.1,30,6,False,False,10,False,False
APT009983,8.9,29,0,True,True,10,False,False
APT009984,15.0,42,16,False,False,18,True,True
APT009985,8.9,28,19,False,False,23,True,True
APT009986,1.7,5,0,False,True,15,False,False
APT009987,17.8,59,0,False,False,15,False,False
APT009988,8.9,25,6,False,False,10,False,False
APT009989,1.3,4,0,False,False,15,False,False
APT009990,8.1,26,0,False,False,10,False,False
APT009991,15.6,48,9,False,False,11,False,False
APT009992,20.5,58,0,False,False,15,False,False
APT009993,13.6,32,0,True,True,15,False,False
APT009994,22.3,53,17,False,False,21,True,True
APT009995,7.6,21,7,False,False,10,False,False
APT009996,16.5,55,8,False,False,10,False,False
APT009997,4.4,10,0,False,True,10,False,False
APT009998,3.6,9,1,False,False,10,False,False
APT009999,23.5,74,0,False,False,15,False,False
APT010000,14.1,38,8,False,False,10,False,False
